date,close,ticker_indice_yf,short_name_indice
1992-01-01,3223.3999,^DJI,Dow Jones Industrial Average
1992-02-01,3267.7,^DJI,Dow Jones Industrial Average
1992-03-01,3235.5,^DJI,Dow Jones Industrial Average
1992-04-01,3359.1001,^DJI,Dow Jones Industrial Average
1992-05-01,3396.8999,^DJI,Dow Jones Industrial Average
1992-06-01,3318.5,^DJI,Dow Jones Industrial Average
1992-07-01,3393.8,^DJI,Dow Jones Industrial Average
1992-08-01,3257.3999,^DJI,Dow Jones Industrial Average
1992-09-01,3271.7,^DJI,Dow Jones Industrial Average
1992-10-01,3226.3,^DJI,Dow Jones Industrial Average
1992-11-01,3305.2,^DJI,Dow Jones Industrial Average
1992-12-01,3301.1101,^DJI,Dow Jones Industrial Average
1993-01-01,3310.0,^DJI,Dow Jones Industrial Average
1993-02-01,3370.8101,^DJI,Dow Jones Industrial Average
1993-03-01,3435.1101,^DJI,Dow Jones Industrial Average
1993-04-01,3427.55,^DJI,Dow Jones Industrial Average
1993-05-01,3527.4299,^DJI,Dow Jones Industrial Average
1993-06-01,3516.0801,^DJI,Dow Jones Industrial Average
1993-07-01,3539.47,^DJI,Dow Jones Industrial Average
1993-08-01,3651.25,^DJI,Dow Jones Industrial Average
1993-09-01,3555.1201,^DJI,Dow Jones Industrial Average
1993-10-01,3680.5901,^DJI,Dow Jones Industrial Average
1993-11-01,3683.95,^DJI,Dow Jones Industrial Average
1993-12-01,3754.0901,^DJI,Dow Jones Industrial Average
1994-01-01,3978.3601,^DJI,Dow Jones Industrial Average
1994-02-01,3832.02,^DJI,Dow Jones Industrial Average
1994-03-01,3635.96,^DJI,Dow Jones Industrial Average
1994-04-01,3681.6899,^DJI,Dow Jones Industrial Average
1994-05-01,3758.3701,^DJI,Dow Jones Industrial Average
1994-06-01,3624.96,^DJI,Dow Jones Industrial Average
1994-07-01,3764.5,^DJI,Dow Jones Industrial Average
1994-08-01,3913.4199,^DJI,Dow Jones Industrial Average
1994-09-01,3843.1899,^DJI,Dow Jones Industrial Average
1994-10-01,3908.1201,^DJI,Dow Jones Industrial Average
1994-11-01,3739.23,^DJI,Dow Jones Industrial Average
1994-12-01,3834.4399,^DJI,Dow Jones Industrial Average
1995-01-01,3843.8601,^DJI,Dow Jones Industrial Average
1995-02-01,4011.05,^DJI,Dow Jones Industrial Average
1995-03-01,4157.6899,^DJI,Dow Jones Industrial Average
1995-04-01,4321.27,^DJI,Dow Jones Industrial Average
1995-05-01,4465.1401,^DJI,Dow Jones Industrial Average
1995-06-01,4556.1001,^DJI,Dow Jones Industrial Average
1995-07-01,4708.4702,^DJI,Dow Jones Industrial Average
1995-08-01,4610.5601,^DJI,Dow Jones Industrial Average
1995-09-01,4789.0801,^DJI,Dow Jones Industrial Average
1995-10-01,4755.48,^DJI,Dow Jones Industrial Average
1995-11-01,5074.4902,^DJI,Dow Jones Industrial Average
1995-12-01,5117.1201,^DJI,Dow Jones Industrial Average
1996-01-01,5395.2998,^DJI,Dow Jones Industrial Average
1996-02-01,5485.6201,^DJI,Dow Jones Industrial Average
1996-03-01,5587.1401,^DJI,Dow Jones Industrial Average
1996-04-01,5569.0801,^DJI,Dow Jones Industrial Average
1996-05-01,5643.1802,^DJI,Dow Jones Industrial Average
1996-06-01,5654.6299,^DJI,Dow Jones Industrial Average
1996-07-01,5528.9102,^DJI,Dow Jones Industrial Average
1996-08-01,5616.21,^DJI,Dow Jones Industrial Average
1996-09-01,5882.1699,^DJI,Dow Jones Industrial Average
1996-10-01,6029.3799,^DJI,Dow Jones Industrial Average
1996-11-01,6521.7002,^DJI,Dow Jones Industrial Average
1996-12-01,6448.27,^DJI,Dow Jones Industrial Average
1997-01-01,6813.0898,^DJI,Dow Jones Industrial Average
1997-02-01,6877.7402,^DJI,Dow Jones Industrial Average
1997-03-01,6583.48,^DJI,Dow Jones Industrial Average
1997-04-01,7009.0,^DJI,Dow Jones Industrial Average
1997-05-01,7331.0,^DJI,Dow Jones Industrial Average
1997-06-01,7672.7998,^DJI,Dow Jones Industrial Average
1997-07-01,8222.5996,^DJI,Dow Jones Industrial Average
1997-08-01,7622.3999,^DJI,Dow Jones Industrial Average
1997-09-01,7945.2998,^DJI,Dow Jones Industrial Average
1997-10-01,7442.1001,^DJI,Dow Jones Industrial Average
1997-11-01,7823.1001,^DJI,Dow Jones Industrial Average
1997-12-01,7908.2998,^DJI,Dow Jones Industrial Average
1998-01-01,7906.5,^DJI,Dow Jones Industrial Average
1998-02-01,8545.7197,^DJI,Dow Jones Industrial Average
1998-03-01,8799.8096,^DJI,Dow Jones Industrial Average
1998-04-01,9063.3701,^DJI,Dow Jones Industrial Average
1998-05-01,8899.9502,^DJI,Dow Jones Industrial Average
1998-06-01,8952.0195,^DJI,Dow Jones Industrial Average
1998-07-01,8883.29,^DJI,Dow Jones Industrial Average
1998-08-01,7539.0698,^DJI,Dow Jones Industrial Average
1998-09-01,7842.6201,^DJI,Dow Jones Industrial Average
1998-10-01,8592.0996,^DJI,Dow Jones Industrial Average
1998-11-01,9116.5498,^DJI,Dow Jones Industrial Average
1998-12-01,9181.4297,^DJI,Dow Jones Industrial Average
1999-01-01,9358.8301,^DJI,Dow Jones Industrial Average
1999-02-01,9306.5801,^DJI,Dow Jones Industrial Average
1999-03-01,9786.1602,^DJI,Dow Jones Industrial Average
1999-04-01,10789.04,^DJI,Dow Jones Industrial Average
1999-05-01,10559.7402,^DJI,Dow Jones Industrial Average
1999-06-01,10970.7998,^DJI,Dow Jones Industrial Average
1999-07-01,10655.1504,^DJI,Dow Jones Industrial Average
1999-08-01,10829.2803,^DJI,Dow Jones Industrial Average
1999-09-01,10336.9502,^DJI,Dow Jones Industrial Average
1999-10-01,10729.8604,^DJI,Dow Jones Industrial Average
1999-11-01,10877.8096,^DJI,Dow Jones Industrial Average
1999-12-01,11497.1201,^DJI,Dow Jones Industrial Average
2000-01-01,10940.5303,^DJI,Dow Jones Industrial Average
2000-02-01,10128.3096,^DJI,Dow Jones Industrial Average
2000-03-01,10921.9199,^DJI,Dow Jones Industrial Average
2000-04-01,10733.9102,^DJI,Dow Jones Industrial Average
2000-05-01,10522.3301,^DJI,Dow Jones Industrial Average
2000-06-01,10447.8896,^DJI,Dow Jones Industrial Average
2000-07-01,10521.9805,^DJI,Dow Jones Industrial Average
2000-08-01,11215.0996,^DJI,Dow Jones Industrial Average
2000-09-01,10650.9199,^DJI,Dow Jones Industrial Average
2000-10-01,10971.1396,^DJI,Dow Jones Industrial Average
2000-11-01,10414.4902,^DJI,Dow Jones Industrial Average
2000-12-01,10787.9902,^DJI,Dow Jones Industrial Average
2001-01-01,10887.3604,^DJI,Dow Jones Industrial Average
2001-02-01,10495.2803,^DJI,Dow Jones Industrial Average
2001-03-01,9878.7803,^DJI,Dow Jones Industrial Average
2001-04-01,10734.9697,^DJI,Dow Jones Industrial Average
2001-05-01,10911.9404,^DJI,Dow Jones Industrial Average
2001-06-01,10502.4004,^DJI,Dow Jones Industrial Average
2001-07-01,10522.8096,^DJI,Dow Jones Industrial Average
2001-08-01,9949.75,^DJI,Dow Jones Industrial Average
2001-09-01,8847.5596,^DJI,Dow Jones Industrial Average
2001-10-01,9075.1396,^DJI,Dow Jones Industrial Average
2001-11-01,9851.5596,^DJI,Dow Jones Industrial Average
2001-12-01,10021.5703,^DJI,Dow Jones Industrial Average
2002-01-01,9920.0,^DJI,Dow Jones Industrial Average
2002-02-01,10106.1299,^DJI,Dow Jones Industrial Average
2002-03-01,10403.9404,^DJI,Dow Jones Industrial Average
2002-04-01,9946.2197,^DJI,Dow Jones Industrial Average
2002-05-01,9925.25,^DJI,Dow Jones Industrial Average
2002-06-01,9243.2598,^DJI,Dow Jones Industrial Average
2002-07-01,8736.5898,^DJI,Dow Jones Industrial Average
2002-08-01,8663.5,^DJI,Dow Jones Industrial Average
2002-09-01,7591.9302,^DJI,Dow Jones Industrial Average
2002-10-01,8397.0303,^DJI,Dow Jones Industrial Average
2002-11-01,8896.0898,^DJI,Dow Jones Industrial Average
2002-12-01,8341.6299,^DJI,Dow Jones Industrial Average
2003-01-01,8053.8101,^DJI,Dow Jones Industrial Average
2003-02-01,7891.0801,^DJI,Dow Jones Industrial Average
2003-03-01,7992.1299,^DJI,Dow Jones Industrial Average
2003-04-01,8480.0898,^DJI,Dow Jones Industrial Average
2003-05-01,8850.2598,^DJI,Dow Jones Industrial Average
2003-06-01,8985.4404,^DJI,Dow Jones Industrial Average
2003-07-01,9233.7998,^DJI,Dow Jones Industrial Average
2003-08-01,9415.8203,^DJI,Dow Jones Industrial Average
2003-09-01,9275.0596,^DJI,Dow Jones Industrial Average
2003-10-01,9801.1201,^DJI,Dow Jones Industrial Average
2003-11-01,9782.46,^DJI,Dow Jones Industrial Average
2003-12-01,10453.9199,^DJI,Dow Jones Industrial Average
2004-01-01,10488.0703,^DJI,Dow Jones Industrial Average
2004-02-01,10583.9199,^DJI,Dow Jones Industrial Average
2004-03-01,10357.7002,^DJI,Dow Jones Industrial Average
2004-04-01,10225.5703,^DJI,Dow Jones Industrial Average
2004-05-01,10188.4502,^DJI,Dow Jones Industrial Average
2004-06-01,10435.4805,^DJI,Dow Jones Industrial Average
2004-07-01,10139.71,^DJI,Dow Jones Industrial Average
2004-08-01,10173.9199,^DJI,Dow Jones Industrial Average
2004-09-01,10080.2695,^DJI,Dow Jones Industrial Average
2004-10-01,10027.4697,^DJI,Dow Jones Industrial Average
2004-11-01,10428.0195,^DJI,Dow Jones Industrial Average
2004-12-01,10783.0098,^DJI,Dow Jones Industrial Average
2005-01-01,10489.9404,^DJI,Dow Jones Industrial Average
2005-02-01,10766.2305,^DJI,Dow Jones Industrial Average
2005-03-01,10503.7598,^DJI,Dow Jones Industrial Average
2005-04-01,10192.5098,^DJI,Dow Jones Industrial Average
2005-05-01,10467.4805,^DJI,Dow Jones Industrial Average
2005-06-01,10274.9697,^DJI,Dow Jones Industrial Average
2005-07-01,10640.9102,^DJI,Dow Jones Industrial Average
2005-08-01,10481.5996,^DJI,Dow Jones Industrial Average
2005-09-01,10568.7002,^DJI,Dow Jones Industrial Average
2005-10-01,10440.0703,^DJI,Dow Jones Industrial Average
2005-11-01,10805.8701,^DJI,Dow Jones Industrial Average
2005-12-01,10717.5,^DJI,Dow Jones Industrial Average
2006-01-01,10864.8604,^DJI,Dow Jones Industrial Average
2006-02-01,10993.4102,^DJI,Dow Jones Industrial Average
2006-03-01,11109.3203,^DJI,Dow Jones Industrial Average
2006-04-01,11367.1396,^DJI,Dow Jones Industrial Average
2006-05-01,11168.3096,^DJI,Dow Jones Industrial Average
2006-06-01,11150.2197,^DJI,Dow Jones Industrial Average
2006-07-01,11185.6797,^DJI,Dow Jones Industrial Average
2006-08-01,11381.1504,^DJI,Dow Jones Industrial Average
2006-09-01,11679.0703,^DJI,Dow Jones Industrial Average
2006-10-01,12080.7305,^DJI,Dow Jones Industrial Average
2006-11-01,12221.9297,^DJI,Dow Jones Industrial Average
2006-12-01,12463.1504,^DJI,Dow Jones Industrial Average
2007-01-01,12621.6904,^DJI,Dow Jones Industrial Average
2007-02-01,12268.6299,^DJI,Dow Jones Industrial Average
2007-03-01,12354.3496,^DJI,Dow Jones Industrial Average
2007-04-01,13062.9102,^DJI,Dow Jones Industrial Average
2007-05-01,13627.6396,^DJI,Dow Jones Industrial Average
2007-06-01,13408.6201,^DJI,Dow Jones Industrial Average
2007-07-01,13211.9902,^DJI,Dow Jones Industrial Average
2007-08-01,13357.7402,^DJI,Dow Jones Industrial Average
2007-09-01,13895.6299,^DJI,Dow Jones Industrial Average
2007-10-01,13930.0098,^DJI,Dow Jones Industrial Average
2007-11-01,13371.7197,^DJI,Dow Jones Industrial Average
2007-12-01,13264.8203,^DJI,Dow Jones Industrial Average
2008-01-01,12650.3604,^DJI,Dow Jones Industrial Average
2008-02-01,12266.3896,^DJI,Dow Jones Industrial Average
2008-03-01,12262.8896,^DJI,Dow Jones Industrial Average
2008-04-01,12820.1299,^DJI,Dow Jones Industrial Average
2008-05-01,12638.3203,^DJI,Dow Jones Industrial Average
2008-06-01,11350.0098,^DJI,Dow Jones Industrial Average
2008-07-01,11378.0195,^DJI,Dow Jones Industrial Average
2008-08-01,11543.96,^DJI,Dow Jones Industrial Average
2008-09-01,10850.6602,^DJI,Dow Jones Industrial Average
2008-10-01,9325.0098,^DJI,Dow Jones Industrial Average
2008-11-01,8829.04,^DJI,Dow Jones Industrial Average
2008-12-01,8776.3896,^DJI,Dow Jones Industrial Average
2009-01-01,8000.8599,^DJI,Dow Jones Industrial Average
2009-02-01,7062.9302,^DJI,Dow Jones Industrial Average
2009-03-01,7608.9199,^DJI,Dow Jones Industrial Average
2009-04-01,8168.1201,^DJI,Dow Jones Industrial Average
2009-05-01,8500.3301,^DJI,Dow Jones Industrial Average
2009-06-01,8447.0,^DJI,Dow Jones Industrial Average
2009-07-01,9171.6104,^DJI,Dow Jones Industrial Average
2009-08-01,9496.2803,^DJI,Dow Jones Industrial Average
2009-09-01,9712.2803,^DJI,Dow Jones Industrial Average
2009-10-01,9712.7305,^DJI,Dow Jones Industrial Average
2009-11-01,10344.8398,^DJI,Dow Jones Industrial Average
2009-12-01,10428.0498,^DJI,Dow Jones Industrial Average
2010-01-01,10067.3301,^DJI,Dow Jones Industrial Average
2010-02-01,10325.2598,^DJI,Dow Jones Industrial Average
2010-03-01,10856.6299,^DJI,Dow Jones Industrial Average
2010-04-01,11008.6104,^DJI,Dow Jones Industrial Average
2010-05-01,10136.6299,^DJI,Dow Jones Industrial Average
2010-06-01,9774.0195,^DJI,Dow Jones Industrial Average
2010-07-01,10465.9404,^DJI,Dow Jones Industrial Average
2010-08-01,10014.7197,^DJI,Dow Jones Industrial Average
2010-09-01,10788.0498,^DJI,Dow Jones Industrial Average
2010-10-01,11118.4902,^DJI,Dow Jones Industrial Average
2010-11-01,11006.0195,^DJI,Dow Jones Industrial Average
2010-12-01,11577.5098,^DJI,Dow Jones Industrial Average
2011-01-01,11891.9297,^DJI,Dow Jones Industrial Average
2011-02-01,12226.3398,^DJI,Dow Jones Industrial Average
2011-03-01,12319.7305,^DJI,Dow Jones Industrial Average
2011-04-01,12810.54,^DJI,Dow Jones Industrial Average
2011-05-01,12569.79,^DJI,Dow Jones Industrial Average
2011-06-01,12414.3398,^DJI,Dow Jones Industrial Average
2011-07-01,12143.2402,^DJI,Dow Jones Industrial Average
2011-08-01,11613.5303,^DJI,Dow Jones Industrial Average
2011-09-01,10913.3799,^DJI,Dow Jones Industrial Average
2011-10-01,11955.0098,^DJI,Dow Jones Industrial Average
2011-11-01,12045.6797,^DJI,Dow Jones Industrial Average
2011-12-01,12217.5596,^DJI,Dow Jones Industrial Average
2012-01-01,12632.9102,^DJI,Dow Jones Industrial Average
2012-02-01,12952.0703,^DJI,Dow Jones Industrial Average
2012-03-01,13212.04,^DJI,Dow Jones Industrial Average
2012-04-01,13213.6299,^DJI,Dow Jones Industrial Average
2012-05-01,12393.4502,^DJI,Dow Jones Industrial Average
2012-06-01,12880.0898,^DJI,Dow Jones Industrial Average
2012-07-01,13008.6797,^DJI,Dow Jones Industrial Average
2012-08-01,13090.8398,^DJI,Dow Jones Industrial Average
2012-09-01,13437.1299,^DJI,Dow Jones Industrial Average
2012-10-01,13096.46,^DJI,Dow Jones Industrial Average
2012-11-01,13025.5801,^DJI,Dow Jones Industrial Average
2012-12-01,13104.1396,^DJI,Dow Jones Industrial Average
2013-01-01,13860.5801,^DJI,Dow Jones Industrial Average
2013-02-01,14054.4902,^DJI,Dow Jones Industrial Average
2013-03-01,14578.54,^DJI,Dow Jones Industrial Average
2013-04-01,14839.7998,^DJI,Dow Jones Industrial Average
2013-05-01,15115.5703,^DJI,Dow Jones Industrial Average
2013-06-01,14909.5996,^DJI,Dow Jones Industrial Average
2013-07-01,15499.54,^DJI,Dow Jones Industrial Average
2013-08-01,14810.3096,^DJI,Dow Jones Industrial Average
2013-09-01,15129.6699,^DJI,Dow Jones Industrial Average
2013-10-01,15545.75,^DJI,Dow Jones Industrial Average
2013-11-01,16086.4102,^DJI,Dow Jones Industrial Average
2013-12-01,16576.6602,^DJI,Dow Jones Industrial Average
2014-01-01,15698.8496,^DJI,Dow Jones Industrial Average
2014-02-01,16321.71,^DJI,Dow Jones Industrial Average
2014-03-01,16457.6602,^DJI,Dow Jones Industrial Average
2014-04-01,16580.8398,^DJI,Dow Jones Industrial Average
2014-05-01,16717.1699,^DJI,Dow Jones Industrial Average
2014-06-01,16826.5996,^DJI,Dow Jones Industrial Average
2014-07-01,16563.3008,^DJI,Dow Jones Industrial Average
2014-08-01,17098.4492,^DJI,Dow Jones Industrial Average
2014-09-01,17042.9004,^DJI,Dow Jones Industrial Average
2014-10-01,17390.5195,^DJI,Dow Jones Industrial Average
2014-11-01,17828.2402,^DJI,Dow Jones Industrial Average
2014-12-01,17823.0703,^DJI,Dow Jones Industrial Average
2015-01-01,17164.9492,^DJI,Dow Jones Industrial Average
2015-02-01,18132.6992,^DJI,Dow Jones Industrial Average
2015-03-01,17776.1191,^DJI,Dow Jones Industrial Average
2015-04-01,17840.5195,^DJI,Dow Jones Industrial Average
2015-05-01,18010.6797,^DJI,Dow Jones Industrial Average
2015-06-01,17619.5098,^DJI,Dow Jones Industrial Average
2015-07-01,17689.8594,^DJI,Dow Jones Industrial Average
2015-08-01,16528.0293,^DJI,Dow Jones Industrial Average
2015-09-01,16284.7002,^DJI,Dow Jones Industrial Average
2015-10-01,17663.5391,^DJI,Dow Jones Industrial Average
2015-11-01,17719.9199,^DJI,Dow Jones Industrial Average
2015-12-01,17425.0293,^DJI,Dow Jones Industrial Average
2016-01-01,16466.3008,^DJI,Dow Jones Industrial Average
2016-02-01,16516.5,^DJI,Dow Jones Industrial Average
2016-03-01,17685.0898,^DJI,Dow Jones Industrial Average
2016-04-01,17773.6406,^DJI,Dow Jones Industrial Average
2016-05-01,17787.1992,^DJI,Dow Jones Industrial Average
2016-06-01,17929.9902,^DJI,Dow Jones Industrial Average
2016-07-01,18432.2402,^DJI,Dow Jones Industrial Average
2016-08-01,18400.8809,^DJI,Dow Jones Industrial Average
2016-09-01,18308.1504,^DJI,Dow Jones Industrial Average
2016-10-01,18142.4199,^DJI,Dow Jones Industrial Average
2016-11-01,19123.5801,^DJI,Dow Jones Industrial Average
2016-12-01,19762.5996,^DJI,Dow Jones Industrial Average
2017-01-01,19864.0898,^DJI,Dow Jones Industrial Average
2017-02-01,20812.2402,^DJI,Dow Jones Industrial Average
2017-03-01,20663.2207,^DJI,Dow Jones Industrial Average
2017-04-01,20940.5098,^DJI,Dow Jones Industrial Average
2017-05-01,21008.6504,^DJI,Dow Jones Industrial Average
2017-06-01,21349.6309,^DJI,Dow Jones Industrial Average
2017-07-01,21891.1191,^DJI,Dow Jones Industrial Average
2017-08-01,21948.0996,^DJI,Dow Jones Industrial Average
2017-09-01,22405.0898,^DJI,Dow Jones Industrial Average
2017-10-01,23377.2402,^DJI,Dow Jones Industrial Average
2017-11-01,24272.3496,^DJI,Dow Jones Industrial Average
2017-12-01,24719.2207,^DJI,Dow Jones Industrial Average
2018-01-01,26149.3906,^DJI,Dow Jones Industrial Average
2018-02-01,25029.1992,^DJI,Dow Jones Industrial Average
2018-03-01,24103.1094,^DJI,Dow Jones Industrial Average
2018-04-01,24163.1504,^DJI,Dow Jones Industrial Average
2018-05-01,24415.8398,^DJI,Dow Jones Industrial Average
2018-06-01,24271.4102,^DJI,Dow Jones Industrial Average
2018-07-01,25415.1895,^DJI,Dow Jones Industrial Average
2018-08-01,25964.8203,^DJI,Dow Jones Industrial Average
2018-09-01,26458.3105,^DJI,Dow Jones Industrial Average
2018-10-01,25115.7598,^DJI,Dow Jones Industrial Average
2018-11-01,25538.4609,^DJI,Dow Jones Industrial Average
2018-12-01,23327.4609,^DJI,Dow Jones Industrial Average
2019-01-01,24999.6699,^DJI,Dow Jones Industrial Average
2019-02-01,25916.0,^DJI,Dow Jones Industrial Average
2019-03-01,25928.6797,^DJI,Dow Jones Industrial Average
2019-04-01,26592.9102,^DJI,Dow Jones Industrial Average
2019-05-01,24815.0391,^DJI,Dow Jones Industrial Average
2019-06-01,26599.9609,^DJI,Dow Jones Industrial Average
2019-07-01,26864.2695,^DJI,Dow Jones Industrial Average
2019-08-01,26403.2793,^DJI,Dow Jones Industrial Average
2019-09-01,26916.8301,^DJI,Dow Jones Industrial Average
2019-10-01,27046.2305,^DJI,Dow Jones Industrial Average
2019-11-01,28051.4102,^DJI,Dow Jones Industrial Average
2019-12-01,28538.4395,^DJI,Dow Jones Industrial Average
2020-01-01,28256.0293,^DJI,Dow Jones Industrial Average
2020-02-01,25409.3594,^DJI,Dow Jones Industrial Average
2020-03-01,21917.1602,^DJI,Dow Jones Industrial Average
2020-04-01,24345.7207,^DJI,Dow Jones Industrial Average
2020-05-01,25383.1094,^DJI,Dow Jones Industrial Average
2020-06-01,25812.8809,^DJI,Dow Jones Industrial Average
2020-07-01,26428.3203,^DJI,Dow Jones Industrial Average
2020-08-01,28430.0508,^DJI,Dow Jones Industrial Average
2020-09-01,27781.6992,^DJI,Dow Jones Industrial Average
2020-10-01,26501.5996,^DJI,Dow Jones Industrial Average
2020-11-01,29638.6406,^DJI,Dow Jones Industrial Average
2020-12-01,30606.4805,^DJI,Dow Jones Industrial Average
2021-01-01,29982.6191,^DJI,Dow Jones Industrial Average
2021-02-01,30932.3691,^DJI,Dow Jones Industrial Average
2021-03-01,32981.5508,^DJI,Dow Jones Industrial Average
2021-04-01,33874.8516,^DJI,Dow Jones Industrial Average
2021-05-01,34529.4492,^DJI,Dow Jones Industrial Average
2021-06-01,34502.5117,^DJI,Dow Jones Industrial Average
2021-07-01,34935.4688,^DJI,Dow Jones Industrial Average
2021-08-01,35360.7305,^DJI,Dow Jones Industrial Average
2021-09-01,33843.9219,^DJI,Dow Jones Industrial Average
2021-10-01,35819.5586,^DJI,Dow Jones Industrial Average
2021-11-01,34483.7188,^DJI,Dow Jones Industrial Average
2021-12-01,36338.3008,^DJI,Dow Jones Industrial Average
2022-01-01,35131.8594,^DJI,Dow Jones Industrial Average
2022-02-01,33892.6016,^DJI,Dow Jones Industrial Average
2022-03-01,34678.3516,^DJI,Dow Jones Industrial Average
2022-04-01,32977.2109,^DJI,Dow Jones Industrial Average
2022-05-01,32990.1211,^DJI,Dow Jones Industrial Average
2022-06-01,30775.4297,^DJI,Dow Jones Industrial Average
2022-07-01,32845.1289,^DJI,Dow Jones Industrial Average
2022-08-01,31510.4297,^DJI,Dow Jones Industrial Average
2022-09-01,28725.5098,^DJI,Dow Jones Industrial Average
2022-10-01,32732.9492,^DJI,Dow Jones Industrial Average
2022-11-01,34589.7695,^DJI,Dow Jones Industrial Average
2022-12-01,33147.25,^DJI,Dow Jones Industrial Average
2023-01-01,34086.0391,^DJI,Dow Jones Industrial Average
2023-02-01,32656.6992,^DJI,Dow Jones Industrial Average
2023-03-01,33274.1484,^DJI,Dow Jones Industrial Average
2023-04-01,34098.1602,^DJI,Dow Jones Industrial Average
2023-05-01,32908.2695,^DJI,Dow Jones Industrial Average
2023-06-01,34407.6016,^DJI,Dow Jones Industrial Average
2023-07-01,35559.5312,^DJI,Dow Jones Industrial Average
2023-08-01,34721.9102,^DJI,Dow Jones Industrial Average
2023-09-01,33507.5,^DJI,Dow Jones Industrial Average
2023-10-01,33052.8711,^DJI,Dow Jones Industrial Average
2023-11-01,35950.8906,^DJI,Dow Jones Industrial Average
2023-12-01,37689.5391,^DJI,Dow Jones Industrial Average
2024-01-01,38150.3008,^DJI,Dow Jones Industrial Average
2024-02-01,38996.3906,^DJI,Dow Jones Industrial Average
2024-03-01,39807.3711,^DJI,Dow Jones Industrial Average
2024-04-01,37815.9219,^DJI,Dow Jones Industrial Average
2024-05-01,38686.3203,^DJI,Dow Jones Industrial Average
2024-06-01,39118.8594,^DJI,Dow Jones Industrial Average
2024-07-01,40842.7891,^DJI,Dow Jones Industrial Average
2024-08-01,41563.0781,^DJI,Dow Jones Industrial Average
2024-09-01,42330.1484,^DJI,Dow Jones Industrial Average
2024-10-01,41763.4609,^DJI,Dow Jones Industrial Average
2024-11-01,44910.6484,^DJI,Dow Jones Industrial Average
2024-12-01,42544.2188,^DJI,Dow Jones Industrial Average
2025-01-01,44544.6602,^DJI,Dow Jones Industrial Average
2025-02-01,43840.9102,^DJI,Dow Jones Industrial Average
2025-03-01,42001.7617,^DJI,Dow Jones Industrial Average
2025-04-01,40669.3594,^DJI,Dow Jones Industrial Average
2025-05-01,42270.0703,^DJI,Dow Jones Industrial Average
2025-06-01,44094.7695,^DJI,Dow Jones Industrial Average
2025-07-01,44130.9805,^DJI,Dow Jones Industrial Average
2025-08-01,45544.8789,^DJI,Dow Jones Industrial Average
2025-09-01,46397.8906,^DJI,Dow Jones Industrial Average
2025-10-01,47562.8711,^DJI,Dow Jones Industrial Average
2025-11-01,47716.4219,^DJI,Dow Jones Industrial Average
2025-12-01,48063.2891,^DJI,Dow Jones Industrial Average
2026-01-01,48892.4688,^DJI,Dow Jones Industrial Average
2026-02-01,48977.9219,^DJI,Dow Jones Industrial Average
2026-03-01,46341.5117,^DJI,Dow Jones Industrial Average
2026-04-01,49652.1406,^DJI,Dow Jones Industrial Average
2026-05-01,51032.4609,^DJI,Dow Jones Industrial Average
2026-06-01,52319.1992,^DJI,Dow Jones Industrial Average
2026-07-01,52305.2383,^DJI,Dow Jones Industrial Average
1985-10-01,115.48,^NDX,NASDAQ-100
1985-11-01,126.06,^NDX,NASDAQ-100
1985-12-01,132.295,^NDX,NASDAQ-100
1986-01-01,132.925,^NDX,NASDAQ-100
1986-02-01,140.425,^NDX,NASDAQ-100
1986-03-01,148.86,^NDX,NASDAQ-100
1986-04-01,154.91,^NDX,NASDAQ-100
1986-05-01,163.16,^NDX,NASDAQ-100
1986-06-01,162.615,^NDX,NASDAQ-100
1986-07-01,144.705,^NDX,NASDAQ-100
1986-08-01,151.7,^NDX,NASDAQ-100
1986-09-01,137.495,^NDX,NASDAQ-100
1986-10-01,144.48,^NDX,NASDAQ-100
1986-11-01,147.94,^NDX,NASDAQ-100
1986-12-01,141.405,^NDX,NASDAQ-100
1987-01-01,166.675,^NDX,NASDAQ-100
1987-02-01,182.75,^NDX,NASDAQ-100
1987-03-01,186.04,^NDX,NASDAQ-100
1987-04-01,184.83,^NDX,NASDAQ-100
1987-05-01,188.77,^NDX,NASDAQ-100
1987-06-01,189.24,^NDX,NASDAQ-100
1987-07-01,196.35,^NDX,NASDAQ-100
1987-08-01,209.575,^NDX,NASDAQ-100
1987-09-01,205.505,^NDX,NASDAQ-100
1987-10-01,150.07,^NDX,NASDAQ-100
1987-11-01,137.125,^NDX,NASDAQ-100
1987-12-01,156.25,^NDX,NASDAQ-100
1988-01-01,159.13,^NDX,NASDAQ-100
1988-02-01,172.64,^NDX,NASDAQ-100
1988-03-01,173.26,^NDX,NASDAQ-100
1988-04-01,175.92,^NDX,NASDAQ-100
1988-05-01,173.345,^NDX,NASDAQ-100
1988-06-01,189.025,^NDX,NASDAQ-100
1988-07-01,181.16,^NDX,NASDAQ-100
1988-08-01,170.995,^NDX,NASDAQ-100
1988-09-01,179.365,^NDX,NASDAQ-100
1988-10-01,174.78,^NDX,NASDAQ-100
1988-11-01,169.185,^NDX,NASDAQ-100
1988-12-01,177.41,^NDX,NASDAQ-100
1989-01-01,186.47,^NDX,NASDAQ-100
1989-02-01,183.79,^NDX,NASDAQ-100
1989-03-01,185.87,^NDX,NASDAQ-100
1989-04-01,200.47,^NDX,NASDAQ-100
1989-05-01,214.545,^NDX,NASDAQ-100
1989-06-01,204.585,^NDX,NASDAQ-100
1989-07-01,214.275,^NDX,NASDAQ-100
1989-08-01,222.005,^NDX,NASDAQ-100
1989-09-01,226.39,^NDX,NASDAQ-100
1989-10-01,222.615,^NDX,NASDAQ-100
1989-11-01,224.445,^NDX,NASDAQ-100
1989-12-01,223.835,^NDX,NASDAQ-100
1990-01-01,201.94,^NDX,NASDAQ-100
1990-02-01,207.915,^NDX,NASDAQ-100
1990-03-01,213.145,^NDX,NASDAQ-100
1990-04-01,205.815,^NDX,NASDAQ-100
1990-05-01,236.15,^NDX,NASDAQ-100
1990-06-01,238.46,^NDX,NASDAQ-100
1990-07-01,223.385,^NDX,NASDAQ-100
1990-08-01,193.615,^NDX,NASDAQ-100
1990-09-01,177.055,^NDX,NASDAQ-100
1990-10-01,172.555,^NDX,NASDAQ-100
1990-11-01,192.58,^NDX,NASDAQ-100
1990-12-01,200.53,^NDX,NASDAQ-100
1991-01-01,232.425,^NDX,NASDAQ-100
1991-02-01,250.115,^NDX,NASDAQ-100
1991-03-01,264.905,^NDX,NASDAQ-100
1991-04-01,263.655,^NDX,NASDAQ-100
1991-05-01,279.0,^NDX,NASDAQ-100
1991-06-01,254.195,^NDX,NASDAQ-100
1991-07-01,272.155,^NDX,NASDAQ-100
1991-08-01,287.405,^NDX,NASDAQ-100
1991-09-01,287.535,^NDX,NASDAQ-100
1991-10-01,292.505,^NDX,NASDAQ-100
1991-11-01,284.79,^NDX,NASDAQ-100
1991-12-01,330.855,^NDX,NASDAQ-100
1992-01-01,338.315,^NDX,NASDAQ-100
1992-02-01,345.88,^NDX,NASDAQ-100
1992-03-01,323.05,^NDX,NASDAQ-100
1992-04-01,307.86,^NDX,NASDAQ-100
1992-05-01,315.295,^NDX,NASDAQ-100
1992-06-01,301.23,^NDX,NASDAQ-100
1992-07-01,310.895,^NDX,NASDAQ-100
1992-08-01,299.26,^NDX,NASDAQ-100
1992-09-01,313.185,^NDX,NASDAQ-100
1992-10-01,329.155,^NDX,NASDAQ-100
1992-11-01,350.96,^NDX,NASDAQ-100
1992-12-01,360.185,^NDX,NASDAQ-100
1993-01-01,370.56,^NDX,NASDAQ-100
1993-02-01,351.14,^NDX,NASDAQ-100
1993-03-01,359.42,^NDX,NASDAQ-100
1993-04-01,339.945,^NDX,NASDAQ-100
1993-05-01,368.11,^NDX,NASDAQ-100
1993-06-01,366.125,^NDX,NASDAQ-100
1993-07-01,352.865,^NDX,NASDAQ-100
1993-08-01,372.65,^NDX,NASDAQ-100
1993-09-01,382.715,^NDX,NASDAQ-100
1993-10-01,390.985,^NDX,NASDAQ-100
1993-11-01,386.76,^NDX,NASDAQ-100
1993-12-01,398.28,^NDX,NASDAQ-100
1994-01-01,413.99,^NDX,NASDAQ-100
1994-02-01,412.17,^NDX,NASDAQ-100
1994-03-01,382.96,^NDX,NASDAQ-100
1994-04-01,373.25,^NDX,NASDAQ-100
1994-05-01,378.85,^NDX,NASDAQ-100
1994-06-01,360.3,^NDX,NASDAQ-100
1994-07-01,370.16,^NDX,NASDAQ-100
1994-08-01,397.9,^NDX,NASDAQ-100
1994-09-01,393.85,^NDX,NASDAQ-100
1994-10-01,413.05,^NDX,NASDAQ-100
1994-11-01,404.82,^NDX,NASDAQ-100
1994-12-01,404.27,^NDX,NASDAQ-100
1995-01-01,405.33,^NDX,NASDAQ-100
1995-02-01,432.5,^NDX,NASDAQ-100
1995-03-01,447.15,^NDX,NASDAQ-100
1995-04-01,469.56,^NDX,NASDAQ-100
1995-05-01,488.1,^NDX,NASDAQ-100
1995-06-01,538.03,^NDX,NASDAQ-100
1995-07-01,568.88,^NDX,NASDAQ-100
1995-08-01,576.77,^NDX,NASDAQ-100
1995-09-01,585.08,^NDX,NASDAQ-100
1995-10-01,598.78,^NDX,NASDAQ-100
1995-11-01,593.72,^NDX,NASDAQ-100
1995-12-01,576.23,^NDX,NASDAQ-100
1996-01-01,591.82,^NDX,NASDAQ-100
1996-02-01,622.83,^NDX,NASDAQ-100
1996-03-01,609.69,^NDX,NASDAQ-100
1996-04-01,666.73,^NDX,NASDAQ-100
1996-05-01,692.39,^NDX,NASDAQ-100
1996-06-01,677.3,^NDX,NASDAQ-100
1996-07-01,636.01,^NDX,NASDAQ-100
1996-08-01,663.57,^NDX,NASDAQ-100
1996-09-01,737.57,^NDX,NASDAQ-100
1996-10-01,751.99,^NDX,NASDAQ-100
1996-11-01,834.01,^NDX,NASDAQ-100
1996-12-01,821.36,^NDX,NASDAQ-100
1997-01-01,921.55,^NDX,NASDAQ-100
1997-02-01,850.46,^NDX,NASDAQ-100
1997-03-01,797.06,^NDX,NASDAQ-100
1997-04-01,874.74,^NDX,NASDAQ-100
1997-05-01,958.85,^NDX,NASDAQ-100
1997-06-01,957.3,^NDX,NASDAQ-100
1997-07-01,1107.03,^NDX,NASDAQ-100
1997-08-01,1074.05,^NDX,NASDAQ-100
1997-09-01,1097.16,^NDX,NASDAQ-100
1997-10-01,1019.62,^NDX,NASDAQ-100
1997-11-01,1050.51,^NDX,NASDAQ-100
1997-12-01,990.83,^NDX,NASDAQ-100
1998-01-01,1071.13,^NDX,NASDAQ-100
1998-02-01,1194.13,^NDX,NASDAQ-100
1998-03-01,1220.66,^NDX,NASDAQ-100
1998-04-01,1248.12,^NDX,NASDAQ-100
1998-05-01,1192.0699,^NDX,NASDAQ-100
1998-06-01,1337.34,^NDX,NASDAQ-100
1998-07-01,1377.26,^NDX,NASDAQ-100
1998-08-01,1140.34,^NDX,NASDAQ-100
1998-09-01,1345.48,^NDX,NASDAQ-100
1998-10-01,1400.52,^NDX,NASDAQ-100
1998-11-01,1557.96,^NDX,NASDAQ-100
1998-12-01,1836.01,^NDX,NASDAQ-100
1999-01-01,2127.1899,^NDX,NASDAQ-100
1999-02-01,1925.28,^NDX,NASDAQ-100
1999-03-01,2106.3899,^NDX,NASDAQ-100
1999-04-01,2136.3899,^NDX,NASDAQ-100
1999-05-01,2089.7,^NDX,NASDAQ-100
1999-06-01,2296.77,^NDX,NASDAQ-100
1999-07-01,2270.9299,^NDX,NASDAQ-100
1999-08-01,2396.8701,^NDX,NASDAQ-100
1999-09-01,2407.8999,^NDX,NASDAQ-100
1999-10-01,2637.4399,^NDX,NASDAQ-100
1999-11-01,2966.71,^NDX,NASDAQ-100
1999-12-01,3707.8301,^NDX,NASDAQ-100
2000-01-01,3570.05,^NDX,NASDAQ-100
2000-02-01,4266.9399,^NDX,NASDAQ-100
2000-03-01,4397.8398,^NDX,NASDAQ-100
2000-04-01,3773.1799,^NDX,NASDAQ-100
2000-05-01,3324.0801,^NDX,NASDAQ-100
2000-06-01,3763.79,^NDX,NASDAQ-100
2000-07-01,3609.3501,^NDX,NASDAQ-100
2000-08-01,4077.5901,^NDX,NASDAQ-100
2000-09-01,3570.6101,^NDX,NASDAQ-100
2000-10-01,3282.3,^NDX,NASDAQ-100
2000-11-01,2506.54,^NDX,NASDAQ-100
2000-12-01,2341.7,^NDX,NASDAQ-100
2001-01-01,2593.0,^NDX,NASDAQ-100
2001-02-01,1908.3199,^NDX,NASDAQ-100
2001-03-01,1573.25,^NDX,NASDAQ-100
2001-04-01,1855.15,^NDX,NASDAQ-100
2001-05-01,1799.89,^NDX,NASDAQ-100
2001-06-01,1830.1899,^NDX,NASDAQ-100
2001-07-01,1683.61,^NDX,NASDAQ-100
2001-08-01,1469.7,^NDX,NASDAQ-100
2001-09-01,1168.37,^NDX,NASDAQ-100
2001-10-01,1364.78,^NDX,NASDAQ-100
2001-11-01,1596.05,^NDX,NASDAQ-100
2001-12-01,1577.05,^NDX,NASDAQ-100
2002-01-01,1550.17,^NDX,NASDAQ-100
2002-02-01,1359.22,^NDX,NASDAQ-100
2002-03-01,1452.8101,^NDX,NASDAQ-100
2002-04-01,1277.0699,^NDX,NASDAQ-100
2002-05-01,1208.34,^NDX,NASDAQ-100
2002-06-01,1051.41,^NDX,NASDAQ-100
2002-07-01,962.1,^NDX,NASDAQ-100
2002-08-01,942.38,^NDX,NASDAQ-100
2002-09-01,832.52,^NDX,NASDAQ-100
2002-10-01,989.54,^NDX,NASDAQ-100
2002-11-01,1116.1,^NDX,NASDAQ-100
2002-12-01,984.37,^NDX,NASDAQ-100
2003-01-01,983.05,^NDX,NASDAQ-100
2003-02-01,1009.74,^NDX,NASDAQ-100
2003-03-01,1018.66,^NDX,NASDAQ-100
2003-04-01,1106.0601,^NDX,NASDAQ-100
2003-05-01,1197.89,^NDX,NASDAQ-100
2003-06-01,1201.6899,^NDX,NASDAQ-100
2003-07-01,1276.9399,^NDX,NASDAQ-100
2003-08-01,1341.2,^NDX,NASDAQ-100
2003-09-01,1303.7,^NDX,NASDAQ-100
2003-10-01,1416.39,^NDX,NASDAQ-100
2003-11-01,1424.25,^NDX,NASDAQ-100
2003-12-01,1467.92,^NDX,NASDAQ-100
2004-01-01,1493.08,^NDX,NASDAQ-100
2004-02-01,1470.38,^NDX,NASDAQ-100
2004-03-01,1438.41,^NDX,NASDAQ-100
2004-04-01,1401.36,^NDX,NASDAQ-100
2004-05-01,1466.22,^NDX,NASDAQ-100
2004-06-01,1516.64,^NDX,NASDAQ-100
2004-07-01,1400.39,^NDX,NASDAQ-100
2004-08-01,1368.6801,^NDX,NASDAQ-100
2004-09-01,1412.74,^NDX,NASDAQ-100
2004-10-01,1486.72,^NDX,NASDAQ-100
2004-11-01,1571.5,^NDX,NASDAQ-100
2004-12-01,1621.12,^NDX,NASDAQ-100
2005-01-01,1519.63,^NDX,NASDAQ-100
2005-02-01,1511.02,^NDX,NASDAQ-100
2005-03-01,1482.53,^NDX,NASDAQ-100
2005-04-01,1420.79,^NDX,NASDAQ-100
2005-05-01,1542.63,^NDX,NASDAQ-100
2005-06-01,1493.52,^NDX,NASDAQ-100
2005-07-01,1605.14,^NDX,NASDAQ-100
2005-08-01,1581.71,^NDX,NASDAQ-100
2005-09-01,1601.66,^NDX,NASDAQ-100
2005-10-01,1579.1801,^NDX,NASDAQ-100
2005-11-01,1672.5601,^NDX,NASDAQ-100
2005-12-01,1645.2,^NDX,NASDAQ-100
2006-01-01,1710.75,^NDX,NASDAQ-100
2006-02-01,1670.5699,^NDX,NASDAQ-100
2006-03-01,1703.66,^NDX,NASDAQ-100
2006-04-01,1700.71,^NDX,NASDAQ-100
2006-05-01,1579.58,^NDX,NASDAQ-100
2006-06-01,1575.23,^NDX,NASDAQ-100
2006-07-01,1509.4301,^NDX,NASDAQ-100
2006-08-01,1579.73,^NDX,NASDAQ-100
2006-09-01,1654.13,^NDX,NASDAQ-100
2006-10-01,1732.54,^NDX,NASDAQ-100
2006-11-01,1791.25,^NDX,NASDAQ-100
2006-12-01,1756.9,^NDX,NASDAQ-100
2007-01-01,1792.28,^NDX,NASDAQ-100
2007-02-01,1761.6,^NDX,NASDAQ-100
2007-03-01,1772.36,^NDX,NASDAQ-100
2007-04-01,1867.75,^NDX,NASDAQ-100
2007-05-01,1928.1899,^NDX,NASDAQ-100
2007-06-01,1934.1,^NDX,NASDAQ-100
2007-07-01,1932.0601,^NDX,NASDAQ-100
2007-08-01,1988.73,^NDX,NASDAQ-100
2007-09-01,2091.1101,^NDX,NASDAQ-100
2007-10-01,2238.98,^NDX,NASDAQ-100
2007-11-01,2089.1001,^NDX,NASDAQ-100
2007-12-01,2084.9299,^NDX,NASDAQ-100
2008-01-01,1841.42,^NDX,NASDAQ-100
2008-02-01,1745.27,^NDX,NASDAQ-100
2008-03-01,1781.9301,^NDX,NASDAQ-100
2008-04-01,1917.7,^NDX,NASDAQ-100
2008-05-01,2032.5699,^NDX,NASDAQ-100
2008-06-01,1837.09,^NDX,NASDAQ-100
2008-07-01,1849.15,^NDX,NASDAQ-100
2008-08-01,1872.54,^NDX,NASDAQ-100
2008-09-01,1594.63,^NDX,NASDAQ-100
2008-10-01,1334.78,^NDX,NASDAQ-100
2008-11-01,1185.75,^NDX,NASDAQ-100
2008-12-01,1211.65,^NDX,NASDAQ-100
2009-01-01,1180.25,^NDX,NASDAQ-100
2009-02-01,1116.99,^NDX,NASDAQ-100
2009-03-01,1237.01,^NDX,NASDAQ-100
2009-04-01,1394.33,^NDX,NASDAQ-100
2009-05-01,1435.5699,^NDX,NASDAQ-100
2009-06-01,1477.25,^NDX,NASDAQ-100
2009-07-01,1603.36,^NDX,NASDAQ-100
2009-08-01,1625.1899,^NDX,NASDAQ-100
2009-09-01,1718.99,^NDX,NASDAQ-100
2009-10-01,1667.13,^NDX,NASDAQ-100
2009-11-01,1767.4301,^NDX,NASDAQ-100
2009-12-01,1860.3101,^NDX,NASDAQ-100
2010-01-01,1741.04,^NDX,NASDAQ-100
2010-02-01,1818.6801,^NDX,NASDAQ-100
2010-03-01,1958.34,^NDX,NASDAQ-100
2010-04-01,2000.63,^NDX,NASDAQ-100
2010-05-01,1852.39,^NDX,NASDAQ-100
2010-06-01,1739.14,^NDX,NASDAQ-100
2010-07-01,1864.0,^NDX,NASDAQ-100
2010-08-01,1767.4301,^NDX,NASDAQ-100
2010-09-01,1998.04,^NDX,NASDAQ-100
2010-10-01,2124.45,^NDX,NASDAQ-100
2010-11-01,2117.3301,^NDX,NASDAQ-100
2010-12-01,2217.8601,^NDX,NASDAQ-100
2011-01-01,2281.9099,^NDX,NASDAQ-100
2011-02-01,2350.99,^NDX,NASDAQ-100
2011-03-01,2338.99,^NDX,NASDAQ-100
2011-04-01,2404.0801,^NDX,NASDAQ-100
2011-05-01,2372.54,^NDX,NASDAQ-100
2011-06-01,2325.0701,^NDX,NASDAQ-100
2011-07-01,2362.8101,^NDX,NASDAQ-100
2011-08-01,2241.01,^NDX,NASDAQ-100
2011-09-01,2139.1799,^NDX,NASDAQ-100
2011-10-01,2360.0801,^NDX,NASDAQ-100
2011-11-01,2295.2,^NDX,NASDAQ-100
2011-12-01,2277.8301,^NDX,NASDAQ-100
2012-01-01,2467.95,^NDX,NASDAQ-100
2012-02-01,2623.1001,^NDX,NASDAQ-100
2012-03-01,2755.27,^NDX,NASDAQ-100
2012-04-01,2723.6799,^NDX,NASDAQ-100
2012-05-01,2524.8701,^NDX,NASDAQ-100
2012-06-01,2615.72,^NDX,NASDAQ-100
2012-07-01,2642.53,^NDX,NASDAQ-100
2012-08-01,2772.24,^NDX,NASDAQ-100
2012-09-01,2799.1899,^NDX,NASDAQ-100
2012-10-01,2647.9199,^NDX,NASDAQ-100
2012-11-01,2677.8799,^NDX,NASDAQ-100
2012-12-01,2660.9299,^NDX,NASDAQ-100
2013-01-01,2731.53,^NDX,NASDAQ-100
2013-02-01,2738.5801,^NDX,NASDAQ-100
2013-03-01,2818.6899,^NDX,NASDAQ-100
2013-04-01,2887.4399,^NDX,NASDAQ-100
2013-05-01,2981.76,^NDX,NASDAQ-100
2013-06-01,2909.6001,^NDX,NASDAQ-100
2013-07-01,3090.1899,^NDX,NASDAQ-100
2013-08-01,3073.8101,^NDX,NASDAQ-100
2013-09-01,3218.2,^NDX,NASDAQ-100
2013-10-01,3377.73,^NDX,NASDAQ-100
2013-11-01,3487.8201,^NDX,NASDAQ-100
2013-12-01,3592.0,^NDX,NASDAQ-100
2014-01-01,3521.9199,^NDX,NASDAQ-100
2014-02-01,3696.1001,^NDX,NASDAQ-100
2014-03-01,3595.74,^NDX,NASDAQ-100
2014-04-01,3582.02,^NDX,NASDAQ-100
2014-05-01,3736.8201,^NDX,NASDAQ-100
2014-06-01,3849.48,^NDX,NASDAQ-100
2014-07-01,3892.5,^NDX,NASDAQ-100
2014-08-01,4082.5601,^NDX,NASDAQ-100
2014-09-01,4049.45,^NDX,NASDAQ-100
2014-10-01,4158.21,^NDX,NASDAQ-100
2014-11-01,4337.79,^NDX,NASDAQ-100
2014-12-01,4236.2798,^NDX,NASDAQ-100
2015-01-01,4148.4302,^NDX,NASDAQ-100
2015-02-01,4440.6699,^NDX,NASDAQ-100
2015-03-01,4333.6899,^NDX,NASDAQ-100
2015-04-01,4414.25,^NDX,NASDAQ-100
2015-05-01,4508.25,^NDX,NASDAQ-100
2015-06-01,4396.7598,^NDX,NASDAQ-100
2015-07-01,4588.9102,^NDX,NASDAQ-100
2015-08-01,4274.5801,^NDX,NASDAQ-100
2015-09-01,4181.0601,^NDX,NASDAQ-100
2015-10-01,4648.8301,^NDX,NASDAQ-100
2015-11-01,4664.5098,^NDX,NASDAQ-100
2015-12-01,4593.27,^NDX,NASDAQ-100
2016-01-01,4279.1699,^NDX,NASDAQ-100
2016-02-01,4201.1201,^NDX,NASDAQ-100
2016-03-01,4483.6602,^NDX,NASDAQ-100
2016-04-01,4341.2998,^NDX,NASDAQ-100
2016-05-01,4523.8901,^NDX,NASDAQ-100
2016-06-01,4417.7002,^NDX,NASDAQ-100
2016-07-01,4730.23,^NDX,NASDAQ-100
2016-08-01,4771.0498,^NDX,NASDAQ-100
2016-09-01,4875.7002,^NDX,NASDAQ-100
2016-10-01,4801.27,^NDX,NASDAQ-100
2016-11-01,4810.8101,^NDX,NASDAQ-100
2016-12-01,4863.6201,^NDX,NASDAQ-100
2017-01-01,5116.77,^NDX,NASDAQ-100
2017-02-01,5330.3101,^NDX,NASDAQ-100
2017-03-01,5436.23,^NDX,NASDAQ-100
2017-04-01,5583.5298,^NDX,NASDAQ-100
2017-05-01,5788.7998,^NDX,NASDAQ-100
2017-06-01,5646.9199,^NDX,NASDAQ-100
2017-07-01,5880.3301,^NDX,NASDAQ-100
2017-08-01,5988.6001,^NDX,NASDAQ-100
2017-09-01,5979.2998,^NDX,NASDAQ-100
2017-10-01,6248.5601,^NDX,NASDAQ-100
2017-11-01,6365.5601,^NDX,NASDAQ-100
2017-12-01,6396.4199,^NDX,NASDAQ-100
2018-01-01,6949.9902,^NDX,NASDAQ-100
2018-02-01,6854.4199,^NDX,NASDAQ-100
2018-03-01,6581.1299,^NDX,NASDAQ-100
2018-04-01,6605.5698,^NDX,NASDAQ-100
2018-05-01,6967.73,^NDX,NASDAQ-100
2018-06-01,7040.7998,^NDX,NASDAQ-100
2018-07-01,7231.98,^NDX,NASDAQ-100
2018-08-01,7654.5498,^NDX,NASDAQ-100
2018-09-01,7627.6499,^NDX,NASDAQ-100
2018-10-01,6967.1001,^NDX,NASDAQ-100
2018-11-01,6949.0098,^NDX,NASDAQ-100
2018-12-01,6329.9702,^NDX,NASDAQ-100
2019-01-01,6906.8398,^NDX,NASDAQ-100
2019-02-01,7097.5298,^NDX,NASDAQ-100
2019-03-01,7378.77,^NDX,NASDAQ-100
2019-04-01,7781.46,^NDX,NASDAQ-100
2019-05-01,7127.96,^NDX,NASDAQ-100
2019-06-01,7671.0801,^NDX,NASDAQ-100
2019-07-01,7848.7798,^NDX,NASDAQ-100
2019-08-01,7691.0,^NDX,NASDAQ-100
2019-09-01,7749.4502,^NDX,NASDAQ-100
2019-10-01,8083.8301,^NDX,NASDAQ-100
2019-11-01,8403.6797,^NDX,NASDAQ-100
2019-12-01,8733.0703,^NDX,NASDAQ-100
2020-01-01,8991.5098,^NDX,NASDAQ-100
2020-02-01,8461.8301,^NDX,NASDAQ-100
2020-03-01,7813.5,^NDX,NASDAQ-100
2020-04-01,9000.5098,^NDX,NASDAQ-100
2020-05-01,9555.5303,^NDX,NASDAQ-100
2020-06-01,10156.8496,^NDX,NASDAQ-100
2020-07-01,10905.8799,^NDX,NASDAQ-100
2020-08-01,12110.7002,^NDX,NASDAQ-100
2020-09-01,11418.0596,^NDX,NASDAQ-100
2020-10-01,11052.9502,^NDX,NASDAQ-100
2020-11-01,12268.3203,^NDX,NASDAQ-100
2020-12-01,12888.2803,^NDX,NASDAQ-100
2021-01-01,12925.3799,^NDX,NASDAQ-100
2021-02-01,12909.4404,^NDX,NASDAQ-100
2021-03-01,13091.4404,^NDX,NASDAQ-100
2021-04-01,13860.7598,^NDX,NASDAQ-100
2021-05-01,13686.5098,^NDX,NASDAQ-100
2021-06-01,14554.7998,^NDX,NASDAQ-100
2021-07-01,14959.9004,^NDX,NASDAQ-100
2021-08-01,15582.5098,^NDX,NASDAQ-100
2021-09-01,14689.6201,^NDX,NASDAQ-100
2021-10-01,15850.4697,^NDX,NASDAQ-100
2021-11-01,16135.9199,^NDX,NASDAQ-100
2021-12-01,16320.0801,^NDX,NASDAQ-100
2022-01-01,14930.0498,^NDX,NASDAQ-100
2022-02-01,14237.8096,^NDX,NASDAQ-100
2022-03-01,14838.4902,^NDX,NASDAQ-100
2022-04-01,12854.7998,^NDX,NASDAQ-100
2022-05-01,12642.0996,^NDX,NASDAQ-100
2022-06-01,11503.7197,^NDX,NASDAQ-100
2022-07-01,12947.9697,^NDX,NASDAQ-100
2022-08-01,12272.0303,^NDX,NASDAQ-100
2022-09-01,10971.2197,^NDX,NASDAQ-100
2022-10-01,11405.5703,^NDX,NASDAQ-100
2022-11-01,12030.0596,^NDX,NASDAQ-100
2022-12-01,10939.7598,^NDX,NASDAQ-100
2023-01-01,12101.9297,^NDX,NASDAQ-100
2023-02-01,12042.1201,^NDX,NASDAQ-100
2023-03-01,13181.3496,^NDX,NASDAQ-100
2023-04-01,13245.9902,^NDX,NASDAQ-100
2023-05-01,14254.0898,^NDX,NASDAQ-100
2023-06-01,15179.21,^NDX,NASDAQ-100
2023-07-01,15757.0,^NDX,NASDAQ-100
2023-08-01,15501.0703,^NDX,NASDAQ-100
2023-09-01,14715.2402,^NDX,NASDAQ-100
2023-10-01,14409.7803,^NDX,NASDAQ-100
2023-11-01,15947.8701,^NDX,NASDAQ-100
2023-12-01,16825.9297,^NDX,NASDAQ-100
2024-01-01,17137.2402,^NDX,NASDAQ-100
2024-02-01,18043.8496,^NDX,NASDAQ-100
2024-03-01,18254.6895,^NDX,NASDAQ-100
2024-04-01,17440.6895,^NDX,NASDAQ-100
2024-05-01,18536.6504,^NDX,NASDAQ-100
2024-06-01,19682.8691,^NDX,NASDAQ-100
2024-07-01,19362.4297,^NDX,NASDAQ-100
2024-08-01,19574.6406,^NDX,NASDAQ-100
2024-09-01,20060.6895,^NDX,NASDAQ-100
2024-10-01,19890.4199,^NDX,NASDAQ-100
2024-11-01,20930.3691,^NDX,NASDAQ-100
2024-12-01,21012.1699,^NDX,NASDAQ-100
2025-01-01,21478.0508,^NDX,NASDAQ-100
2025-02-01,20884.4102,^NDX,NASDAQ-100
2025-03-01,19278.4492,^NDX,NASDAQ-100
2025-04-01,19571.0195,^NDX,NASDAQ-100
2025-05-01,21340.9902,^NDX,NASDAQ-100
2025-06-01,22679.0098,^NDX,NASDAQ-100
2025-07-01,23218.1191,^NDX,NASDAQ-100
2025-08-01,23415.4199,^NDX,NASDAQ-100
2025-09-01,24679.9902,^NDX,NASDAQ-100
2025-10-01,25858.1309,^NDX,NASDAQ-100
2025-11-01,25434.8906,^NDX,NASDAQ-100
2025-12-01,25249.8496,^NDX,NASDAQ-100
2026-01-01,25552.3906,^NDX,NASDAQ-100
2026-02-01,24960.0391,^NDX,NASDAQ-100
2026-03-01,23740.1895,^NDX,NASDAQ-100
2026-04-01,27452.1191,^NDX,NASDAQ-100
2026-05-01,30333.1797,^NDX,NASDAQ-100
2026-06-01,30276.3496,^NDX,NASDAQ-100
2026-07-01,29809.1309,^NDX,NASDAQ-100
1985-01-01,1280.8,^FTSE,FTSE 100
1985-02-01,1259.7,^FTSE,FTSE 100
1985-03-01,1277.0,^FTSE,FTSE 100
1985-03-31,1291.0,^FTSE,FTSE 100
1985-04-30,1313.0,^FTSE,FTSE 100
1985-05-31,1234.9,^FTSE,FTSE 100
1985-06-30,1261.7,^FTSE,FTSE 100
1985-07-31,1340.8,^FTSE,FTSE 100
1985-08-31,1290.0,^FTSE,FTSE 100
1985-09-30,1377.2,^FTSE,FTSE 100
1985-11-01,1439.1,^FTSE,FTSE 100
1985-12-01,1412.6,^FTSE,FTSE 100
1986-01-01,1435.0,^FTSE,FTSE 100
1986-02-01,1543.9,^FTSE,FTSE 100
1986-03-01,1668.8,^FTSE,FTSE 100
1986-03-31,1660.5,^FTSE,FTSE 100
1986-04-30,1602.8,^FTSE,FTSE 100
1986-05-31,1649.8,^FTSE,FTSE 100
1986-06-30,1558.1,^FTSE,FTSE 100
1986-07-31,1661.2,^FTSE,FTSE 100
1986-08-31,1555.8,^FTSE,FTSE 100
1986-09-30,1632.1,^FTSE,FTSE 100
1986-11-01,1636.7,^FTSE,FTSE 100
1986-12-01,1679.0,^FTSE,FTSE 100
1987-01-01,1808.3,^FTSE,FTSE 100
1987-02-01,1979.2,^FTSE,FTSE 100
1987-03-01,1997.6,^FTSE,FTSE 100
1987-03-31,2050.5,^FTSE,FTSE 100
1987-04-30,2203.0,^FTSE,FTSE 100
1987-05-31,2284.1001,^FTSE,FTSE 100
1987-06-30,2360.8999,^FTSE,FTSE 100
1987-07-31,2249.7,^FTSE,FTSE 100
1987-08-31,2366.0,^FTSE,FTSE 100
1987-09-30,1749.8,^FTSE,FTSE 100
1987-11-01,1579.9,^FTSE,FTSE 100
1987-12-01,1713.9,^FTSE,FTSE 100
1988-01-01,1790.8,^FTSE,FTSE 100
1988-02-01,1768.8,^FTSE,FTSE 100
1988-03-01,1742.5,^FTSE,FTSE 100
1988-03-31,1802.2,^FTSE,FTSE 100
1988-04-30,1784.5,^FTSE,FTSE 100
1988-05-31,1857.6,^FTSE,FTSE 100
1988-06-30,1853.6,^FTSE,FTSE 100
1988-07-31,1753.6,^FTSE,FTSE 100
1988-08-31,1826.5,^FTSE,FTSE 100
1988-09-30,1852.4,^FTSE,FTSE 100
1988-11-01,1792.4,^FTSE,FTSE 100
1988-12-01,1793.1,^FTSE,FTSE 100
1989-01-01,2051.8,^FTSE,FTSE 100
1989-02-01,2002.4,^FTSE,FTSE 100
1989-03-01,2075.0,^FTSE,FTSE 100
1989-03-31,2118.0,^FTSE,FTSE 100
1989-04-30,2114.3999,^FTSE,FTSE 100
1989-05-31,2151.0,^FTSE,FTSE 100
1989-06-30,2297.0,^FTSE,FTSE 100
1989-07-31,2387.8999,^FTSE,FTSE 100
1989-08-31,2299.3999,^FTSE,FTSE 100
1989-09-30,2142.6001,^FTSE,FTSE 100
1989-11-01,2276.8,^FTSE,FTSE 100
1989-12-01,2422.7,^FTSE,FTSE 100
1990-01-01,2337.3,^FTSE,FTSE 100
1990-02-01,2255.3999,^FTSE,FTSE 100
1990-03-01,2247.8999,^FTSE,FTSE 100
1990-03-31,2103.3999,^FTSE,FTSE 100
1990-04-30,2345.1001,^FTSE,FTSE 100
1990-05-31,2374.6001,^FTSE,FTSE 100
1990-06-30,2326.2,^FTSE,FTSE 100
1990-07-31,2162.8,^FTSE,FTSE 100
1990-08-31,1990.2,^FTSE,FTSE 100
1990-09-30,2050.3,^FTSE,FTSE 100
1990-11-01,2149.3999,^FTSE,FTSE 100
1990-12-01,2143.5,^FTSE,FTSE 100
1991-01-01,2170.3,^FTSE,FTSE 100
1991-02-01,2380.8999,^FTSE,FTSE 100
1991-03-01,2456.5,^FTSE,FTSE 100
1991-03-31,2486.2,^FTSE,FTSE 100
1991-04-30,2499.5,^FTSE,FTSE 100
1991-05-31,2414.8,^FTSE,FTSE 100
1991-06-30,2588.8,^FTSE,FTSE 100
1991-07-31,2645.7,^FTSE,FTSE 100
1991-08-31,2621.7,^FTSE,FTSE 100
1991-09-30,2566.0,^FTSE,FTSE 100
1991-11-01,2420.2,^FTSE,FTSE 100
1991-12-01,2493.1001,^FTSE,FTSE 100
1992-01-01,2571.2,^FTSE,FTSE 100
1992-02-01,2562.1001,^FTSE,FTSE 100
1992-03-01,2440.1001,^FTSE,FTSE 100
1992-03-31,2654.1001,^FTSE,FTSE 100
1992-04-30,2707.6001,^FTSE,FTSE 100
1992-05-31,2521.2,^FTSE,FTSE 100
1992-06-30,2399.6001,^FTSE,FTSE 100
1992-07-31,2312.6001,^FTSE,FTSE 100
1992-08-31,2553.0,^FTSE,FTSE 100
1992-09-30,2658.3,^FTSE,FTSE 100
1992-11-01,2778.8,^FTSE,FTSE 100
1992-12-01,2846.5,^FTSE,FTSE 100
1993-01-01,2807.2,^FTSE,FTSE 100
1993-02-01,2868.0,^FTSE,FTSE 100
1993-03-01,2878.7,^FTSE,FTSE 100
1993-03-31,2813.1001,^FTSE,FTSE 100
1993-04-30,2840.7,^FTSE,FTSE 100
1993-05-31,2900.0,^FTSE,FTSE 100
1993-06-30,2926.5,^FTSE,FTSE 100
1993-07-31,3100.0,^FTSE,FTSE 100
1993-08-31,3037.5,^FTSE,FTSE 100
1993-09-30,3171.0,^FTSE,FTSE 100
1993-11-01,3166.8999,^FTSE,FTSE 100
1993-12-01,3418.3999,^FTSE,FTSE 100
1994-01-01,3491.8,^FTSE,FTSE 100
1994-02-01,3328.1001,^FTSE,FTSE 100
1994-03-01,3086.3999,^FTSE,FTSE 100
1994-03-31,3125.3,^FTSE,FTSE 100
1994-04-30,2970.5,^FTSE,FTSE 100
1994-05-31,2919.2,^FTSE,FTSE 100
1994-06-30,3082.6001,^FTSE,FTSE 100
1994-07-31,3251.3,^FTSE,FTSE 100
1994-08-31,3026.3,^FTSE,FTSE 100
1994-09-30,3097.3999,^FTSE,FTSE 100
1994-11-01,3081.3999,^FTSE,FTSE 100
1994-12-01,3065.5,^FTSE,FTSE 100
1995-01-01,2991.6001,^FTSE,FTSE 100
1995-02-01,3009.3,^FTSE,FTSE 100
1995-03-01,3137.8999,^FTSE,FTSE 100
1995-03-31,3216.7,^FTSE,FTSE 100
1995-04-30,3319.3999,^FTSE,FTSE 100
1995-05-31,3314.6001,^FTSE,FTSE 100
1995-06-30,3463.3,^FTSE,FTSE 100
1995-07-31,3477.8,^FTSE,FTSE 100
1995-08-31,3508.2,^FTSE,FTSE 100
1995-09-30,3529.1001,^FTSE,FTSE 100
1995-11-01,3664.3,^FTSE,FTSE 100
1995-12-01,3689.3,^FTSE,FTSE 100
1996-01-01,3759.3,^FTSE,FTSE 100
1996-02-01,3727.6001,^FTSE,FTSE 100
1996-03-01,3699.7,^FTSE,FTSE 100
1996-03-31,3817.8999,^FTSE,FTSE 100
1996-04-30,3747.8,^FTSE,FTSE 100
1996-05-31,3711.0,^FTSE,FTSE 100
1996-06-30,3703.2,^FTSE,FTSE 100
1996-07-31,3867.6001,^FTSE,FTSE 100
1996-08-31,3953.7,^FTSE,FTSE 100
1996-09-30,3979.1001,^FTSE,FTSE 100
1996-11-01,4058.0,^FTSE,FTSE 100
1996-12-01,4118.5,^FTSE,FTSE 100
1997-01-01,4275.7998,^FTSE,FTSE 100
1997-02-01,4308.2998,^FTSE,FTSE 100
1997-03-01,4312.8999,^FTSE,FTSE 100
1997-03-31,4436.0,^FTSE,FTSE 100
1997-04-30,4621.2998,^FTSE,FTSE 100
1997-05-31,4604.6001,^FTSE,FTSE 100
1997-06-30,4907.5,^FTSE,FTSE 100
1997-07-31,4817.5,^FTSE,FTSE 100
1997-08-31,5244.2002,^FTSE,FTSE 100
1997-09-30,4842.2998,^FTSE,FTSE 100
1997-11-01,4831.7998,^FTSE,FTSE 100
1997-12-01,5135.5,^FTSE,FTSE 100
1998-01-01,5458.5,^FTSE,FTSE 100
1998-02-01,5767.2998,^FTSE,FTSE 100
1998-03-01,5932.2002,^FTSE,FTSE 100
1998-03-31,5928.3999,^FTSE,FTSE 100
1998-04-30,5870.7002,^FTSE,FTSE 100
1998-05-31,5832.6001,^FTSE,FTSE 100
1998-06-30,5837.1001,^FTSE,FTSE 100
1998-07-31,5249.3999,^FTSE,FTSE 100
1998-08-31,5064.3999,^FTSE,FTSE 100
1998-09-30,5438.3999,^FTSE,FTSE 100
1998-11-01,5743.8999,^FTSE,FTSE 100
1998-12-01,5882.6001,^FTSE,FTSE 100
1999-01-01,5896.0,^FTSE,FTSE 100
1999-02-01,6175.1001,^FTSE,FTSE 100
1999-03-01,6295.2998,^FTSE,FTSE 100
1999-03-31,6552.2002,^FTSE,FTSE 100
1999-04-30,6226.2002,^FTSE,FTSE 100
1999-05-31,6318.5,^FTSE,FTSE 100
1999-06-30,6231.8999,^FTSE,FTSE 100
1999-07-31,6246.3999,^FTSE,FTSE 100
1999-08-31,6029.7998,^FTSE,FTSE 100
1999-09-30,6255.7002,^FTSE,FTSE 100
1999-11-01,6597.2002,^FTSE,FTSE 100
1999-12-01,6930.2002,^FTSE,FTSE 100
2000-01-01,6268.5,^FTSE,FTSE 100
2000-02-01,6232.6001,^FTSE,FTSE 100
2000-03-01,6540.2002,^FTSE,FTSE 100
2000-03-31,6327.3999,^FTSE,FTSE 100
2000-04-30,6359.3999,^FTSE,FTSE 100
2000-05-31,6312.7002,^FTSE,FTSE 100
2000-06-30,6365.2998,^FTSE,FTSE 100
2000-07-31,6672.7002,^FTSE,FTSE 100
2000-08-31,6294.2002,^FTSE,FTSE 100
2000-09-30,6438.3999,^FTSE,FTSE 100
2000-11-01,6142.2002,^FTSE,FTSE 100
2000-12-01,6222.5,^FTSE,FTSE 100
2001-01-01,6297.5,^FTSE,FTSE 100
2001-02-01,5917.8999,^FTSE,FTSE 100
2001-03-01,5633.7002,^FTSE,FTSE 100
2001-03-31,5967.0,^FTSE,FTSE 100
2001-04-30,5796.2002,^FTSE,FTSE 100
2001-05-31,5642.5,^FTSE,FTSE 100
2001-06-30,5529.1001,^FTSE,FTSE 100
2001-07-31,5345.0,^FTSE,FTSE 100
2001-08-31,4903.3999,^FTSE,FTSE 100
2001-09-30,5039.7002,^FTSE,FTSE 100
2001-11-01,5203.6001,^FTSE,FTSE 100
2001-12-01,5217.3999,^FTSE,FTSE 100
2002-01-01,5164.7998,^FTSE,FTSE 100
2002-02-01,5101.0,^FTSE,FTSE 100
2002-03-01,5271.7998,^FTSE,FTSE 100
2002-03-31,5165.6001,^FTSE,FTSE 100
2002-04-30,5085.1001,^FTSE,FTSE 100
2002-05-31,4656.3999,^FTSE,FTSE 100
2002-06-30,4246.2002,^FTSE,FTSE 100
2002-07-31,4227.2998,^FTSE,FTSE 100
2002-08-31,3721.8,^FTSE,FTSE 100
2002-09-30,4039.7,^FTSE,FTSE 100
2002-11-01,4169.3999,^FTSE,FTSE 100
2002-12-01,3940.3999,^FTSE,FTSE 100
2003-01-01,3567.3999,^FTSE,FTSE 100
2003-02-01,3655.6001,^FTSE,FTSE 100
2003-03-01,3613.3,^FTSE,FTSE 100
2003-03-31,3926.0,^FTSE,FTSE 100
2003-04-30,4048.1001,^FTSE,FTSE 100
2003-05-31,4031.2,^FTSE,FTSE 100
2003-06-30,4157.0,^FTSE,FTSE 100
2003-07-31,4161.1001,^FTSE,FTSE 100
2003-08-31,4091.3,^FTSE,FTSE 100
2003-09-30,4287.6001,^FTSE,FTSE 100
2003-11-01,4342.6001,^FTSE,FTSE 100
2003-12-01,4476.8999,^FTSE,FTSE 100
2004-01-01,4390.7002,^FTSE,FTSE 100
2004-02-01,4492.2002,^FTSE,FTSE 100
2004-03-01,4385.7002,^FTSE,FTSE 100
2004-03-31,4489.7002,^FTSE,FTSE 100
2004-04-30,4430.7002,^FTSE,FTSE 100
2004-05-31,4464.1001,^FTSE,FTSE 100
2004-06-30,4413.1001,^FTSE,FTSE 100
2004-07-31,4459.2998,^FTSE,FTSE 100
2004-08-31,4570.7998,^FTSE,FTSE 100
2004-09-30,4624.2002,^FTSE,FTSE 100
2004-11-01,4703.2002,^FTSE,FTSE 100
2004-12-01,4814.2998,^FTSE,FTSE 100
2005-01-01,4852.2998,^FTSE,FTSE 100
2005-02-01,4968.5,^FTSE,FTSE 100
2005-03-01,4894.3999,^FTSE,FTSE 100
2005-03-31,4801.7002,^FTSE,FTSE 100
2005-04-30,4964.0,^FTSE,FTSE 100
2005-05-31,5113.2002,^FTSE,FTSE 100
2005-06-30,5282.2998,^FTSE,FTSE 100
2005-07-31,5296.8999,^FTSE,FTSE 100
2005-08-31,5477.7002,^FTSE,FTSE 100
2005-09-30,5317.2998,^FTSE,FTSE 100
2005-11-01,5423.2002,^FTSE,FTSE 100
2005-12-01,5618.7998,^FTSE,FTSE 100
2006-01-01,5760.2998,^FTSE,FTSE 100
2006-02-01,5791.5,^FTSE,FTSE 100
2006-03-01,5964.6001,^FTSE,FTSE 100
2006-03-31,6023.1001,^FTSE,FTSE 100
2006-04-30,5723.7998,^FTSE,FTSE 100
2006-05-31,5833.3999,^FTSE,FTSE 100
2006-06-30,5928.2998,^FTSE,FTSE 100
2006-07-31,5906.1001,^FTSE,FTSE 100
2006-08-31,5960.7998,^FTSE,FTSE 100
2006-09-30,6129.2002,^FTSE,FTSE 100
2006-11-01,6048.8999,^FTSE,FTSE 100
2006-12-01,6220.7998,^FTSE,FTSE 100
2007-01-01,6203.1001,^FTSE,FTSE 100
2007-02-01,6171.5,^FTSE,FTSE 100
2007-03-01,6308.0,^FTSE,FTSE 100
2007-03-31,6449.2002,^FTSE,FTSE 100
2007-04-30,6621.5,^FTSE,FTSE 100
2007-05-31,6607.8999,^FTSE,FTSE 100
2007-06-30,6360.1001,^FTSE,FTSE 100
2007-07-31,6303.2998,^FTSE,FTSE 100
2007-08-31,6466.7998,^FTSE,FTSE 100
2007-09-30,6721.6001,^FTSE,FTSE 100
2007-11-01,6432.5,^FTSE,FTSE 100
2007-12-01,6456.8999,^FTSE,FTSE 100
2008-01-01,5879.7998,^FTSE,FTSE 100
2008-02-01,5884.2998,^FTSE,FTSE 100
2008-03-01,5702.1001,^FTSE,FTSE 100
2008-03-31,6087.2998,^FTSE,FTSE 100
2008-04-30,6053.5,^FTSE,FTSE 100
2008-05-31,5625.8999,^FTSE,FTSE 100
2008-06-30,5411.8999,^FTSE,FTSE 100
2008-07-31,5636.6001,^FTSE,FTSE 100
2008-08-31,4902.5,^FTSE,FTSE 100
2008-09-30,4377.2998,^FTSE,FTSE 100
2008-11-01,4288.0,^FTSE,FTSE 100
2008-12-01,4434.2002,^FTSE,FTSE 100
2009-01-01,4149.6001,^FTSE,FTSE 100
2009-02-01,3830.1001,^FTSE,FTSE 100
2009-03-01,3926.1001,^FTSE,FTSE 100
2009-03-31,4243.7002,^FTSE,FTSE 100
2009-04-30,4417.8999,^FTSE,FTSE 100
2009-05-31,4249.2002,^FTSE,FTSE 100
2009-06-30,4608.3999,^FTSE,FTSE 100
2009-07-31,4908.8999,^FTSE,FTSE 100
2009-08-31,5133.8999,^FTSE,FTSE 100
2009-09-30,5044.6001,^FTSE,FTSE 100
2009-11-01,5190.7002,^FTSE,FTSE 100
2009-12-01,5412.8999,^FTSE,FTSE 100
2010-01-01,5188.5,^FTSE,FTSE 100
2010-02-01,5354.5,^FTSE,FTSE 100
2010-03-01,5679.6001,^FTSE,FTSE 100
2010-03-31,5553.2998,^FTSE,FTSE 100
2010-04-30,5188.3999,^FTSE,FTSE 100
2010-05-31,4916.8999,^FTSE,FTSE 100
2010-06-30,5258.0,^FTSE,FTSE 100
2010-07-31,5225.2002,^FTSE,FTSE 100
2010-08-31,5548.6001,^FTSE,FTSE 100
2010-09-30,5675.2002,^FTSE,FTSE 100
2010-11-01,5528.2998,^FTSE,FTSE 100
2010-12-01,5899.8999,^FTSE,FTSE 100
2011-01-01,5862.8999,^FTSE,FTSE 100
2011-02-01,5994.0,^FTSE,FTSE 100
2011-03-01,5908.7998,^FTSE,FTSE 100
2011-03-31,6069.8999,^FTSE,FTSE 100
2011-04-30,5990.0,^FTSE,FTSE 100
2011-05-31,5945.7002,^FTSE,FTSE 100
2011-06-30,5815.2002,^FTSE,FTSE 100
2011-07-31,5394.5,^FTSE,FTSE 100
2011-08-31,5128.5,^FTSE,FTSE 100
2011-09-30,5544.2002,^FTSE,FTSE 100
2011-11-01,5505.3999,^FTSE,FTSE 100
2011-12-01,5572.2998,^FTSE,FTSE 100
2012-01-01,5681.6001,^FTSE,FTSE 100
2012-02-01,5871.5,^FTSE,FTSE 100
2012-03-01,5768.5,^FTSE,FTSE 100
2012-03-31,5737.7998,^FTSE,FTSE 100
2012-04-30,5320.8999,^FTSE,FTSE 100
2012-05-31,5571.2002,^FTSE,FTSE 100
2012-06-30,5635.2998,^FTSE,FTSE 100
2012-07-31,5711.5,^FTSE,FTSE 100
2012-08-31,5742.1001,^FTSE,FTSE 100
2012-09-30,5782.7002,^FTSE,FTSE 100
2012-11-01,5866.7998,^FTSE,FTSE 100
2012-12-01,5897.7998,^FTSE,FTSE 100
2013-01-01,6276.8999,^FTSE,FTSE 100
2013-02-01,6360.7998,^FTSE,FTSE 100
2013-03-01,6411.7002,^FTSE,FTSE 100
2013-03-31,6430.1001,^FTSE,FTSE 100
2013-04-30,6583.1001,^FTSE,FTSE 100
2013-05-31,6215.5,^FTSE,FTSE 100
2013-06-30,6621.1001,^FTSE,FTSE 100
2013-07-31,6412.8999,^FTSE,FTSE 100
2013-08-31,6462.2002,^FTSE,FTSE 100
2013-09-30,6731.3999,^FTSE,FTSE 100
2013-11-01,6650.6001,^FTSE,FTSE 100
2013-12-01,6749.1001,^FTSE,FTSE 100
2014-01-01,6510.3999,^FTSE,FTSE 100
2014-02-01,6809.7002,^FTSE,FTSE 100
2014-03-01,6598.3999,^FTSE,FTSE 100
2014-03-31,6780.0,^FTSE,FTSE 100
2014-04-30,6844.5,^FTSE,FTSE 100
2014-05-31,6743.8999,^FTSE,FTSE 100
2014-06-30,6730.1001,^FTSE,FTSE 100
2014-07-31,6819.7998,^FTSE,FTSE 100
2014-08-31,6622.7002,^FTSE,FTSE 100
2014-09-30,6546.5,^FTSE,FTSE 100
2014-11-01,6722.6001,^FTSE,FTSE 100
2014-12-01,6566.1001,^FTSE,FTSE 100
2015-01-01,6749.3999,^FTSE,FTSE 100
2015-02-01,6946.7002,^FTSE,FTSE 100
2015-03-01,6773.0,^FTSE,FTSE 100
2015-03-31,6960.6001,^FTSE,FTSE 100
2015-04-30,6984.3999,^FTSE,FTSE 100
2015-05-31,6521.0,^FTSE,FTSE 100
2015-06-30,6696.2998,^FTSE,FTSE 100
2015-07-31,6247.8999,^FTSE,FTSE 100
2015-08-31,6061.6001,^FTSE,FTSE 100
2015-09-30,6361.1001,^FTSE,FTSE 100
2015-11-01,6356.1001,^FTSE,FTSE 100
2015-12-01,6242.2998,^FTSE,FTSE 100
2016-01-01,6083.7998,^FTSE,FTSE 100
2016-02-01,6097.1001,^FTSE,FTSE 100
2016-03-01,6174.8999,^FTSE,FTSE 100
2016-03-31,6241.8999,^FTSE,FTSE 100
2016-04-30,6230.7998,^FTSE,FTSE 100
2016-05-31,6504.2998,^FTSE,FTSE 100
2016-06-30,6724.3999,^FTSE,FTSE 100
2016-07-31,6781.5,^FTSE,FTSE 100
2016-08-31,6899.2998,^FTSE,FTSE 100
2016-09-30,6954.2002,^FTSE,FTSE 100
2016-11-01,6783.7998,^FTSE,FTSE 100
2016-12-01,7142.7998,^FTSE,FTSE 100
2017-01-01,7099.2002,^FTSE,FTSE 100
2017-02-01,7263.3999,^FTSE,FTSE 100
2017-03-01,7322.8999,^FTSE,FTSE 100
2017-03-31,7203.8999,^FTSE,FTSE 100
2017-04-30,7520.0,^FTSE,FTSE 100
2017-05-31,7312.7002,^FTSE,FTSE 100
2017-06-30,7372.0,^FTSE,FTSE 100
2017-07-31,7430.6001,^FTSE,FTSE 100
2017-08-31,7372.7998,^FTSE,FTSE 100
2017-09-30,7493.1001,^FTSE,FTSE 100
2017-11-01,7326.7002,^FTSE,FTSE 100
2017-12-01,7687.7998,^FTSE,FTSE 100
2018-01-01,7533.6001,^FTSE,FTSE 100
2018-02-01,7231.8999,^FTSE,FTSE 100
2018-03-01,7056.6001,^FTSE,FTSE 100
2018-03-31,7509.2998,^FTSE,FTSE 100
2018-04-30,7678.2002,^FTSE,FTSE 100
2018-05-31,7636.8999,^FTSE,FTSE 100
2018-06-30,7748.7998,^FTSE,FTSE 100
2018-07-31,7432.3999,^FTSE,FTSE 100
2018-08-31,7510.2002,^FTSE,FTSE 100
2018-09-30,7128.1001,^FTSE,FTSE 100
2018-11-01,6980.2002,^FTSE,FTSE 100
2018-12-01,6728.1001,^FTSE,FTSE 100
2019-01-01,6968.8999,^FTSE,FTSE 100
2019-02-01,7074.7002,^FTSE,FTSE 100
2019-03-01,7279.2002,^FTSE,FTSE 100
2019-03-31,7418.2002,^FTSE,FTSE 100
2019-04-30,7161.7002,^FTSE,FTSE 100
2019-05-31,7425.6001,^FTSE,FTSE 100
2019-06-30,7586.7998,^FTSE,FTSE 100
2019-07-31,7207.2002,^FTSE,FTSE 100
2019-08-31,7408.2002,^FTSE,FTSE 100
2019-09-30,7248.3999,^FTSE,FTSE 100
2019-11-01,7346.5,^FTSE,FTSE 100
2019-12-01,7542.3999,^FTSE,FTSE 100
2020-01-01,7286.0,^FTSE,FTSE 100
2020-02-01,6580.6001,^FTSE,FTSE 100
2020-03-01,5672.0,^FTSE,FTSE 100
2020-03-31,5901.2002,^FTSE,FTSE 100
2020-04-30,6076.6001,^FTSE,FTSE 100
2020-05-31,6169.7002,^FTSE,FTSE 100
2020-06-30,5897.7998,^FTSE,FTSE 100
2020-07-31,5963.6001,^FTSE,FTSE 100
2020-08-31,5866.1001,^FTSE,FTSE 100
2020-09-30,5577.2998,^FTSE,FTSE 100
2020-11-01,6266.2002,^FTSE,FTSE 100
2020-12-01,6460.5,^FTSE,FTSE 100
2021-01-01,6407.5,^FTSE,FTSE 100
2021-02-01,6483.3999,^FTSE,FTSE 100
2021-03-01,6713.6001,^FTSE,FTSE 100
2021-03-31,6969.7998,^FTSE,FTSE 100
2021-04-30,7022.6001,^FTSE,FTSE 100
2021-05-31,7037.5,^FTSE,FTSE 100
2021-06-30,7032.2998,^FTSE,FTSE 100
2021-07-31,7119.7002,^FTSE,FTSE 100
2021-08-31,7086.3999,^FTSE,FTSE 100
2021-09-30,7237.6001,^FTSE,FTSE 100
2021-11-01,7059.5,^FTSE,FTSE 100
2021-12-01,7384.5,^FTSE,FTSE 100
2022-01-01,7464.3999,^FTSE,FTSE 100
2022-02-01,7458.2998,^FTSE,FTSE 100
2022-03-01,7515.7002,^FTSE,FTSE 100
2022-03-31,7544.6001,^FTSE,FTSE 100
2022-04-30,7607.7002,^FTSE,FTSE 100
2022-05-31,7169.2998,^FTSE,FTSE 100
2022-06-30,7423.3999,^FTSE,FTSE 100
2022-07-31,7284.2002,^FTSE,FTSE 100
2022-08-31,6893.7998,^FTSE,FTSE 100
2022-09-30,7094.5,^FTSE,FTSE 100
2022-11-01,7573.1001,^FTSE,FTSE 100
2022-12-01,7451.7002,^FTSE,FTSE 100
2023-01-01,7771.7002,^FTSE,FTSE 100
2023-02-01,7876.2998,^FTSE,FTSE 100
2023-03-01,7631.7002,^FTSE,FTSE 100
2023-03-31,7870.6001,^FTSE,FTSE 100
2023-04-30,7446.1001,^FTSE,FTSE 100
2023-05-31,7531.5,^FTSE,FTSE 100
2023-06-30,7699.3999,^FTSE,FTSE 100
2023-07-31,7439.1001,^FTSE,FTSE 100
2023-08-31,7608.1001,^FTSE,FTSE 100
2023-09-30,7321.7002,^FTSE,FTSE 100
2023-11-01,7453.7998,^FTSE,FTSE 100
2023-12-01,7733.2002,^FTSE,FTSE 100
2024-01-01,7630.6001,^FTSE,FTSE 100
2024-02-01,7630.0,^FTSE,FTSE 100
2024-03-01,7952.6001,^FTSE,FTSE 100
2024-03-31,8144.1001,^FTSE,FTSE 100
2024-04-30,8275.4004,^FTSE,FTSE 100
2024-05-31,8164.1001,^FTSE,FTSE 100
2024-06-30,8368.0,^FTSE,FTSE 100
2024-07-31,8376.5996,^FTSE,FTSE 100
2024-08-31,8237.0,^FTSE,FTSE 100
2024-09-30,8110.1001,^FTSE,FTSE 100
2024-11-01,8287.2998,^FTSE,FTSE 100
2024-12-01,8173.0,^FTSE,FTSE 100
2025-01-01,8674.0,^FTSE,FTSE 100
2025-02-01,8809.7002,^FTSE,FTSE 100
2025-03-01,8582.7998,^FTSE,FTSE 100
2025-03-31,8494.9004,^FTSE,FTSE 100
2025-04-30,8772.4004,^FTSE,FTSE 100
2025-05-31,8761.0,^FTSE,FTSE 100
2025-06-30,9132.7998,^FTSE,FTSE 100
2025-07-31,9187.2998,^FTSE,FTSE 100
2025-08-31,9350.4004,^FTSE,FTSE 100
2025-09-30,9717.2998,^FTSE,FTSE 100
2025-11-01,9720.5,^FTSE,FTSE 100
2025-12-01,9931.4004,^FTSE,FTSE 100
2026-01-01,10223.5,^FTSE,FTSE 100
2026-02-01,10910.5996,^FTSE,FTSE 100
2026-03-01,10176.5,^FTSE,FTSE 100
2026-03-31,10378.7998,^FTSE,FTSE 100
2026-04-30,10409.2998,^FTSE,FTSE 100
2026-05-31,10497.0996,^FTSE,FTSE 100
2026-06-30,10538.9102,^FTSE,FTSE 100
1992-09-30,124.0459,^AEX,AEX-Index
1992-10-31,126.2241,^AEX,AEX-Index
1992-11-30,129.7091,^AEX,AEX-Index
1992-12-31,132.4817,^AEX,AEX-Index
1993-01-31,138.7757,^AEX,AEX-Index
1993-02-28,144.5251,^AEX,AEX-Index
1993-03-31,142.4967,^AEX,AEX-Index
1993-04-30,139.892,^AEX,AEX-Index
1993-05-31,147.1162,^AEX,AEX-Index
1993-06-30,153.7959,^AEX,AEX-Index
1993-07-31,165.9436,^AEX,AEX-Index
1993-08-31,158.7467,^AEX,AEX-Index
1993-09-30,173.9983,^AEX,AEX-Index
1993-10-31,174.0074,^AEX,AEX-Index
1993-11-30,187.9884,^AEX,AEX-Index
1993-12-31,199.0788,^AEX,AEX-Index
1994-01-31,190.9289,^AEX,AEX-Index
1994-02-28,183.26,^AEX,AEX-Index
1994-03-31,187.4393,^AEX,AEX-Index
1994-04-30,181.8623,^AEX,AEX-Index
1994-05-31,174.0437,^AEX,AEX-Index
1994-06-30,185.2385,^AEX,AEX-Index
1994-07-31,190.3344,^AEX,AEX-Index
1994-08-31,182.543,^AEX,AEX-Index
1994-09-30,187.2396,^AEX,AEX-Index
1994-10-31,185.7785,^AEX,AEX-Index
1994-11-30,188.0791,^AEX,AEX-Index
1994-12-31,185.1931,^AEX,AEX-Index
1995-01-31,185.0343,^AEX,AEX-Index
1995-02-28,178.5179,^AEX,AEX-Index
1995-03-31,189.1773,^AEX,AEX-Index
1995-04-30,195.8161,^AEX,AEX-Index
1995-05-31,196.2064,^AEX,AEX-Index
1995-06-30,207.8913,^AEX,AEX-Index
1995-07-31,207.9503,^AEX,AEX-Index
1995-08-31,211.5805,^AEX,AEX-Index
1995-09-30,205.8175,^AEX,AEX-Index
1995-10-31,216.9578,^AEX,AEX-Index
1995-11-30,220.2432,^AEX,AEX-Index
1995-12-31,228.4249,^AEX,AEX-Index
1996-01-31,232.8901,^AEX,AEX-Index
1996-02-29,241.2533,^AEX,AEX-Index
1996-03-31,251.6676,^AEX,AEX-Index
1996-04-30,258.6967,^AEX,AEX-Index
1996-05-31,254.2678,^AEX,AEX-Index
1996-06-30,243.1048,^AEX,AEX-Index
1996-07-31,250.0295,^AEX,AEX-Index
1996-08-31,261.8142,^AEX,AEX-Index
1996-09-30,261.8415,^AEX,AEX-Index
1996-10-31,286.3638,^AEX,AEX-Index
1996-11-30,294.1598,^AEX,AEX-Index
1996-12-31,306.6116,^AEX,AEX-Index
1997-01-31,334.6463,^AEX,AEX-Index
1997-02-28,336.2481,^AEX,AEX-Index
1997-03-31,346.3902,^AEX,AEX-Index
1997-04-30,358.9282,^AEX,AEX-Index
1997-05-31,390.9561,^AEX,AEX-Index
1997-06-30,446.2177,^AEX,AEX-Index
1997-07-31,394.0146,^AEX,AEX-Index
1997-08-31,417.4797,^AEX,AEX-Index
1997-09-30,390.0576,^AEX,AEX-Index
1997-10-31,400.1089,^AEX,AEX-Index
1997-11-30,414.6072,^AEX,AEX-Index
1997-12-31,434.1017,^AEX,AEX-Index
1998-01-31,485.6968,^AEX,AEX-Index
1998-02-28,511.154,^AEX,AEX-Index
1998-03-31,511.694,^AEX,AEX-Index
1998-04-30,543.858,^AEX,AEX-Index
1998-05-31,544.6749,^AEX,AEX-Index
1998-06-30,557.8481,^AEX,AEX-Index
1998-07-31,493.0934,^AEX,AEX-Index
1998-08-31,423.9007,^AEX,AEX-Index
1998-09-30,450.6784,^AEX,AEX-Index
1998-10-31,499.4373,^AEX,AEX-Index
1998-11-30,538.3582,^AEX,AEX-Index
1998-12-31,532.09,^AEX,AEX-Index
1999-01-31,536.12,^AEX,AEX-Index
1999-02-28,536.93,^AEX,AEX-Index
1999-03-31,573.52,^AEX,AEX-Index
1999-04-30,554.06,^AEX,AEX-Index
1999-05-31,561.19,^AEX,AEX-Index
1999-06-30,552.77,^AEX,AEX-Index
1999-07-31,572.42,^AEX,AEX-Index
1999-08-31,547.45,^AEX,AEX-Index
1999-09-30,571.82,^AEX,AEX-Index
1999-10-31,602.11,^AEX,AEX-Index
1999-11-30,671.41,^AEX,AEX-Index
1999-12-31,612.38,^AEX,AEX-Index
2000-01-31,664.28,^AEX,AEX-Index
2000-02-29,662.29,^AEX,AEX-Index
2000-03-31,661.38,^AEX,AEX-Index
2000-04-30,655.5,^AEX,AEX-Index
2000-05-31,672.14,^AEX,AEX-Index
2000-06-30,668.18,^AEX,AEX-Index
2000-07-31,689.52,^AEX,AEX-Index
2000-08-31,661.52,^AEX,AEX-Index
2000-09-30,680.56,^AEX,AEX-Index
2000-10-31,649.92,^AEX,AEX-Index
2000-11-30,637.6,^AEX,AEX-Index
2000-12-31,639.98,^AEX,AEX-Index
2001-01-31,597.33,^AEX,AEX-Index
2001-02-28,558.36,^AEX,AEX-Index
2001-03-31,593.09,^AEX,AEX-Index
2001-04-30,585.15,^AEX,AEX-Index
2001-05-31,573.5,^AEX,AEX-Index
2001-06-30,548.72,^AEX,AEX-Index
2001-07-31,523.63,^AEX,AEX-Index
2001-08-31,453.87,^AEX,AEX-Index
2001-09-30,460.33,^AEX,AEX-Index
2001-10-31,492.67,^AEX,AEX-Index
2001-11-30,506.78,^AEX,AEX-Index
2001-12-31,500.92,^AEX,AEX-Index
2002-01-31,494.91,^AEX,AEX-Index
2002-02-28,531.21,^AEX,AEX-Index
2002-03-31,511.28,^AEX,AEX-Index
2002-04-30,484.55,^AEX,AEX-Index
2002-05-31,439.66,^AEX,AEX-Index
2002-06-30,363.59,^AEX,AEX-Index
2002-07-31,371.59,^AEX,AEX-Index
2002-08-31,296.36,^AEX,AEX-Index
2002-09-30,342.84,^AEX,AEX-Index
2002-10-31,361.99,^AEX,AEX-Index
2002-11-30,322.73,^AEX,AEX-Index
2002-12-31,294.94,^AEX,AEX-Index
2003-01-31,266.21,^AEX,AEX-Index
2003-02-28,248.54,^AEX,AEX-Index
2003-03-31,282.63,^AEX,AEX-Index
2003-04-30,280.57,^AEX,AEX-Index
2003-05-31,291.55,^AEX,AEX-Index
2003-06-30,317.49,^AEX,AEX-Index
2003-07-31,329.41,^AEX,AEX-Index
2003-08-31,306.78,^AEX,AEX-Index
2003-09-30,330.22,^AEX,AEX-Index
2003-10-31,332.19,^AEX,AEX-Index
2003-11-30,337.65,^AEX,AEX-Index
2003-12-31,353.31,^AEX,AEX-Index
2004-01-31,356.59,^AEX,AEX-Index
2004-02-29,338.87,^AEX,AEX-Index
2004-03-31,341.41,^AEX,AEX-Index
2004-04-30,337.19,^AEX,AEX-Index
2004-05-31,345.13,^AEX,AEX-Index
2004-06-30,329.91,^AEX,AEX-Index
2004-07-31,323.12,^AEX,AEX-Index
2004-08-31,323.94,^AEX,AEX-Index
2004-09-30,330.48,^AEX,AEX-Index
2004-10-31,337.15,^AEX,AEX-Index
2004-11-30,348.08,^AEX,AEX-Index
2004-12-31,360.42,^AEX,AEX-Index
2005-01-31,374.37,^AEX,AEX-Index
2005-02-28,369.56,^AEX,AEX-Index
2005-03-31,348.2,^AEX,AEX-Index
2005-04-30,364.68,^AEX,AEX-Index
2005-05-31,383.83,^AEX,AEX-Index
2005-06-30,395.77,^AEX,AEX-Index
2005-07-31,389.6,^AEX,AEX-Index
2005-08-31,402.99,^AEX,AEX-Index
2005-09-30,394.16,^AEX,AEX-Index
2005-10-31,418.79,^AEX,AEX-Index
2005-11-30,436.78,^AEX,AEX-Index
2005-12-31,450.5,^AEX,AEX-Index
2006-01-31,458.72,^AEX,AEX-Index
2006-02-28,468.69,^AEX,AEX-Index
2006-03-31,469.4,^AEX,AEX-Index
2006-04-30,440.41,^AEX,AEX-Index
2006-05-31,440.25,^AEX,AEX-Index
2006-06-30,454.06,^AEX,AEX-Index
2006-07-31,469.01,^AEX,AEX-Index
2006-08-31,483.62,^AEX,AEX-Index
2006-09-30,486.57,^AEX,AEX-Index
2006-10-31,477.67,^AEX,AEX-Index
2006-11-30,495.34,^AEX,AEX-Index
2006-12-31,499.81,^AEX,AEX-Index
2007-01-31,490.21,^AEX,AEX-Index
2007-02-28,510.5,^AEX,AEX-Index
2007-03-31,530.81,^AEX,AEX-Index
2007-04-30,540.39,^AEX,AEX-Index
2007-05-31,548.21,^AEX,AEX-Index
2007-06-30,533.99,^AEX,AEX-Index
2007-07-31,522.73,^AEX,AEX-Index
2007-08-31,540.98,^AEX,AEX-Index
2007-09-30,547.85,^AEX,AEX-Index
2007-10-31,507.58,^AEX,AEX-Index
2007-11-30,515.77,^AEX,AEX-Index
2007-12-31,441.33,^AEX,AEX-Index
2008-01-31,446.53,^AEX,AEX-Index
2008-02-29,442.43,^AEX,AEX-Index
2008-03-31,475.56,^AEX,AEX-Index
2008-04-30,485.52,^AEX,AEX-Index
2008-05-31,425.93,^AEX,AEX-Index
2008-06-30,399.95,^AEX,AEX-Index
2008-07-31,412.84,^AEX,AEX-Index
2008-08-31,331.45,^AEX,AEX-Index
2008-09-30,267.69,^AEX,AEX-Index
2008-10-31,252.55,^AEX,AEX-Index
2008-11-30,245.94,^AEX,AEX-Index
2008-12-31,248.6,^AEX,AEX-Index
2009-01-31,219.81,^AEX,AEX-Index
2009-02-28,216.98,^AEX,AEX-Index
2009-03-31,240.76,^AEX,AEX-Index
2009-04-30,259.45,^AEX,AEX-Index
2009-05-31,254.71,^AEX,AEX-Index
2009-06-30,283.17,^AEX,AEX-Index
2009-07-31,296.27,^AEX,AEX-Index
2009-08-31,311.35,^AEX,AEX-Index
2009-09-30,302.36,^AEX,AEX-Index
2009-10-31,305.9,^AEX,AEX-Index
2009-11-30,335.33,^AEX,AEX-Index
2009-12-31,327.9,^AEX,AEX-Index
2010-01-31,317.74,^AEX,AEX-Index
2010-02-28,344.22,^AEX,AEX-Index
2010-03-31,345.91,^AEX,AEX-Index
2010-04-30,320.7,^AEX,AEX-Index
2010-05-31,316.81,^AEX,AEX-Index
2010-06-30,330.64,^AEX,AEX-Index
2010-07-31,316.47,^AEX,AEX-Index
2010-08-31,334.39,^AEX,AEX-Index
2010-09-30,337.23,^AEX,AEX-Index
2010-10-31,327.41,^AEX,AEX-Index
2010-11-30,354.57,^AEX,AEX-Index
2010-12-31,360.75,^AEX,AEX-Index
2011-01-31,369.13,^AEX,AEX-Index
2011-02-28,365.62,^AEX,AEX-Index
2011-03-31,359.94,^AEX,AEX-Index
2011-04-30,349.44,^AEX,AEX-Index
2011-05-31,339.65,^AEX,AEX-Index
2011-06-30,329.22,^AEX,AEX-Index
2011-07-31,292.93,^AEX,AEX-Index
2011-08-31,280.18,^AEX,AEX-Index
2011-09-30,307.5,^AEX,AEX-Index
2011-10-31,299.68,^AEX,AEX-Index
2011-11-30,312.47,^AEX,AEX-Index
2011-12-31,318.47,^AEX,AEX-Index
2012-01-31,324.25,^AEX,AEX-Index
2012-02-29,323.51,^AEX,AEX-Index
2012-03-31,308.3,^AEX,AEX-Index
2012-04-30,290.09,^AEX,AEX-Index
2012-05-31,307.31,^AEX,AEX-Index
2012-06-30,326.47,^AEX,AEX-Index
2012-07-31,329.28,^AEX,AEX-Index
2012-08-31,323.18,^AEX,AEX-Index
2012-09-30,330.76,^AEX,AEX-Index
2012-10-31,336.55,^AEX,AEX-Index
2012-11-30,342.71,^AEX,AEX-Index
2012-12-31,354.35,^AEX,AEX-Index
2013-01-31,340.53,^AEX,AEX-Index
2013-02-28,348.1,^AEX,AEX-Index
2013-03-31,351.39,^AEX,AEX-Index
2013-04-30,363.38,^AEX,AEX-Index
2013-05-31,344.59,^AEX,AEX-Index
2013-06-30,369.81,^AEX,AEX-Index
2013-07-31,362.93,^AEX,AEX-Index
2013-08-31,374.92,^AEX,AEX-Index
2013-09-30,391.92,^AEX,AEX-Index
2013-10-31,396.55,^AEX,AEX-Index
2013-11-30,401.79,^AEX,AEX-Index
2013-12-31,386.85,^AEX,AEX-Index
2014-01-31,398.54,^AEX,AEX-Index
2014-02-28,403.21,^AEX,AEX-Index
2014-03-31,400.55,^AEX,AEX-Index
2014-04-30,407.21,^AEX,AEX-Index
2014-05-31,413.15,^AEX,AEX-Index
2014-06-30,404.29,^AEX,AEX-Index
2014-07-31,413.13,^AEX,AEX-Index
2014-08-31,421.14,^AEX,AEX-Index
2014-09-30,411.32,^AEX,AEX-Index
2014-10-31,425.86,^AEX,AEX-Index
2014-11-30,424.47,^AEX,AEX-Index
2014-12-31,450.39,^AEX,AEX-Index
2015-01-31,483.93,^AEX,AEX-Index
2015-02-28,489.41,^AEX,AEX-Index
2015-03-31,487.85,^AEX,AEX-Index
2015-04-30,493.56,^AEX,AEX-Index
2015-05-31,472.58,^AEX,AEX-Index
2015-06-30,495.23,^AEX,AEX-Index
2015-07-31,445.03,^AEX,AEX-Index
2015-08-31,421.14,^AEX,AEX-Index
2015-09-30,462.12,^AEX,AEX-Index
2015-10-31,469.52,^AEX,AEX-Index
2015-11-30,441.82,^AEX,AEX-Index
2015-12-31,431.28,^AEX,AEX-Index
2016-01-31,427.27,^AEX,AEX-Index
2016-02-29,440.11,^AEX,AEX-Index
2016-03-31,439.68,^AEX,AEX-Index
2016-04-30,447.87,^AEX,AEX-Index
2016-05-31,435.88,^AEX,AEX-Index
2016-06-30,449.83,^AEX,AEX-Index
2016-07-31,454.38,^AEX,AEX-Index
2016-08-31,452.33,^AEX,AEX-Index
2016-09-30,452.59,^AEX,AEX-Index
2016-10-31,457.21,^AEX,AEX-Index
2016-11-30,483.17,^AEX,AEX-Index
2016-12-31,476.71,^AEX,AEX-Index
2017-01-31,495.35,^AEX,AEX-Index
2017-02-28,516.54,^AEX,AEX-Index
2017-03-31,521.13,^AEX,AEX-Index
2017-04-30,524.07,^AEX,AEX-Index
2017-05-31,507.15,^AEX,AEX-Index
2017-06-30,525.44,^AEX,AEX-Index
2017-07-31,516.04,^AEX,AEX-Index
2017-08-31,537.06,^AEX,AEX-Index
2017-09-30,553.38,^AEX,AEX-Index
2017-10-31,540.11,^AEX,AEX-Index
2017-11-30,544.58,^AEX,AEX-Index
2017-12-31,560.52,^AEX,AEX-Index
2018-01-31,535.58,^AEX,AEX-Index
2018-02-28,529.52,^AEX,AEX-Index
2018-03-31,555.73,^AEX,AEX-Index
2018-04-30,552.85,^AEX,AEX-Index
2018-05-31,551.68,^AEX,AEX-Index
2018-06-30,574.25,^AEX,AEX-Index
2018-07-31,558.42,^AEX,AEX-Index
2018-08-31,549.62,^AEX,AEX-Index
2018-09-30,518.71,^AEX,AEX-Index
2018-10-31,519.37,^AEX,AEX-Index
2018-11-30,487.88,^AEX,AEX-Index
2018-12-31,520.63,^AEX,AEX-Index
2019-01-31,541.05,^AEX,AEX-Index
2019-02-28,548.98,^AEX,AEX-Index
2019-03-31,571.6,^AEX,AEX-Index
2019-04-30,540.49,^AEX,AEX-Index
2019-05-31,561.76,^AEX,AEX-Index
2019-06-30,572.09,^AEX,AEX-Index
2019-07-31,558.35,^AEX,AEX-Index
2019-08-31,580.23,^AEX,AEX-Index
2019-09-30,576.63,^AEX,AEX-Index
2019-10-31,597.29,^AEX,AEX-Index
2019-11-30,604.58,^AEX,AEX-Index
2019-12-31,589.5,^AEX,AEX-Index
2020-01-31,539.38,^AEX,AEX-Index
2020-02-29,483.44,^AEX,AEX-Index
2020-03-31,512.92,^AEX,AEX-Index
2020-04-30,532.57,^AEX,AEX-Index
2020-05-31,559.73,^AEX,AEX-Index
2020-06-30,545.29,^AEX,AEX-Index
2020-07-31,549.2,^AEX,AEX-Index
2020-08-31,547.7,^AEX,AEX-Index
2020-09-30,533.88,^AEX,AEX-Index
2020-10-31,606.02,^AEX,AEX-Index
2020-11-30,624.61,^AEX,AEX-Index
2020-12-31,637.11,^AEX,AEX-Index
2021-01-31,651.26,^AEX,AEX-Index
2021-02-28,699.85,^AEX,AEX-Index
2021-03-31,707.56,^AEX,AEX-Index
2021-04-30,709.36,^AEX,AEX-Index
2021-05-31,729.52,^AEX,AEX-Index
2021-06-30,754.31,^AEX,AEX-Index
2021-07-31,787.62,^AEX,AEX-Index
2021-08-31,771.94,^AEX,AEX-Index
2021-09-30,810.91,^AEX,AEX-Index
2021-10-31,777.39,^AEX,AEX-Index
2021-11-30,797.93,^AEX,AEX-Index
2021-12-31,755.2,^AEX,AEX-Index
2022-01-31,729.72,^AEX,AEX-Index
2022-02-28,724.2,^AEX,AEX-Index
2022-03-31,710.98,^AEX,AEX-Index
2022-04-30,712.88,^AEX,AEX-Index
2022-05-31,659.23,^AEX,AEX-Index
2022-06-30,729.44,^AEX,AEX-Index
2022-07-31,680.31,^AEX,AEX-Index
2022-08-31,640.62,^AEX,AEX-Index
2022-09-30,670.62,^AEX,AEX-Index
2022-10-31,724.1,^AEX,AEX-Index
2022-11-30,689.01,^AEX,AEX-Index
2022-12-31,745.19,^AEX,AEX-Index
2023-01-31,752.93,^AEX,AEX-Index
2023-02-28,756.18,^AEX,AEX-Index
2023-03-31,758.49,^AEX,AEX-Index
2023-04-30,748.86,^AEX,AEX-Index
2023-05-31,773.94,^AEX,AEX-Index
2023-06-30,792.0,^AEX,AEX-Index
2023-07-31,743.62,^AEX,AEX-Index
2023-08-31,728.79,^AEX,AEX-Index
2023-09-30,718.6,^AEX,AEX-Index
2023-10-31,765.04,^AEX,AEX-Index
2023-11-30,786.82,^AEX,AEX-Index
2023-12-31,818.21,^AEX,AEX-Index
2024-01-31,848.44,^AEX,AEX-Index
2024-02-29,881.78,^AEX,AEX-Index
2024-03-31,878.83,^AEX,AEX-Index
2024-04-30,903.61,^AEX,AEX-Index
2024-05-31,923.85,^AEX,AEX-Index
2024-06-30,920.62,^AEX,AEX-Index
2024-07-31,918.66,^AEX,AEX-Index
2024-08-31,910.12,^AEX,AEX-Index
2024-09-30,874.18,^AEX,AEX-Index
2024-10-31,881.73,^AEX,AEX-Index
2024-11-30,878.63,^AEX,AEX-Index
2024-12-31,921.94,^AEX,AEX-Index
2025-01-31,921.92,^AEX,AEX-Index
2025-02-28,898.8,^AEX,AEX-Index
2025-03-31,877.89,^AEX,AEX-Index
2025-04-30,922.93,^AEX,AEX-Index
2025-05-31,913.28,^AEX,AEX-Index
2025-06-30,902.06,^AEX,AEX-Index
2025-07-31,896.62,^AEX,AEX-Index
2025-08-31,942.78,^AEX,AEX-Index
2025-09-30,971.46,^AEX,AEX-Index
2025-10-31,943.37,^AEX,AEX-Index
2025-11-30,951.29,^AEX,AEX-Index
2025-12-31,1001.65,^AEX,AEX-Index
2026-01-31,1027.02,^AEX,AEX-Index
2026-02-28,959.8,^AEX,AEX-Index
2026-03-31,1014.09,^AEX,AEX-Index
2026-04-30,1034.9301,^AEX,AEX-Index
2026-05-31,1080.17,^AEX,AEX-Index
2026-06-30,1072.62,^AEX,AEX-Index
2007-02-28,4181.0298,^STOXX50E,EURO STOXX 50                 I
2007-03-31,4392.3398,^STOXX50E,EURO STOXX 50                 I
2007-04-30,4512.6499,^STOXX50E,EURO STOXX 50                 I
2007-05-31,4489.77,^STOXX50E,EURO STOXX 50                 I
2007-06-30,4315.6899,^STOXX50E,EURO STOXX 50                 I
2007-07-31,4294.5601,^STOXX50E,EURO STOXX 50                 I
2007-08-31,4381.71,^STOXX50E,EURO STOXX 50                 I
2007-09-30,4489.79,^STOXX50E,EURO STOXX 50                 I
2007-10-31,4394.9502,^STOXX50E,EURO STOXX 50                 I
2007-11-30,4399.7202,^STOXX50E,EURO STOXX 50                 I
2007-12-31,3792.8,^STOXX50E,EURO STOXX 50                 I
2008-01-31,3724.5,^STOXX50E,EURO STOXX 50                 I
2008-02-29,3628.0601,^STOXX50E,EURO STOXX 50                 I
2008-03-31,3825.02,^STOXX50E,EURO STOXX 50                 I
2008-04-30,3777.8501,^STOXX50E,EURO STOXX 50                 I
2008-05-31,3352.8101,^STOXX50E,EURO STOXX 50                 I
2008-06-30,3367.8201,^STOXX50E,EURO STOXX 50                 I
2008-07-31,3365.6299,^STOXX50E,EURO STOXX 50                 I
2008-08-31,3038.2,^STOXX50E,EURO STOXX 50                 I
2008-09-30,2591.76,^STOXX50E,EURO STOXX 50                 I
2008-10-31,2430.3101,^STOXX50E,EURO STOXX 50                 I
2008-11-30,2451.48,^STOXX50E,EURO STOXX 50                 I
2008-12-31,2236.98,^STOXX50E,EURO STOXX 50                 I
2009-01-31,1976.23,^STOXX50E,EURO STOXX 50                 I
2009-02-28,2071.1299,^STOXX50E,EURO STOXX 50                 I
2009-03-31,2375.3401,^STOXX50E,EURO STOXX 50                 I
2009-04-30,2451.24,^STOXX50E,EURO STOXX 50                 I
2009-05-31,2401.6899,^STOXX50E,EURO STOXX 50                 I
2009-06-30,2638.1299,^STOXX50E,EURO STOXX 50                 I
2009-07-31,2770.1101,^STOXX50E,EURO STOXX 50                 I
2009-08-31,2872.6299,^STOXX50E,EURO STOXX 50                 I
2009-09-30,2743.5,^STOXX50E,EURO STOXX 50                 I
2009-10-31,2797.25,^STOXX50E,EURO STOXX 50                 I
2009-11-30,2966.24,^STOXX50E,EURO STOXX 50                 I
2009-12-31,2776.8301,^STOXX50E,EURO STOXX 50                 I
2010-01-31,2728.47,^STOXX50E,EURO STOXX 50                 I
2010-02-28,2931.1599,^STOXX50E,EURO STOXX 50                 I
2010-03-31,2816.8601,^STOXX50E,EURO STOXX 50                 I
2010-04-30,2610.26,^STOXX50E,EURO STOXX 50                 I
2010-05-31,2573.3201,^STOXX50E,EURO STOXX 50                 I
2010-06-30,2742.1399,^STOXX50E,EURO STOXX 50                 I
2010-07-31,2622.95,^STOXX50E,EURO STOXX 50                 I
2010-08-31,2747.8999,^STOXX50E,EURO STOXX 50                 I
2010-09-30,2844.99,^STOXX50E,EURO STOXX 50                 I
2010-10-31,2650.99,^STOXX50E,EURO STOXX 50                 I
2010-11-30,2792.8201,^STOXX50E,EURO STOXX 50                 I
2010-12-31,2953.6299,^STOXX50E,EURO STOXX 50                 I
2011-01-31,3013.0901,^STOXX50E,EURO STOXX 50                 I
2011-02-28,2910.9099,^STOXX50E,EURO STOXX 50                 I
2011-03-31,3011.25,^STOXX50E,EURO STOXX 50                 I
2011-04-30,2819.3999,^STOXX50E,EURO STOXX 50                 I
2011-05-31,2848.53,^STOXX50E,EURO STOXX 50                 I
2011-06-30,2670.3701,^STOXX50E,EURO STOXX 50                 I
2011-07-31,2302.0801,^STOXX50E,EURO STOXX 50                 I
2011-08-31,2179.6599,^STOXX50E,EURO STOXX 50                 I
2011-09-30,2385.22,^STOXX50E,EURO STOXX 50                 I
2011-10-31,2330.4299,^STOXX50E,EURO STOXX 50                 I
2011-11-30,2316.55,^STOXX50E,EURO STOXX 50                 I
2011-12-31,2416.6599,^STOXX50E,EURO STOXX 50                 I
2012-01-31,2512.1101,^STOXX50E,EURO STOXX 50                 I
2012-02-29,2477.28,^STOXX50E,EURO STOXX 50                 I
2012-03-31,2306.4299,^STOXX50E,EURO STOXX 50                 I
2012-04-30,2118.9399,^STOXX50E,EURO STOXX 50                 I
2012-05-31,2264.72,^STOXX50E,EURO STOXX 50                 I
2012-06-30,2325.72,^STOXX50E,EURO STOXX 50                 I
2012-07-31,2440.71,^STOXX50E,EURO STOXX 50                 I
2012-08-31,2454.26,^STOXX50E,EURO STOXX 50                 I
2012-09-30,2503.6399,^STOXX50E,EURO STOXX 50                 I
2012-10-31,2575.25,^STOXX50E,EURO STOXX 50                 I
2012-11-30,2635.9299,^STOXX50E,EURO STOXX 50                 I
2012-12-31,2702.98,^STOXX50E,EURO STOXX 50                 I
2013-01-31,2633.55,^STOXX50E,EURO STOXX 50                 I
2013-02-28,2624.02,^STOXX50E,EURO STOXX 50                 I
2013-03-31,2712.0,^STOXX50E,EURO STOXX 50                 I
2013-04-30,2769.6399,^STOXX50E,EURO STOXX 50                 I
2013-05-31,2602.5901,^STOXX50E,EURO STOXX 50                 I
2013-06-30,2768.1499,^STOXX50E,EURO STOXX 50                 I
2013-07-31,2721.3701,^STOXX50E,EURO STOXX 50                 I
2013-08-31,2893.1499,^STOXX50E,EURO STOXX 50                 I
2013-09-30,3067.95,^STOXX50E,EURO STOXX 50                 I
2013-10-31,3086.6399,^STOXX50E,EURO STOXX 50                 I
2013-11-30,3109.0,^STOXX50E,EURO STOXX 50                 I
2013-12-31,3013.96,^STOXX50E,EURO STOXX 50                 I
2014-01-31,3149.23,^STOXX50E,EURO STOXX 50                 I
2014-02-28,3161.6001,^STOXX50E,EURO STOXX 50                 I
2014-03-31,3198.3899,^STOXX50E,EURO STOXX 50                 I
2014-04-30,3244.6001,^STOXX50E,EURO STOXX 50                 I
2014-05-31,3228.24,^STOXX50E,EURO STOXX 50                 I
2014-06-30,3115.51,^STOXX50E,EURO STOXX 50                 I
2014-07-31,3172.6299,^STOXX50E,EURO STOXX 50                 I
2014-08-31,3225.9299,^STOXX50E,EURO STOXX 50                 I
2014-09-30,3113.3201,^STOXX50E,EURO STOXX 50                 I
2014-10-31,3250.9299,^STOXX50E,EURO STOXX 50                 I
2014-11-30,3146.4299,^STOXX50E,EURO STOXX 50                 I
2014-12-31,3351.4399,^STOXX50E,EURO STOXX 50                 I
2015-01-31,3599.0,^STOXX50E,EURO STOXX 50                 I
2015-02-28,3697.3799,^STOXX50E,EURO STOXX 50                 I
2015-03-31,3615.5901,^STOXX50E,EURO STOXX 50                 I
2015-04-30,3570.78,^STOXX50E,EURO STOXX 50                 I
2015-05-31,3424.3,^STOXX50E,EURO STOXX 50                 I
2015-06-30,3600.6899,^STOXX50E,EURO STOXX 50                 I
2015-07-31,3269.6299,^STOXX50E,EURO STOXX 50                 I
2015-08-31,3100.6699,^STOXX50E,EURO STOXX 50                 I
2015-09-30,3418.23,^STOXX50E,EURO STOXX 50                 I
2015-10-31,3506.45,^STOXX50E,EURO STOXX 50                 I
2015-11-30,3267.52,^STOXX50E,EURO STOXX 50                 I
2015-12-31,3045.0901,^STOXX50E,EURO STOXX 50                 I
2016-01-31,2945.75,^STOXX50E,EURO STOXX 50                 I
2016-02-29,3004.9299,^STOXX50E,EURO STOXX 50                 I
2016-03-31,3028.21,^STOXX50E,EURO STOXX 50                 I
2016-04-30,3063.48,^STOXX50E,EURO STOXX 50                 I
2016-05-31,2864.74,^STOXX50E,EURO STOXX 50                 I
2016-06-30,2990.76,^STOXX50E,EURO STOXX 50                 I
2016-07-31,3023.1299,^STOXX50E,EURO STOXX 50                 I
2016-08-31,3002.24,^STOXX50E,EURO STOXX 50                 I
2016-09-30,3055.25,^STOXX50E,EURO STOXX 50                 I
2016-10-31,3051.6101,^STOXX50E,EURO STOXX 50                 I
2016-11-30,3290.52,^STOXX50E,EURO STOXX 50                 I
2016-12-31,3230.6799,^STOXX50E,EURO STOXX 50                 I
2017-01-31,3319.6101,^STOXX50E,EURO STOXX 50                 I
2017-02-28,3500.9299,^STOXX50E,EURO STOXX 50                 I
2017-03-31,3559.5901,^STOXX50E,EURO STOXX 50                 I
2017-04-30,3554.5901,^STOXX50E,EURO STOXX 50                 I
2017-05-31,3441.8799,^STOXX50E,EURO STOXX 50                 I
2017-06-30,3449.3601,^STOXX50E,EURO STOXX 50                 I
2017-07-31,3421.47,^STOXX50E,EURO STOXX 50                 I
2017-08-31,3594.8501,^STOXX50E,EURO STOXX 50                 I
2017-09-30,3673.95,^STOXX50E,EURO STOXX 50                 I
2017-10-31,3569.9299,^STOXX50E,EURO STOXX 50                 I
2017-11-30,3503.96,^STOXX50E,EURO STOXX 50                 I
2017-12-31,3609.29,^STOXX50E,EURO STOXX 50                 I
2018-01-31,3438.96,^STOXX50E,EURO STOXX 50                 I
2018-02-28,3361.5,^STOXX50E,EURO STOXX 50                 I
2018-03-31,3536.52,^STOXX50E,EURO STOXX 50                 I
2018-04-30,3406.6499,^STOXX50E,EURO STOXX 50                 I
2018-05-31,3395.6001,^STOXX50E,EURO STOXX 50                 I
2018-06-30,3525.49,^STOXX50E,EURO STOXX 50                 I
2018-07-31,3392.8999,^STOXX50E,EURO STOXX 50                 I
2018-08-31,3399.2,^STOXX50E,EURO STOXX 50                 I
2018-09-30,3197.51,^STOXX50E,EURO STOXX 50                 I
2018-10-31,3173.1299,^STOXX50E,EURO STOXX 50                 I
2018-11-30,3001.4199,^STOXX50E,EURO STOXX 50                 I
2018-12-31,3159.4299,^STOXX50E,EURO STOXX 50                 I
2019-01-31,3298.26,^STOXX50E,EURO STOXX 50                 I
2019-02-28,3351.71,^STOXX50E,EURO STOXX 50                 I
2019-03-31,3514.6201,^STOXX50E,EURO STOXX 50                 I
2019-04-30,3280.4299,^STOXX50E,EURO STOXX 50                 I
2019-05-31,3473.6899,^STOXX50E,EURO STOXX 50                 I
2019-06-30,3466.8501,^STOXX50E,EURO STOXX 50                 I
2019-07-31,3426.76,^STOXX50E,EURO STOXX 50                 I
2019-08-31,3569.45,^STOXX50E,EURO STOXX 50                 I
2019-09-30,3604.4099,^STOXX50E,EURO STOXX 50                 I
2019-10-31,3703.5801,^STOXX50E,EURO STOXX 50                 I
2019-11-30,3745.1499,^STOXX50E,EURO STOXX 50                 I
2019-12-31,3640.9099,^STOXX50E,EURO STOXX 50                 I
2020-01-31,3329.49,^STOXX50E,EURO STOXX 50                 I
2020-02-29,2786.8999,^STOXX50E,EURO STOXX 50                 I
2020-03-31,2927.9299,^STOXX50E,EURO STOXX 50                 I
2020-04-30,3050.2,^STOXX50E,EURO STOXX 50                 I
2020-05-31,3234.0701,^STOXX50E,EURO STOXX 50                 I
2020-06-30,3174.3201,^STOXX50E,EURO STOXX 50                 I
2020-07-31,3272.51,^STOXX50E,EURO STOXX 50                 I
2020-08-31,3193.6101,^STOXX50E,EURO STOXX 50                 I
2020-09-30,2958.21,^STOXX50E,EURO STOXX 50                 I
2020-10-31,3492.54,^STOXX50E,EURO STOXX 50                 I
2020-11-30,3552.6399,^STOXX50E,EURO STOXX 50                 I
2020-12-31,3481.4399,^STOXX50E,EURO STOXX 50                 I
2021-01-31,3636.4399,^STOXX50E,EURO STOXX 50                 I
2021-02-28,3919.21,^STOXX50E,EURO STOXX 50                 I
2021-03-31,3974.74,^STOXX50E,EURO STOXX 50                 I
2021-04-30,4039.46,^STOXX50E,EURO STOXX 50                 I
2021-05-31,4064.3,^STOXX50E,EURO STOXX 50                 I
2021-06-30,4089.3,^STOXX50E,EURO STOXX 50                 I
2021-07-31,4196.4102,^STOXX50E,EURO STOXX 50                 I
2021-08-31,4048.0801,^STOXX50E,EURO STOXX 50                 I
2021-09-30,4250.5601,^STOXX50E,EURO STOXX 50                 I
2021-10-31,4063.0601,^STOXX50E,EURO STOXX 50                 I
2021-11-30,4298.4102,^STOXX50E,EURO STOXX 50                 I
2021-12-31,4174.6001,^STOXX50E,EURO STOXX 50                 I
2022-01-31,3924.23,^STOXX50E,EURO STOXX 50                 I
2022-02-28,3902.52,^STOXX50E,EURO STOXX 50                 I
2022-03-31,3802.8601,^STOXX50E,EURO STOXX 50                 I
2022-04-30,3789.21,^STOXX50E,EURO STOXX 50                 I
2022-05-31,3454.8601,^STOXX50E,EURO STOXX 50                 I
2022-06-30,3708.1001,^STOXX50E,EURO STOXX 50                 I
2022-07-31,3517.25,^STOXX50E,EURO STOXX 50                 I
2022-08-31,3318.2,^STOXX50E,EURO STOXX 50                 I
2022-09-30,3617.54,^STOXX50E,EURO STOXX 50                 I
2022-10-31,3964.72,^STOXX50E,EURO STOXX 50                 I
2022-11-30,3793.6201,^STOXX50E,EURO STOXX 50                 I
2022-12-31,4163.4502,^STOXX50E,EURO STOXX 50                 I
2023-01-31,4238.3799,^STOXX50E,EURO STOXX 50                 I
2023-02-28,4315.0498,^STOXX50E,EURO STOXX 50                 I
2023-03-31,4359.3101,^STOXX50E,EURO STOXX 50                 I
2023-04-30,4218.04,^STOXX50E,EURO STOXX 50                 I
2023-05-31,4399.0898,^STOXX50E,EURO STOXX 50                 I
2023-06-30,4471.3101,^STOXX50E,EURO STOXX 50                 I
2023-07-31,4297.1099,^STOXX50E,EURO STOXX 50                 I
2023-08-31,4174.6602,^STOXX50E,EURO STOXX 50                 I
2023-09-30,4061.1201,^STOXX50E,EURO STOXX 50                 I
2023-10-31,4382.4702,^STOXX50E,EURO STOXX 50                 I
2023-11-30,4521.6499,^STOXX50E,EURO STOXX 50                 I
2023-12-31,4648.3999,^STOXX50E,EURO STOXX 50                 I
2024-01-31,4877.77,^STOXX50E,EURO STOXX 50                 I
2024-02-29,5083.4199,^STOXX50E,EURO STOXX 50                 I
2024-03-31,4921.2202,^STOXX50E,EURO STOXX 50                 I
2024-04-30,4983.6699,^STOXX50E,EURO STOXX 50                 I
2024-05-31,4894.02,^STOXX50E,EURO STOXX 50                 I
2024-06-30,4872.9399,^STOXX50E,EURO STOXX 50                 I
2024-07-31,4957.98,^STOXX50E,EURO STOXX 50                 I
2024-08-31,5000.4502,^STOXX50E,EURO STOXX 50                 I
2024-09-30,4827.6299,^STOXX50E,EURO STOXX 50                 I
2024-10-31,4804.3999,^STOXX50E,EURO STOXX 50                 I
2024-11-30,4895.98,^STOXX50E,EURO STOXX 50                 I
2024-12-31,5286.8701,^STOXX50E,EURO STOXX 50                 I
2025-01-31,5463.54,^STOXX50E,EURO STOXX 50                 I
2025-02-28,5248.3901,^STOXX50E,EURO STOXX 50                 I
2025-03-31,5160.2202,^STOXX50E,EURO STOXX 50                 I
2025-04-30,5366.5898,^STOXX50E,EURO STOXX 50                 I
2025-05-31,5303.2402,^STOXX50E,EURO STOXX 50                 I
2025-06-30,5319.9199,^STOXX50E,EURO STOXX 50                 I
2025-07-31,5351.73,^STOXX50E,EURO STOXX 50                 I
2025-08-31,5529.96,^STOXX50E,EURO STOXX 50                 I
2025-09-30,5662.04,^STOXX50E,EURO STOXX 50                 I
2025-10-31,5668.1699,^STOXX50E,EURO STOXX 50                 I
2025-11-30,5791.4102,^STOXX50E,EURO STOXX 50                 I
2025-12-31,5947.8101,^STOXX50E,EURO STOXX 50                 I
2026-01-31,6138.4102,^STOXX50E,EURO STOXX 50                 I
2026-02-28,5569.73,^STOXX50E,EURO STOXX 50                 I
2026-03-31,5881.5098,^STOXX50E,EURO STOXX 50                 I
2026-04-30,6050.54,^STOXX50E,EURO STOXX 50                 I
2026-05-31,6328.0898,^STOXX50E,EURO STOXX 50                 I
2026-06-30,6337.1699,^STOXX50E,EURO STOXX 50                 I
2013-02-28,375.35,^OMXSPI,OMX Stockholm_PI
2013-03-31,375.46,^OMXSPI,OMX Stockholm_PI
2013-04-30,381.19,^OMXSPI,OMX Stockholm_PI
2013-05-31,361.72,^OMXSPI,OMX Stockholm_PI
2013-06-30,387.59,^OMXSPI,OMX Stockholm_PI
2013-07-31,383.33,^OMXSPI,OMX Stockholm_PI
2013-08-31,398.53,^OMXSPI,OMX Stockholm_PI
2013-09-30,405.69,^OMXSPI,OMX Stockholm_PI
2013-10-31,415.09,^OMXSPI,OMX Stockholm_PI
2013-11-30,423.66,^OMXSPI,OMX Stockholm_PI
2013-12-31,416.72,^OMXSPI,OMX Stockholm_PI
2014-01-31,442.17,^OMXSPI,OMX Stockholm_PI
2014-02-28,440.3,^OMXSPI,OMX Stockholm_PI
2014-03-31,442.53,^OMXSPI,OMX Stockholm_PI
2014-04-30,455.66,^OMXSPI,OMX Stockholm_PI
2014-05-31,449.01,^OMXSPI,OMX Stockholm_PI
2014-06-30,446.05,^OMXSPI,OMX Stockholm_PI
2014-07-31,448.31,^OMXSPI,OMX Stockholm_PI
2014-08-31,447.54,^OMXSPI,OMX Stockholm_PI
2014-09-30,454.09,^OMXSPI,OMX Stockholm_PI
2014-10-31,469.23,^OMXSPI,OMX Stockholm_PI
2014-11-30,473.89,^OMXSPI,OMX Stockholm_PI
2014-12-31,507.83,^OMXSPI,OMX Stockholm_PI
2015-01-31,548.64,^OMXSPI,OMX Stockholm_PI
2015-02-28,542.91,^OMXSPI,OMX Stockholm_PI
2015-03-31,537.58,^OMXSPI,OMX Stockholm_PI
2015-04-30,539.55,^OMXSPI,OMX Stockholm_PI
2015-05-31,504.87,^OMXSPI,OMX Stockholm_PI
2015-06-30,529.8,^OMXSPI,OMX Stockholm_PI
2015-07-31,497.82,^OMXSPI,OMX Stockholm_PI
2015-08-31,475.68,^OMXSPI,OMX Stockholm_PI
2015-09-30,508.1,^OMXSPI,OMX Stockholm_PI
2015-10-31,526.6,^OMXSPI,OMX Stockholm_PI
2015-11-30,505.13,^OMXSPI,OMX Stockholm_PI
2015-12-31,469.4,^OMXSPI,OMX Stockholm_PI
2016-01-31,478.52,^OMXSPI,OMX Stockholm_PI
2016-02-29,483.41,^OMXSPI,OMX Stockholm_PI
2016-03-31,480.5,^OMXSPI,OMX Stockholm_PI
2016-04-30,488.45,^OMXSPI,OMX Stockholm_PI
2016-05-31,470.87,^OMXSPI,OMX Stockholm_PI
2016-06-30,496.47,^OMXSPI,OMX Stockholm_PI
2016-07-31,508.66,^OMXSPI,OMX Stockholm_PI
2016-08-31,517.83,^OMXSPI,OMX Stockholm_PI
2016-09-30,511.88,^OMXSPI,OMX Stockholm_PI
2016-10-31,519.1,^OMXSPI,OMX Stockholm_PI
2016-11-30,534.56,^OMXSPI,OMX Stockholm_PI
2016-12-31,541.48,^OMXSPI,OMX Stockholm_PI
2017-01-31,557.33,^OMXSPI,OMX Stockholm_PI
2017-02-28,562.94,^OMXSPI,OMX Stockholm_PI
2017-03-31,582.7,^OMXSPI,OMX Stockholm_PI
2017-04-30,588.46,^OMXSPI,OMX Stockholm_PI
2017-05-31,576.91,^OMXSPI,OMX Stockholm_PI
2017-06-30,559.45,^OMXSPI,OMX Stockholm_PI
2017-07-31,554.91,^OMXSPI,OMX Stockholm_PI
2017-08-31,585.67,^OMXSPI,OMX Stockholm_PI
2017-09-30,597.16,^OMXSPI,OMX Stockholm_PI
2017-10-31,575.8,^OMXSPI,OMX Stockholm_PI
2017-11-30,568.8,^OMXSPI,OMX Stockholm_PI
2017-12-31,578.3,^OMXSPI,OMX Stockholm_PI
2018-01-31,573.87,^OMXSPI,OMX Stockholm_PI
2018-02-28,559.67,^OMXSPI,OMX Stockholm_PI
2018-03-31,577.45,^OMXSPI,OMX Stockholm_PI
2018-04-30,572.69,^OMXSPI,OMX Stockholm_PI
2018-05-31,573.97,^OMXSPI,OMX Stockholm_PI
2018-06-30,597.47,^OMXSPI,OMX Stockholm_PI
2018-07-31,613.03,^OMXSPI,OMX Stockholm_PI
2018-08-31,612.92,^OMXSPI,OMX Stockholm_PI
2018-09-30,568.43,^OMXSPI,OMX Stockholm_PI
2018-10-31,558.5,^OMXSPI,OMX Stockholm_PI
2018-11-30,525.16,^OMXSPI,OMX Stockholm_PI
2018-12-31,565.26,^OMXSPI,OMX Stockholm_PI
2019-01-31,587.32,^OMXSPI,OMX Stockholm_PI
2019-02-28,586.63,^OMXSPI,OMX Stockholm_PI
2019-03-31,622.11,^OMXSPI,OMX Stockholm_PI
2019-04-30,575.54,^OMXSPI,OMX Stockholm_PI
2019-05-31,613.72,^OMXSPI,OMX Stockholm_PI
2019-06-30,615.13,^OMXSPI,OMX Stockholm_PI
2019-07-31,606.59,^OMXSPI,OMX Stockholm_PI
2019-08-31,624.14,^OMXSPI,OMX Stockholm_PI
2019-09-30,647.49,^OMXSPI,OMX Stockholm_PI
2019-10-31,657.41,^OMXSPI,OMX Stockholm_PI
2019-11-30,680.81,^OMXSPI,OMX Stockholm_PI
2019-12-31,689.06,^OMXSPI,OMX Stockholm_PI
2020-01-31,640.58,^OMXSPI,OMX Stockholm_PI
2020-02-29,555.6,^OMXSPI,OMX Stockholm_PI
2020-03-31,601.86,^OMXSPI,OMX Stockholm_PI
2020-04-30,632.92,^OMXSPI,OMX Stockholm_PI
2020-05-31,646.58,^OMXSPI,OMX Stockholm_PI
2020-06-30,673.57,^OMXSPI,OMX Stockholm_PI
2020-07-31,698.47,^OMXSPI,OMX Stockholm_PI
2020-08-31,728.7,^OMXSPI,OMX Stockholm_PI
2020-09-30,683.51,^OMXSPI,OMX Stockholm_PI
2020-10-31,759.74,^OMXSPI,OMX Stockholm_PI
2020-11-30,768.38,^OMXSPI,OMX Stockholm_PI
2020-12-31,787.87,^OMXSPI,OMX Stockholm_PI
2021-01-31,810.78,^OMXSPI,OMX Stockholm_PI
2021-02-28,873.39,^OMXSPI,OMX Stockholm_PI
2021-03-31,897.2,^OMXSPI,OMX Stockholm_PI
2021-04-30,913.77,^OMXSPI,OMX Stockholm_PI
2021-05-31,916.59,^OMXSPI,OMX Stockholm_PI
2021-06-30,984.67,^OMXSPI,OMX Stockholm_PI
2021-07-31,989.43,^OMXSPI,OMX Stockholm_PI
2021-08-31,927.62,^OMXSPI,OMX Stockholm_PI
2021-09-30,969.96,^OMXSPI,OMX Stockholm_PI
2021-10-31,986.33,^OMXSPI,OMX Stockholm_PI
2021-11-30,1037.14,^OMXSPI,OMX Stockholm_PI
2021-12-31,935.09,^OMXSPI,OMX Stockholm_PI
2022-01-31,871.86,^OMXSPI,OMX Stockholm_PI
2022-02-28,887.44,^OMXSPI,OMX Stockholm_PI
2022-03-31,845.51,^OMXSPI,OMX Stockholm_PI
2022-04-30,832.82,^OMXSPI,OMX Stockholm_PI
2022-05-31,734.28,^OMXSPI,OMX Stockholm_PI
2022-06-30,822.71,^OMXSPI,OMX Stockholm_PI
2022-07-31,763.08,^OMXSPI,OMX Stockholm_PI
2022-08-31,706.2,^OMXSPI,OMX Stockholm_PI
2022-09-30,750.42,^OMXSPI,OMX Stockholm_PI
2022-10-31,803.4,^OMXSPI,OMX Stockholm_PI
2022-11-30,781.86,^OMXSPI,OMX Stockholm_PI
2022-12-31,843.33,^OMXSPI,OMX Stockholm_PI
2023-01-31,853.48,^OMXSPI,OMX Stockholm_PI
2023-02-28,842.93,^OMXSPI,OMX Stockholm_PI
2023-03-31,858.61,^OMXSPI,OMX Stockholm_PI
2023-04-30,830.29,^OMXSPI,OMX Stockholm_PI
2023-05-31,847.69,^OMXSPI,OMX Stockholm_PI
2023-06-30,844.63,^OMXSPI,OMX Stockholm_PI
2023-07-31,812.55,^OMXSPI,OMX Stockholm_PI
2023-08-31,795.37,^OMXSPI,OMX Stockholm_PI
2023-09-30,766.04,^OMXSPI,OMX Stockholm_PI
2023-10-31,834.42,^OMXSPI,OMX Stockholm_PI
2023-11-30,903.78,^OMXSPI,OMX Stockholm_PI
2023-12-31,888.52,^OMXSPI,OMX Stockholm_PI
2024-01-31,922.24,^OMXSPI,OMX Stockholm_PI
2024-02-29,963.34,^OMXSPI,OMX Stockholm_PI
2024-03-31,957.95,^OMXSPI,OMX Stockholm_PI
2024-04-30,990.84,^OMXSPI,OMX Stockholm_PI
2024-05-31,975.04,^OMXSPI,OMX Stockholm_PI
2024-06-30,1003.41,^OMXSPI,OMX Stockholm_PI
2024-07-31,1003.05,^OMXSPI,OMX Stockholm_PI
2024-08-31,1015.88,^OMXSPI,OMX Stockholm_PI
2024-09-30,973.34,^OMXSPI,OMX Stockholm_PI
2024-10-31,965.64,^OMXSPI,OMX Stockholm_PI
2024-11-30,954.59,^OMXSPI,OMX Stockholm_PI
2024-12-31,1025.8,^OMXSPI,OMX Stockholm_PI
2025-01-31,1032.8101,^OMXSPI,OMX Stockholm_PI
2025-02-28,945.21,^OMXSPI,OMX Stockholm_PI
2025-03-31,931.18,^OMXSPI,OMX Stockholm_PI
2025-04-30,948.78,^OMXSPI,OMX Stockholm_PI
2025-05-31,953.13,^OMXSPI,OMX Stockholm_PI
2025-06-30,971.43,^OMXSPI,OMX Stockholm_PI
2025-07-31,981.18,^OMXSPI,OMX Stockholm_PI
2025-08-31,985.05,^OMXSPI,OMX Stockholm_PI
2025-09-30,1024.03,^OMXSPI,OMX Stockholm_PI
2025-10-31,1022.63,^OMXSPI,OMX Stockholm_PI
2025-11-30,1045.6801,^OMXSPI,OMX Stockholm_PI
2025-12-31,1068.47,^OMXSPI,OMX Stockholm_PI
2026-01-31,1115.91,^OMXSPI,OMX Stockholm_PI
2026-02-28,1022.26,^OMXSPI,OMX Stockholm_PI
2026-03-31,1064.23,^OMXSPI,OMX Stockholm_PI
2026-04-30,1095.3101,^OMXSPI,OMX Stockholm_PI
2026-05-31,1101.54,^OMXSPI,OMX Stockholm_PI
2026-06-30,1107.2194,^OMXSPI,OMX Stockholm_PI
1991-03-31,1188.4,^BFX,BEL 20
1991-04-30,1171.7,^BFX,BEL 20
1991-05-31,1162.5,^BFX,BEL 20
1991-06-30,1139.7,^BFX,BEL 20
1991-07-31,1128.9,^BFX,BEL 20
1991-08-31,1089.0,^BFX,BEL 20
1991-09-30,1101.0,^BFX,BEL 20
1991-10-31,1069.1,^BFX,BEL 20
1991-11-30,1092.7,^BFX,BEL 20
1991-12-31,1180.2,^BFX,BEL 20
1992-01-31,1210.6,^BFX,BEL 20
1992-02-29,1193.0,^BFX,BEL 20
1992-03-31,1192.8,^BFX,BEL 20
1992-04-30,1230.8,^BFX,BEL 20
1992-05-31,1162.8,^BFX,BEL 20
1992-06-30,1145.3,^BFX,BEL 20
1992-07-31,1057.3,^BFX,BEL 20
1992-08-31,1109.2,^BFX,BEL 20
1992-09-30,1140.0,^BFX,BEL 20
1992-10-31,1128.1,^BFX,BEL 20
1992-11-30,1127.1,^BFX,BEL 20
1992-12-31,1188.3,^BFX,BEL 20
1993-01-31,1207.5,^BFX,BEL 20
1993-02-28,1262.2,^BFX,BEL 20
1993-03-31,1197.5,^BFX,BEL 20
1993-04-30,1196.9,^BFX,BEL 20
1993-05-31,1279.5,^BFX,BEL 20
1993-06-30,1326.4,^BFX,BEL 20
1993-07-31,1306.8,^BFX,BEL 20
1993-08-31,1300.1,^BFX,BEL 20
1993-09-30,1381.4,^BFX,BEL 20
1993-10-31,1388.7,^BFX,BEL 20
1993-11-30,1473.1,^BFX,BEL 20
1993-12-31,1529.4,^BFX,BEL 20
1994-01-31,1515.8,^BFX,BEL 20
1994-02-28,1464.5,^BFX,BEL 20
1994-03-31,1522.0,^BFX,BEL 20
1994-04-30,1488.9,^BFX,BEL 20
1994-05-31,1410.5,^BFX,BEL 20
1994-06-30,1461.0,^BFX,BEL 20
1994-07-31,1481.5,^BFX,BEL 20
1994-08-31,1376.1,^BFX,BEL 20
1994-09-30,1375.3,^BFX,BEL 20
1994-10-31,1409.6,^BFX,BEL 20
1994-11-30,1389.6,^BFX,BEL 20
1994-12-31,1353.1,^BFX,BEL 20
1995-01-31,1325.7,^BFX,BEL 20
1995-02-28,1300.4,^BFX,BEL 20
1995-03-31,1424.3,^BFX,BEL 20
1995-04-30,1454.3,^BFX,BEL 20
1995-05-31,1431.9,^BFX,BEL 20
1995-06-30,1473.2,^BFX,BEL 20
1995-07-31,1464.8,^BFX,BEL 20
1995-08-31,1461.7,^BFX,BEL 20
1995-09-30,1427.2,^BFX,BEL 20
1995-10-31,1490.3,^BFX,BEL 20
1995-11-30,1559.6,^BFX,BEL 20
1995-12-31,1690.2,^BFX,BEL 20
1996-01-31,1689.9,^BFX,BEL 20
1996-02-29,1639.4,^BFX,BEL 20
1996-03-31,1721.0,^BFX,BEL 20
1996-04-30,1753.4,^BFX,BEL 20
1996-05-31,1742.9,^BFX,BEL 20
1996-06-30,1696.9,^BFX,BEL 20
1996-07-31,1714.3,^BFX,BEL 20
1996-08-31,1771.2,^BFX,BEL 20
1996-09-30,1795.0,^BFX,BEL 20
1996-10-31,1887.2,^BFX,BEL 20
1996-11-30,1895.5,^BFX,BEL 20
1996-12-31,2051.5,^BFX,BEL 20
1997-01-31,2142.3999,^BFX,BEL 20
1997-02-28,2146.3999,^BFX,BEL 20
1997-03-31,2245.5,^BFX,BEL 20
1997-04-30,2247.8,^BFX,BEL 20
1997-05-31,2380.7,^BFX,BEL 20
1997-06-30,2579.3,^BFX,BEL 20
1997-07-31,2318.8,^BFX,BEL 20
1997-08-31,2437.6001,^BFX,BEL 20
1997-09-30,2336.8,^BFX,BEL 20
1997-10-31,2392.8,^BFX,BEL 20
1997-11-30,2418.3999,^BFX,BEL 20
1997-12-31,2579.7,^BFX,BEL 20
1998-01-31,2715.2,^BFX,BEL 20
1998-02-28,2985.5,^BFX,BEL 20
1998-03-31,3079.3401,^BFX,BEL 20
1998-04-30,3250.72,^BFX,BEL 20
1998-05-31,3440.54,^BFX,BEL 20
1998-06-30,3499.8501,^BFX,BEL 20
1998-07-31,3172.49,^BFX,BEL 20
1998-08-31,2959.2,^BFX,BEL 20
1998-09-30,3156.0901,^BFX,BEL 20
1998-10-31,3276.26,^BFX,BEL 20
1998-11-30,3514.51,^BFX,BEL 20
1998-12-31,3411.5901,^BFX,BEL 20
1999-01-31,3361.8799,^BFX,BEL 20
1999-02-28,3251.45,^BFX,BEL 20
1999-03-31,3227.6899,^BFX,BEL 20
1999-04-30,3101.4199,^BFX,BEL 20
1999-05-31,3135.1599,^BFX,BEL 20
1999-06-30,3026.5801,^BFX,BEL 20
1999-07-31,3207.23,^BFX,BEL 20
1999-08-31,3074.6699,^BFX,BEL 20
1999-09-30,3085.6201,^BFX,BEL 20
1999-10-31,3140.1899,^BFX,BEL 20
1999-11-30,3340.4299,^BFX,BEL 20
1999-12-31,2806.29,^BFX,BEL 20
2000-01-31,2746.0801,^BFX,BEL 20
2000-02-29,2777.8401,^BFX,BEL 20
2000-03-31,2813.28,^BFX,BEL 20
2000-04-30,2849.4299,^BFX,BEL 20
2000-05-31,2953.28,^BFX,BEL 20
2000-06-30,3068.6101,^BFX,BEL 20
2000-07-31,3132.52,^BFX,BEL 20
2000-08-31,3056.01,^BFX,BEL 20
2000-09-30,3110.1101,^BFX,BEL 20
2000-10-31,2988.5801,^BFX,BEL 20
2000-11-30,3024.49,^BFX,BEL 20
2000-12-31,2968.6101,^BFX,BEL 20
2001-01-31,2999.6001,^BFX,BEL 20
2001-02-28,2838.4099,^BFX,BEL 20
2001-03-31,2842.1299,^BFX,BEL 20
2001-04-30,2786.1599,^BFX,BEL 20
2001-05-31,2885.03,^BFX,BEL 20
2001-06-30,2928.98,^BFX,BEL 20
2001-07-31,2893.1101,^BFX,BEL 20
2001-08-31,2642.55,^BFX,BEL 20
2001-09-30,2605.3,^BFX,BEL 20
2001-10-31,2633.8201,^BFX,BEL 20
2001-11-30,2782.01,^BFX,BEL 20
2001-12-31,2764.21,^BFX,BEL 20
2002-01-31,2748.6899,^BFX,BEL 20
2002-02-28,2769.1899,^BFX,BEL 20
2002-03-31,2811.1201,^BFX,BEL 20
2002-04-30,2727.4199,^BFX,BEL 20
2002-05-31,2535.74,^BFX,BEL 20
2002-06-30,2255.8,^BFX,BEL 20
2002-07-31,2246.3101,^BFX,BEL 20
2002-08-31,1869.09,^BFX,BEL 20
2002-09-30,1972.23,^BFX,BEL 20
2002-10-31,2074.3899,^BFX,BEL 20
2002-11-30,2025.04,^BFX,BEL 20
2002-12-31,1882.53,^BFX,BEL 20
2003-01-31,1671.96,^BFX,BEL 20
2003-02-28,1635.22,^BFX,BEL 20
2003-03-31,1871.84,^BFX,BEL 20
2003-04-30,1925.64,^BFX,BEL 20
2003-05-31,1939.77,^BFX,BEL 20
2003-06-30,2023.26,^BFX,BEL 20
2003-07-31,2043.84,^BFX,BEL 20
2003-08-31,2051.8301,^BFX,BEL 20
2003-09-30,2160.6699,^BFX,BEL 20
2003-10-31,2168.3201,^BFX,BEL 20
2003-11-30,2244.1799,^BFX,BEL 20
2003-12-31,2383.76,^BFX,BEL 20
2004-01-31,2483.1599,^BFX,BEL 20
2004-02-29,2380.3501,^BFX,BEL 20
2004-03-31,2439.6101,^BFX,BEL 20
2004-04-30,2415.4299,^BFX,BEL 20
2004-05-31,2470.6599,^BFX,BEL 20
2004-06-30,2465.1299,^BFX,BEL 20
2004-07-31,2558.0801,^BFX,BEL 20
2004-08-31,2693.21,^BFX,BEL 20
2004-09-30,2785.45,^BFX,BEL 20
2004-10-31,2850.95,^BFX,BEL 20
2004-11-30,2932.6201,^BFX,BEL 20
2004-12-31,2997.6001,^BFX,BEL 20
2005-01-31,3106.54,^BFX,BEL 20
2005-02-28,3125.6699,^BFX,BEL 20
2005-03-31,3039.71,^BFX,BEL 20
2005-04-30,3051.6699,^BFX,BEL 20
2005-05-31,3112.8301,^BFX,BEL 20
2005-06-30,3228.01,^BFX,BEL 20
2005-07-31,3223.98,^BFX,BEL 20
2005-08-31,3328.8,^BFX,BEL 20
2005-09-30,3264.26,^BFX,BEL 20
2005-10-31,3394.1399,^BFX,BEL 20
2005-11-30,3549.25,^BFX,BEL 20
2005-12-31,3744.6299,^BFX,BEL 20
2006-01-31,3839.25,^BFX,BEL 20
2006-02-28,3912.28,^BFX,BEL 20
2006-03-31,3911.0601,^BFX,BEL 20
2006-04-30,3675.8,^BFX,BEL 20
2006-05-31,3703.3201,^BFX,BEL 20
2006-06-30,3795.9099,^BFX,BEL 20
2006-07-31,3906.01,^BFX,BEL 20
2006-08-31,4070.78,^BFX,BEL 20
2006-09-30,4144.3799,^BFX,BEL 20
2006-10-31,4140.2998,^BFX,BEL 20
2006-11-30,4388.5298,^BFX,BEL 20
2006-12-31,4433.5698,^BFX,BEL 20
2007-01-31,4305.23,^BFX,BEL 20
2007-02-28,4471.6499,^BFX,BEL 20
2007-03-31,4614.7598,^BFX,BEL 20
2007-04-30,4697.8599,^BFX,BEL 20
2007-05-31,4639.3999,^BFX,BEL 20
2007-06-30,4384.4702,^BFX,BEL 20
2007-07-31,4350.8301,^BFX,BEL 20
2007-08-31,4325.29,^BFX,BEL 20
2007-09-30,4441.8198,^BFX,BEL 20
2007-10-31,4162.5,^BFX,BEL 20
2007-11-30,4127.4702,^BFX,BEL 20
2007-12-31,3722.23,^BFX,BEL 20
2008-01-31,3757.1201,^BFX,BEL 20
2008-02-29,3719.52,^BFX,BEL 20
2008-03-31,3925.4299,^BFX,BEL 20
2008-04-30,3751.4099,^BFX,BEL 20
2008-05-31,3168.22,^BFX,BEL 20
2008-06-30,2994.3799,^BFX,BEL 20
2008-07-31,3136.0,^BFX,BEL 20
2008-08-31,2672.2,^BFX,BEL 20
2008-09-30,2100.1799,^BFX,BEL 20
2008-10-31,1881.46,^BFX,BEL 20
2008-11-30,1908.64,^BFX,BEL 20
2008-12-31,1900.09,^BFX,BEL 20
2009-01-31,1696.58,^BFX,BEL 20
2009-02-28,1748.74,^BFX,BEL 20
2009-03-31,1953.35,^BFX,BEL 20
2009-04-30,2071.3701,^BFX,BEL 20
2009-05-31,2030.98,^BFX,BEL 20
2009-06-30,2169.1399,^BFX,BEL 20
2009-07-31,2364.95,^BFX,BEL 20
2009-08-31,2485.6201,^BFX,BEL 20
2009-09-30,2392.72,^BFX,BEL 20
2009-10-31,2421.29,^BFX,BEL 20
2009-11-30,2511.6201,^BFX,BEL 20
2009-12-31,2505.2,^BFX,BEL 20
2010-01-31,2514.8701,^BFX,BEL 20
2010-02-28,2648.46,^BFX,BEL 20
2010-03-31,2560.99,^BFX,BEL 20
2010-04-30,2453.3701,^BFX,BEL 20
2010-05-31,2386.53,^BFX,BEL 20
2010-06-30,2517.3,^BFX,BEL 20
2010-07-31,2457.46,^BFX,BEL 20
2010-08-31,2589.73,^BFX,BEL 20
2010-09-30,2679.0701,^BFX,BEL 20
2010-10-31,2506.1299,^BFX,BEL 20
2010-11-30,2578.6001,^BFX,BEL 20
2010-12-31,2638.7,^BFX,BEL 20
2011-01-31,2707.0901,^BFX,BEL 20
2011-02-28,2662.1699,^BFX,BEL 20
2011-03-31,2768.3401,^BFX,BEL 20
2011-04-30,2687.71,^BFX,BEL 20
2011-05-31,2572.5801,^BFX,BEL 20
2011-06-30,2427.0901,^BFX,BEL 20
2011-07-31,2267.8799,^BFX,BEL 20
2011-08-31,2131.28,^BFX,BEL 20
2011-09-30,2139.1799,^BFX,BEL 20
2011-10-31,2073.95,^BFX,BEL 20
2011-11-30,2083.4199,^BFX,BEL 20
2011-12-31,2206.8,^BFX,BEL 20
2012-01-31,2275.8601,^BFX,BEL 20
2012-02-29,2324.05,^BFX,BEL 20
2012-03-31,2208.4399,^BFX,BEL 20
2012-04-30,2093.5601,^BFX,BEL 20
2012-05-31,2227.6299,^BFX,BEL 20
2012-06-30,2274.8401,^BFX,BEL 20
2012-07-31,2345.6899,^BFX,BEL 20
2012-08-31,2373.3301,^BFX,BEL 20
2012-09-30,2369.21,^BFX,BEL 20
2012-10-31,2436.95,^BFX,BEL 20
2012-11-30,2475.8101,^BFX,BEL 20
2012-12-31,2520.3501,^BFX,BEL 20
2013-01-31,2569.1699,^BFX,BEL 20
2013-02-28,2592.1899,^BFX,BEL 20
2013-03-31,2643.4199,^BFX,BEL 20
2013-04-30,2649.3601,^BFX,BEL 20
2013-05-31,2526.1101,^BFX,BEL 20
2013-06-30,2662.6799,^BFX,BEL 20
2013-07-31,2673.4199,^BFX,BEL 20
2013-08-31,2802.27,^BFX,BEL 20
2013-09-30,2904.3501,^BFX,BEL 20
2013-10-31,2870.8899,^BFX,BEL 20
2013-11-30,2923.8201,^BFX,BEL 20
2013-12-31,2891.25,^BFX,BEL 20
2014-01-31,3096.9099,^BFX,BEL 20
2014-02-28,3129.9399,^BFX,BEL 20
2014-03-31,3089.8,^BFX,BEL 20
2014-04-30,3159.1001,^BFX,BEL 20
2014-05-31,3127.21,^BFX,BEL 20
2014-06-30,3098.74,^BFX,BEL 20
2014-07-31,3192.72,^BFX,BEL 20
2014-08-31,3221.3999,^BFX,BEL 20
2014-09-30,3157.1499,^BFX,BEL 20
2014-10-31,3287.9099,^BFX,BEL 20
2014-11-30,3285.26,^BFX,BEL 20
2014-12-31,3530.3101,^BFX,BEL 20
2015-01-31,3714.4399,^BFX,BEL 20
2015-02-28,3725.8201,^BFX,BEL 20
2015-03-31,3674.1799,^BFX,BEL 20
2015-04-30,3708.6599,^BFX,BEL 20
2015-05-31,3574.7,^BFX,BEL 20
2015-06-30,3762.6399,^BFX,BEL 20
2015-07-31,3463.1201,^BFX,BEL 20
2015-08-31,3344.5,^BFX,BEL 20
2015-09-30,3600.2,^BFX,BEL 20
2015-10-31,3760.8899,^BFX,BEL 20
2015-11-30,3700.3,^BFX,BEL 20
2015-12-31,3486.22,^BFX,BEL 20
2016-01-31,3371.8201,^BFX,BEL 20
2016-02-29,3373.04,^BFX,BEL 20
2016-03-31,3409.3701,^BFX,BEL 20
2016-04-30,3514.0601,^BFX,BEL 20
2016-05-31,3345.6299,^BFX,BEL 20
2016-06-30,3464.8401,^BFX,BEL 20
2016-07-31,3553.3701,^BFX,BEL 20
2016-08-31,3555.9199,^BFX,BEL 20
2016-09-30,3540.5601,^BFX,BEL 20
2016-10-31,3478.6299,^BFX,BEL 20
2016-11-30,3606.3601,^BFX,BEL 20
2016-12-31,3542.27,^BFX,BEL 20
2017-01-31,3584.1299,^BFX,BEL 20
2017-02-28,3817.02,^BFX,BEL 20
2017-03-31,3875.53,^BFX,BEL 20
2017-04-30,3888.3201,^BFX,BEL 20
2017-05-31,3793.6201,^BFX,BEL 20
2017-06-30,3942.46,^BFX,BEL 20
2017-07-31,3887.55,^BFX,BEL 20
2017-08-31,4017.75,^BFX,BEL 20
2017-09-30,4096.3799,^BFX,BEL 20
2017-10-31,3984.1001,^BFX,BEL 20
2017-11-30,3977.8799,^BFX,BEL 20
2017-12-31,4111.6499,^BFX,BEL 20
2018-01-31,3994.45,^BFX,BEL 20
2018-02-28,3857.1001,^BFX,BEL 20
2018-03-31,3910.3,^BFX,BEL 20
2018-04-30,3764.22,^BFX,BEL 20
2018-05-31,3719.8601,^BFX,BEL 20
2018-06-30,3899.04,^BFX,BEL 20
2018-07-31,3740.71,^BFX,BEL 20
2018-08-31,3706.74,^BFX,BEL 20
2018-09-30,3447.0701,^BFX,BEL 20
2018-10-31,3487.8999,^BFX,BEL 20
2018-11-30,3243.6299,^BFX,BEL 20
2018-12-31,3491.6201,^BFX,BEL 20
2019-01-31,3604.48,^BFX,BEL 20
2019-02-28,3658.72,^BFX,BEL 20
2019-03-31,3743.6699,^BFX,BEL 20
2019-04-30,3427.1799,^BFX,BEL 20
2019-05-31,3547.46,^BFX,BEL 20
2019-06-30,3701.4299,^BFX,BEL 20
2019-07-31,3570.8101,^BFX,BEL 20
2019-08-31,3714.4199,^BFX,BEL 20
2019-09-30,3763.25,^BFX,BEL 20
2019-10-31,3906.6799,^BFX,BEL 20
2019-11-30,3955.8301,^BFX,BEL 20
2019-12-31,3907.6101,^BFX,BEL 20
2020-01-31,3488.6001,^BFX,BEL 20
2020-02-29,2901.5801,^BFX,BEL 20
2020-03-31,3099.1201,^BFX,BEL 20
2020-04-30,3202.95,^BFX,BEL 20
2020-05-31,3328.01,^BFX,BEL 20
2020-06-30,3273.3701,^BFX,BEL 20
2020-07-31,3332.53,^BFX,BEL 20
2020-08-31,3235.4399,^BFX,BEL 20
2020-09-30,3043.3601,^BFX,BEL 20
2020-10-31,3667.1599,^BFX,BEL 20
2020-11-30,3621.28,^BFX,BEL 20
2020-12-31,3623.6001,^BFX,BEL 20
2021-01-31,3761.99,^BFX,BEL 20
2021-02-28,3899.48,^BFX,BEL 20
2021-03-31,4014.3,^BFX,BEL 20
2021-04-30,4060.3601,^BFX,BEL 20
2021-05-31,4125.9502,^BFX,BEL 20
2021-06-30,4200.4702,^BFX,BEL 20
2021-07-31,4308.9199,^BFX,BEL 20
2021-08-31,4158.8901,^BFX,BEL 20
2021-09-30,4278.48,^BFX,BEL 20
2021-10-31,4113.3999,^BFX,BEL 20
2021-11-30,4310.1499,^BFX,BEL 20
2021-12-31,4071.9299,^BFX,BEL 20
2022-01-31,4014.02,^BFX,BEL 20
2022-02-28,4158.7798,^BFX,BEL 20
2022-03-31,4106.3701,^BFX,BEL 20
2022-04-30,3894.3301,^BFX,BEL 20
2022-05-31,3682.0701,^BFX,BEL 20
2022-06-30,3796.8401,^BFX,BEL 20
2022-07-31,3585.8401,^BFX,BEL 20
2022-08-31,3370.21,^BFX,BEL 20
2022-09-30,3567.4299,^BFX,BEL 20
2022-10-31,3684.98,^BFX,BEL 20
2022-11-30,3701.1699,^BFX,BEL 20
2022-12-31,3860.53,^BFX,BEL 20
2023-01-31,3902.21,^BFX,BEL 20
2023-02-28,3793.1899,^BFX,BEL 20
2023-03-31,3801.8101,^BFX,BEL 20
2023-04-30,3536.79,^BFX,BEL 20
2023-05-31,3543.1799,^BFX,BEL 20
2023-06-30,3776.6101,^BFX,BEL 20
2023-07-31,3665.97,^BFX,BEL 20
2023-08-31,3553.01,^BFX,BEL 20
2023-09-30,3356.76,^BFX,BEL 20
2023-10-31,3529.02,^BFX,BEL 20
2023-11-30,3707.77,^BFX,BEL 20
2023-12-31,3662.96,^BFX,BEL 20
2024-01-31,3661.4199,^BFX,BEL 20
2024-02-29,3845.6299,^BFX,BEL 20
2024-03-31,3883.26,^BFX,BEL 20
2024-04-30,3918.0901,^BFX,BEL 20
2024-05-31,3887.24,^BFX,BEL 20
2024-06-30,4130.2002,^BFX,BEL 20
2024-07-31,4184.3999,^BFX,BEL 20
2024-08-31,4299.71,^BFX,BEL 20
2024-09-30,4214.0498,^BFX,BEL 20
2024-10-31,4227.3101,^BFX,BEL 20
2024-11-30,4264.5298,^BFX,BEL 20
2024-12-31,4326.0498,^BFX,BEL 20
2025-01-31,4420.5098,^BFX,BEL 20
2025-02-28,4335.4199,^BFX,BEL 20
2025-03-31,4429.5098,^BFX,BEL 20
2025-04-30,4502.0801,^BFX,BEL 20
2025-05-31,4476.02,^BFX,BEL 20
2025-06-30,4636.1201,^BFX,BEL 20
2025-07-31,4798.5498,^BFX,BEL 20
2025-08-31,4820.5698,^BFX,BEL 20
2025-09-30,4902.3701,^BFX,BEL 20
2025-10-31,5036.8599,^BFX,BEL 20
2025-11-30,5078.4302,^BFX,BEL 20
2025-12-31,5385.3799,^BFX,BEL 20
2026-01-31,5443.7598,^BFX,BEL 20
2026-02-28,5073.1201,^BFX,BEL 20
2026-03-31,5352.6699,^BFX,BEL 20
2026-04-30,5583.3901,^BFX,BEL 20
2026-05-31,5751.3599,^BFX,BEL 20
2026-06-30,5746.3799,^BFX,BEL 20
1990-02-28,1972.0,^FCHI,CAC 40
1990-03-31,2046.0,^FCHI,CAC 40
1990-04-30,2107.0,^FCHI,CAC 40
1990-05-31,2035.0,^FCHI,CAC 40
1990-06-30,1965.0,^FCHI,CAC 40
1990-07-31,1690.0,^FCHI,CAC 40
1990-08-31,1499.0,^FCHI,CAC 40
1990-09-30,1645.0,^FCHI,CAC 40
1990-10-31,1605.0,^FCHI,CAC 40
1990-11-30,1509.0,^FCHI,CAC 40
1990-12-31,1580.0,^FCHI,CAC 40
1991-01-31,1760.0,^FCHI,CAC 40
1991-02-28,1816.0,^FCHI,CAC 40
1991-03-31,1779.0,^FCHI,CAC 40
1991-04-30,1861.8,^FCHI,CAC 40
1991-05-31,1747.6,^FCHI,CAC 40
1991-06-30,1754.7,^FCHI,CAC 40
1991-07-31,1864.3,^FCHI,CAC 40
1991-08-31,1880.6,^FCHI,CAC 40
1991-09-30,1856.7,^FCHI,CAC 40
1991-10-31,1739.7,^FCHI,CAC 40
1991-11-30,1765.7,^FCHI,CAC 40
1991-12-31,1875.3,^FCHI,CAC 40
1992-01-31,1983.4,^FCHI,CAC 40
1992-02-29,1942.4,^FCHI,CAC 40
1992-03-31,2031.1,^FCHI,CAC 40
1992-04-30,2033.3,^FCHI,CAC 40
1992-05-31,1900.6,^FCHI,CAC 40
1992-06-30,1754.7,^FCHI,CAC 40
1992-07-31,1684.9,^FCHI,CAC 40
1992-08-31,1736.7,^FCHI,CAC 40
1992-09-30,1742.4,^FCHI,CAC 40
1992-10-31,1771.4,^FCHI,CAC 40
1992-11-30,1857.8,^FCHI,CAC 40
1992-12-31,1772.2,^FCHI,CAC 40
1993-01-31,1983.7,^FCHI,CAC 40
1993-02-28,2031.4,^FCHI,CAC 40
1993-03-31,1939.0,^FCHI,CAC 40
1993-04-30,1888.7,^FCHI,CAC 40
1993-05-31,1971.9,^FCHI,CAC 40
1993-06-30,2085.8999,^FCHI,CAC 40
1993-07-31,2216.5,^FCHI,CAC 40
1993-08-31,2114.6001,^FCHI,CAC 40
1993-09-30,2182.0,^FCHI,CAC 40
1993-10-31,2110.1001,^FCHI,CAC 40
1993-11-30,2268.2,^FCHI,CAC 40
1993-12-31,2334.3999,^FCHI,CAC 40
1994-01-31,2238.1001,^FCHI,CAC 40
1994-02-28,2081.8999,^FCHI,CAC 40
1994-03-31,2166.0,^FCHI,CAC 40
1994-04-30,2029.9,^FCHI,CAC 40
1994-05-31,1892.0,^FCHI,CAC 40
1994-06-30,2075.0,^FCHI,CAC 40
1994-07-31,2069.1001,^FCHI,CAC 40
1994-08-31,1879.3,^FCHI,CAC 40
1994-09-30,1905.7,^FCHI,CAC 40
1994-10-31,1975.9,^FCHI,CAC 40
1994-11-30,1881.2,^FCHI,CAC 40
1994-12-31,1797.9,^FCHI,CAC 40
1995-01-31,1776.9,^FCHI,CAC 40
1995-02-28,1859.5,^FCHI,CAC 40
1995-03-31,1918.5,^FCHI,CAC 40
1995-04-30,1948.0,^FCHI,CAC 40
1995-05-31,1858.8,^FCHI,CAC 40
1995-06-30,1920.0,^FCHI,CAC 40
1995-07-31,1883.4,^FCHI,CAC 40
1995-08-31,1788.4,^FCHI,CAC 40
1995-09-30,1814.0,^FCHI,CAC 40
1995-10-31,1828.3,^FCHI,CAC 40
1995-11-30,1872.0,^FCHI,CAC 40
1995-12-31,2021.0,^FCHI,CAC 40
1996-01-31,1990.8,^FCHI,CAC 40
1996-02-29,2044.8,^FCHI,CAC 40
1996-03-31,2146.8,^FCHI,CAC 40
1996-04-30,2110.1001,^FCHI,CAC 40
1996-05-31,2123.7,^FCHI,CAC 40
1996-06-30,1995.9,^FCHI,CAC 40
1996-07-31,1970.6,^FCHI,CAC 40
1996-08-31,2132.8,^FCHI,CAC 40
1996-09-30,2140.5,^FCHI,CAC 40
1996-10-31,2315.7,^FCHI,CAC 40
1996-11-30,2315.7,^FCHI,CAC 40
1996-12-31,2516.6001,^FCHI,CAC 40
1997-01-31,2607.8,^FCHI,CAC 40
1997-02-28,2656.7,^FCHI,CAC 40
1997-03-31,2639.5,^FCHI,CAC 40
1997-04-30,2583.8999,^FCHI,CAC 40
1997-05-31,2858.3,^FCHI,CAC 40
1997-06-30,3075.7,^FCHI,CAC 40
1997-07-31,2770.5,^FCHI,CAC 40
1997-08-31,3008.3,^FCHI,CAC 40
1997-09-30,2739.3,^FCHI,CAC 40
1997-10-31,2854.3999,^FCHI,CAC 40
1997-11-30,2998.8999,^FCHI,CAC 40
1997-12-31,3172.1001,^FCHI,CAC 40
1998-01-31,3421.8999,^FCHI,CAC 40
1998-02-28,3875.3,^FCHI,CAC 40
1998-03-31,3880.9199,^FCHI,CAC 40
1998-04-30,4041.1599,^FCHI,CAC 40
1998-05-31,4203.4502,^FCHI,CAC 40
1998-06-30,4177.3101,^FCHI,CAC 40
1998-07-31,3765.23,^FCHI,CAC 40
1998-08-31,3197.95,^FCHI,CAC 40
1998-09-30,3522.9299,^FCHI,CAC 40
1998-10-31,3843.3799,^FCHI,CAC 40
1998-11-30,3942.6599,^FCHI,CAC 40
1998-12-31,4251.7998,^FCHI,CAC 40
1999-01-31,4092.9399,^FCHI,CAC 40
1999-02-28,4197.8799,^FCHI,CAC 40
1999-03-31,4405.3501,^FCHI,CAC 40
1999-04-30,4351.29,^FCHI,CAC 40
1999-05-31,4536.6099,^FCHI,CAC 40
1999-06-30,4382.0601,^FCHI,CAC 40
1999-07-31,4589.2202,^FCHI,CAC 40
1999-08-31,4591.4199,^FCHI,CAC 40
1999-09-30,4888.6201,^FCHI,CAC 40
1999-10-31,5341.6201,^FCHI,CAC 40
1999-11-30,5958.3198,^FCHI,CAC 40
1999-12-31,5659.8101,^FCHI,CAC 40
2000-01-31,6190.96,^FCHI,CAC 40
2000-02-29,6286.0498,^FCHI,CAC 40
2000-03-31,6419.7202,^FCHI,CAC 40
2000-04-30,6426.2598,^FCHI,CAC 40
2000-05-31,6446.54,^FCHI,CAC 40
2000-06-30,6542.4902,^FCHI,CAC 40
2000-07-31,6625.4199,^FCHI,CAC 40
2000-08-31,6266.6299,^FCHI,CAC 40
2000-09-30,6397.6602,^FCHI,CAC 40
2000-10-31,5928.0801,^FCHI,CAC 40
2000-11-30,5926.4199,^FCHI,CAC 40
2000-12-31,5998.4902,^FCHI,CAC 40
2001-01-31,5367.48,^FCHI,CAC 40
2001-02-28,5180.4502,^FCHI,CAC 40
2001-03-31,5640.0298,^FCHI,CAC 40
2001-04-30,5454.1899,^FCHI,CAC 40
2001-05-31,5225.3301,^FCHI,CAC 40
2001-06-30,5085.5098,^FCHI,CAC 40
2001-07-31,4689.3398,^FCHI,CAC 40
2001-08-31,4079.02,^FCHI,CAC 40
2001-09-30,4341.29,^FCHI,CAC 40
2001-10-31,4476.0601,^FCHI,CAC 40
2001-11-30,4624.5801,^FCHI,CAC 40
2001-12-31,4461.8701,^FCHI,CAC 40
2002-01-31,4462.9902,^FCHI,CAC 40
2002-02-28,4688.02,^FCHI,CAC 40
2002-03-31,4462.7402,^FCHI,CAC 40
2002-04-30,4274.6401,^FCHI,CAC 40
2002-05-31,3897.99,^FCHI,CAC 40
2002-06-30,3415.3799,^FCHI,CAC 40
2002-07-31,3366.21,^FCHI,CAC 40
2002-08-31,2777.45,^FCHI,CAC 40
2002-09-30,3150.04,^FCHI,CAC 40
2002-10-31,3326.6499,^FCHI,CAC 40
2002-11-30,3063.9099,^FCHI,CAC 40
2002-12-31,2937.8799,^FCHI,CAC 40
2003-01-31,2754.0701,^FCHI,CAC 40
2003-02-28,2618.46,^FCHI,CAC 40
2003-03-31,2953.6699,^FCHI,CAC 40
2003-04-30,2991.75,^FCHI,CAC 40
2003-05-31,3084.1001,^FCHI,CAC 40
2003-06-30,3210.27,^FCHI,CAC 40
2003-07-31,3311.4199,^FCHI,CAC 40
2003-08-31,3134.99,^FCHI,CAC 40
2003-09-30,3373.2,^FCHI,CAC 40
2003-10-31,3424.79,^FCHI,CAC 40
2003-11-30,3557.8999,^FCHI,CAC 40
2003-12-31,3638.4399,^FCHI,CAC 40
2004-01-31,3725.4399,^FCHI,CAC 40
2004-02-29,3625.23,^FCHI,CAC 40
2004-03-31,3674.28,^FCHI,CAC 40
2004-04-30,3669.6299,^FCHI,CAC 40
2004-05-31,3732.99,^FCHI,CAC 40
2004-06-30,3647.1001,^FCHI,CAC 40
2004-07-31,3594.28,^FCHI,CAC 40
2004-08-31,3640.6101,^FCHI,CAC 40
2004-09-30,3706.8201,^FCHI,CAC 40
2004-10-31,3753.75,^FCHI,CAC 40
2004-11-30,3821.1599,^FCHI,CAC 40
2004-12-31,3913.6899,^FCHI,CAC 40
2005-01-31,4027.1599,^FCHI,CAC 40
2005-02-28,4067.78,^FCHI,CAC 40
2005-03-31,3911.71,^FCHI,CAC 40
2005-04-30,4120.73,^FCHI,CAC 40
2005-05-31,4229.3501,^FCHI,CAC 40
2005-06-30,4451.7402,^FCHI,CAC 40
2005-07-31,4399.3599,^FCHI,CAC 40
2005-08-31,4600.02,^FCHI,CAC 40
2005-09-30,4436.4502,^FCHI,CAC 40
2005-10-31,4567.4102,^FCHI,CAC 40
2005-11-30,4715.23,^FCHI,CAC 40
2005-12-31,4947.9902,^FCHI,CAC 40
2006-01-31,5000.4502,^FCHI,CAC 40
2006-02-28,5220.8501,^FCHI,CAC 40
2006-03-31,5188.3999,^FCHI,CAC 40
2006-04-30,4930.1802,^FCHI,CAC 40
2006-05-31,4965.96,^FCHI,CAC 40
2006-06-30,5009.4199,^FCHI,CAC 40
2006-07-31,5165.04,^FCHI,CAC 40
2006-08-31,5250.0098,^FCHI,CAC 40
2006-09-30,5348.73,^FCHI,CAC 40
2006-10-31,5327.6401,^FCHI,CAC 40
2006-11-30,5541.7598,^FCHI,CAC 40
2006-12-31,5608.3101,^FCHI,CAC 40
2007-01-31,5516.3198,^FCHI,CAC 40
2007-02-28,5634.1602,^FCHI,CAC 40
2007-03-31,5960.04,^FCHI,CAC 40
2007-04-30,6104.0,^FCHI,CAC 40
2007-05-31,6054.9302,^FCHI,CAC 40
2007-06-30,5751.0801,^FCHI,CAC 40
2007-07-31,5662.7002,^FCHI,CAC 40
2007-08-31,5715.6899,^FCHI,CAC 40
2007-09-30,5847.9502,^FCHI,CAC 40
2007-10-31,5670.5698,^FCHI,CAC 40
2007-11-30,5614.0801,^FCHI,CAC 40
2007-12-31,4869.79,^FCHI,CAC 40
2008-01-31,4790.6602,^FCHI,CAC 40
2008-02-29,4707.0698,^FCHI,CAC 40
2008-03-31,4996.54,^FCHI,CAC 40
2008-04-30,5014.2798,^FCHI,CAC 40
2008-05-31,4434.8501,^FCHI,CAC 40
2008-06-30,4392.3599,^FCHI,CAC 40
2008-07-31,4482.6001,^FCHI,CAC 40
2008-08-31,4032.1001,^FCHI,CAC 40
2008-09-30,3487.0701,^FCHI,CAC 40
2008-10-31,3262.6799,^FCHI,CAC 40
2008-11-30,3217.97,^FCHI,CAC 40
2008-12-31,2973.9199,^FCHI,CAC 40
2009-01-31,2702.48,^FCHI,CAC 40
2009-02-28,2807.3401,^FCHI,CAC 40
2009-03-31,3159.8501,^FCHI,CAC 40
2009-04-30,3277.6499,^FCHI,CAC 40
2009-05-31,3140.4399,^FCHI,CAC 40
2009-06-30,3426.27,^FCHI,CAC 40
2009-07-31,3653.54,^FCHI,CAC 40
2009-08-31,3795.4099,^FCHI,CAC 40
2009-09-30,3607.6899,^FCHI,CAC 40
2009-10-31,3680.1499,^FCHI,CAC 40
2009-11-30,3936.3301,^FCHI,CAC 40
2009-12-31,3739.46,^FCHI,CAC 40
2010-01-31,3708.8,^FCHI,CAC 40
2010-02-28,3974.01,^FCHI,CAC 40
2010-03-31,3816.99,^FCHI,CAC 40
2010-04-30,3507.5601,^FCHI,CAC 40
2010-05-31,3442.8899,^FCHI,CAC 40
2010-06-30,3643.1399,^FCHI,CAC 40
2010-07-31,3490.79,^FCHI,CAC 40
2010-08-31,3715.1799,^FCHI,CAC 40
2010-09-30,3833.5,^FCHI,CAC 40
2010-10-31,3610.4399,^FCHI,CAC 40
2010-11-30,3804.78,^FCHI,CAC 40
2010-12-31,4005.5,^FCHI,CAC 40
2011-01-31,4110.3501,^FCHI,CAC 40
2011-02-28,3989.1799,^FCHI,CAC 40
2011-03-31,4106.9199,^FCHI,CAC 40
2011-04-30,4006.9399,^FCHI,CAC 40
2011-05-31,3982.21,^FCHI,CAC 40
2011-06-30,3672.77,^FCHI,CAC 40
2011-07-31,3256.76,^FCHI,CAC 40
2011-08-31,2981.96,^FCHI,CAC 40
2011-09-30,3242.8401,^FCHI,CAC 40
2011-10-31,3154.6201,^FCHI,CAC 40
2011-11-30,3159.8101,^FCHI,CAC 40
2011-12-31,3298.55,^FCHI,CAC 40
2012-01-31,3452.45,^FCHI,CAC 40
2012-02-29,3423.8101,^FCHI,CAC 40
2012-03-31,3212.8,^FCHI,CAC 40
2012-04-30,3017.01,^FCHI,CAC 40
2012-05-31,3196.6499,^FCHI,CAC 40
2012-06-30,3291.6599,^FCHI,CAC 40
2012-07-31,3413.0701,^FCHI,CAC 40
2012-08-31,3354.8201,^FCHI,CAC 40
2012-09-30,3429.27,^FCHI,CAC 40
2012-10-31,3557.28,^FCHI,CAC 40
2012-11-30,3641.0701,^FCHI,CAC 40
2012-12-31,3732.6001,^FCHI,CAC 40
2013-01-31,3723.0,^FCHI,CAC 40
2013-02-28,3731.4199,^FCHI,CAC 40
2013-03-31,3856.75,^FCHI,CAC 40
2013-04-30,3948.5901,^FCHI,CAC 40
2013-05-31,3738.9099,^FCHI,CAC 40
2013-06-30,3992.6899,^FCHI,CAC 40
2013-07-31,3933.78,^FCHI,CAC 40
2013-08-31,4143.4399,^FCHI,CAC 40
2013-09-30,4299.8901,^FCHI,CAC 40
2013-10-31,4295.21,^FCHI,CAC 40
2013-11-30,4295.9502,^FCHI,CAC 40
2013-12-31,4165.7202,^FCHI,CAC 40
2014-01-31,4408.0801,^FCHI,CAC 40
2014-02-28,4391.5,^FCHI,CAC 40
2014-03-31,4487.3901,^FCHI,CAC 40
2014-04-30,4519.5698,^FCHI,CAC 40
2014-05-31,4422.8398,^FCHI,CAC 40
2014-06-30,4246.1401,^FCHI,CAC 40
2014-07-31,4381.04,^FCHI,CAC 40
2014-08-31,4416.2402,^FCHI,CAC 40
2014-09-30,4233.0898,^FCHI,CAC 40
2014-10-31,4390.1802,^FCHI,CAC 40
2014-11-30,4272.75,^FCHI,CAC 40
2014-12-31,4604.25,^FCHI,CAC 40
2015-01-31,4951.48,^FCHI,CAC 40
2015-02-28,5033.6401,^FCHI,CAC 40
2015-03-31,5046.4902,^FCHI,CAC 40
2015-04-30,5007.8901,^FCHI,CAC 40
2015-05-31,4790.2002,^FCHI,CAC 40
2015-06-30,5082.6099,^FCHI,CAC 40
2015-07-31,4652.9502,^FCHI,CAC 40
2015-08-31,4455.29,^FCHI,CAC 40
2015-09-30,4897.6602,^FCHI,CAC 40
2015-10-31,4957.6001,^FCHI,CAC 40
2015-11-30,4637.0601,^FCHI,CAC 40
2015-12-31,4417.02,^FCHI,CAC 40
2016-01-31,4353.5498,^FCHI,CAC 40
2016-02-29,4385.0601,^FCHI,CAC 40
2016-03-31,4428.96,^FCHI,CAC 40
2016-04-30,4505.6201,^FCHI,CAC 40
2016-05-31,4237.48,^FCHI,CAC 40
2016-06-30,4439.8101,^FCHI,CAC 40
2016-07-31,4438.2202,^FCHI,CAC 40
2016-08-31,4448.2598,^FCHI,CAC 40
2016-09-30,4509.2598,^FCHI,CAC 40
2016-10-31,4578.3398,^FCHI,CAC 40
2016-11-30,4862.3101,^FCHI,CAC 40
2016-12-31,4748.8999,^FCHI,CAC 40
2017-01-31,4858.5801,^FCHI,CAC 40
2017-02-28,5122.5098,^FCHI,CAC 40
2017-03-31,5267.3301,^FCHI,CAC 40
2017-04-30,5283.6299,^FCHI,CAC 40
2017-05-31,5120.6802,^FCHI,CAC 40
2017-06-30,5093.77,^FCHI,CAC 40
2017-07-31,5085.5898,^FCHI,CAC 40
2017-08-31,5329.8101,^FCHI,CAC 40
2017-09-30,5503.29,^FCHI,CAC 40
2017-10-31,5372.79,^FCHI,CAC 40
2017-11-30,5312.5601,^FCHI,CAC 40
2017-12-31,5481.9302,^FCHI,CAC 40
2018-01-31,5320.4902,^FCHI,CAC 40
2018-02-28,5167.2998,^FCHI,CAC 40
2018-03-31,5520.5,^FCHI,CAC 40
2018-04-30,5398.3999,^FCHI,CAC 40
2018-05-31,5323.5298,^FCHI,CAC 40
2018-06-30,5511.2998,^FCHI,CAC 40
2018-07-31,5406.8501,^FCHI,CAC 40
2018-08-31,5493.4902,^FCHI,CAC 40
2018-09-30,5093.4399,^FCHI,CAC 40
2018-10-31,5003.9199,^FCHI,CAC 40
2018-11-30,4730.6899,^FCHI,CAC 40
2018-12-31,4992.7202,^FCHI,CAC 40
2019-01-31,5240.5298,^FCHI,CAC 40
2019-02-28,5350.5298,^FCHI,CAC 40
2019-03-31,5586.4102,^FCHI,CAC 40
2019-04-30,5207.6299,^FCHI,CAC 40
2019-05-31,5538.9702,^FCHI,CAC 40
2019-06-30,5518.8999,^FCHI,CAC 40
2019-07-31,5480.48,^FCHI,CAC 40
2019-08-31,5677.79,^FCHI,CAC 40
2019-09-30,5729.8599,^FCHI,CAC 40
2019-10-31,5905.1699,^FCHI,CAC 40
2019-11-30,5978.0601,^FCHI,CAC 40
2019-12-31,5806.3398,^FCHI,CAC 40
2020-01-31,5309.8999,^FCHI,CAC 40
2020-02-29,4396.1201,^FCHI,CAC 40
2020-03-31,4572.1802,^FCHI,CAC 40
2020-04-30,4695.4399,^FCHI,CAC 40
2020-05-31,4935.9902,^FCHI,CAC 40
2020-06-30,4783.6899,^FCHI,CAC 40
2020-07-31,4947.2202,^FCHI,CAC 40
2020-08-31,4803.4399,^FCHI,CAC 40
2020-09-30,4594.2402,^FCHI,CAC 40
2020-10-31,5518.5498,^FCHI,CAC 40
2020-11-30,5551.4102,^FCHI,CAC 40
2020-12-31,5399.21,^FCHI,CAC 40
2021-01-31,5703.2202,^FCHI,CAC 40
2021-02-28,6067.23,^FCHI,CAC 40
2021-03-31,6269.48,^FCHI,CAC 40
2021-04-30,6447.1699,^FCHI,CAC 40
2021-05-31,6507.8301,^FCHI,CAC 40
2021-06-30,6612.7598,^FCHI,CAC 40
2021-07-31,6680.1802,^FCHI,CAC 40
2021-08-31,6520.0098,^FCHI,CAC 40
2021-09-30,6830.3398,^FCHI,CAC 40
2021-10-31,6721.1602,^FCHI,CAC 40
2021-11-30,7153.0298,^FCHI,CAC 40
2021-12-31,6999.2002,^FCHI,CAC 40
2022-01-31,6658.8301,^FCHI,CAC 40
2022-02-28,6659.8701,^FCHI,CAC 40
2022-03-31,6533.77,^FCHI,CAC 40
2022-04-30,6468.7998,^FCHI,CAC 40
2022-05-31,5922.8599,^FCHI,CAC 40
2022-06-30,6448.5,^FCHI,CAC 40
2022-07-31,6125.1001,^FCHI,CAC 40
2022-08-31,5762.3398,^FCHI,CAC 40
2022-09-30,6266.77,^FCHI,CAC 40
2022-10-31,6738.5498,^FCHI,CAC 40
2022-11-30,6473.7598,^FCHI,CAC 40
2022-12-31,7082.4199,^FCHI,CAC 40
2023-01-31,7267.9302,^FCHI,CAC 40
2023-02-28,7322.3901,^FCHI,CAC 40
2023-03-31,7491.5,^FCHI,CAC 40
2023-04-30,7098.7002,^FCHI,CAC 40
2023-05-31,7400.0601,^FCHI,CAC 40
2023-06-30,7497.7798,^FCHI,CAC 40
2023-07-31,7316.7002,^FCHI,CAC 40
2023-08-31,7135.0601,^FCHI,CAC 40
2023-09-30,6885.6499,^FCHI,CAC 40
2023-10-31,7310.77,^FCHI,CAC 40
2023-11-30,7543.1802,^FCHI,CAC 40
2023-12-31,7656.75,^FCHI,CAC 40
2024-01-31,7927.4302,^FCHI,CAC 40
2024-02-29,8205.8096,^FCHI,CAC 40
2024-03-31,7984.9302,^FCHI,CAC 40
2024-04-30,7992.8701,^FCHI,CAC 40
2024-05-31,7479.3999,^FCHI,CAC 40
2024-06-30,7531.4902,^FCHI,CAC 40
2024-07-31,7630.9502,^FCHI,CAC 40
2024-08-31,7635.75,^FCHI,CAC 40
2024-09-30,7350.3701,^FCHI,CAC 40
2024-10-31,7235.1099,^FCHI,CAC 40
2024-11-30,7380.7402,^FCHI,CAC 40
2024-12-31,7950.1699,^FCHI,CAC 40
2025-01-31,8111.6299,^FCHI,CAC 40
2025-02-28,7790.71,^FCHI,CAC 40
2025-03-31,7593.8701,^FCHI,CAC 40
2025-04-30,7751.8901,^FCHI,CAC 40
2025-05-31,7665.9102,^FCHI,CAC 40
2025-06-30,7771.9702,^FCHI,CAC 40
2025-07-31,7703.8999,^FCHI,CAC 40
2025-08-31,7895.9399,^FCHI,CAC 40
2025-09-30,8121.0698,^FCHI,CAC 40
2025-10-31,8122.71,^FCHI,CAC 40
2025-11-30,8149.5,^FCHI,CAC 40
2025-12-31,8126.5298,^FCHI,CAC 40
2026-01-31,8580.75,^FCHI,CAC 40
2026-02-28,7816.9399,^FCHI,CAC 40
2026-03-31,8114.8398,^FCHI,CAC 40
2026-04-30,8183.3398,^FCHI,CAC 40
2026-05-31,8403.9902,^FCHI,CAC 40
2026-06-30,8418.8896,^FCHI,CAC 40
2013-02-28,2324.3601,^OMXH25,OMX Helsinki 25
2013-03-31,2315.8501,^OMXH25,OMX Helsinki 25
2013-04-30,2346.21,^OMXH25,OMX Helsinki 25
2013-05-31,2220.6699,^OMXH25,OMX Helsinki 25
2013-06-30,2318.6101,^OMXH25,OMX Helsinki 25
2013-07-31,2379.75,^OMXH25,OMX Helsinki 25
2013-08-31,2630.54,^OMXH25,OMX Helsinki 25
2013-09-30,2745.1799,^OMXH25,OMX Helsinki 25
2013-10-31,2816.3601,^OMXH25,OMX Helsinki 25
2013-11-30,2835.1699,^OMXH25,OMX Helsinki 25
2013-12-31,2718.7,^OMXH25,OMX Helsinki 25
2014-01-31,2922.03,^OMXH25,OMX Helsinki 25
2014-02-28,2843.4399,^OMXH25,OMX Helsinki 25
2014-03-31,2842.3501,^OMXH25,OMX Helsinki 25
2014-04-30,2954.6001,^OMXH25,OMX Helsinki 25
2014-05-31,2920.1799,^OMXH25,OMX Helsinki 25
2014-06-30,2927.48,^OMXH25,OMX Helsinki 25
2014-07-31,2938.1799,^OMXH25,OMX Helsinki 25
2014-08-31,2939.29,^OMXH25,OMX Helsinki 25
2014-09-30,2929.02,^OMXH25,OMX Helsinki 25
2014-10-31,3041.4099,^OMXH25,OMX Helsinki 25
2014-11-30,2988.0801,^OMXH25,OMX Helsinki 25
2014-12-31,3260.6899,^OMXH25,OMX Helsinki 25
2015-01-31,3446.1499,^OMXH25,OMX Helsinki 25
2015-02-28,3507.47,^OMXH25,OMX Helsinki 25
2015-03-31,3344.51,^OMXH25,OMX Helsinki 25
2015-04-30,3375.1101,^OMXH25,OMX Helsinki 25
2015-05-31,3254.48,^OMXH25,OMX Helsinki 25
2015-06-30,3396.8,^OMXH25,OMX Helsinki 25
2015-07-31,3102.3501,^OMXH25,OMX Helsinki 25
2015-08-31,2966.8501,^OMXH25,OMX Helsinki 25
2015-09-30,3289.3899,^OMXH25,OMX Helsinki 25
2015-10-31,3468.9199,^OMXH25,OMX Helsinki 25
2015-11-30,3359.3799,^OMXH25,OMX Helsinki 25
2015-12-31,3221.3301,^OMXH25,OMX Helsinki 25
2016-01-31,3131.49,^OMXH25,OMX Helsinki 25
2016-02-29,3179.3899,^OMXH25,OMX Helsinki 25
2016-03-31,3144.3401,^OMXH25,OMX Helsinki 25
2016-04-30,3248.29,^OMXH25,OMX Helsinki 25
2016-05-31,3198.2,^OMXH25,OMX Helsinki 25
2016-06-30,3384.23,^OMXH25,OMX Helsinki 25
2016-07-31,3369.52,^OMXH25,OMX Helsinki 25
2016-08-31,3489.6001,^OMXH25,OMX Helsinki 25
2016-09-30,3453.27,^OMXH25,OMX Helsinki 25
2016-10-31,3491.1001,^OMXH25,OMX Helsinki 25
2016-11-30,3680.0801,^OMXH25,OMX Helsinki 25
2016-12-31,3623.05,^OMXH25,OMX Helsinki 25
2017-01-31,3718.77,^OMXH25,OMX Helsinki 25
2017-02-28,3789.1399,^OMXH25,OMX Helsinki 25
2017-03-31,3930.03,^OMXH25,OMX Helsinki 25
2017-04-30,3996.96,^OMXH25,OMX Helsinki 25
2017-05-31,3940.76,^OMXH25,OMX Helsinki 25
2017-06-30,3872.95,^OMXH25,OMX Helsinki 25
2017-07-31,3883.8101,^OMXH25,OMX Helsinki 25
2017-08-31,3976.23,^OMXH25,OMX Helsinki 25
2017-09-30,4026.98,^OMXH25,OMX Helsinki 25
2017-10-31,3914.3999,^OMXH25,OMX Helsinki 25
2017-11-30,3917.97,^OMXH25,OMX Helsinki 25
2017-12-31,4042.01,^OMXH25,OMX Helsinki 25
2018-01-31,4128.0498,^OMXH25,OMX Helsinki 25
2018-02-28,4014.3999,^OMXH25,OMX Helsinki 25
2018-03-31,4163.3301,^OMXH25,OMX Helsinki 25
2018-04-30,4236.3701,^OMXH25,OMX Helsinki 25
2018-05-31,4180.9399,^OMXH25,OMX Helsinki 25
2018-06-30,4239.0098,^OMXH25,OMX Helsinki 25
2018-07-31,4353.7402,^OMXH25,OMX Helsinki 25
2018-08-31,4337.8999,^OMXH25,OMX Helsinki 25
2018-09-30,3960.23,^OMXH25,OMX Helsinki 25
2018-10-31,3792.8101,^OMXH25,OMX Helsinki 25
2018-11-30,3685.1599,^OMXH25,OMX Helsinki 25
2018-12-31,3982.6799,^OMXH25,OMX Helsinki 25
2019-01-31,4076.99,^OMXH25,OMX Helsinki 25
2019-02-28,4030.8401,^OMXH25,OMX Helsinki 25
2019-03-31,4031.3799,^OMXH25,OMX Helsinki 25
2019-04-30,3798.8999,^OMXH25,OMX Helsinki 25
2019-05-31,3958.3401,^OMXH25,OMX Helsinki 25
2019-06-30,3909.02,^OMXH25,OMX Helsinki 25
2019-07-31,3848.8799,^OMXH25,OMX Helsinki 25
2019-08-31,4040.1599,^OMXH25,OMX Helsinki 25
2019-09-30,4092.3701,^OMXH25,OMX Helsinki 25
2019-10-31,4059.9299,^OMXH25,OMX Helsinki 25
2019-11-30,4221.98,^OMXH25,OMX Helsinki 25
2019-12-31,4300.0801,^OMXH25,OMX Helsinki 25
2020-01-31,4026.23,^OMXH25,OMX Helsinki 25
2020-02-29,3382.46,^OMXH25,OMX Helsinki 25
2020-03-31,3739.21,^OMXH25,OMX Helsinki 25
2020-04-30,3957.99,^OMXH25,OMX Helsinki 25
2020-05-31,3927.3899,^OMXH25,OMX Helsinki 25
2020-06-30,4078.96,^OMXH25,OMX Helsinki 25
2020-07-31,4308.7998,^OMXH25,OMX Helsinki 25
2020-08-31,4280.9702,^OMXH25,OMX Helsinki 25
2020-09-30,4057.0,^OMXH25,OMX Helsinki 25
2020-10-31,4564.6602,^OMXH25,OMX Helsinki 25
2020-11-30,4586.1499,^OMXH25,OMX Helsinki 25
2020-12-31,4735.3901,^OMXH25,OMX Helsinki 25
2021-01-31,4789.27,^OMXH25,OMX Helsinki 25
2021-02-28,4930.9702,^OMXH25,OMX Helsinki 25
2021-03-31,5119.75,^OMXH25,OMX Helsinki 25
2021-04-30,5217.2798,^OMXH25,OMX Helsinki 25
2021-05-31,5331.77,^OMXH25,OMX Helsinki 25
2021-06-30,5626.2598,^OMXH25,OMX Helsinki 25
2021-07-31,5669.9399,^OMXH25,OMX Helsinki 25
2021-08-31,5349.02,^OMXH25,OMX Helsinki 25
2021-09-30,5388.5601,^OMXH25,OMX Helsinki 25
2021-10-31,5301.0698,^OMXH25,OMX Helsinki 25
2021-11-30,5571.9702,^OMXH25,OMX Helsinki 25
2021-12-31,5301.7998,^OMXH25,OMX Helsinki 25
2022-01-31,4891.77,^OMXH25,OMX Helsinki 25
2022-02-28,4865.29,^OMXH25,OMX Helsinki 25
2022-03-31,4882.6802,^OMXH25,OMX Helsinki 25
2022-04-30,4859.1602,^OMXH25,OMX Helsinki 25
2022-05-31,4494.8799,^OMXH25,OMX Helsinki 25
2022-06-30,4795.5498,^OMXH25,OMX Helsinki 25
2022-07-31,4701.9199,^OMXH25,OMX Helsinki 25
2022-08-31,4382.3799,^OMXH25,OMX Helsinki 25
2022-09-30,4606.5298,^OMXH25,OMX Helsinki 25
2022-10-31,4925.6201,^OMXH25,OMX Helsinki 25
2022-11-30,4825.4399,^OMXH25,OMX Helsinki 25
2022-12-31,4938.4399,^OMXH25,OMX Helsinki 25
2023-01-31,5027.02,^OMXH25,OMX Helsinki 25
2023-02-28,4777.6602,^OMXH25,OMX Helsinki 25
2023-03-31,4749.9902,^OMXH25,OMX Helsinki 25
2023-04-30,4463.1001,^OMXH25,OMX Helsinki 25
2023-05-31,4419.8701,^OMXH25,OMX Helsinki 25
2023-06-30,4388.2402,^OMXH25,OMX Helsinki 25
2023-07-31,4378.96,^OMXH25,OMX Helsinki 25
2023-08-31,4269.52,^OMXH25,OMX Helsinki 25
2023-09-30,4118.9102,^OMXH25,OMX Helsinki 25
2023-10-31,4379.0098,^OMXH25,OMX Helsinki 25
2023-11-30,4515.9702,^OMXH25,OMX Helsinki 25
2023-12-31,4548.79,^OMXH25,OMX Helsinki 25
2024-01-31,4423.3799,^OMXH25,OMX Helsinki 25
2024-02-29,4389.23,^OMXH25,OMX Helsinki 25
2024-03-31,4455.7798,^OMXH25,OMX Helsinki 25
2024-04-30,4626.75,^OMXH25,OMX Helsinki 25
2024-05-31,4491.0898,^OMXH25,OMX Helsinki 25
2024-06-30,4537.1802,^OMXH25,OMX Helsinki 25
2024-07-31,4679.71,^OMXH25,OMX Helsinki 25
2024-08-31,4735.6401,^OMXH25,OMX Helsinki 25
2024-09-30,4473.1802,^OMXH25,OMX Helsinki 25
2024-10-31,4334.3901,^OMXH25,OMX Helsinki 25
2024-11-30,4315.8701,^OMXH25,OMX Helsinki 25
2024-12-31,4570.4302,^OMXH25,OMX Helsinki 25
2025-01-31,4719.3198,^OMXH25,OMX Helsinki 25
2025-02-28,4505.1499,^OMXH25,OMX Helsinki 25
2025-03-31,4496.4902,^OMXH25,OMX Helsinki 25
2025-04-30,4730.2998,^OMXH25,OMX Helsinki 25
2025-05-31,4780.21,^OMXH25,OMX Helsinki 25
2025-06-30,4856.5698,^OMXH25,OMX Helsinki 25
2025-07-31,4922.8198,^OMXH25,OMX Helsinki 25
2025-08-31,5015.7798,^OMXH25,OMX Helsinki 25
2025-09-30,5480.8398,^OMXH25,OMX Helsinki 25
2025-10-31,5430.27,^OMXH25,OMX Helsinki 25
2025-11-30,5703.5298,^OMXH25,OMX Helsinki 25
2025-12-31,5802.3301,^OMXH25,OMX Helsinki 25
2026-01-31,6147.52,^OMXH25,OMX Helsinki 25
2026-02-28,5843.98,^OMXH25,OMX Helsinki 25
2026-03-31,6327.54,^OMXH25,OMX Helsinki 25
2026-04-30,6468.73,^OMXH25,OMX Helsinki 25
2026-05-31,6237.1401,^OMXH25,OMX Helsinki 25
2026-06-30,6183.4312,^OMXH25,OMX Helsinki 25
2016-12-01,1015.88,^OMXC25,OMX Copenhagen 25 Index
2017-01-01,1049.5601,^OMXC25,OMX Copenhagen 25 Index
2017-02-01,1060.33,^OMXC25,OMX Copenhagen 25 Index
2017-03-01,1075.0699,^OMXC25,OMX Copenhagen 25 Index
2017-04-01,1126.4399,^OMXC25,OMX Copenhagen 25 Index
2017-05-01,1150.02,^OMXC25,OMX Copenhagen 25 Index
2017-06-01,1143.24,^OMXC25,OMX Copenhagen 25 Index
2017-07-01,1168.66,^OMXC25,OMX Copenhagen 25 Index
2017-08-01,1174.72,^OMXC25,OMX Copenhagen 25 Index
2017-09-01,1173.99,^OMXC25,OMX Copenhagen 25 Index
2017-10-01,1195.61,^OMXC25,OMX Copenhagen 25 Index
2017-11-01,1129.59,^OMXC25,OMX Copenhagen 25 Index
2017-12-01,1145.64,^OMXC25,OMX Copenhagen 25 Index
2018-01-01,1136.52,^OMXC25,OMX Copenhagen 25 Index
2018-02-01,1147.89,^OMXC25,OMX Copenhagen 25 Index
2018-03-01,1114.8199,^OMXC25,OMX Copenhagen 25 Index
2018-04-01,1113.02,^OMXC25,OMX Copenhagen 25 Index
2018-05-01,1113.59,^OMXC25,OMX Copenhagen 25 Index
2018-06-01,1097.24,^OMXC25,OMX Copenhagen 25 Index
2018-07-01,1157.03,^OMXC25,OMX Copenhagen 25 Index
2018-08-01,1171.54,^OMXC25,OMX Copenhagen 25 Index
2018-09-01,1120.0601,^OMXC25,OMX Copenhagen 25 Index
2018-10-01,1024.8101,^OMXC25,OMX Copenhagen 25 Index
2018-11-01,1040.54,^OMXC25,OMX Copenhagen 25 Index
2018-12-01,994.92,^OMXC25,OMX Copenhagen 25 Index
2019-01-01,1035.62,^OMXC25,OMX Copenhagen 25 Index
2019-02-01,1100.5601,^OMXC25,OMX Copenhagen 25 Index
2019-03-01,1122.87,^OMXC25,OMX Copenhagen 25 Index
2019-04-01,1149.6899,^OMXC25,OMX Copenhagen 25 Index
2019-05-01,1097.12,^OMXC25,OMX Copenhagen 25 Index
2019-06-01,1122.77,^OMXC25,OMX Copenhagen 25 Index
2019-07-01,1124.37,^OMXC25,OMX Copenhagen 25 Index
2019-08-01,1133.6899,^OMXC25,OMX Copenhagen 25 Index
2019-09-01,1141.65,^OMXC25,OMX Copenhagen 25 Index
2019-10-01,1149.41,^OMXC25,OMX Copenhagen 25 Index
2019-11-01,1218.78,^OMXC25,OMX Copenhagen 25 Index
2019-12-01,1253.9,^OMXC25,OMX Copenhagen 25 Index
2020-01-01,1277.8,^OMXC25,OMX Copenhagen 25 Index
2020-02-01,1218.7,^OMXC25,OMX Copenhagen 25 Index
2020-03-01,1126.5,^OMXC25,OMX Copenhagen 25 Index
2020-04-01,1234.96,^OMXC25,OMX Copenhagen 25 Index
2020-05-01,1327.01,^OMXC25,OMX Copenhagen 25 Index
2020-06-01,1347.89,^OMXC25,OMX Copenhagen 25 Index
2020-07-01,1423.63,^OMXC25,OMX Copenhagen 25 Index
2020-08-01,1479.4301,^OMXC25,OMX Copenhagen 25 Index
2020-09-01,1508.36,^OMXC25,OMX Copenhagen 25 Index
2020-10-01,1485.11,^OMXC25,OMX Copenhagen 25 Index
2020-11-01,1596.78,^OMXC25,OMX Copenhagen 25 Index
2020-12-01,1676.67,^OMXC25,OMX Copenhagen 25 Index
2021-01-01,1612.51,^OMXC25,OMX Copenhagen 25 Index
2021-02-01,1606.86,^OMXC25,OMX Copenhagen 25 Index
2021-03-01,1689.8,^OMXC25,OMX Copenhagen 25 Index
2021-04-01,1766.36,^OMXC25,OMX Copenhagen 25 Index
2021-05-01,1793.05,^OMXC25,OMX Copenhagen 25 Index
2021-06-01,1860.41,^OMXC25,OMX Copenhagen 25 Index
2021-07-01,1925.6,^OMXC25,OMX Copenhagen 25 Index
2021-08-01,1975.24,^OMXC25,OMX Copenhagen 25 Index
2021-09-01,1880.62,^OMXC25,OMX Copenhagen 25 Index
2021-10-01,1971.3199,^OMXC25,OMX Copenhagen 25 Index
2021-11-01,1882.55,^OMXC25,OMX Copenhagen 25 Index
2021-12-01,1965.65,^OMXC25,OMX Copenhagen 25 Index
2022-01-01,1776.23,^OMXC25,OMX Copenhagen 25 Index
2022-02-01,1764.8101,^OMXC25,OMX Copenhagen 25 Index
2022-03-01,1786.11,^OMXC25,OMX Copenhagen 25 Index
2022-04-01,1764.64,^OMXC25,OMX Copenhagen 25 Index
2022-05-01,1682.1899,^OMXC25,OMX Copenhagen 25 Index
2022-06-01,1574.67,^OMXC25,OMX Copenhagen 25 Index
2022-07-01,1770.61,^OMXC25,OMX Copenhagen 25 Index
2022-08-01,1652.65,^OMXC25,OMX Copenhagen 25 Index
2022-09-01,1439.09,^OMXC25,OMX Copenhagen 25 Index
2022-10-01,1574.67,^OMXC25,OMX Copenhagen 25 Index
2022-11-01,1686.61,^OMXC25,OMX Copenhagen 25 Index
2022-12-01,1700.5601,^OMXC25,OMX Copenhagen 25 Index
2023-01-01,1698.42,^OMXC25,OMX Copenhagen 25 Index
2023-02-01,1780.33,^OMXC25,OMX Copenhagen 25 Index
2023-03-01,1790.13,^OMXC25,OMX Copenhagen 25 Index
2023-04-01,1818.42,^OMXC25,OMX Copenhagen 25 Index
2023-05-01,1802.63,^OMXC25,OMX Copenhagen 25 Index
2023-06-01,1816.74,^OMXC25,OMX Copenhagen 25 Index
2023-07-01,1809.71,^OMXC25,OMX Copenhagen 25 Index
2023-08-01,1736.4301,^OMXC25,OMX Copenhagen 25 Index
2023-09-01,1700.59,^OMXC25,OMX Copenhagen 25 Index
2023-10-01,1620.04,^OMXC25,OMX Copenhagen 25 Index
2023-11-01,1728.45,^OMXC25,OMX Copenhagen 25 Index
2023-12-01,1821.2,^OMXC25,OMX Copenhagen 25 Index
2024-01-01,1856.53,^OMXC25,OMX Copenhagen 25 Index
2024-02-01,1897.05,^OMXC25,OMX Copenhagen 25 Index
2024-03-01,1943.33,^OMXC25,OMX Copenhagen 25 Index
2024-04-01,1905.0699,^OMXC25,OMX Copenhagen 25 Index
2024-05-01,1982.2,^OMXC25,OMX Copenhagen 25 Index
2024-06-01,1953.52,^OMXC25,OMX Copenhagen 25 Index
2024-07-01,2010.67,^OMXC25,OMX Copenhagen 25 Index
2024-08-01,1989.3,^OMXC25,OMX Copenhagen 25 Index
2024-09-01,1949.87,^OMXC25,OMX Copenhagen 25 Index
2024-10-01,1875.7,^OMXC25,OMX Copenhagen 25 Index
2024-11-01,1852.1,^OMXC25,OMX Copenhagen 25 Index
2024-12-01,1776.95,^OMXC25,OMX Copenhagen 25 Index
2025-01-01,1773.1801,^OMXC25,OMX Copenhagen 25 Index
2025-02-01,1851.39,^OMXC25,OMX Copenhagen 25 Index
2025-03-01,1667.25,^OMXC25,OMX Copenhagen 25 Index
2025-04-01,1655.8199,^OMXC25,OMX Copenhagen 25 Index
2025-05-01,1761.23,^OMXC25,OMX Copenhagen 25 Index
2025-06-01,1706.35,^OMXC25,OMX Copenhagen 25 Index
2025-07-01,1664.98,^OMXC25,OMX Copenhagen 25 Index
2025-08-01,1666.4301,^OMXC25,OMX Copenhagen 25 Index
2025-09-01,1628.12,^OMXC25,OMX Copenhagen 25 Index
2025-10-01,1684.8101,^OMXC25,OMX Copenhagen 25 Index
2025-11-01,1746.5,^OMXC25,OMX Copenhagen 25 Index
2025-12-01,1824.13,^OMXC25,OMX Copenhagen 25 Index
2026-01-01,1904.62,^OMXC25,OMX Copenhagen 25 Index
2026-02-01,1731.15,^OMXC25,OMX Copenhagen 25 Index
2026-03-01,1680.97,^OMXC25,OMX Copenhagen 25 Index
2026-04-01,1740.75,^OMXC25,OMX Copenhagen 25 Index
2026-05-01,1785.37,^OMXC25,OMX Copenhagen 25 Index
2026-06-01,1817.83,^OMXC25,OMX Copenhagen 25 Index
2026-07-01,1847.14,^OMXC25,OMX Copenhagen 25 Index
1993-06-30,2981.197,^IBEX,IBEX 35
1993-07-31,3360.1965,^IBEX,IBEX 35
1993-08-31,3177.2969,^IBEX,IBEX 35
1993-09-30,3449.5967,^IBEX,IBEX 35
1993-10-31,3280.0967,^IBEX,IBEX 35
1993-11-30,3615.1963,^IBEX,IBEX 35
1993-12-31,3980.4958,^IBEX,IBEX 35
1994-01-31,3739.696,^IBEX,IBEX 35
1994-02-28,3489.0967,^IBEX,IBEX 35
1994-03-31,3520.6963,^IBEX,IBEX 35
1994-04-30,3512.5964,^IBEX,IBEX 35
1994-05-31,3200.6968,^IBEX,IBEX 35
1994-06-30,3364.1965,^IBEX,IBEX 35
1994-07-31,3336.9966,^IBEX,IBEX 35
1994-08-31,3176.5969,^IBEX,IBEX 35
1994-09-30,3194.4968,^IBEX,IBEX 35
1994-10-31,3287.0967,^IBEX,IBEX 35
1994-11-30,3087.6968,^IBEX,IBEX 35
1994-12-31,3040.0969,^IBEX,IBEX 35
1995-01-31,3024.4968,^IBEX,IBEX 35
1995-02-28,2931.697,^IBEX,IBEX 35
1995-03-31,3091.8967,^IBEX,IBEX 35
1995-04-30,3226.4968,^IBEX,IBEX 35
1995-05-31,3219.0969,^IBEX,IBEX 35
1995-06-30,3373.3965,^IBEX,IBEX 35
1995-07-31,3432.7966,^IBEX,IBEX 35
1995-08-31,3376.7966,^IBEX,IBEX 35
1995-09-30,3277.2966,^IBEX,IBEX 35
1995-10-31,3510.0964,^IBEX,IBEX 35
1995-11-30,3630.7964,^IBEX,IBEX 35
1995-12-31,3734.4963,^IBEX,IBEX 35
1996-01-31,3915.4961,^IBEX,IBEX 35
1996-02-29,3857.0962,^IBEX,IBEX 35
1996-03-31,4082.8958,^IBEX,IBEX 35
1996-04-30,4111.6958,^IBEX,IBEX 35
1996-05-31,4264.0957,^IBEX,IBEX 35
1996-06-30,3979.3958,^IBEX,IBEX 35
1996-07-31,4025.4958,^IBEX,IBEX 35
1996-08-31,4215.5957,^IBEX,IBEX 35
1996-09-30,4306.6958,^IBEX,IBEX 35
1996-10-31,4667.7949,^IBEX,IBEX 35
1996-11-30,5154.7944,^IBEX,IBEX 35
1996-12-31,5327.3945,^IBEX,IBEX 35
1997-01-31,5305.3945,^IBEX,IBEX 35
1997-02-28,5424.2944,^IBEX,IBEX 35
1997-03-31,5909.2939,^IBEX,IBEX 35
1997-04-30,6300.7935,^IBEX,IBEX 35
1997-05-31,6884.5933,^IBEX,IBEX 35
1997-06-30,6810.8931,^IBEX,IBEX 35
1997-07-31,6532.293,^IBEX,IBEX 35
1997-08-31,7269.6929,^IBEX,IBEX 35
1997-09-30,6380.3936,^IBEX,IBEX 35
1997-10-31,6932.0933,^IBEX,IBEX 35
1997-11-30,7255.3926,^IBEX,IBEX 35
1997-12-31,7958.9917,^IBEX,IBEX 35
1998-01-31,8900.0908,^IBEX,IBEX 35
1998-02-28,10209.0889,^IBEX,IBEX 35
1998-03-31,10025.5898,^IBEX,IBEX 35
1998-04-30,10005.6904,^IBEX,IBEX 35
1998-05-31,10146.3896,^IBEX,IBEX 35
1998-06-30,10493.6895,^IBEX,IBEX 35
1998-07-31,8264.6914,^IBEX,IBEX 35
1998-08-31,7676.4922,^IBEX,IBEX 35
1998-09-30,8799.9912,^IBEX,IBEX 35
1998-10-31,9645.4902,^IBEX,IBEX 35
1998-11-30,9836.5898,^IBEX,IBEX 35
1998-12-31,9878.79,^IBEX,IBEX 35
1999-01-31,9997.29,^IBEX,IBEX 35
1999-02-28,9740.6904,^IBEX,IBEX 35
1999-03-31,9975.3906,^IBEX,IBEX 35
1999-04-30,10072.29,^IBEX,IBEX 35
1999-05-31,10218.5889,^IBEX,IBEX 35
1999-06-30,9391.8906,^IBEX,IBEX 35
1999-07-31,9806.0898,^IBEX,IBEX 35
1999-08-31,9525.3906,^IBEX,IBEX 35
1999-09-30,9741.4902,^IBEX,IBEX 35
1999-10-31,10958.0889,^IBEX,IBEX 35
1999-11-30,11641.3887,^IBEX,IBEX 35
1999-12-31,10835.0889,^IBEX,IBEX 35
2000-01-31,12585.7871,^IBEX,IBEX 35
2000-02-29,11934.9883,^IBEX,IBEX 35
2000-03-31,11467.8887,^IBEX,IBEX 35
2000-04-30,10688.4893,^IBEX,IBEX 35
2000-05-31,10581.2891,^IBEX,IBEX 35
2000-06-30,10531.5889,^IBEX,IBEX 35
2000-07-31,10884.6895,^IBEX,IBEX 35
2000-08-31,10949.9893,^IBEX,IBEX 35
2000-09-30,10363.0889,^IBEX,IBEX 35
2000-10-31,9214.4902,^IBEX,IBEX 35
2000-11-30,9109.791,^IBEX,IBEX 35
2000-12-31,10115.9902,^IBEX,IBEX 35
2001-01-31,9551.3906,^IBEX,IBEX 35
2001-02-28,9308.29,^IBEX,IBEX 35
2001-03-31,9760.9902,^IBEX,IBEX 35
2001-04-30,9500.6904,^IBEX,IBEX 35
2001-05-31,8878.3916,^IBEX,IBEX 35
2001-06-30,8479.9912,^IBEX,IBEX 35
2001-07-31,8321.0908,^IBEX,IBEX 35
2001-08-31,7313.9927,^IBEX,IBEX 35
2001-09-30,7774.292,^IBEX,IBEX 35
2001-10-31,8364.6914,^IBEX,IBEX 35
2001-11-30,8397.5908,^IBEX,IBEX 35
2001-12-31,8050.3916,^IBEX,IBEX 35
2002-01-31,8135.4917,^IBEX,IBEX 35
2002-02-28,8249.6914,^IBEX,IBEX 35
2002-03-31,8154.3916,^IBEX,IBEX 35
2002-04-30,7949.8921,^IBEX,IBEX 35
2002-05-31,6912.9932,^IBEX,IBEX 35
2002-06-30,6249.2935,^IBEX,IBEX 35
2002-07-31,6435.6938,^IBEX,IBEX 35
2002-08-31,5431.6948,^IBEX,IBEX 35
2002-09-30,6139.3936,^IBEX,IBEX 35
2002-10-31,6685.5933,^IBEX,IBEX 35
2002-11-30,6036.8936,^IBEX,IBEX 35
2002-12-31,5947.6943,^IBEX,IBEX 35
2003-01-31,5999.394,^IBEX,IBEX 35
2003-02-28,5870.4941,^IBEX,IBEX 35
2003-03-31,6489.4937,^IBEX,IBEX 35
2003-04-30,6508.4932,^IBEX,IBEX 35
2003-05-31,6861.9932,^IBEX,IBEX 35
2003-06-30,7061.6929,^IBEX,IBEX 35
2003-07-31,7111.2925,^IBEX,IBEX 35
2003-08-31,6703.5933,^IBEX,IBEX 35
2003-09-30,7129.4927,^IBEX,IBEX 35
2003-10-31,7252.4927,^IBEX,IBEX 35
2003-11-30,7737.1924,^IBEX,IBEX 35
2003-12-31,7929.8921,^IBEX,IBEX 35
2004-01-31,8249.3916,^IBEX,IBEX 35
2004-02-29,8018.0918,^IBEX,IBEX 35
2004-03-31,8109.4917,^IBEX,IBEX 35
2004-04-30,7959.2915,^IBEX,IBEX 35
2004-05-31,8078.2915,^IBEX,IBEX 35
2004-06-30,7919.292,^IBEX,IBEX 35
2004-07-31,7869.4922,^IBEX,IBEX 35
2004-08-31,8029.1919,^IBEX,IBEX 35
2004-09-30,8418.291,^IBEX,IBEX 35
2004-10-31,8692.9912,^IBEX,IBEX 35
2004-11-30,9080.791,^IBEX,IBEX 35
2004-12-31,9223.8906,^IBEX,IBEX 35
2005-01-31,9390.9902,^IBEX,IBEX 35
2005-02-28,9258.79,^IBEX,IBEX 35
2005-03-31,9001.5908,^IBEX,IBEX 35
2005-04-30,9427.0898,^IBEX,IBEX 35
2005-05-31,9783.1904,^IBEX,IBEX 35
2005-06-30,10115.5898,^IBEX,IBEX 35
2005-07-31,10008.8906,^IBEX,IBEX 35
2005-08-31,10813.8896,^IBEX,IBEX 35
2005-09-30,10493.7891,^IBEX,IBEX 35
2005-10-31,10557.7891,^IBEX,IBEX 35
2005-11-30,10733.8896,^IBEX,IBEX 35
2005-12-31,11104.2881,^IBEX,IBEX 35
2006-01-31,11740.6885,^IBEX,IBEX 35
2006-02-28,11854.2881,^IBEX,IBEX 35
2006-03-31,11892.4883,^IBEX,IBEX 35
2006-04-30,11340.4883,^IBEX,IBEX 35
2006-05-31,11548.0879,^IBEX,IBEX 35
2006-06-30,11817.9883,^IBEX,IBEX 35
2006-07-31,12144.6875,^IBEX,IBEX 35
2006-08-31,12934.6875,^IBEX,IBEX 35
2006-09-30,13752.9863,^IBEX,IBEX 35
2006-10-31,13849.2861,^IBEX,IBEX 35
2006-11-30,14146.4854,^IBEX,IBEX 35
2006-12-31,14553.1855,^IBEX,IBEX 35
2007-01-31,14248.3857,^IBEX,IBEX 35
2007-02-28,14641.6855,^IBEX,IBEX 35
2007-03-31,14374.585,^IBEX,IBEX 35
2007-04-30,15329.3848,^IBEX,IBEX 35
2007-05-31,14891.9854,^IBEX,IBEX 35
2007-06-30,14802.3857,^IBEX,IBEX 35
2007-07-31,14479.7852,^IBEX,IBEX 35
2007-08-31,14576.4854,^IBEX,IBEX 35
2007-09-30,15890.4844,^IBEX,IBEX 35
2007-10-31,15759.8848,^IBEX,IBEX 35
2007-11-30,15182.2842,^IBEX,IBEX 35
2007-12-31,13228.9863,^IBEX,IBEX 35
2008-01-31,13170.3867,^IBEX,IBEX 35
2008-02-29,13268.9863,^IBEX,IBEX 35
2008-03-31,13798.2861,^IBEX,IBEX 35
2008-04-30,13600.8867,^IBEX,IBEX 35
2008-05-31,12046.1885,^IBEX,IBEX 35
2008-06-30,11881.2881,^IBEX,IBEX 35
2008-07-31,11707.2881,^IBEX,IBEX 35
2008-08-31,10987.4893,^IBEX,IBEX 35
2008-09-30,9115.9912,^IBEX,IBEX 35
2008-10-31,8910.5908,^IBEX,IBEX 35
2008-11-30,9195.79,^IBEX,IBEX 35
2008-12-31,8450.3916,^IBEX,IBEX 35
2009-01-31,7620.8921,^IBEX,IBEX 35
2009-02-28,7814.9922,^IBEX,IBEX 35
2009-03-31,9037.9912,^IBEX,IBEX 35
2009-04-30,9424.29,^IBEX,IBEX 35
2009-05-31,9787.79,^IBEX,IBEX 35
2009-06-30,10855.0889,^IBEX,IBEX 35
2009-07-31,11365.0879,^IBEX,IBEX 35
2009-08-31,11756.0879,^IBEX,IBEX 35
2009-09-30,11414.7881,^IBEX,IBEX 35
2009-10-31,11644.6885,^IBEX,IBEX 35
2009-11-30,11939.9883,^IBEX,IBEX 35
2009-12-31,10947.6895,^IBEX,IBEX 35
2010-01-31,10333.5889,^IBEX,IBEX 35
2010-02-28,10871.2891,^IBEX,IBEX 35
2010-03-31,10492.1895,^IBEX,IBEX 35
2010-04-30,9359.3906,^IBEX,IBEX 35
2010-05-31,9263.3906,^IBEX,IBEX 35
2010-06-30,10499.7891,^IBEX,IBEX 35
2010-07-31,10186.9893,^IBEX,IBEX 35
2010-08-31,10514.4893,^IBEX,IBEX 35
2010-09-30,10812.8896,^IBEX,IBEX 35
2010-10-31,9267.1904,^IBEX,IBEX 35
2010-11-30,9859.0898,^IBEX,IBEX 35
2010-12-31,10805.9893,^IBEX,IBEX 35
2011-01-31,10850.7891,^IBEX,IBEX 35
2011-02-28,10576.4893,^IBEX,IBEX 35
2011-03-31,10878.8896,^IBEX,IBEX 35
2011-04-30,10475.9893,^IBEX,IBEX 35
2011-05-31,10359.8896,^IBEX,IBEX 35
2011-06-30,9630.6904,^IBEX,IBEX 35
2011-07-31,8718.5908,^IBEX,IBEX 35
2011-08-31,8546.5908,^IBEX,IBEX 35
2011-09-30,8954.8916,^IBEX,IBEX 35
2011-10-31,8449.4912,^IBEX,IBEX 35
2011-11-30,8566.291,^IBEX,IBEX 35
2011-12-31,8509.1914,^IBEX,IBEX 35
2012-01-31,8465.8916,^IBEX,IBEX 35
2012-02-29,8007.9917,^IBEX,IBEX 35
2012-03-31,7010.9927,^IBEX,IBEX 35
2012-04-30,6089.7935,^IBEX,IBEX 35
2012-05-31,7102.1929,^IBEX,IBEX 35
2012-06-30,6738.0933,^IBEX,IBEX 35
2012-07-31,7420.4927,^IBEX,IBEX 35
2012-08-31,7708.4922,^IBEX,IBEX 35
2012-09-30,7842.8921,^IBEX,IBEX 35
2012-10-31,7934.5923,^IBEX,IBEX 35
2012-11-30,8167.4917,^IBEX,IBEX 35
2012-12-31,8362.291,^IBEX,IBEX 35
2013-01-31,8230.291,^IBEX,IBEX 35
2013-02-28,7919.9922,^IBEX,IBEX 35
2013-03-31,8418.9912,^IBEX,IBEX 35
2013-04-30,8320.5908,^IBEX,IBEX 35
2013-05-31,7762.6924,^IBEX,IBEX 35
2013-06-30,8433.3916,^IBEX,IBEX 35
2013-07-31,8290.4912,^IBEX,IBEX 35
2013-08-31,9186.0898,^IBEX,IBEX 35
2013-09-30,9907.8906,^IBEX,IBEX 35
2013-10-31,9837.5898,^IBEX,IBEX 35
2013-11-30,9916.6904,^IBEX,IBEX 35
2013-12-31,9920.1904,^IBEX,IBEX 35
2014-01-31,10114.1904,^IBEX,IBEX 35
2014-02-28,10340.4893,^IBEX,IBEX 35
2014-03-31,10458.9893,^IBEX,IBEX 35
2014-04-30,10798.6895,^IBEX,IBEX 35
2014-05-31,10923.4893,^IBEX,IBEX 35
2014-06-30,10707.1895,^IBEX,IBEX 35
2014-07-31,10728.7891,^IBEX,IBEX 35
2014-08-31,10825.4893,^IBEX,IBEX 35
2014-09-30,10477.7891,^IBEX,IBEX 35
2014-10-31,10770.6895,^IBEX,IBEX 35
2014-11-30,10279.4893,^IBEX,IBEX 35
2014-12-31,10403.2891,^IBEX,IBEX 35
2015-01-31,11178.2881,^IBEX,IBEX 35
2015-02-28,11521.0879,^IBEX,IBEX 35
2015-03-31,11384.9883,^IBEX,IBEX 35
2015-04-30,11217.5879,^IBEX,IBEX 35
2015-05-31,10769.4893,^IBEX,IBEX 35
2015-06-30,11180.6885,^IBEX,IBEX 35
2015-07-31,10258.9893,^IBEX,IBEX 35
2015-08-31,9559.8906,^IBEX,IBEX 35
2015-09-30,10360.6895,^IBEX,IBEX 35
2015-10-31,10386.8896,^IBEX,IBEX 35
2015-11-30,9544.1904,^IBEX,IBEX 35
2015-12-31,8815.791,^IBEX,IBEX 35
2016-01-31,8461.3916,^IBEX,IBEX 35
2016-02-29,8723.0908,^IBEX,IBEX 35
2016-03-31,9025.6914,^IBEX,IBEX 35
2016-04-30,9033.9912,^IBEX,IBEX 35
2016-05-31,8163.2998,^IBEX,IBEX 35
2016-06-30,8587.2002,^IBEX,IBEX 35
2016-07-31,8716.7998,^IBEX,IBEX 35
2016-08-31,8779.4004,^IBEX,IBEX 35
2016-09-30,9143.2998,^IBEX,IBEX 35
2016-10-31,8688.2002,^IBEX,IBEX 35
2016-11-30,9352.0996,^IBEX,IBEX 35
2016-12-31,9315.2002,^IBEX,IBEX 35
2017-01-31,9555.5,^IBEX,IBEX 35
2017-02-28,10462.9004,^IBEX,IBEX 35
2017-03-31,10715.7998,^IBEX,IBEX 35
2017-04-30,10880.0,^IBEX,IBEX 35
2017-05-31,10444.5,^IBEX,IBEX 35
2017-06-30,10502.2002,^IBEX,IBEX 35
2017-07-31,10299.5,^IBEX,IBEX 35
2017-08-31,10381.5,^IBEX,IBEX 35
2017-09-30,10523.5,^IBEX,IBEX 35
2017-10-31,10211.0,^IBEX,IBEX 35
2017-11-30,10043.9004,^IBEX,IBEX 35
2017-12-31,10451.5,^IBEX,IBEX 35
2018-01-31,9840.2998,^IBEX,IBEX 35
2018-02-28,9600.4004,^IBEX,IBEX 35
2018-03-31,9980.5996,^IBEX,IBEX 35
2018-04-30,9465.5,^IBEX,IBEX 35
2018-05-31,9622.7002,^IBEX,IBEX 35
2018-06-30,9870.7002,^IBEX,IBEX 35
2018-07-31,9399.0996,^IBEX,IBEX 35
2018-08-31,9389.2002,^IBEX,IBEX 35
2018-09-30,8893.5,^IBEX,IBEX 35
2018-10-31,9077.2002,^IBEX,IBEX 35
2018-11-30,8539.9004,^IBEX,IBEX 35
2018-12-31,9056.7002,^IBEX,IBEX 35
2019-01-31,9277.7002,^IBEX,IBEX 35
2019-02-28,9240.2998,^IBEX,IBEX 35
2019-03-31,9570.5996,^IBEX,IBEX 35
2019-04-30,9004.2002,^IBEX,IBEX 35
2019-05-31,9198.7998,^IBEX,IBEX 35
2019-06-30,8971.0,^IBEX,IBEX 35
2019-07-31,8812.9004,^IBEX,IBEX 35
2019-08-31,9244.5996,^IBEX,IBEX 35
2019-09-30,9257.5,^IBEX,IBEX 35
2019-10-31,9352.0,^IBEX,IBEX 35
2019-11-30,9549.2002,^IBEX,IBEX 35
2019-12-31,9367.9004,^IBEX,IBEX 35
2020-01-31,8723.2002,^IBEX,IBEX 35
2020-02-29,6785.3999,^IBEX,IBEX 35
2020-03-31,6922.2998,^IBEX,IBEX 35
2020-04-30,7096.5,^IBEX,IBEX 35
2020-05-31,7231.3999,^IBEX,IBEX 35
2020-06-30,6877.3999,^IBEX,IBEX 35
2020-07-31,6969.5,^IBEX,IBEX 35
2020-08-31,6716.6001,^IBEX,IBEX 35
2020-09-30,6452.2002,^IBEX,IBEX 35
2020-10-31,8076.8999,^IBEX,IBEX 35
2020-11-30,8073.7002,^IBEX,IBEX 35
2020-12-31,7757.5,^IBEX,IBEX 35
2021-01-31,8225.0,^IBEX,IBEX 35
2021-02-28,8580.0,^IBEX,IBEX 35
2021-03-31,8815.0,^IBEX,IBEX 35
2021-04-30,9148.9004,^IBEX,IBEX 35
2021-05-31,8821.2002,^IBEX,IBEX 35
2021-06-30,8675.7002,^IBEX,IBEX 35
2021-07-31,8846.5996,^IBEX,IBEX 35
2021-08-31,8796.2998,^IBEX,IBEX 35
2021-09-30,9057.7002,^IBEX,IBEX 35
2021-10-31,8305.0996,^IBEX,IBEX 35
2021-11-30,8713.7998,^IBEX,IBEX 35
2021-12-31,8612.7998,^IBEX,IBEX 35
2022-01-31,8479.2002,^IBEX,IBEX 35
2022-02-28,8445.0996,^IBEX,IBEX 35
2022-03-31,8584.2002,^IBEX,IBEX 35
2022-04-30,8851.5,^IBEX,IBEX 35
2022-05-31,8098.7002,^IBEX,IBEX 35
2022-06-30,8156.2002,^IBEX,IBEX 35
2022-07-31,7886.1001,^IBEX,IBEX 35
2022-08-31,7366.7998,^IBEX,IBEX 35
2022-09-30,7956.5,^IBEX,IBEX 35
2022-10-31,8363.2002,^IBEX,IBEX 35
2022-11-30,8229.0996,^IBEX,IBEX 35
2022-12-31,9034.0,^IBEX,IBEX 35
2023-01-31,9394.5996,^IBEX,IBEX 35
2023-02-28,9232.5,^IBEX,IBEX 35
2023-03-31,9241.0,^IBEX,IBEX 35
2023-04-30,9050.2002,^IBEX,IBEX 35
2023-05-31,9593.0,^IBEX,IBEX 35
2023-06-30,9641.5,^IBEX,IBEX 35
2023-07-31,9505.9004,^IBEX,IBEX 35
2023-08-31,9428.0,^IBEX,IBEX 35
2023-09-30,9017.2998,^IBEX,IBEX 35
2023-10-31,10058.2002,^IBEX,IBEX 35
2023-11-30,10102.0996,^IBEX,IBEX 35
2023-12-31,10077.7002,^IBEX,IBEX 35
2024-01-31,10001.2998,^IBEX,IBEX 35
2024-02-29,11074.5996,^IBEX,IBEX 35
2024-03-31,10854.4004,^IBEX,IBEX 35
2024-04-30,11322.0,^IBEX,IBEX 35
2024-05-31,10943.7002,^IBEX,IBEX 35
2024-06-30,11065.0,^IBEX,IBEX 35
2024-07-31,11401.9004,^IBEX,IBEX 35
2024-08-31,11877.2998,^IBEX,IBEX 35
2024-09-30,11672.5996,^IBEX,IBEX 35
2024-10-31,11641.2998,^IBEX,IBEX 35
2024-11-30,11595.0,^IBEX,IBEX 35
2024-12-31,12368.9004,^IBEX,IBEX 35
2025-01-31,13347.2998,^IBEX,IBEX 35
2025-02-28,13135.4004,^IBEX,IBEX 35
2025-03-31,13287.7998,^IBEX,IBEX 35
2025-04-30,14152.2002,^IBEX,IBEX 35
2025-05-31,13991.9004,^IBEX,IBEX 35
2025-06-30,14397.0,^IBEX,IBEX 35
2025-07-31,14935.7998,^IBEX,IBEX 35
2025-08-31,15475.0,^IBEX,IBEX 35
2025-09-30,16032.5996,^IBEX,IBEX 35
2025-10-31,16371.5996,^IBEX,IBEX 35
2025-11-30,17307.8008,^IBEX,IBEX 35
2025-12-31,17880.9004,^IBEX,IBEX 35
2026-01-31,18360.8008,^IBEX,IBEX 35
2026-02-28,17049.5996,^IBEX,IBEX 35
2026-03-31,17781.0,^IBEX,IBEX 35
2026-04-30,18362.9004,^IBEX,IBEX 35
2026-05-31,19471.9004,^IBEX,IBEX 35
2026-06-30,19644.9004,^IBEX,IBEX 35
1997-11-30,24402.0,FTSEMIB.MI,FTSE MIB Index
1997-12-31,27549.0,FTSEMIB.MI,FTSE MIB Index
1998-01-31,28543.0,FTSEMIB.MI,FTSE MIB Index
1998-02-28,34545.0,FTSEMIB.MI,FTSE MIB Index
1998-03-31,32764.0,FTSEMIB.MI,FTSE MIB Index
1998-04-30,34396.0,FTSEMIB.MI,FTSE MIB Index
1998-05-31,33354.0,FTSEMIB.MI,FTSE MIB Index
1998-06-30,36636.0,FTSEMIB.MI,FTSE MIB Index
1998-07-31,31534.0,FTSEMIB.MI,FTSE MIB Index
1998-08-31,27879.0,FTSEMIB.MI,FTSE MIB Index
1998-09-30,29670.0,FTSEMIB.MI,FTSE MIB Index
1998-10-31,33257.0,FTSEMIB.MI,FTSE MIB Index
1998-11-30,35426.0,FTSEMIB.MI,FTSE MIB Index
1998-12-31,35687.0,FTSEMIB.MI,FTSE MIB Index
1999-01-31,36339.0,FTSEMIB.MI,FTSE MIB Index
1999-02-28,38601.0,FTSEMIB.MI,FTSE MIB Index
1999-03-31,38679.0,FTSEMIB.MI,FTSE MIB Index
1999-04-30,37088.0,FTSEMIB.MI,FTSE MIB Index
1999-05-31,36717.0,FTSEMIB.MI,FTSE MIB Index
1999-06-30,34040.0,FTSEMIB.MI,FTSE MIB Index
1999-07-31,35199.0,FTSEMIB.MI,FTSE MIB Index
1999-08-31,35270.0,FTSEMIB.MI,FTSE MIB Index
1999-09-30,34228.0,FTSEMIB.MI,FTSE MIB Index
1999-10-31,36334.0,FTSEMIB.MI,FTSE MIB Index
1999-11-30,42605.0,FTSEMIB.MI,FTSE MIB Index
1999-12-31,41463.0,FTSEMIB.MI,FTSE MIB Index
2000-01-31,48479.0,FTSEMIB.MI,FTSE MIB Index
2000-02-29,45392.0,FTSEMIB.MI,FTSE MIB Index
2000-03-31,44801.0,FTSEMIB.MI,FTSE MIB Index
2000-04-30,45214.0,FTSEMIB.MI,FTSE MIB Index
2000-05-31,46448.0,FTSEMIB.MI,FTSE MIB Index
2000-06-30,46309.0,FTSEMIB.MI,FTSE MIB Index
2000-07-31,48135.0,FTSEMIB.MI,FTSE MIB Index
2000-08-31,45419.0,FTSEMIB.MI,FTSE MIB Index
2000-09-30,47459.0,FTSEMIB.MI,FTSE MIB Index
2000-10-31,46290.0,FTSEMIB.MI,FTSE MIB Index
2000-11-30,43662.0,FTSEMIB.MI,FTSE MIB Index
2000-12-31,45067.0,FTSEMIB.MI,FTSE MIB Index
2001-01-31,40036.0,FTSEMIB.MI,FTSE MIB Index
2001-02-28,38996.0,FTSEMIB.MI,FTSE MIB Index
2001-03-31,41122.0,FTSEMIB.MI,FTSE MIB Index
2001-04-30,38996.0,FTSEMIB.MI,FTSE MIB Index
2001-05-31,37315.0,FTSEMIB.MI,FTSE MIB Index
2001-06-30,36507.0,FTSEMIB.MI,FTSE MIB Index
2001-07-31,34643.0,FTSEMIB.MI,FTSE MIB Index
2001-08-31,29001.0,FTSEMIB.MI,FTSE MIB Index
2001-09-30,30595.0,FTSEMIB.MI,FTSE MIB Index
2001-10-31,31886.0,FTSEMIB.MI,FTSE MIB Index
2001-11-30,32317.0,FTSEMIB.MI,FTSE MIB Index
2001-12-31,32171.0,FTSEMIB.MI,FTSE MIB Index
2002-01-31,31820.0,FTSEMIB.MI,FTSE MIB Index
2002-02-28,33679.0,FTSEMIB.MI,FTSE MIB Index
2002-03-31,32474.0,FTSEMIB.MI,FTSE MIB Index
2002-04-30,30143.0,FTSEMIB.MI,FTSE MIB Index
2002-05-31,28091.0,FTSEMIB.MI,FTSE MIB Index
2002-06-30,25295.0,FTSEMIB.MI,FTSE MIB Index
2002-07-31,25553.0,FTSEMIB.MI,FTSE MIB Index
2002-08-31,21278.0,FTSEMIB.MI,FTSE MIB Index
2002-09-30,23557.0,FTSEMIB.MI,FTSE MIB Index
2002-10-31,25919.0,FTSEMIB.MI,FTSE MIB Index
2002-11-30,23508.0,FTSEMIB.MI,FTSE MIB Index
2002-12-31,22532.0,FTSEMIB.MI,FTSE MIB Index
2003-01-31,23279.0,FTSEMIB.MI,FTSE MIB Index
2003-02-28,21605.0,FTSEMIB.MI,FTSE MIB Index
2003-03-31,23887.0,FTSEMIB.MI,FTSE MIB Index
2003-04-30,24946.0,FTSEMIB.MI,FTSE MIB Index
2003-05-31,24677.0,FTSEMIB.MI,FTSE MIB Index
2003-06-30,25132.0,FTSEMIB.MI,FTSE MIB Index
2003-07-31,25247.0,FTSEMIB.MI,FTSE MIB Index
2003-08-31,24615.0,FTSEMIB.MI,FTSE MIB Index
2003-09-30,25973.0,FTSEMIB.MI,FTSE MIB Index
2003-10-31,27156.0,FTSEMIB.MI,FTSE MIB Index
2003-11-30,26887.0,FTSEMIB.MI,FTSE MIB Index
2003-12-31,27774.0,FTSEMIB.MI,FTSE MIB Index
2004-01-31,27957.0,FTSEMIB.MI,FTSE MIB Index
2004-02-29,27148.0,FTSEMIB.MI,FTSE MIB Index
2004-03-31,28020.0,FTSEMIB.MI,FTSE MIB Index
2004-04-30,27355.0,FTSEMIB.MI,FTSE MIB Index
2004-05-31,28092.0,FTSEMIB.MI,FTSE MIB Index
2004-06-30,27538.0,FTSEMIB.MI,FTSE MIB Index
2004-07-31,26913.0,FTSEMIB.MI,FTSE MIB Index
2004-08-31,27794.0,FTSEMIB.MI,FTSE MIB Index
2004-09-30,28681.0,FTSEMIB.MI,FTSE MIB Index
2004-10-31,29615.0,FTSEMIB.MI,FTSE MIB Index
2004-11-30,30903.0,FTSEMIB.MI,FTSE MIB Index
2004-12-31,31334.0,FTSEMIB.MI,FTSE MIB Index
2005-01-31,31850.0,FTSEMIB.MI,FTSE MIB Index
2005-02-28,32302.0,FTSEMIB.MI,FTSE MIB Index
2005-03-31,30911.0,FTSEMIB.MI,FTSE MIB Index
2005-04-30,31739.0,FTSEMIB.MI,FTSE MIB Index
2005-05-31,32343.0,FTSEMIB.MI,FTSE MIB Index
2005-06-30,33693.0,FTSEMIB.MI,FTSE MIB Index
2005-07-31,33520.0,FTSEMIB.MI,FTSE MIB Index
2005-08-31,34775.0,FTSEMIB.MI,FTSE MIB Index
2005-09-30,32782.0,FTSEMIB.MI,FTSE MIB Index
2005-10-31,34090.0,FTSEMIB.MI,FTSE MIB Index
2005-11-30,35704.0,FTSEMIB.MI,FTSE MIB Index
2005-12-31,36654.0,FTSEMIB.MI,FTSE MIB Index
2006-01-31,37650.0,FTSEMIB.MI,FTSE MIB Index
2006-02-28,37928.0,FTSEMIB.MI,FTSE MIB Index
2006-03-31,37773.0,FTSEMIB.MI,FTSE MIB Index
2006-04-30,36450.0,FTSEMIB.MI,FTSE MIB Index
2006-05-31,36444.0,FTSEMIB.MI,FTSE MIB Index
2006-06-30,36606.0,FTSEMIB.MI,FTSE MIB Index
2006-07-31,37938.0,FTSEMIB.MI,FTSE MIB Index
2006-08-31,38475.0,FTSEMIB.MI,FTSE MIB Index
2006-09-30,39558.0,FTSEMIB.MI,FTSE MIB Index
2006-10-31,40270.0,FTSEMIB.MI,FTSE MIB Index
2006-11-30,41434.0,FTSEMIB.MI,FTSE MIB Index
2006-12-31,42197.0,FTSEMIB.MI,FTSE MIB Index
2007-01-31,41155.0,FTSEMIB.MI,FTSE MIB Index
2007-02-28,41771.0,FTSEMIB.MI,FTSE MIB Index
2007-03-31,43755.0,FTSEMIB.MI,FTSE MIB Index
2007-04-30,43079.0,FTSEMIB.MI,FTSE MIB Index
2007-05-31,41954.0,FTSEMIB.MI,FTSE MIB Index
2007-06-30,40221.0,FTSEMIB.MI,FTSE MIB Index
2007-07-31,40187.0,FTSEMIB.MI,FTSE MIB Index
2007-08-31,39889.0,FTSEMIB.MI,FTSE MIB Index
2007-09-30,40512.0,FTSEMIB.MI,FTSE MIB Index
2007-10-31,38975.0,FTSEMIB.MI,FTSE MIB Index
2007-11-30,38554.0,FTSEMIB.MI,FTSE MIB Index
2007-12-31,34230.0,FTSEMIB.MI,FTSE MIB Index
2008-01-31,33587.0,FTSEMIB.MI,FTSE MIB Index
2008-02-29,31616.0,FTSEMIB.MI,FTSE MIB Index
2008-03-31,33954.0,FTSEMIB.MI,FTSE MIB Index
2008-04-30,33225.0,FTSEMIB.MI,FTSE MIB Index
2008-05-31,29346.0,FTSEMIB.MI,FTSE MIB Index
2008-06-30,28331.0,FTSEMIB.MI,FTSE MIB Index
2008-07-31,28789.0,FTSEMIB.MI,FTSE MIB Index
2008-08-31,25530.0,FTSEMIB.MI,FTSE MIB Index
2008-09-30,21367.0,FTSEMIB.MI,FTSE MIB Index
2008-10-31,19985.0,FTSEMIB.MI,FTSE MIB Index
2008-11-30,19460.0,FTSEMIB.MI,FTSE MIB Index
2008-12-31,17934.0,FTSEMIB.MI,FTSE MIB Index
2009-01-31,15282.0,FTSEMIB.MI,FTSE MIB Index
2009-02-28,15875.0,FTSEMIB.MI,FTSE MIB Index
2009-03-31,19177.0,FTSEMIB.MI,FTSE MIB Index
2009-04-30,19884.0,FTSEMIB.MI,FTSE MIB Index
2009-05-31,19063.0,FTSEMIB.MI,FTSE MIB Index
2009-06-30,20576.0,FTSEMIB.MI,FTSE MIB Index
2009-07-31,22420.0,FTSEMIB.MI,FTSE MIB Index
2009-08-31,23473.0,FTSEMIB.MI,FTSE MIB Index
2009-09-30,22060.0,FTSEMIB.MI,FTSE MIB Index
2009-10-31,21928.0,FTSEMIB.MI,FTSE MIB Index
2009-11-30,23248.0,FTSEMIB.MI,FTSE MIB Index
2009-12-31,21896.0,FTSEMIB.MI,FTSE MIB Index
2010-01-31,21068.0,FTSEMIB.MI,FTSE MIB Index
2010-02-28,22848.0,FTSEMIB.MI,FTSE MIB Index
2010-03-31,21563.0,FTSEMIB.MI,FTSE MIB Index
2010-04-30,19544.0,FTSEMIB.MI,FTSE MIB Index
2010-05-31,19312.0,FTSEMIB.MI,FTSE MIB Index
2010-06-30,21022.0,FTSEMIB.MI,FTSE MIB Index
2010-07-31,19735.0,FTSEMIB.MI,FTSE MIB Index
2010-08-31,20505.0,FTSEMIB.MI,FTSE MIB Index
2010-09-30,21451.0,FTSEMIB.MI,FTSE MIB Index
2010-10-31,19106.0,FTSEMIB.MI,FTSE MIB Index
2010-11-30,20173.0,FTSEMIB.MI,FTSE MIB Index
2010-12-31,22050.0,FTSEMIB.MI,FTSE MIB Index
2011-01-31,22467.0,FTSEMIB.MI,FTSE MIB Index
2011-02-28,21727.0,FTSEMIB.MI,FTSE MIB Index
2011-03-31,22418.0,FTSEMIB.MI,FTSE MIB Index
2011-04-30,21110.0,FTSEMIB.MI,FTSE MIB Index
2011-05-31,20187.0,FTSEMIB.MI,FTSE MIB Index
2011-06-30,18434.0,FTSEMIB.MI,FTSE MIB Index
2011-07-31,15563.0,FTSEMIB.MI,FTSE MIB Index
2011-08-31,14836.0,FTSEMIB.MI,FTSE MIB Index
2011-09-30,16018.0,FTSEMIB.MI,FTSE MIB Index
2011-10-31,15269.0,FTSEMIB.MI,FTSE MIB Index
2011-11-30,15090.0,FTSEMIB.MI,FTSE MIB Index
2011-12-31,15828.0,FTSEMIB.MI,FTSE MIB Index
2012-01-31,16351.0,FTSEMIB.MI,FTSE MIB Index
2012-02-29,15980.0,FTSEMIB.MI,FTSE MIB Index
2012-03-31,14592.0,FTSEMIB.MI,FTSE MIB Index
2012-04-30,12874.0,FTSEMIB.MI,FTSE MIB Index
2012-05-31,14274.0,FTSEMIB.MI,FTSE MIB Index
2012-06-30,13891.0,FTSEMIB.MI,FTSE MIB Index
2012-07-31,15101.0,FTSEMIB.MI,FTSE MIB Index
2012-08-31,15096.0,FTSEMIB.MI,FTSE MIB Index
2012-09-30,15540.0,FTSEMIB.MI,FTSE MIB Index
2012-10-31,15808.0,FTSEMIB.MI,FTSE MIB Index
2012-11-30,16273.0,FTSEMIB.MI,FTSE MIB Index
2012-12-31,17439.0,FTSEMIB.MI,FTSE MIB Index
2013-01-31,15921.0,FTSEMIB.MI,FTSE MIB Index
2013-02-28,15339.0,FTSEMIB.MI,FTSE MIB Index
2013-03-31,16768.0,FTSEMIB.MI,FTSE MIB Index
2013-04-30,17214.0,FTSEMIB.MI,FTSE MIB Index
2013-05-31,15239.0,FTSEMIB.MI,FTSE MIB Index
2013-06-30,16482.0,FTSEMIB.MI,FTSE MIB Index
2013-07-31,16682.0,FTSEMIB.MI,FTSE MIB Index
2013-08-31,17435.0,FTSEMIB.MI,FTSE MIB Index
2013-09-30,19352.0,FTSEMIB.MI,FTSE MIB Index
2013-10-31,19022.0,FTSEMIB.MI,FTSE MIB Index
2013-11-30,18968.0,FTSEMIB.MI,FTSE MIB Index
2013-12-31,19418.0,FTSEMIB.MI,FTSE MIB Index
2014-01-31,20442.0,FTSEMIB.MI,FTSE MIB Index
2014-02-28,21691.0,FTSEMIB.MI,FTSE MIB Index
2014-03-31,21783.0,FTSEMIB.MI,FTSE MIB Index
2014-04-30,21629.0,FTSEMIB.MI,FTSE MIB Index
2014-05-31,21283.0,FTSEMIB.MI,FTSE MIB Index
2014-06-30,20570.0,FTSEMIB.MI,FTSE MIB Index
2014-07-31,20450.0,FTSEMIB.MI,FTSE MIB Index
2014-08-31,20892.0,FTSEMIB.MI,FTSE MIB Index
2014-09-30,19783.0,FTSEMIB.MI,FTSE MIB Index
2014-10-31,20014.0,FTSEMIB.MI,FTSE MIB Index
2014-11-30,19012.0,FTSEMIB.MI,FTSE MIB Index
2014-12-31,20503.0,FTSEMIB.MI,FTSE MIB Index
2015-01-31,22338.0,FTSEMIB.MI,FTSE MIB Index
2015-02-28,23157.0,FTSEMIB.MI,FTSE MIB Index
2015-03-31,23046.0,FTSEMIB.MI,FTSE MIB Index
2015-04-30,23496.0,FTSEMIB.MI,FTSE MIB Index
2015-05-31,22461.0,FTSEMIB.MI,FTSE MIB Index
2015-06-30,23538.0,FTSEMIB.MI,FTSE MIB Index
2015-07-31,21942.0,FTSEMIB.MI,FTSE MIB Index
2015-08-31,21295.0,FTSEMIB.MI,FTSE MIB Index
2015-09-30,22443.0,FTSEMIB.MI,FTSE MIB Index
2015-10-31,22718.0,FTSEMIB.MI,FTSE MIB Index
2015-11-30,21418.0,FTSEMIB.MI,FTSE MIB Index
2015-12-31,18657.0,FTSEMIB.MI,FTSE MIB Index
2016-01-31,17623.0,FTSEMIB.MI,FTSE MIB Index
2016-02-29,18117.0,FTSEMIB.MI,FTSE MIB Index
2016-03-31,18601.0,FTSEMIB.MI,FTSE MIB Index
2016-04-30,18025.0,FTSEMIB.MI,FTSE MIB Index
2016-05-31,16198.0,FTSEMIB.MI,FTSE MIB Index
2016-06-30,16847.0,FTSEMIB.MI,FTSE MIB Index
2016-07-31,16943.0,FTSEMIB.MI,FTSE MIB Index
2016-08-31,16401.0,FTSEMIB.MI,FTSE MIB Index
2016-09-30,17125.0,FTSEMIB.MI,FTSE MIB Index
2016-10-31,16930.0,FTSEMIB.MI,FTSE MIB Index
2016-11-30,19235.0,FTSEMIB.MI,FTSE MIB Index
2016-12-31,18591.0,FTSEMIB.MI,FTSE MIB Index
2017-01-31,18913.0,FTSEMIB.MI,FTSE MIB Index
2017-02-28,20493.0,FTSEMIB.MI,FTSE MIB Index
2017-03-31,20609.0,FTSEMIB.MI,FTSE MIB Index
2017-04-30,20732.0,FTSEMIB.MI,FTSE MIB Index
2017-05-31,20584.0,FTSEMIB.MI,FTSE MIB Index
2017-06-30,21487.0,FTSEMIB.MI,FTSE MIB Index
2017-07-31,21670.0,FTSEMIB.MI,FTSE MIB Index
2017-08-31,22696.0,FTSEMIB.MI,FTSE MIB Index
2017-09-30,22794.0,FTSEMIB.MI,FTSE MIB Index
2017-10-31,22368.0,FTSEMIB.MI,FTSE MIB Index
2017-11-30,21853.0,FTSEMIB.MI,FTSE MIB Index
2017-12-31,23507.0,FTSEMIB.MI,FTSE MIB Index
2018-01-31,22608.0,FTSEMIB.MI,FTSE MIB Index
2018-02-28,22411.0,FTSEMIB.MI,FTSE MIB Index
2018-03-31,23979.0,FTSEMIB.MI,FTSE MIB Index
2018-04-30,21784.0,FTSEMIB.MI,FTSE MIB Index
2018-05-31,21626.0,FTSEMIB.MI,FTSE MIB Index
2018-06-30,22216.0,FTSEMIB.MI,FTSE MIB Index
2018-07-31,20269.0,FTSEMIB.MI,FTSE MIB Index
2018-08-31,20712.0,FTSEMIB.MI,FTSE MIB Index
2018-09-30,19050.0,FTSEMIB.MI,FTSE MIB Index
2018-10-31,19189.0,FTSEMIB.MI,FTSE MIB Index
2018-11-30,18324.0,FTSEMIB.MI,FTSE MIB Index
2018-12-31,19731.0,FTSEMIB.MI,FTSE MIB Index
2019-01-31,20659.0,FTSEMIB.MI,FTSE MIB Index
2019-02-28,21286.0,FTSEMIB.MI,FTSE MIB Index
2019-03-31,21881.0,FTSEMIB.MI,FTSE MIB Index
2019-04-30,19802.0,FTSEMIB.MI,FTSE MIB Index
2019-05-31,21235.0,FTSEMIB.MI,FTSE MIB Index
2019-06-30,21398.0,FTSEMIB.MI,FTSE MIB Index
2019-07-31,21323.0,FTSEMIB.MI,FTSE MIB Index
2019-08-31,22108.0,FTSEMIB.MI,FTSE MIB Index
2019-09-30,22694.0,FTSEMIB.MI,FTSE MIB Index
2019-10-31,23259.0,FTSEMIB.MI,FTSE MIB Index
2019-11-30,23506.0,FTSEMIB.MI,FTSE MIB Index
2019-12-31,23237.0,FTSEMIB.MI,FTSE MIB Index
2020-01-31,21984.0,FTSEMIB.MI,FTSE MIB Index
2020-02-29,17051.0,FTSEMIB.MI,FTSE MIB Index
2020-03-31,17690.0,FTSEMIB.MI,FTSE MIB Index
2020-04-30,18198.0,FTSEMIB.MI,FTSE MIB Index
2020-05-31,19376.0,FTSEMIB.MI,FTSE MIB Index
2020-06-30,19092.0,FTSEMIB.MI,FTSE MIB Index
2020-07-31,19634.0,FTSEMIB.MI,FTSE MIB Index
2020-08-31,19015.0,FTSEMIB.MI,FTSE MIB Index
2020-09-30,17943.0,FTSEMIB.MI,FTSE MIB Index
2020-10-31,22061.0,FTSEMIB.MI,FTSE MIB Index
2020-11-30,22233.0,FTSEMIB.MI,FTSE MIB Index
2020-12-31,21573.0,FTSEMIB.MI,FTSE MIB Index
2021-01-31,22849.0,FTSEMIB.MI,FTSE MIB Index
2021-02-28,24649.0,FTSEMIB.MI,FTSE MIB Index
2021-03-31,24141.0,FTSEMIB.MI,FTSE MIB Index
2021-04-30,25171.0,FTSEMIB.MI,FTSE MIB Index
2021-05-31,25102.0,FTSEMIB.MI,FTSE MIB Index
2021-06-30,25363.0,FTSEMIB.MI,FTSE MIB Index
2021-07-31,26009.0,FTSEMIB.MI,FTSE MIB Index
2021-08-31,25684.0,FTSEMIB.MI,FTSE MIB Index
2021-09-30,26876.0,FTSEMIB.MI,FTSE MIB Index
2021-10-31,25814.0,FTSEMIB.MI,FTSE MIB Index
2021-11-30,27347.0,FTSEMIB.MI,FTSE MIB Index
2021-12-31,26814.0,FTSEMIB.MI,FTSE MIB Index
2022-01-31,25416.0,FTSEMIB.MI,FTSE MIB Index
2022-02-28,25021.0,FTSEMIB.MI,FTSE MIB Index
2022-03-31,24252.0,FTSEMIB.MI,FTSE MIB Index
2022-04-30,24505.0,FTSEMIB.MI,FTSE MIB Index
2022-05-31,21294.0,FTSEMIB.MI,FTSE MIB Index
2022-06-30,22405.0,FTSEMIB.MI,FTSE MIB Index
2022-07-31,21559.0,FTSEMIB.MI,FTSE MIB Index
2022-08-31,20649.0,FTSEMIB.MI,FTSE MIB Index
2022-09-30,22652.0,FTSEMIB.MI,FTSE MIB Index
2022-10-31,24610.0,FTSEMIB.MI,FTSE MIB Index
2022-11-30,23707.0,FTSEMIB.MI,FTSE MIB Index
2022-12-31,26600.0,FTSEMIB.MI,FTSE MIB Index
2023-01-31,27478.0,FTSEMIB.MI,FTSE MIB Index
2023-02-28,27114.0,FTSEMIB.MI,FTSE MIB Index
2023-03-31,27077.0,FTSEMIB.MI,FTSE MIB Index
2023-04-30,26051.0,FTSEMIB.MI,FTSE MIB Index
2023-05-31,28231.0,FTSEMIB.MI,FTSE MIB Index
2023-06-30,29645.0,FTSEMIB.MI,FTSE MIB Index
2023-07-31,28832.0,FTSEMIB.MI,FTSE MIB Index
2023-08-31,28243.0,FTSEMIB.MI,FTSE MIB Index
2023-09-30,27742.0,FTSEMIB.MI,FTSE MIB Index
2023-10-31,29737.0,FTSEMIB.MI,FTSE MIB Index
2023-11-30,30352.0,FTSEMIB.MI,FTSE MIB Index
2023-12-31,30744.0,FTSEMIB.MI,FTSE MIB Index
2024-01-31,32581.0,FTSEMIB.MI,FTSE MIB Index
2024-02-29,34750.0,FTSEMIB.MI,FTSE MIB Index
2024-03-31,33747.0,FTSEMIB.MI,FTSE MIB Index
2024-04-30,34492.0,FTSEMIB.MI,FTSE MIB Index
2024-05-31,33154.0,FTSEMIB.MI,FTSE MIB Index
2024-06-30,33764.0,FTSEMIB.MI,FTSE MIB Index
2024-07-31,34373.0,FTSEMIB.MI,FTSE MIB Index
2024-08-31,34125.0,FTSEMIB.MI,FTSE MIB Index
2024-09-30,34281.0,FTSEMIB.MI,FTSE MIB Index
2024-10-31,33415.0,FTSEMIB.MI,FTSE MIB Index
2024-11-30,34186.0,FTSEMIB.MI,FTSE MIB Index
2024-12-31,36472.0,FTSEMIB.MI,FTSE MIB Index
2025-01-31,38655.0,FTSEMIB.MI,FTSE MIB Index
2025-02-28,38052.0,FTSEMIB.MI,FTSE MIB Index
2025-03-31,37605.0,FTSEMIB.MI,FTSE MIB Index
2025-04-30,40087.0,FTSEMIB.MI,FTSE MIB Index
2025-05-31,39792.0,FTSEMIB.MI,FTSE MIB Index
2025-06-30,40988.0,FTSEMIB.MI,FTSE MIB Index
2025-07-31,42196.0,FTSEMIB.MI,FTSE MIB Index
2025-08-31,42725.0,FTSEMIB.MI,FTSE MIB Index
2025-09-30,43175.0,FTSEMIB.MI,FTSE MIB Index
2025-10-31,43357.0,FTSEMIB.MI,FTSE MIB Index
2025-11-30,44945.0,FTSEMIB.MI,FTSE MIB Index
2025-12-31,45527.0,FTSEMIB.MI,FTSE MIB Index
2026-01-31,47210.0,FTSEMIB.MI,FTSE MIB Index
2026-02-28,44310.0,FTSEMIB.MI,FTSE MIB Index
2026-03-31,48246.0,FTSEMIB.MI,FTSE MIB Index
2026-04-30,50037.0,FTSEMIB.MI,FTSE MIB Index
2026-05-31,51682.0,FTSEMIB.MI,FTSE MIB Index
2026-06-30,52464.6484,FTSEMIB.MI,FTSE MIB Index
1987-11-30,1005.19,^GDAXI,DAX                           P
1987-12-31,936.0,^GDAXI,DAX                           P
1988-01-31,1083.34,^GDAXI,DAX                           P
1988-02-29,1062.33,^GDAXI,DAX                           P
1988-03-31,1049.17,^GDAXI,DAX                           P
1988-04-30,1075.66,^GDAXI,DAX                           P
1988-05-31,1133.8101,^GDAXI,DAX                           P
1988-06-30,1178.53,^GDAXI,DAX                           P
1988-07-31,1169.46,^GDAXI,DAX                           P
1988-08-31,1253.6801,^GDAXI,DAX                           P
1988-09-30,1308.25,^GDAXI,DAX                           P
1988-10-31,1273.76,^GDAXI,DAX                           P
1988-11-30,1330.23,^GDAXI,DAX                           P
1988-12-31,1324.34,^GDAXI,DAX                           P
1989-01-31,1289.79,^GDAXI,DAX                           P
1989-02-28,1319.88,^GDAXI,DAX                           P
1989-03-31,1374.04,^GDAXI,DAX                           P
1989-04-30,1407.05,^GDAXI,DAX                           P
1989-05-31,1477.22,^GDAXI,DAX                           P
1989-06-30,1548.6801,^GDAXI,DAX                           P
1989-07-31,1594.7,^GDAXI,DAX                           P
1989-08-31,1570.64,^GDAXI,DAX                           P
1989-09-30,1464.87,^GDAXI,DAX                           P
1989-10-31,1556.41,^GDAXI,DAX                           P
1989-11-30,1778.12,^GDAXI,DAX                           P
1989-12-31,1821.21,^GDAXI,DAX                           P
1990-01-31,1806.63,^GDAXI,DAX                           P
1990-02-28,1966.75,^GDAXI,DAX                           P
1990-03-31,1812.91,^GDAXI,DAX                           P
1990-04-30,1836.6899,^GDAXI,DAX                           P
1990-05-31,1884.67,^GDAXI,DAX                           P
1990-06-30,1922.92,^GDAXI,DAX                           P
1990-07-31,1622.01,^GDAXI,DAX                           P
1990-08-31,1327.98,^GDAXI,DAX                           P
1990-09-30,1434.5,^GDAXI,DAX                           P
1990-10-31,1436.5699,^GDAXI,DAX                           P
1990-11-30,1389.35,^GDAXI,DAX                           P
1990-12-31,1421.16,^GDAXI,DAX                           P
1991-01-31,1564.45,^GDAXI,DAX                           P
1991-02-28,1515.3199,^GDAXI,DAX                           P
1991-03-31,1606.87,^GDAXI,DAX                           P
1991-04-30,1707.96,^GDAXI,DAX                           P
1991-05-31,1623.73,^GDAXI,DAX                           P
1991-06-30,1619.29,^GDAXI,DAX                           P
1991-07-31,1649.88,^GDAXI,DAX                           P
1991-08-31,1605.47,^GDAXI,DAX                           P
1991-09-30,1579.77,^GDAXI,DAX                           P
1991-10-31,1571.0601,^GDAXI,DAX                           P
1991-11-30,1577.26,^GDAXI,DAX                           P
1991-12-31,1685.7,^GDAXI,DAX                           P
1992-01-31,1746.76,^GDAXI,DAX                           P
1992-02-29,1718.35,^GDAXI,DAX                           P
1992-03-31,1728.09,^GDAXI,DAX                           P
1992-04-30,1806.36,^GDAXI,DAX                           P
1992-05-31,1754.95,^GDAXI,DAX                           P
1992-06-30,1608.49,^GDAXI,DAX                           P
1992-07-31,1529.97,^GDAXI,DAX                           P
1992-08-31,1470.09,^GDAXI,DAX                           P
1992-09-30,1489.6801,^GDAXI,DAX                           P
1992-10-31,1545.12,^GDAXI,DAX                           P
1992-11-30,1538.4301,^GDAXI,DAX                           P
1992-12-31,1574.04,^GDAXI,DAX                           P
1993-01-31,1680.02,^GDAXI,DAX                           P
1993-02-28,1676.84,^GDAXI,DAX                           P
1993-03-31,1626.83,^GDAXI,DAX                           P
1993-04-30,1627.21,^GDAXI,DAX                           P
1993-05-31,1700.9301,^GDAXI,DAX                           P
1993-06-30,1823.0699,^GDAXI,DAX                           P
1993-07-31,1931.88,^GDAXI,DAX                           P
1993-08-31,1910.23,^GDAXI,DAX                           P
1993-09-30,2064.98,^GDAXI,DAX                           P
1993-10-31,2052.9199,^GDAXI,DAX                           P
1993-11-30,2255.29,^GDAXI,DAX                           P
1993-12-31,2192.6001,^GDAXI,DAX                           P
1994-01-31,2103.24,^GDAXI,DAX                           P
1994-02-28,2142.8799,^GDAXI,DAX                           P
1994-03-31,2252.51,^GDAXI,DAX                           P
1994-04-30,2137.3401,^GDAXI,DAX                           P
1994-05-31,2020.85,^GDAXI,DAX                           P
1994-06-30,2152.1899,^GDAXI,DAX                           P
1994-07-31,2207.0901,^GDAXI,DAX                           P
1994-08-31,2002.3,^GDAXI,DAX                           P
1994-09-30,2061.5801,^GDAXI,DAX                           P
1994-10-31,2057.28,^GDAXI,DAX                           P
1994-11-30,2097.51,^GDAXI,DAX                           P
1994-12-31,2024.8199,^GDAXI,DAX                           P
1995-01-31,2097.8501,^GDAXI,DAX                           P
1995-02-28,1914.6899,^GDAXI,DAX                           P
1995-03-31,2017.95,^GDAXI,DAX                           P
1995-04-30,2099.95,^GDAXI,DAX                           P
1995-05-31,2089.04,^GDAXI,DAX                           P
1995-06-30,2222.51,^GDAXI,DAX                           P
1995-07-31,2234.23,^GDAXI,DAX                           P
1995-08-31,2201.27,^GDAXI,DAX                           P
1995-09-30,2165.76,^GDAXI,DAX                           P
1995-10-31,2254.95,^GDAXI,DAX                           P
1995-11-30,2260.6899,^GDAXI,DAX                           P
1995-12-31,2463.0,^GDAXI,DAX                           P
1996-01-31,2485.1799,^GDAXI,DAX                           P
1996-02-29,2489.3501,^GDAXI,DAX                           P
1996-03-31,2492.6299,^GDAXI,DAX                           P
1996-04-30,2523.8101,^GDAXI,DAX                           P
1996-05-31,2570.4399,^GDAXI,DAX                           P
1996-06-30,2491.5,^GDAXI,DAX                           P
1996-07-31,2534.49,^GDAXI,DAX                           P
1996-08-31,2655.49,^GDAXI,DAX                           P
1996-09-30,2671.3999,^GDAXI,DAX                           P
1996-10-31,2848.8401,^GDAXI,DAX                           P
1996-11-30,2880.0701,^GDAXI,DAX                           P
1996-12-31,3037.7,^GDAXI,DAX                           P
1997-01-31,3261.04,^GDAXI,DAX                           P
1997-02-28,3407.8301,^GDAXI,DAX                           P
1997-03-31,3438.0901,^GDAXI,DAX                           P
1997-04-30,3562.73,^GDAXI,DAX                           P
1997-05-31,3766.8899,^GDAXI,DAX                           P
1997-06-30,4405.52,^GDAXI,DAX                           P
1997-07-31,3919.79,^GDAXI,DAX                           P
1997-08-31,4154.8901,^GDAXI,DAX                           P
1997-09-30,3753.6599,^GDAXI,DAX                           P
1997-10-31,3972.0801,^GDAXI,DAX                           P
1997-11-30,4224.2998,^GDAXI,DAX                           P
1997-12-31,4442.5298,^GDAXI,DAX                           P
1998-01-31,4693.8599,^GDAXI,DAX                           P
1998-02-28,5097.25,^GDAXI,DAX                           P
1998-03-31,5241.23,^GDAXI,DAX                           P
1998-04-30,5556.9902,^GDAXI,DAX                           P
1998-05-31,5841.8301,^GDAXI,DAX                           P
1998-06-30,5861.1899,^GDAXI,DAX                           P
1998-07-31,4811.2798,^GDAXI,DAX                           P
1998-08-31,4430.9102,^GDAXI,DAX                           P
1998-09-30,4690.9902,^GDAXI,DAX                           P
1998-10-31,5026.1401,^GDAXI,DAX                           P
1998-11-30,5006.5698,^GDAXI,DAX                           P
1998-12-31,5180.29,^GDAXI,DAX                           P
1999-01-31,4903.96,^GDAXI,DAX                           P
1999-02-28,4865.27,^GDAXI,DAX                           P
1999-03-31,5360.4399,^GDAXI,DAX                           P
1999-04-30,5068.5898,^GDAXI,DAX                           P
1999-05-31,5378.52,^GDAXI,DAX                           P
1999-06-30,5101.8701,^GDAXI,DAX                           P
1999-07-31,5270.77,^GDAXI,DAX                           P
1999-08-31,5149.8301,^GDAXI,DAX                           P
1999-09-30,5525.3999,^GDAXI,DAX                           P
1999-10-31,5896.04,^GDAXI,DAX                           P
1999-11-30,6958.1401,^GDAXI,DAX                           P
1999-12-31,6835.6001,^GDAXI,DAX                           P
2000-01-31,7644.5498,^GDAXI,DAX                           P
2000-02-29,7599.3901,^GDAXI,DAX                           P
2000-03-31,7414.6802,^GDAXI,DAX                           P
2000-04-30,7109.6699,^GDAXI,DAX                           P
2000-05-31,6898.21,^GDAXI,DAX                           P
2000-06-30,7190.3701,^GDAXI,DAX                           P
2000-07-31,7216.4502,^GDAXI,DAX                           P
2000-08-31,6798.1201,^GDAXI,DAX                           P
2000-09-30,7077.4399,^GDAXI,DAX                           P
2000-10-31,6372.3301,^GDAXI,DAX                           P
2000-11-30,6433.6099,^GDAXI,DAX                           P
2000-12-31,6795.1401,^GDAXI,DAX                           P
2001-01-31,6208.2402,^GDAXI,DAX                           P
2001-02-28,5829.9502,^GDAXI,DAX                           P
2001-03-31,6264.5098,^GDAXI,DAX                           P
2001-04-30,6123.2598,^GDAXI,DAX                           P
2001-05-31,6058.3799,^GDAXI,DAX                           P
2001-06-30,5861.1899,^GDAXI,DAX                           P
2001-07-31,5188.1699,^GDAXI,DAX                           P
2001-08-31,4308.1499,^GDAXI,DAX                           P
2001-09-30,4559.1299,^GDAXI,DAX                           P
2001-10-31,4989.9102,^GDAXI,DAX                           P
2001-11-30,5160.1001,^GDAXI,DAX                           P
2001-12-31,5107.6099,^GDAXI,DAX                           P
2002-01-31,5039.0801,^GDAXI,DAX                           P
2002-02-28,5397.29,^GDAXI,DAX                           P
2002-03-31,5041.2002,^GDAXI,DAX                           P
2002-04-30,4818.2998,^GDAXI,DAX                           P
2002-05-31,4382.5601,^GDAXI,DAX                           P
2002-06-30,3700.1399,^GDAXI,DAX                           P
2002-07-31,3712.9399,^GDAXI,DAX                           P
2002-08-31,2769.03,^GDAXI,DAX                           P
2002-09-30,3152.8501,^GDAXI,DAX                           P
2002-10-31,3320.3201,^GDAXI,DAX                           P
2002-11-30,2892.6299,^GDAXI,DAX                           P
2002-12-31,2747.8301,^GDAXI,DAX                           P
2003-01-31,2547.05,^GDAXI,DAX                           P
2003-02-28,2423.8701,^GDAXI,DAX                           P
2003-03-31,2942.04,^GDAXI,DAX                           P
2003-04-30,2982.6799,^GDAXI,DAX                           P
2003-05-31,3220.5801,^GDAXI,DAX                           P
2003-06-30,3487.8601,^GDAXI,DAX                           P
2003-07-31,3484.5801,^GDAXI,DAX                           P
2003-08-31,3256.78,^GDAXI,DAX                           P
2003-09-30,3655.99,^GDAXI,DAX                           P
2003-10-31,3745.95,^GDAXI,DAX                           P
2003-11-30,3965.1599,^GDAXI,DAX                           P
2003-12-31,4058.6001,^GDAXI,DAX                           P
2004-01-31,4018.1599,^GDAXI,DAX                           P
2004-02-29,3856.7,^GDAXI,DAX                           P
2004-03-31,3985.21,^GDAXI,DAX                           P
2004-04-30,3921.4099,^GDAXI,DAX                           P
2004-05-31,4052.73,^GDAXI,DAX                           P
2004-06-30,3895.6101,^GDAXI,DAX                           P
2004-07-31,3785.21,^GDAXI,DAX                           P
2004-08-31,3892.8999,^GDAXI,DAX                           P
2004-09-30,3960.25,^GDAXI,DAX                           P
2004-10-31,4126.0,^GDAXI,DAX                           P
2004-11-30,4256.0801,^GDAXI,DAX                           P
2004-12-31,4254.8501,^GDAXI,DAX                           P
2005-01-31,4350.4902,^GDAXI,DAX                           P
2005-02-28,4348.77,^GDAXI,DAX                           P
2005-03-31,4184.8398,^GDAXI,DAX                           P
2005-04-30,4460.6299,^GDAXI,DAX                           P
2005-05-31,4586.2798,^GDAXI,DAX                           P
2005-06-30,4886.5,^GDAXI,DAX                           P
2005-07-31,4829.6899,^GDAXI,DAX                           P
2005-08-31,5044.1201,^GDAXI,DAX                           P
2005-09-30,4929.0698,^GDAXI,DAX                           P
2005-10-31,5193.3999,^GDAXI,DAX                           P
2005-11-30,5408.2598,^GDAXI,DAX                           P
2005-12-31,5674.1499,^GDAXI,DAX                           P
2006-01-31,5796.04,^GDAXI,DAX                           P
2006-02-28,5970.0801,^GDAXI,DAX                           P
2006-03-31,6009.8901,^GDAXI,DAX                           P
2006-04-30,5692.8599,^GDAXI,DAX                           P
2006-05-31,5683.3101,^GDAXI,DAX                           P
2006-06-30,5681.9702,^GDAXI,DAX                           P
2006-07-31,5859.5698,^GDAXI,DAX                           P
2006-08-31,6004.3301,^GDAXI,DAX                           P
2006-09-30,6268.9199,^GDAXI,DAX                           P
2006-10-31,6309.1899,^GDAXI,DAX                           P
2006-11-30,6596.9199,^GDAXI,DAX                           P
2006-12-31,6789.1099,^GDAXI,DAX                           P
2007-01-31,6715.4399,^GDAXI,DAX                           P
2007-02-28,6917.0298,^GDAXI,DAX                           P
2007-03-31,7408.8701,^GDAXI,DAX                           P
2007-04-30,7883.04,^GDAXI,DAX                           P
2007-05-31,8007.3198,^GDAXI,DAX                           P
2007-06-30,7584.1401,^GDAXI,DAX                           P
2007-07-31,7638.1699,^GDAXI,DAX                           P
2007-08-31,7861.5098,^GDAXI,DAX                           P
2007-09-30,8019.2202,^GDAXI,DAX                           P
2007-10-31,7870.52,^GDAXI,DAX                           P
2007-11-30,8067.3198,^GDAXI,DAX                           P
2007-12-31,6851.75,^GDAXI,DAX                           P
2008-01-31,6748.1299,^GDAXI,DAX                           P
2008-02-29,6534.9702,^GDAXI,DAX                           P
2008-03-31,6948.8198,^GDAXI,DAX                           P
2008-04-30,7096.79,^GDAXI,DAX                           P
2008-05-31,6418.3198,^GDAXI,DAX                           P
2008-06-30,6479.5601,^GDAXI,DAX                           P
2008-07-31,6422.2998,^GDAXI,DAX                           P
2008-08-31,5831.02,^GDAXI,DAX                           P
2008-09-30,4987.9702,^GDAXI,DAX                           P
2008-10-31,4669.4399,^GDAXI,DAX                           P
2008-11-30,4810.2002,^GDAXI,DAX                           P
2008-12-31,4338.3501,^GDAXI,DAX                           P
2009-01-31,3843.74,^GDAXI,DAX                           P
2009-02-28,4084.76,^GDAXI,DAX                           P
2009-03-31,4769.4502,^GDAXI,DAX                           P
2009-04-30,4940.8198,^GDAXI,DAX                           P
2009-05-31,4808.6401,^GDAXI,DAX                           P
2009-06-30,5332.1401,^GDAXI,DAX                           P
2009-07-31,5464.6099,^GDAXI,DAX                           P
2009-08-31,5675.1602,^GDAXI,DAX                           P
2009-09-30,5414.96,^GDAXI,DAX                           P
2009-10-31,5625.9502,^GDAXI,DAX                           P
2009-11-30,5957.4302,^GDAXI,DAX                           P
2009-12-31,5608.79,^GDAXI,DAX                           P
2010-01-31,5598.46,^GDAXI,DAX                           P
2010-02-28,6153.5498,^GDAXI,DAX                           P
2010-03-31,6135.7002,^GDAXI,DAX                           P
2010-04-30,5964.3301,^GDAXI,DAX                           P
2010-05-31,5965.52,^GDAXI,DAX                           P
2010-06-30,6147.9702,^GDAXI,DAX                           P
2010-07-31,5925.2202,^GDAXI,DAX                           P
2010-08-31,6229.02,^GDAXI,DAX                           P
2010-09-30,6601.3701,^GDAXI,DAX                           P
2010-10-31,6688.4902,^GDAXI,DAX                           P
2010-11-30,6914.1899,^GDAXI,DAX                           P
2010-12-31,7077.48,^GDAXI,DAX                           P
2011-01-31,7272.3198,^GDAXI,DAX                           P
2011-02-28,7041.3101,^GDAXI,DAX                           P
2011-03-31,7514.46,^GDAXI,DAX                           P
2011-04-30,7293.6899,^GDAXI,DAX                           P
2011-05-31,7376.2402,^GDAXI,DAX                           P
2011-06-30,7158.77,^GDAXI,DAX                           P
2011-07-31,5784.8501,^GDAXI,DAX                           P
2011-08-31,5502.02,^GDAXI,DAX                           P
2011-09-30,6141.3398,^GDAXI,DAX                           P
2011-10-31,6088.8398,^GDAXI,DAX                           P
2011-11-30,5898.3501,^GDAXI,DAX                           P
2011-12-31,6458.9102,^GDAXI,DAX                           P
2012-01-31,6856.0801,^GDAXI,DAX                           P
2012-02-29,6946.8301,^GDAXI,DAX                           P
2012-03-31,6761.1899,^GDAXI,DAX                           P
2012-04-30,6264.3799,^GDAXI,DAX                           P
2012-05-31,6416.2798,^GDAXI,DAX                           P
2012-06-30,6772.2598,^GDAXI,DAX                           P
2012-07-31,6970.79,^GDAXI,DAX                           P
2012-08-31,7216.1499,^GDAXI,DAX                           P
2012-09-30,7260.6299,^GDAXI,DAX                           P
2012-10-31,7405.5,^GDAXI,DAX                           P
2012-11-30,7612.3901,^GDAXI,DAX                           P
2012-12-31,7776.0498,^GDAXI,DAX                           P
2013-01-31,7741.7002,^GDAXI,DAX                           P
2013-02-28,7795.3101,^GDAXI,DAX                           P
2013-03-31,7913.71,^GDAXI,DAX                           P
2013-04-30,8348.8398,^GDAXI,DAX                           P
2013-05-31,7959.2202,^GDAXI,DAX                           P
2013-06-30,8275.9697,^GDAXI,DAX                           P
2013-07-31,8103.1499,^GDAXI,DAX                           P
2013-08-31,8594.4004,^GDAXI,DAX                           P
2013-09-30,9033.9199,^GDAXI,DAX                           P
2013-10-31,9405.2998,^GDAXI,DAX                           P
2013-11-30,9552.1602,^GDAXI,DAX                           P
2013-12-31,9306.4805,^GDAXI,DAX                           P
2014-01-31,9692.0801,^GDAXI,DAX                           P
2014-02-28,9555.9102,^GDAXI,DAX                           P
2014-03-31,9603.2305,^GDAXI,DAX                           P
2014-04-30,9943.2695,^GDAXI,DAX                           P
2014-05-31,9833.0703,^GDAXI,DAX                           P
2014-06-30,9407.4805,^GDAXI,DAX                           P
2014-07-31,9470.1699,^GDAXI,DAX                           P
2014-08-31,9474.2998,^GDAXI,DAX                           P
2014-09-30,9326.8701,^GDAXI,DAX                           P
2014-10-31,9980.8496,^GDAXI,DAX                           P
2014-11-30,9805.5498,^GDAXI,DAX                           P
2014-12-31,10694.3203,^GDAXI,DAX                           P
2015-01-31,11401.6602,^GDAXI,DAX                           P
2015-02-28,11966.1699,^GDAXI,DAX                           P
2015-03-31,11454.3799,^GDAXI,DAX                           P
2015-04-30,11413.8203,^GDAXI,DAX                           P
2015-05-31,10944.9697,^GDAXI,DAX                           P
2015-06-30,11308.9902,^GDAXI,DAX                           P
2015-07-31,10259.46,^GDAXI,DAX                           P
2015-08-31,9660.4404,^GDAXI,DAX                           P
2015-09-30,10850.1396,^GDAXI,DAX                           P
2015-10-31,11382.2305,^GDAXI,DAX                           P
2015-11-30,10743.0098,^GDAXI,DAX                           P
2015-12-31,9798.1104,^GDAXI,DAX                           P
2016-01-31,9495.4004,^GDAXI,DAX                           P
2016-02-29,9965.5098,^GDAXI,DAX                           P
2016-03-31,10038.9697,^GDAXI,DAX                           P
2016-04-30,10262.7402,^GDAXI,DAX                           P
2016-05-31,9680.0898,^GDAXI,DAX                           P
2016-06-30,10337.5,^GDAXI,DAX                           P
2016-07-31,10592.6904,^GDAXI,DAX                           P
2016-08-31,10511.0195,^GDAXI,DAX                           P
2016-09-30,10665.0098,^GDAXI,DAX                           P
2016-10-31,10640.2998,^GDAXI,DAX                           P
2016-11-30,11481.0596,^GDAXI,DAX                           P
2016-12-31,11535.3096,^GDAXI,DAX                           P
2017-01-31,11834.4102,^GDAXI,DAX                           P
2017-02-28,12312.8701,^GDAXI,DAX                           P
2017-03-31,12438.0098,^GDAXI,DAX                           P
2017-04-30,12615.0596,^GDAXI,DAX                           P
2017-05-31,12325.1201,^GDAXI,DAX                           P
2017-06-30,12118.25,^GDAXI,DAX                           P
2017-07-31,12055.8398,^GDAXI,DAX                           P
2017-08-31,12828.8604,^GDAXI,DAX                           P
2017-09-30,13229.5703,^GDAXI,DAX                           P
2017-10-31,13023.9805,^GDAXI,DAX                           P
2017-11-30,12917.6396,^GDAXI,DAX                           P
2017-12-31,13189.4805,^GDAXI,DAX                           P
2018-01-31,12435.8496,^GDAXI,DAX                           P
2018-02-28,12096.7305,^GDAXI,DAX                           P
2018-03-31,12612.1104,^GDAXI,DAX                           P
2018-04-30,12604.8896,^GDAXI,DAX                           P
2018-05-31,12306.0,^GDAXI,DAX                           P
2018-06-30,12805.5,^GDAXI,DAX                           P
2018-07-31,12364.0596,^GDAXI,DAX                           P
2018-08-31,12246.7305,^GDAXI,DAX                           P
2018-09-30,11447.5098,^GDAXI,DAX                           P
2018-10-31,11257.2402,^GDAXI,DAX                           P
2018-11-30,10558.96,^GDAXI,DAX                           P
2018-12-31,11173.0996,^GDAXI,DAX                           P
2019-01-31,11515.6396,^GDAXI,DAX                           P
2019-02-28,11526.04,^GDAXI,DAX                           P
2019-03-31,12344.0801,^GDAXI,DAX                           P
2019-04-30,11726.8398,^GDAXI,DAX                           P
2019-05-31,12398.7998,^GDAXI,DAX                           P
2019-06-30,12189.04,^GDAXI,DAX                           P
2019-07-31,11939.2803,^GDAXI,DAX                           P
2019-08-31,12428.0801,^GDAXI,DAX                           P
2019-09-30,12866.79,^GDAXI,DAX                           P
2019-10-31,13236.3799,^GDAXI,DAX                           P
2019-11-30,13249.0098,^GDAXI,DAX                           P
2019-12-31,12981.9697,^GDAXI,DAX                           P
2020-01-31,11890.3496,^GDAXI,DAX                           P
2020-02-29,9935.8398,^GDAXI,DAX                           P
2020-03-31,10861.6396,^GDAXI,DAX                           P
2020-04-30,11586.8496,^GDAXI,DAX                           P
2020-05-31,12310.9297,^GDAXI,DAX                           P
2020-06-30,12313.3604,^GDAXI,DAX                           P
2020-07-31,12945.3799,^GDAXI,DAX                           P
2020-08-31,12760.7305,^GDAXI,DAX                           P
2020-09-30,11556.4805,^GDAXI,DAX                           P
2020-10-31,13291.1602,^GDAXI,DAX                           P
2020-11-30,13718.7803,^GDAXI,DAX                           P
2020-12-31,13432.8701,^GDAXI,DAX                           P
2021-01-31,13786.29,^GDAXI,DAX                           P
2021-02-28,15008.3398,^GDAXI,DAX                           P
2021-03-31,15135.9102,^GDAXI,DAX                           P
2021-04-30,15421.1299,^GDAXI,DAX                           P
2021-05-31,15531.04,^GDAXI,DAX                           P
2021-06-30,15544.3896,^GDAXI,DAX                           P
2021-07-31,15835.0898,^GDAXI,DAX                           P
2021-08-31,15260.6904,^GDAXI,DAX                           P
2021-09-30,15688.7695,^GDAXI,DAX                           P
2021-10-31,15100.1299,^GDAXI,DAX                           P
2021-11-30,15884.8604,^GDAXI,DAX                           P
2021-12-31,15471.2002,^GDAXI,DAX                           P
2022-01-31,14461.0195,^GDAXI,DAX                           P
2022-02-28,14414.75,^GDAXI,DAX                           P
2022-03-31,14097.8799,^GDAXI,DAX                           P
2022-04-30,14388.3496,^GDAXI,DAX                           P
2022-05-31,12783.7695,^GDAXI,DAX                           P
2022-06-30,13484.0498,^GDAXI,DAX                           P
2022-07-31,12834.96,^GDAXI,DAX                           P
2022-08-31,12114.3604,^GDAXI,DAX                           P
2022-09-30,13253.7402,^GDAXI,DAX                           P
2022-10-31,14397.04,^GDAXI,DAX                           P
2022-11-30,13923.5898,^GDAXI,DAX                           P
2022-12-31,15128.2695,^GDAXI,DAX                           P
2023-01-31,15365.1396,^GDAXI,DAX                           P
2023-02-28,15628.8398,^GDAXI,DAX                           P
2023-03-31,15922.3799,^GDAXI,DAX                           P
2023-04-30,15664.0195,^GDAXI,DAX                           P
2023-05-31,16147.9004,^GDAXI,DAX                           P
2023-06-30,16446.8301,^GDAXI,DAX                           P
2023-07-31,15947.0801,^GDAXI,DAX                           P
2023-08-31,15386.5801,^GDAXI,DAX                           P
2023-09-30,14810.3398,^GDAXI,DAX                           P
2023-10-31,16215.4297,^GDAXI,DAX                           P
2023-11-30,16751.6406,^GDAXI,DAX                           P
2023-12-31,16903.7598,^GDAXI,DAX                           P
2024-01-31,17678.1895,^GDAXI,DAX                           P
2024-02-29,18492.4902,^GDAXI,DAX                           P
2024-03-31,17932.1699,^GDAXI,DAX                           P
2024-04-30,18497.9395,^GDAXI,DAX                           P
2024-05-31,18235.4492,^GDAXI,DAX                           P
2024-06-30,18508.6504,^GDAXI,DAX                           P
2024-07-31,18906.9199,^GDAXI,DAX                           P
2024-08-31,19324.9297,^GDAXI,DAX                           P
2024-09-30,19077.5391,^GDAXI,DAX                           P
2024-10-31,19626.4492,^GDAXI,DAX                           P
2024-11-30,19909.1406,^GDAXI,DAX                           P
2024-12-31,21732.0508,^GDAXI,DAX                           P
2025-01-31,22551.4297,^GDAXI,DAX                           P
2025-02-28,22163.4902,^GDAXI,DAX                           P
2025-03-31,22496.9805,^GDAXI,DAX                           P
2025-04-30,23997.4805,^GDAXI,DAX                           P
2025-05-31,23909.6094,^GDAXI,DAX                           P
2025-06-30,24065.4707,^GDAXI,DAX                           P
2025-07-31,23902.2109,^GDAXI,DAX                           P
2025-08-31,23880.7207,^GDAXI,DAX                           P
2025-09-30,23958.3008,^GDAXI,DAX                           P
2025-10-31,23836.7891,^GDAXI,DAX                           P
2025-11-30,24490.4102,^GDAXI,DAX                           P
2025-12-31,24538.8105,^GDAXI,DAX                           P
2026-01-31,25284.2598,^GDAXI,DAX                           P
2026-02-28,22680.0391,^GDAXI,DAX                           P
2026-03-31,24292.3809,^GDAXI,DAX                           P
2026-04-30,25104.6992,^GDAXI,DAX                           P
2026-05-31,24995.8105,^GDAXI,DAX                           P
2026-06-30,25332.1992,^GDAXI,DAX                           P
1985-01-01,179.63,^GSPC,S&P 500
1985-02-01,181.18,^GSPC,S&P 500
1985-03-01,180.66,^GSPC,S&P 500
1985-04-01,179.83,^GSPC,S&P 500
1985-05-01,189.55,^GSPC,S&P 500
1985-06-01,191.85,^GSPC,S&P 500
1985-07-01,190.92,^GSPC,S&P 500
1985-08-01,188.63,^GSPC,S&P 500
1985-09-01,182.08,^GSPC,S&P 500
1985-10-01,189.82,^GSPC,S&P 500
1985-11-01,202.17,^GSPC,S&P 500
1985-12-01,211.28,^GSPC,S&P 500
1986-01-01,211.78,^GSPC,S&P 500
1986-02-01,226.92,^GSPC,S&P 500
1986-03-01,238.9,^GSPC,S&P 500
1986-04-01,235.52,^GSPC,S&P 500
1986-05-01,247.35,^GSPC,S&P 500
1986-06-01,250.84,^GSPC,S&P 500
1986-07-01,236.12,^GSPC,S&P 500
1986-08-01,252.93,^GSPC,S&P 500
1986-09-01,231.32,^GSPC,S&P 500
1986-10-01,243.98,^GSPC,S&P 500
1986-11-01,249.22,^GSPC,S&P 500
1986-12-01,242.17,^GSPC,S&P 500
1987-01-01,274.08,^GSPC,S&P 500
1987-02-01,284.2,^GSPC,S&P 500
1987-03-01,291.7,^GSPC,S&P 500
1987-04-01,288.36,^GSPC,S&P 500
1987-05-01,290.1,^GSPC,S&P 500
1987-06-01,304.0,^GSPC,S&P 500
1987-07-01,318.66,^GSPC,S&P 500
1987-08-01,329.8,^GSPC,S&P 500
1987-09-01,321.83,^GSPC,S&P 500
1987-10-01,251.79,^GSPC,S&P 500
1987-11-01,230.3,^GSPC,S&P 500
1987-12-01,247.08,^GSPC,S&P 500
1988-01-01,257.07,^GSPC,S&P 500
1988-02-01,267.82,^GSPC,S&P 500
1988-03-01,258.89,^GSPC,S&P 500
1988-04-01,261.33,^GSPC,S&P 500
1988-05-01,262.16,^GSPC,S&P 500
1988-06-01,273.5,^GSPC,S&P 500
1988-07-01,272.02,^GSPC,S&P 500
1988-08-01,261.52,^GSPC,S&P 500
1988-09-01,271.91,^GSPC,S&P 500
1988-10-01,278.97,^GSPC,S&P 500
1988-11-01,273.7,^GSPC,S&P 500
1988-12-01,277.72,^GSPC,S&P 500
1989-01-01,297.47,^GSPC,S&P 500
1989-02-01,288.86,^GSPC,S&P 500
1989-03-01,294.87,^GSPC,S&P 500
1989-04-01,309.64,^GSPC,S&P 500
1989-05-01,320.52,^GSPC,S&P 500
1989-06-01,317.98,^GSPC,S&P 500
1989-07-01,346.08,^GSPC,S&P 500
1989-08-01,351.45,^GSPC,S&P 500
1989-09-01,349.15,^GSPC,S&P 500
1989-10-01,340.36,^GSPC,S&P 500
1989-11-01,345.99,^GSPC,S&P 500
1989-12-01,353.4,^GSPC,S&P 500
1990-01-01,329.08,^GSPC,S&P 500
1990-02-01,331.89,^GSPC,S&P 500
1990-03-01,339.94,^GSPC,S&P 500
1990-04-01,330.8,^GSPC,S&P 500
1990-05-01,361.23,^GSPC,S&P 500
1990-06-01,358.02,^GSPC,S&P 500
1990-07-01,356.15,^GSPC,S&P 500
1990-08-01,322.56,^GSPC,S&P 500
1990-09-01,306.05,^GSPC,S&P 500
1990-10-01,304.0,^GSPC,S&P 500
1990-11-01,322.22,^GSPC,S&P 500
1990-12-01,330.22,^GSPC,S&P 500
1991-01-01,343.93,^GSPC,S&P 500
1991-02-01,367.07,^GSPC,S&P 500
1991-03-01,375.22,^GSPC,S&P 500
1991-04-01,375.34,^GSPC,S&P 500
1991-05-01,389.83,^GSPC,S&P 500
1991-06-01,371.16,^GSPC,S&P 500
1991-07-01,387.81,^GSPC,S&P 500
1991-08-01,395.43,^GSPC,S&P 500
1991-09-01,387.86,^GSPC,S&P 500
1991-10-01,392.45,^GSPC,S&P 500
1991-11-01,375.22,^GSPC,S&P 500
1991-12-01,417.09,^GSPC,S&P 500
1992-01-01,408.78,^GSPC,S&P 500
1992-02-01,412.7,^GSPC,S&P 500
1992-03-01,403.69,^GSPC,S&P 500
1992-04-01,414.95,^GSPC,S&P 500
1992-05-01,415.35,^GSPC,S&P 500
1992-06-01,408.14,^GSPC,S&P 500
1992-07-01,424.21,^GSPC,S&P 500
1992-08-01,414.03,^GSPC,S&P 500
1992-09-01,417.8,^GSPC,S&P 500
1992-10-01,418.68,^GSPC,S&P 500
1992-11-01,431.35,^GSPC,S&P 500
1992-12-01,435.71,^GSPC,S&P 500
1993-01-01,438.78,^GSPC,S&P 500
1993-02-01,443.38,^GSPC,S&P 500
1993-03-01,451.67,^GSPC,S&P 500
1993-04-01,440.19,^GSPC,S&P 500
1993-05-01,450.19,^GSPC,S&P 500
1993-06-01,450.53,^GSPC,S&P 500
1993-07-01,448.13,^GSPC,S&P 500
1993-08-01,463.56,^GSPC,S&P 500
1993-09-01,458.93,^GSPC,S&P 500
1993-10-01,467.83,^GSPC,S&P 500
1993-11-01,461.79,^GSPC,S&P 500
1993-12-01,466.45,^GSPC,S&P 500
1994-01-01,481.61,^GSPC,S&P 500
1994-02-01,467.14,^GSPC,S&P 500
1994-03-01,445.77,^GSPC,S&P 500
1994-04-01,450.91,^GSPC,S&P 500
1994-05-01,456.5,^GSPC,S&P 500
1994-06-01,444.27,^GSPC,S&P 500
1994-07-01,458.26,^GSPC,S&P 500
1994-08-01,475.49,^GSPC,S&P 500
1994-09-01,462.71,^GSPC,S&P 500
1994-10-01,472.35,^GSPC,S&P 500
1994-11-01,453.69,^GSPC,S&P 500
1994-12-01,459.27,^GSPC,S&P 500
1995-01-01,470.42,^GSPC,S&P 500
1995-02-01,487.39,^GSPC,S&P 500
1995-03-01,500.71,^GSPC,S&P 500
1995-04-01,514.71,^GSPC,S&P 500
1995-05-01,533.4,^GSPC,S&P 500
1995-06-01,544.75,^GSPC,S&P 500
1995-07-01,562.06,^GSPC,S&P 500
1995-08-01,561.88,^GSPC,S&P 500
1995-09-01,584.41,^GSPC,S&P 500
1995-10-01,581.5,^GSPC,S&P 500
1995-11-01,605.37,^GSPC,S&P 500
1995-12-01,615.93,^GSPC,S&P 500
1996-01-01,636.02,^GSPC,S&P 500
1996-02-01,640.43,^GSPC,S&P 500
1996-03-01,645.5,^GSPC,S&P 500
1996-04-01,654.17,^GSPC,S&P 500
1996-05-01,669.12,^GSPC,S&P 500
1996-06-01,670.63,^GSPC,S&P 500
1996-07-01,639.95,^GSPC,S&P 500
1996-08-01,651.99,^GSPC,S&P 500
1996-09-01,687.33,^GSPC,S&P 500
1996-10-01,705.27,^GSPC,S&P 500
1996-11-01,757.02,^GSPC,S&P 500
1996-12-01,740.74,^GSPC,S&P 500
1997-01-01,786.16,^GSPC,S&P 500
1997-02-01,790.82,^GSPC,S&P 500
1997-03-01,757.12,^GSPC,S&P 500
1997-04-01,801.34,^GSPC,S&P 500
1997-05-01,848.28,^GSPC,S&P 500
1997-06-01,885.14,^GSPC,S&P 500
1997-07-01,954.31,^GSPC,S&P 500
1997-08-01,899.47,^GSPC,S&P 500
1997-09-01,947.28,^GSPC,S&P 500
1997-10-01,914.62,^GSPC,S&P 500
1997-11-01,955.4,^GSPC,S&P 500
1997-12-01,970.43,^GSPC,S&P 500
1998-01-01,980.28,^GSPC,S&P 500
1998-02-01,1049.34,^GSPC,S&P 500
1998-03-01,1101.75,^GSPC,S&P 500
1998-04-01,1111.75,^GSPC,S&P 500
1998-05-01,1090.8199,^GSPC,S&P 500
1998-06-01,1133.84,^GSPC,S&P 500
1998-07-01,1120.67,^GSPC,S&P 500
1998-08-01,957.28,^GSPC,S&P 500
1998-09-01,1017.01,^GSPC,S&P 500
1998-10-01,1098.67,^GSPC,S&P 500
1998-11-01,1163.63,^GSPC,S&P 500
1998-12-01,1229.23,^GSPC,S&P 500
1999-01-01,1279.64,^GSPC,S&P 500
1999-02-01,1238.33,^GSPC,S&P 500
1999-03-01,1286.37,^GSPC,S&P 500
1999-04-01,1335.1801,^GSPC,S&P 500
1999-05-01,1301.84,^GSPC,S&P 500
1999-06-01,1372.71,^GSPC,S&P 500
1999-07-01,1328.72,^GSPC,S&P 500
1999-08-01,1320.41,^GSPC,S&P 500
1999-09-01,1282.71,^GSPC,S&P 500
1999-10-01,1362.9301,^GSPC,S&P 500
1999-11-01,1388.91,^GSPC,S&P 500
1999-12-01,1469.25,^GSPC,S&P 500
2000-01-01,1394.46,^GSPC,S&P 500
2000-02-01,1366.42,^GSPC,S&P 500
2000-03-01,1498.58,^GSPC,S&P 500
2000-04-01,1452.4301,^GSPC,S&P 500
2000-05-01,1420.6,^GSPC,S&P 500
2000-06-01,1454.6,^GSPC,S&P 500
2000-07-01,1430.83,^GSPC,S&P 500
2000-08-01,1517.6801,^GSPC,S&P 500
2000-09-01,1436.51,^GSPC,S&P 500
2000-10-01,1429.4,^GSPC,S&P 500
2000-11-01,1314.95,^GSPC,S&P 500
2000-12-01,1320.28,^GSPC,S&P 500
2001-01-01,1366.01,^GSPC,S&P 500
2001-02-01,1239.9399,^GSPC,S&P 500
2001-03-01,1160.33,^GSPC,S&P 500
2001-04-01,1249.46,^GSPC,S&P 500
2001-05-01,1255.8199,^GSPC,S&P 500
2001-06-01,1224.38,^GSPC,S&P 500
2001-07-01,1211.23,^GSPC,S&P 500
2001-08-01,1133.58,^GSPC,S&P 500
2001-09-01,1040.9399,^GSPC,S&P 500
2001-10-01,1059.78,^GSPC,S&P 500
2001-11-01,1139.45,^GSPC,S&P 500
2001-12-01,1148.08,^GSPC,S&P 500
2002-01-01,1130.2,^GSPC,S&P 500
2002-02-01,1106.73,^GSPC,S&P 500
2002-03-01,1147.39,^GSPC,S&P 500
2002-04-01,1076.92,^GSPC,S&P 500
2002-05-01,1067.14,^GSPC,S&P 500
2002-06-01,989.82,^GSPC,S&P 500
2002-07-01,911.62,^GSPC,S&P 500
2002-08-01,916.07,^GSPC,S&P 500
2002-09-01,815.28,^GSPC,S&P 500
2002-10-01,885.76,^GSPC,S&P 500
2002-11-01,936.31,^GSPC,S&P 500
2002-12-01,879.82,^GSPC,S&P 500
2003-01-01,855.7,^GSPC,S&P 500
2003-02-01,841.15,^GSPC,S&P 500
2003-03-01,848.18,^GSPC,S&P 500
2003-04-01,916.92,^GSPC,S&P 500
2003-05-01,963.59,^GSPC,S&P 500
2003-06-01,974.5,^GSPC,S&P 500
2003-07-01,990.31,^GSPC,S&P 500
2003-08-01,1008.01,^GSPC,S&P 500
2003-09-01,995.97,^GSPC,S&P 500
2003-10-01,1050.71,^GSPC,S&P 500
2003-11-01,1058.2,^GSPC,S&P 500
2003-12-01,1111.92,^GSPC,S&P 500
2004-01-01,1131.13,^GSPC,S&P 500
2004-02-01,1144.9399,^GSPC,S&P 500
2004-03-01,1126.21,^GSPC,S&P 500
2004-04-01,1107.3,^GSPC,S&P 500
2004-05-01,1120.6801,^GSPC,S&P 500
2004-06-01,1140.84,^GSPC,S&P 500
2004-07-01,1101.72,^GSPC,S&P 500
2004-08-01,1104.24,^GSPC,S&P 500
2004-09-01,1114.58,^GSPC,S&P 500
2004-10-01,1130.2,^GSPC,S&P 500
2004-11-01,1173.8199,^GSPC,S&P 500
2004-12-01,1211.92,^GSPC,S&P 500
2005-01-01,1181.27,^GSPC,S&P 500
2005-02-01,1203.6,^GSPC,S&P 500
2005-03-01,1180.59,^GSPC,S&P 500
2005-04-01,1156.85,^GSPC,S&P 500
2005-05-01,1191.5,^GSPC,S&P 500
2005-06-01,1191.33,^GSPC,S&P 500
2005-07-01,1234.1801,^GSPC,S&P 500
2005-08-01,1220.33,^GSPC,S&P 500
2005-09-01,1228.8101,^GSPC,S&P 500
2005-10-01,1207.01,^GSPC,S&P 500
2005-11-01,1249.48,^GSPC,S&P 500
2005-12-01,1248.29,^GSPC,S&P 500
2006-01-01,1280.08,^GSPC,S&P 500
2006-02-01,1280.66,^GSPC,S&P 500
2006-03-01,1294.87,^GSPC,S&P 500
2006-04-01,1310.61,^GSPC,S&P 500
2006-05-01,1270.09,^GSPC,S&P 500
2006-06-01,1270.2,^GSPC,S&P 500
2006-07-01,1276.66,^GSPC,S&P 500
2006-08-01,1303.8199,^GSPC,S&P 500
2006-09-01,1335.85,^GSPC,S&P 500
2006-10-01,1377.9399,^GSPC,S&P 500
2006-11-01,1400.63,^GSPC,S&P 500
2006-12-01,1418.3,^GSPC,S&P 500
2007-01-01,1438.24,^GSPC,S&P 500
2007-02-01,1406.8199,^GSPC,S&P 500
2007-03-01,1420.86,^GSPC,S&P 500
2007-04-01,1482.37,^GSPC,S&P 500
2007-05-01,1530.62,^GSPC,S&P 500
2007-06-01,1503.35,^GSPC,S&P 500
2007-07-01,1455.27,^GSPC,S&P 500
2007-08-01,1473.99,^GSPC,S&P 500
2007-09-01,1526.75,^GSPC,S&P 500
2007-10-01,1549.38,^GSPC,S&P 500
2007-11-01,1481.14,^GSPC,S&P 500
2007-12-01,1468.36,^GSPC,S&P 500
2008-01-01,1378.55,^GSPC,S&P 500
2008-02-01,1330.63,^GSPC,S&P 500
2008-03-01,1322.7,^GSPC,S&P 500
2008-04-01,1385.59,^GSPC,S&P 500
2008-05-01,1400.38,^GSPC,S&P 500
2008-06-01,1280.0,^GSPC,S&P 500
2008-07-01,1267.38,^GSPC,S&P 500
2008-08-01,1282.83,^GSPC,S&P 500
2008-09-01,1166.36,^GSPC,S&P 500
2008-10-01,968.75,^GSPC,S&P 500
2008-11-01,896.24,^GSPC,S&P 500
2008-12-01,903.25,^GSPC,S&P 500
2009-01-01,825.88,^GSPC,S&P 500
2009-02-01,735.09,^GSPC,S&P 500
2009-03-01,797.87,^GSPC,S&P 500
2009-04-01,872.81,^GSPC,S&P 500
2009-05-01,919.14,^GSPC,S&P 500
2009-06-01,919.32,^GSPC,S&P 500
2009-07-01,987.48,^GSPC,S&P 500
2009-08-01,1020.62,^GSPC,S&P 500
2009-09-01,1057.08,^GSPC,S&P 500
2009-10-01,1036.1899,^GSPC,S&P 500
2009-11-01,1095.63,^GSPC,S&P 500
2009-12-01,1115.1,^GSPC,S&P 500
2010-01-01,1073.87,^GSPC,S&P 500
2010-02-01,1104.49,^GSPC,S&P 500
2010-03-01,1169.4301,^GSPC,S&P 500
2010-04-01,1186.6899,^GSPC,S&P 500
2010-05-01,1089.41,^GSPC,S&P 500
2010-06-01,1030.71,^GSPC,S&P 500
2010-07-01,1101.6,^GSPC,S&P 500
2010-08-01,1049.33,^GSPC,S&P 500
2010-09-01,1141.2,^GSPC,S&P 500
2010-10-01,1183.26,^GSPC,S&P 500
2010-11-01,1180.55,^GSPC,S&P 500
2010-12-01,1257.64,^GSPC,S&P 500
2011-01-01,1286.12,^GSPC,S&P 500
2011-02-01,1327.22,^GSPC,S&P 500
2011-03-01,1325.83,^GSPC,S&P 500
2011-04-01,1363.61,^GSPC,S&P 500
2011-05-01,1345.2,^GSPC,S&P 500
2011-06-01,1320.64,^GSPC,S&P 500
2011-07-01,1292.28,^GSPC,S&P 500
2011-08-01,1218.89,^GSPC,S&P 500
2011-09-01,1131.42,^GSPC,S&P 500
2011-10-01,1253.3,^GSPC,S&P 500
2011-11-01,1246.96,^GSPC,S&P 500
2011-12-01,1257.6,^GSPC,S&P 500
2012-01-01,1312.41,^GSPC,S&P 500
2012-02-01,1365.6801,^GSPC,S&P 500
2012-03-01,1408.47,^GSPC,S&P 500
2012-04-01,1397.91,^GSPC,S&P 500
2012-05-01,1310.33,^GSPC,S&P 500
2012-06-01,1362.16,^GSPC,S&P 500
2012-07-01,1379.3199,^GSPC,S&P 500
2012-08-01,1406.58,^GSPC,S&P 500
2012-09-01,1440.67,^GSPC,S&P 500
2012-10-01,1412.16,^GSPC,S&P 500
2012-11-01,1416.1801,^GSPC,S&P 500
2012-12-01,1426.1899,^GSPC,S&P 500
2013-01-01,1498.11,^GSPC,S&P 500
2013-02-01,1514.6801,^GSPC,S&P 500
2013-03-01,1569.1899,^GSPC,S&P 500
2013-04-01,1597.5699,^GSPC,S&P 500
2013-05-01,1630.74,^GSPC,S&P 500
2013-06-01,1606.28,^GSPC,S&P 500
2013-07-01,1685.73,^GSPC,S&P 500
2013-08-01,1632.97,^GSPC,S&P 500
2013-09-01,1681.55,^GSPC,S&P 500
2013-10-01,1756.54,^GSPC,S&P 500
2013-11-01,1805.8101,^GSPC,S&P 500
2013-12-01,1848.36,^GSPC,S&P 500
2014-01-01,1782.59,^GSPC,S&P 500
2014-02-01,1859.45,^GSPC,S&P 500
2014-03-01,1872.34,^GSPC,S&P 500
2014-04-01,1883.95,^GSPC,S&P 500
2014-05-01,1923.5699,^GSPC,S&P 500
2014-06-01,1960.23,^GSPC,S&P 500
2014-07-01,1930.67,^GSPC,S&P 500
2014-08-01,2003.37,^GSPC,S&P 500
2014-09-01,1972.29,^GSPC,S&P 500
2014-10-01,2018.05,^GSPC,S&P 500
2014-11-01,2067.5601,^GSPC,S&P 500
2014-12-01,2058.8999,^GSPC,S&P 500
2015-01-01,1994.99,^GSPC,S&P 500
2015-02-01,2104.5,^GSPC,S&P 500
2015-03-01,2067.8899,^GSPC,S&P 500
2015-04-01,2085.51,^GSPC,S&P 500
2015-05-01,2107.3899,^GSPC,S&P 500
2015-06-01,2063.1101,^GSPC,S&P 500
2015-07-01,2103.8401,^GSPC,S&P 500
2015-08-01,1972.1801,^GSPC,S&P 500
2015-09-01,1920.03,^GSPC,S&P 500
2015-10-01,2079.3601,^GSPC,S&P 500
2015-11-01,2080.4099,^GSPC,S&P 500
2015-12-01,2043.9399,^GSPC,S&P 500
2016-01-01,1940.24,^GSPC,S&P 500
2016-02-01,1932.23,^GSPC,S&P 500
2016-03-01,2059.74,^GSPC,S&P 500
2016-04-01,2065.3,^GSPC,S&P 500
2016-05-01,2096.95,^GSPC,S&P 500
2016-06-01,2098.8601,^GSPC,S&P 500
2016-07-01,2173.6001,^GSPC,S&P 500
2016-08-01,2170.95,^GSPC,S&P 500
2016-09-01,2168.27,^GSPC,S&P 500
2016-10-01,2126.1499,^GSPC,S&P 500
2016-11-01,2198.8101,^GSPC,S&P 500
2016-12-01,2238.8301,^GSPC,S&P 500
2017-01-01,2278.8701,^GSPC,S&P 500
2017-02-01,2363.6399,^GSPC,S&P 500
2017-03-01,2362.72,^GSPC,S&P 500
2017-04-01,2384.2,^GSPC,S&P 500
2017-05-01,2411.8,^GSPC,S&P 500
2017-06-01,2423.4099,^GSPC,S&P 500
2017-07-01,2470.3,^GSPC,S&P 500
2017-08-01,2471.6499,^GSPC,S&P 500
2017-09-01,2519.3601,^GSPC,S&P 500
2017-10-01,2575.26,^GSPC,S&P 500
2017-11-01,2647.5801,^GSPC,S&P 500
2017-12-01,2673.6101,^GSPC,S&P 500
2018-01-01,2823.8101,^GSPC,S&P 500
2018-02-01,2713.8301,^GSPC,S&P 500
2018-03-01,2640.8701,^GSPC,S&P 500
2018-04-01,2648.05,^GSPC,S&P 500
2018-05-01,2705.27,^GSPC,S&P 500
2018-06-01,2718.3701,^GSPC,S&P 500
2018-07-01,2816.29,^GSPC,S&P 500
2018-08-01,2901.52,^GSPC,S&P 500
2018-09-01,2913.98,^GSPC,S&P 500
2018-10-01,2711.74,^GSPC,S&P 500
2018-11-01,2760.1699,^GSPC,S&P 500
2018-12-01,2506.8501,^GSPC,S&P 500
2019-01-01,2704.1001,^GSPC,S&P 500
2019-02-01,2784.49,^GSPC,S&P 500
2019-03-01,2834.3999,^GSPC,S&P 500
2019-04-01,2945.8301,^GSPC,S&P 500
2019-05-01,2752.0601,^GSPC,S&P 500
2019-06-01,2941.76,^GSPC,S&P 500
2019-07-01,2980.3799,^GSPC,S&P 500
2019-08-01,2926.46,^GSPC,S&P 500
2019-09-01,2976.74,^GSPC,S&P 500
2019-10-01,3037.5601,^GSPC,S&P 500
2019-11-01,3140.98,^GSPC,S&P 500
2019-12-01,3230.78,^GSPC,S&P 500
2020-01-01,3225.52,^GSPC,S&P 500
2020-02-01,2954.22,^GSPC,S&P 500
2020-03-01,2584.5901,^GSPC,S&P 500
2020-04-01,2912.4299,^GSPC,S&P 500
2020-05-01,3044.3101,^GSPC,S&P 500
2020-06-01,3100.29,^GSPC,S&P 500
2020-07-01,3271.1201,^GSPC,S&P 500
2020-08-01,3500.3101,^GSPC,S&P 500
2020-09-01,3363.0,^GSPC,S&P 500
2020-10-01,3269.96,^GSPC,S&P 500
2020-11-01,3621.6299,^GSPC,S&P 500
2020-12-01,3756.0701,^GSPC,S&P 500
2021-01-01,3714.24,^GSPC,S&P 500
2021-02-01,3811.1499,^GSPC,S&P 500
2021-03-01,3972.8899,^GSPC,S&P 500
2021-04-01,4181.1699,^GSPC,S&P 500
2021-05-01,4204.1099,^GSPC,S&P 500
2021-06-01,4297.5,^GSPC,S&P 500
2021-07-01,4395.2598,^GSPC,S&P 500
2021-08-01,4522.6802,^GSPC,S&P 500
2021-09-01,4307.54,^GSPC,S&P 500
2021-10-01,4605.3799,^GSPC,S&P 500
2021-11-01,4567.0,^GSPC,S&P 500
2021-12-01,4766.1802,^GSPC,S&P 500
2022-01-01,4515.5498,^GSPC,S&P 500
2022-02-01,4373.9399,^GSPC,S&P 500
2022-03-01,4530.4102,^GSPC,S&P 500
2022-04-01,4131.9302,^GSPC,S&P 500
2022-05-01,4132.1499,^GSPC,S&P 500
2022-06-01,3785.3799,^GSPC,S&P 500
2022-07-01,4130.29,^GSPC,S&P 500
2022-08-01,3955.0,^GSPC,S&P 500
2022-09-01,3585.6201,^GSPC,S&P 500
2022-10-01,3871.98,^GSPC,S&P 500
2022-11-01,4080.1101,^GSPC,S&P 500
2022-12-01,3839.5,^GSPC,S&P 500
2023-01-01,4076.6001,^GSPC,S&P 500
2023-02-01,3970.1499,^GSPC,S&P 500
2023-03-01,4109.3101,^GSPC,S&P 500
2023-04-01,4169.48,^GSPC,S&P 500
2023-05-01,4179.8301,^GSPC,S&P 500
2023-06-01,4450.3799,^GSPC,S&P 500
2023-07-01,4588.96,^GSPC,S&P 500
2023-08-01,4507.6602,^GSPC,S&P 500
2023-09-01,4288.0498,^GSPC,S&P 500
2023-10-01,4193.7998,^GSPC,S&P 500
2023-11-01,4567.7998,^GSPC,S&P 500
2023-12-01,4769.8301,^GSPC,S&P 500
2024-01-01,4845.6499,^GSPC,S&P 500
2024-02-01,5096.27,^GSPC,S&P 500
2024-03-01,5254.3501,^GSPC,S&P 500
2024-04-01,5035.6899,^GSPC,S&P 500
2024-05-01,5277.5098,^GSPC,S&P 500
2024-06-01,5460.48,^GSPC,S&P 500
2024-07-01,5522.2998,^GSPC,S&P 500
2024-08-01,5648.3999,^GSPC,S&P 500
2024-09-01,5762.48,^GSPC,S&P 500
2024-10-01,5705.4502,^GSPC,S&P 500
2024-11-01,6032.3799,^GSPC,S&P 500
2024-12-01,5881.6299,^GSPC,S&P 500
2025-01-01,6040.5298,^GSPC,S&P 500
2025-02-01,5954.5,^GSPC,S&P 500
2025-03-01,5611.8501,^GSPC,S&P 500
2025-04-01,5569.0601,^GSPC,S&P 500
2025-05-01,5911.6899,^GSPC,S&P 500
2025-06-01,6204.9502,^GSPC,S&P 500
2025-07-01,6339.3901,^GSPC,S&P 500
2025-08-01,6460.2598,^GSPC,S&P 500
2025-09-01,6688.46,^GSPC,S&P 500
2025-10-01,6840.2002,^GSPC,S&P 500
2025-11-01,6849.0898,^GSPC,S&P 500
2025-12-01,6845.5,^GSPC,S&P 500
2026-01-01,6939.0298,^GSPC,S&P 500
2026-02-01,6878.8799,^GSPC,S&P 500
2026-03-01,6528.52,^GSPC,S&P 500
2026-04-01,7209.0098,^GSPC,S&P 500
2026-05-01,7580.0601,^GSPC,S&P 500
2026-06-01,7499.3599,^GSPC,S&P 500
2026-07-01,7483.23,^GSPC,S&P 500
