date,close,ticker_stocks_yf,short_name_stocks
1999-12-31,50.0005,MC.PA,LVMH
2000-01-31,46.8983,MC.PA,LVMH
2000-02-29,53.1879,MC.PA,LVMH
2000-03-31,56.1563,MC.PA,LVMH
2000-04-30,53.1879,MC.PA,LVMH
2000-05-31,52.823,MC.PA,LVMH
2000-06-30,57.391,MC.PA,LVMH
2000-07-31,53.4467,MC.PA,LVMH
2000-08-31,52.3154,MC.PA,LVMH
2000-09-30,52.5906,MC.PA,LVMH
2000-10-31,46.4754,MC.PA,LVMH
2000-11-30,43.2372,MC.PA,LVMH
2000-12-31,43.1146,MC.PA,LVMH
2001-01-31,40.9374,MC.PA,LVMH
2001-02-28,34.9578,MC.PA,LVMH
2001-03-31,42.6853,MC.PA,LVMH
2001-04-30,41.0907,MC.PA,LVMH
2001-05-31,36.7866,MC.PA,LVMH
2001-06-30,37.4049,MC.PA,LVMH
2001-07-31,33.0461,MC.PA,LVMH
2001-08-31,21.5774,MC.PA,LVMH
2001-09-30,24.2173,MC.PA,LVMH
2001-10-31,28.0258,MC.PA,LVMH
2001-11-30,28.3963,MC.PA,LVMH
2001-12-31,29.0176,MC.PA,LVMH
2002-01-31,33.5536,MC.PA,LVMH
2002-02-28,36.0079,MC.PA,LVMH
2002-03-31,36.0701,MC.PA,LVMH
2002-04-30,35.2623,MC.PA,LVMH
2002-05-31,31.9866,MC.PA,LVMH
2002-06-30,28.2862,MC.PA,LVMH
2002-07-31,26.6367,MC.PA,LVMH
2002-08-31,23.1433,MC.PA,LVMH
2002-09-30,28.4305,MC.PA,LVMH
2002-10-31,29.7288,MC.PA,LVMH
2002-11-30,24.6707,MC.PA,LVMH
2002-12-31,24.8156,MC.PA,LVMH
2003-01-31,24.1476,MC.PA,LVMH
2003-02-28,22.7865,MC.PA,LVMH
2003-03-31,24.6392,MC.PA,LVMH
2003-04-30,27.8703,MC.PA,LVMH
2003-05-31,27.5955,MC.PA,LVMH
2003-06-30,31.1672,MC.PA,LVMH
2003-07-31,34.9816,MC.PA,LVMH
2003-08-31,34.0871,MC.PA,LVMH
2003-09-30,37.9846,MC.PA,LVMH
2003-10-31,36.7067,MC.PA,LVMH
2003-11-30,37.0035,MC.PA,LVMH
2003-12-31,37.1317,MC.PA,LVMH
2004-01-31,39.4404,MC.PA,LVMH
2004-02-29,38.3502,MC.PA,LVMH
2004-03-31,37.7089,MC.PA,LVMH
2004-04-30,38.0674,MC.PA,LVMH
2004-05-31,38.5538,MC.PA,LVMH
2004-06-30,36.7704,MC.PA,LVMH
2004-07-31,34.1115,MC.PA,LVMH
2004-08-31,34.8573,MC.PA,LVMH
2004-09-30,34.8248,MC.PA,LVMH
2004-10-31,34.6951,MC.PA,LVMH
2004-11-30,36.7975,MC.PA,LVMH
2004-12-31,34.8058,MC.PA,LVMH
2005-01-31,36.5363,MC.PA,LVMH
2005-02-28,37.6791,MC.PA,LVMH
2005-03-31,35.5894,MC.PA,LVMH
2005-04-30,38.343,MC.PA,LVMH
2005-05-31,42.2434,MC.PA,LVMH
2005-06-30,45.3175,MC.PA,LVMH
2005-07-31,43.3012,MC.PA,LVMH
2005-08-31,45.3505,MC.PA,LVMH
2005-09-30,44.6564,MC.PA,LVMH
2005-10-31,48.1271,MC.PA,LVMH
2005-11-30,49.7822,MC.PA,LVMH
2005-12-31,49.2516,MC.PA,LVMH
2006-01-31,50.5782,MC.PA,LVMH
2006-02-28,53.6627,MC.PA,LVMH
2006-03-31,55.3542,MC.PA,LVMH
2006-04-30,51.4893,MC.PA,LVMH
2006-05-31,52.0935,MC.PA,LVMH
2006-06-30,52.7983,MC.PA,LVMH
2006-07-31,53.9396,MC.PA,LVMH
2006-08-31,54.5437,MC.PA,LVMH
2006-09-30,54.8123,MC.PA,LVMH
2006-10-31,52.5634,MC.PA,LVMH
2006-11-30,53.8775,MC.PA,LVMH
2006-12-31,54.5177,MC.PA,LVMH
2007-01-31,56.4248,MC.PA,LVMH
2007-02-28,55.9665,MC.PA,LVMH
2007-03-31,57.9343,MC.PA,LVMH
2007-04-30,59.8823,MC.PA,LVMH
2007-05-31,58.3941,MC.PA,LVMH
2007-06-30,56.4963,MC.PA,LVMH
2007-07-31,55.9707,MC.PA,LVMH
2007-08-31,57.3906,MC.PA,LVMH
2007-09-30,60.6742,MC.PA,LVMH
2007-10-31,56.8688,MC.PA,LVMH
2007-11-30,56.6906,MC.PA,LVMH
2007-12-31,46.9885,MC.PA,LVMH
2008-01-31,46.7827,MC.PA,LVMH
2008-02-29,48.3392,MC.PA,LVMH
2008-03-31,50.3413,MC.PA,LVMH
2008-04-30,52.4201,MC.PA,LVMH
2008-05-31,46.4051,MC.PA,LVMH
2008-06-30,49.4509,MC.PA,LVMH
2008-07-31,50.6846,MC.PA,LVMH
2008-08-31,43.0387,MC.PA,LVMH
2008-09-30,36.149,MC.PA,LVMH
2008-10-31,31.5032,MC.PA,LVMH
2008-11-30,33.7575,MC.PA,LVMH
2008-12-31,30.2489,MC.PA,LVMH
2009-01-31,32.0685,MC.PA,LVMH
2009-02-28,33.4183,MC.PA,LVMH
2009-03-31,40.5556,MC.PA,LVMH
2009-04-30,42.2246,MC.PA,LVMH
2009-05-31,39.2452,MC.PA,LVMH
2009-06-30,45.6586,MC.PA,LVMH
2009-07-31,48.1114,MC.PA,LVMH
2009-08-31,49.5831,MC.PA,LVMH
2009-09-30,50.9682,MC.PA,LVMH
2009-10-31,50.2873,MC.PA,LVMH
2009-11-30,56.827,MC.PA,LVMH
2009-12-31,57.3272,MC.PA,LVMH
2010-01-31,57.7115,MC.PA,LVMH
2010-02-28,62.7431,MC.PA,LVMH
2010-03-31,62.9606,MC.PA,LVMH
2010-04-30,63.4687,MC.PA,LVMH
2010-05-31,66.1114,MC.PA,LVMH
2010-06-30,68.9161,MC.PA,LVMH
2010-07-31,67.5542,MC.PA,LVMH
2010-08-31,79.2071,MC.PA,LVMH
2010-09-30,82.8877,MC.PA,LVMH
2010-10-31,86.5216,MC.PA,LVMH
2010-11-30,91.1494,MC.PA,LVMH
2010-12-31,84.4483,MC.PA,LVMH
2011-01-31,84.5964,MC.PA,LVMH
2011-02-28,82.7083,MC.PA,LVMH
2011-03-31,89.7796,MC.PA,LVMH
2011-04-30,90.5736,MC.PA,LVMH
2011-05-31,92.9709,MC.PA,LVMH
2011-06-30,95.8552,MC.PA,LVMH
2011-07-31,88.3636,MC.PA,LVMH
2011-08-31,74.6539,MC.PA,LVMH
2011-09-30,90.0867,MC.PA,LVMH
2011-10-31,87.979,MC.PA,LVMH
2011-11-30,82.5463,MC.PA,LVMH
2011-12-31,93.2607,MC.PA,LVMH
2012-01-31,95.298,MC.PA,LVMH
2012-02-29,97.222,MC.PA,LVMH
2012-03-31,95.8315,MC.PA,LVMH
2012-04-30,91.4286,MC.PA,LVMH
2012-05-31,91.7731,MC.PA,LVMH
2012-06-30,93.8406,MC.PA,LVMH
2012-07-31,99.3922,MC.PA,LVMH
2012-08-31,89.5908,MC.PA,LVMH
2012-09-30,96.023,MC.PA,LVMH
2012-10-31,104.154,MC.PA,LVMH
2012-11-30,107.1652,MC.PA,LVMH
2012-12-31,107.2038,MC.PA,LVMH
2013-01-31,101.8377,MC.PA,LVMH
2013-02-28,103.3819,MC.PA,LVMH
2013-03-31,103.0331,MC.PA,LVMH
2013-04-30,107.0682,MC.PA,LVMH
2013-05-31,97.5484,MC.PA,LVMH
2013-06-30,107.0682,MC.PA,LVMH
2013-07-31,103.8558,MC.PA,LVMH
2013-08-31,114.0807,MC.PA,LVMH
2013-09-30,111.1033,MC.PA,LVMH
2013-10-31,109.6424,MC.PA,LVMH
2013-11-30,104.7826,MC.PA,LVMH
2013-12-31,104.427,MC.PA,LVMH
2014-01-31,106.5606,MC.PA,LVMH
2014-02-28,104.269,MC.PA,LVMH
2014-03-31,113.5409,MC.PA,LVMH
2014-04-30,116.9051,MC.PA,LVMH
2014-05-31,112.78,MC.PA,LVMH
2014-06-30,103.0079,MC.PA,LVMH
2014-07-31,105.7713,MC.PA,LVMH
2014-08-31,103.0879,MC.PA,LVMH
2014-09-30,108.4145,MC.PA,LVMH
2014-10-31,115.7436,MC.PA,LVMH
2014-11-30,106.8607,MC.PA,LVMH
2014-12-31,115.9509,MC.PA,LVMH
2015-01-31,132.4345,MC.PA,LVMH
2015-02-28,132.6365,MC.PA,LVMH
2015-03-31,128.0493,MC.PA,LVMH
2015-04-30,132.5874,MC.PA,LVMH
2015-05-31,128.4991,MC.PA,LVMH
2015-06-30,139.5786,MC.PA,LVMH
2015-07-31,121.5487,MC.PA,LVMH
2015-08-31,124.4515,MC.PA,LVMH
2015-09-30,138.6792,MC.PA,LVMH
2015-10-31,129.8073,MC.PA,LVMH
2015-11-30,119.4986,MC.PA,LVMH
2015-12-31,122.2201,MC.PA,LVMH
2016-01-31,126.8384,MC.PA,LVMH
2016-02-29,124.1169,MC.PA,LVMH
2016-03-31,121.418,MC.PA,LVMH
2016-04-30,120.5394,MC.PA,LVMH
2016-05-31,113.8032,MC.PA,LVMH
2016-06-30,128.3634,MC.PA,LVMH
2016-07-31,126.9408,MC.PA,LVMH
2016-08-31,127.0245,MC.PA,LVMH
2016-09-30,138.5303,MC.PA,LVMH
2016-10-31,144.8876,MC.PA,LVMH
2016-11-30,153.0728,MC.PA,LVMH
2016-12-31,157.4608,MC.PA,LVMH
2017-01-31,159.8658,MC.PA,LVMH
2017-02-28,173.7048,MC.PA,LVMH
2017-03-31,193.5661,MC.PA,LVMH
2017-04-30,194.1216,MC.PA,LVMH
2017-05-31,186.5584,MC.PA,LVMH
2017-06-30,181.7727,MC.PA,LVMH
2017-07-31,188.2248,MC.PA,LVMH
2017-08-31,199.5055,MC.PA,LVMH
2017-09-30,218.8622,MC.PA,LVMH
2017-10-31,208.9488,MC.PA,LVMH
2017-11-30,211.0856,MC.PA,LVMH
2017-12-31,217.2788,MC.PA,LVMH
2018-01-31,212.0318,MC.PA,LVMH
2018-02-28,215.2144,MC.PA,LVMH
2018-03-31,251.8763,MC.PA,LVMH
2018-04-30,258.6237,MC.PA,LVMH
2018-05-31,248.3067,MC.PA,LVMH
2018-06-30,260.1909,MC.PA,LVMH
2018-07-31,263.064,MC.PA,LVMH
2018-08-31,265.1971,MC.PA,LVMH
2018-09-30,234.0282,MC.PA,LVMH
2018-10-31,219.8803,MC.PA,LVMH
2018-11-30,226.5073,MC.PA,LVMH
2018-12-31,245.4121,MC.PA,LVMH
2019-01-31,264.9311,MC.PA,LVMH
2019-02-28,287.6519,MC.PA,LVMH
2019-03-31,309.7361,MC.PA,LVMH
2019-04-30,300.4632,MC.PA,LVMH
2019-05-31,332.1422,MC.PA,LVMH
2019-06-30,333.0295,MC.PA,LVMH
2019-07-31,321.5825,MC.PA,LVMH
2019-08-31,323.5791,MC.PA,LVMH
2019-09-30,339.4186,MC.PA,LVMH
2019-10-31,361.4253,MC.PA,LVMH
2019-11-30,369.6006,MC.PA,LVMH
2019-12-31,352.7356,MC.PA,LVMH
2020-01-31,330.9184,MC.PA,LVMH
2020-02-29,302.007,MC.PA,LVMH
2020-03-31,314.4995,MC.PA,LVMH
2020-04-30,334.6215,MC.PA,LVMH
2020-05-31,348.4525,MC.PA,LVMH
2020-06-30,329.3795,MC.PA,LVMH
2020-07-31,352.7751,MC.PA,LVMH
2020-08-31,358.7027,MC.PA,LVMH
2020-09-30,361.3071,MC.PA,LVMH
2020-10-31,433.6942,MC.PA,LVMH
2020-11-30,460.7495,MC.PA,LVMH
2020-12-31,449.3863,MC.PA,LVMH
2021-01-31,473.4654,MC.PA,LVMH
2021-02-28,512.3347,MC.PA,LVMH
2021-03-31,568.3697,MC.PA,LVMH
2021-04-30,591.787,MC.PA,LVMH
2021-05-31,600.228,MC.PA,LVMH
2021-06-30,611.6646,MC.PA,LVMH
2021-07-31,568.9142,MC.PA,LVMH
2021-08-31,562.8329,MC.PA,LVMH
2021-09-30,614.6597,MC.PA,LVMH
2021-10-31,625.8847,MC.PA,LVMH
2021-11-30,662.7122,MC.PA,LVMH
2021-12-31,658.7013,MC.PA,LVMH
2022-01-31,601.5458,MC.PA,LVMH
2022-02-28,591.9743,MC.PA,LVMH
2022-03-31,571.2136,MC.PA,LVMH
2022-04-30,550.6518,MC.PA,LVMH
2022-05-31,536.3599,MC.PA,LVMH
2022-06-30,622.3876,MC.PA,LVMH
2022-07-31,597.0311,MC.PA,LVMH
2022-08-31,562.8228,MC.PA,LVMH
2022-09-30,589.1937,MC.PA,LVMH
2022-10-31,679.8317,MC.PA,LVMH
2022-11-30,631.1862,MC.PA,LVMH
2022-12-31,742.6812,MC.PA,LVMH
2023-01-31,732.4693,MC.PA,LVMH
2023-02-28,783.8999,MC.PA,LVMH
2023-03-31,814.9183,MC.PA,LVMH
2023-04-30,761.4949,MC.PA,LVMH
2023-05-31,807.4334,MC.PA,LVMH
2023-06-30,793.4927,MC.PA,LVMH
2023-07-31,731.8359,MC.PA,LVMH
2023-08-31,670.2726,MC.PA,LVMH
2023-09-30,631.0704,MC.PA,LVMH
2023-10-31,657.4548,MC.PA,LVMH
2023-11-30,691.8069,MC.PA,LVMH
2023-12-31,729.5283,MC.PA,LVMH
2024-01-31,794.7859,MC.PA,LVMH
2024-02-29,786.2044,MC.PA,LVMH
2024-03-31,737.2219,MC.PA,LVMH
2024-04-30,699.6183,MC.PA,LVMH
2024-05-31,679.3408,MC.PA,LVMH
2024-06-30,621.6501,MC.PA,LVMH
2024-07-31,641.9276,MC.PA,LVMH
2024-08-31,655.4458,MC.PA,LVMH
2024-09-30,580.5241,MC.PA,LVMH
2024-10-31,564.0547,MC.PA,LVMH
2024-11-30,610.6589,MC.PA,LVMH
2024-12-31,676.0009,MC.PA,LVMH
2025-01-31,667.7371,MC.PA,LVMH
2025-02-28,549.3528,MC.PA,LVMH
2025-03-31,475.9636,MC.PA,LVMH
2025-04-30,466.5497,MC.PA,LVMH
2025-05-31,433.7229,MC.PA,LVMH
2025-06-30,460.794,MC.PA,LVMH
2025-07-31,491.7672,MC.PA,LVMH
2025-08-31,507.7661,MC.PA,LVMH
2025-09-30,597.125,MC.PA,LVMH
2025-10-31,619.9526,MC.PA,LVMH
2025-11-30,634.6513,MC.PA,LVMH
2025-12-31,538.1253,MC.PA,LVMH
2026-01-31,535.3702,MC.PA,LVMH
2026-02-28,455.6698,MC.PA,LVMH
2026-03-31,451.4,MC.PA,LVMH
2026-04-30,473.05,MC.PA,LVMH
2026-05-31,484.1,MC.PA,LVMH
2026-06-30,,MC.PA,LVMH
1998-03-31,29.8462,SAP.DE,SAP SE                        I
1998-04-30,31.8488,SAP.DE,SAP SE                        I
1998-05-31,37.5608,SAP.DE,SAP SE                        I
1998-06-30,40.3943,SAP.DE,SAP SE                        I
1998-07-31,31.7588,SAP.DE,SAP SE                        I
1998-08-31,24.1289,SAP.DE,SAP SE                        I
1998-09-30,24.0596,SAP.DE,SAP SE                        I
1998-10-31,26.76,SAP.DE,SAP SE                        I
1998-11-30,24.579,SAP.DE,SAP SE                        I
1998-12-31,20.7185,SAP.DE,SAP SE                        I
1999-01-31,20.7185,SAP.DE,SAP SE                        I
1999-02-28,17.9119,SAP.DE,SAP SE                        I
1999-03-31,20.5154,SAP.DE,SAP SE                        I
1999-04-30,23.1404,SAP.DE,SAP SE                        I
1999-05-31,22.487,SAP.DE,SAP SE                        I
1999-06-30,21.7821,SAP.DE,SAP SE                        I
1999-07-31,23.4841,SAP.DE,SAP SE                        I
1999-08-31,24.7976,SAP.DE,SAP SE                        I
1999-09-30,23.7935,SAP.DE,SAP SE                        I
1999-10-31,22.762,SAP.DE,SAP SE                        I
1999-11-30,33.1461,SAP.DE,SAP SE                        I
1999-12-31,29.7592,SAP.DE,SAP SE                        I
2000-01-31,33.9368,SAP.DE,SAP SE                        I
2000-02-29,30.4297,SAP.DE,SAP SE                        I
2000-03-31,26.5615,SAP.DE,SAP SE                        I
2000-04-30,21.9371,SAP.DE,SAP SE                        I
2000-05-31,24.4326,SAP.DE,SAP SE                        I
2000-06-30,30.3841,SAP.DE,SAP SE                        I
2000-07-31,34.3779,SAP.DE,SAP SE                        I
2000-08-31,35.0826,SAP.DE,SAP SE                        I
2000-09-30,28.9902,SAP.DE,SAP SE                        I
2000-10-31,19.2171,SAP.DE,SAP SE                        I
2000-11-30,19.1529,SAP.DE,SAP SE                        I
2000-12-31,25.8421,SAP.DE,SAP SE                        I
2001-01-31,26.218,SAP.DE,SAP SE                        I
2001-02-28,20.1647,SAP.DE,SAP SE                        I
2001-03-31,28.0348,SAP.DE,SAP SE                        I
2001-04-30,25.4112,SAP.DE,SAP SE                        I
2001-05-31,26.0465,SAP.DE,SAP SE                        I
2001-06-30,26.3642,SAP.DE,SAP SE                        I
2001-07-31,23.5689,SAP.DE,SAP SE                        I
2001-08-31,18.4231,SAP.DE,SAP SE                        I
2001-09-30,18.447,SAP.DE,SAP SE                        I
2001-10-31,21.9172,SAP.DE,SAP SE                        I
2001-11-30,23.2354,SAP.DE,SAP SE                        I
2001-12-31,25.7289,SAP.DE,SAP SE                        I
2002-01-31,25.1412,SAP.DE,SAP SE                        I
2002-02-28,27.5553,SAP.DE,SAP SE                        I
2002-03-31,22.9273,SAP.DE,SAP SE                        I
2002-04-30,18.0655,SAP.DE,SAP SE                        I
2002-05-31,15.8412,SAP.DE,SAP SE                        I
2002-06-30,12.0426,SAP.DE,SAP SE                        I
2002-07-31,12.5922,SAP.DE,SAP SE                        I
2002-08-31,7.4195,SAP.DE,SAP SE                        I
2002-09-30,12.5598,SAP.DE,SAP SE                        I
2002-10-31,14.3056,SAP.DE,SAP SE                        I
2002-11-30,12.2074,SAP.DE,SAP SE                        I
2002-12-31,13.8465,SAP.DE,SAP SE                        I
2003-01-31,12.4709,SAP.DE,SAP SE                        I
2003-02-28,11.2263,SAP.DE,SAP SE                        I
2003-03-31,14.839,SAP.DE,SAP SE                        I
2003-04-30,15.8367,SAP.DE,SAP SE                        I
2003-05-31,17.023,SAP.DE,SAP SE                        I
2003-06-30,17.4544,SAP.DE,SAP SE                        I
2003-07-31,18.1264,SAP.DE,SAP SE                        I
2003-08-31,17.4013,SAP.DE,SAP SE                        I
2003-09-30,20.7893,SAP.DE,SAP SE                        I
2003-10-31,21.2705,SAP.DE,SAP SE                        I
2003-11-30,22.0918,SAP.DE,SAP SE                        I
2003-12-31,21.969,SAP.DE,SAP SE                        I
2004-01-31,21.0714,SAP.DE,SAP SE                        I
2004-02-29,21.3451,SAP.DE,SAP SE                        I
2004-03-31,20.9884,SAP.DE,SAP SE                        I
2004-04-30,22.5142,SAP.DE,SAP SE                        I
2004-05-31,23.1969,SAP.DE,SAP SE                        I
2004-06-30,22.6759,SAP.DE,SAP SE                        I
2004-07-31,20.3862,SAP.DE,SAP SE                        I
2004-08-31,21.297,SAP.DE,SAP SE                        I
2004-09-30,22.7321,SAP.DE,SAP SE                        I
2004-10-31,22.8887,SAP.DE,SAP SE                        I
2004-11-30,22.3695,SAP.DE,SAP SE                        I
2004-12-31,20.3079,SAP.DE,SAP SE                        I
2005-01-31,20.8867,SAP.DE,SAP SE                        I
2005-02-28,21.1625,SAP.DE,SAP SE                        I
2005-03-31,20.7199,SAP.DE,SAP SE                        I
2005-04-30,23.6225,SAP.DE,SAP SE                        I
2005-05-31,25.389,SAP.DE,SAP SE                        I
2005-06-30,25.0011,SAP.DE,SAP SE                        I
2005-07-31,24.2589,SAP.DE,SAP SE                        I
2005-08-31,25.352,SAP.DE,SAP SE                        I
2005-09-30,25.158,SAP.DE,SAP SE                        I
2005-10-31,27.0356,SAP.DE,SAP SE                        I
2005-11-30,27.0021,SAP.DE,SAP SE                        I
2005-12-31,29.7066,SAP.DE,SAP SE                        I
2006-01-31,30.1562,SAP.DE,SAP SE                        I
2006-02-28,31.5595,SAP.DE,SAP SE                        I
2006-03-31,30.5352,SAP.DE,SAP SE                        I
2006-04-30,29.8761,SAP.DE,SAP SE                        I
2006-05-31,30.0821,SAP.DE,SAP SE                        I
2006-06-30,26.1204,SAP.DE,SAP SE                        I
2006-07-31,27.1815,SAP.DE,SAP SE                        I
2006-08-31,28.5142,SAP.DE,SAP SE                        I
2006-09-30,28.4194,SAP.DE,SAP SE                        I
2006-10-31,28.7804,SAP.DE,SAP SE                        I
2006-11-30,29.3601,SAP.DE,SAP SE                        I
2006-12-31,25.8232,SAP.DE,SAP SE                        I
2007-01-31,25.3857,SAP.DE,SAP SE                        I
2007-02-28,24.3355,SAP.DE,SAP SE                        I
2007-03-31,25.8816,SAP.DE,SAP SE                        I
2007-04-30,26.2864,SAP.DE,SAP SE                        I
2007-05-31,28.1339,SAP.DE,SAP SE                        I
2007-06-30,29.4124,SAP.DE,SAP SE                        I
2007-07-31,29.2128,SAP.DE,SAP SE                        I
2007-08-31,30.3361,SAP.DE,SAP SE                        I
2007-09-30,27.5944,SAP.DE,SAP SE                        I
2007-10-31,25.8208,SAP.DE,SAP SE                        I
2007-11-30,26.2568,SAP.DE,SAP SE                        I
2007-12-31,23.7959,SAP.DE,SAP SE                        I
2008-01-31,23.3599,SAP.DE,SAP SE                        I
2008-02-29,23.2638,SAP.DE,SAP SE                        I
2008-03-31,23.9363,SAP.DE,SAP SE                        I
2008-04-30,26.2494,SAP.DE,SAP SE                        I
2008-05-31,24.9303,SAP.DE,SAP SE                        I
2008-06-30,27.9285,SAP.DE,SAP SE                        I
2008-07-31,28.6331,SAP.DE,SAP SE                        I
2008-08-31,28.2358,SAP.DE,SAP SE                        I
2008-09-30,20.6915,SAP.DE,SAP SE                        I
2008-10-31,20.1181,SAP.DE,SAP SE                        I
2008-11-30,18.9188,SAP.DE,SAP SE                        I
2008-12-31,20.8752,SAP.DE,SAP SE                        I
2009-01-31,19.125,SAP.DE,SAP SE                        I
2009-02-28,19.9982,SAP.DE,SAP SE                        I
2009-03-31,21.7559,SAP.DE,SAP SE                        I
2009-04-30,23.1234,SAP.DE,SAP SE                        I
2009-05-31,21.8435,SAP.DE,SAP SE                        I
2009-06-30,25.1424,SAP.DE,SAP SE                        I
2009-07-31,25.9501,SAP.DE,SAP SE                        I
2009-08-31,25.3558,SAP.DE,SAP SE                        I
2009-09-30,23.4663,SAP.DE,SAP SE                        I
2009-10-31,24.2434,SAP.DE,SAP SE                        I
2009-11-30,25.1424,SAP.DE,SAP SE                        I
2009-12-31,25.2034,SAP.DE,SAP SE                        I
2010-01-31,24.9596,SAP.DE,SAP SE                        I
2010-02-28,27.3215,SAP.DE,SAP SE                        I
2010-03-31,27.5995,SAP.DE,SAP SE                        I
2010-04-30,26.8377,SAP.DE,SAP SE                        I
2010-05-31,28.3407,SAP.DE,SAP SE                        I
2010-06-30,27.0735,SAP.DE,SAP SE                        I
2010-07-31,26.6215,SAP.DE,SAP SE                        I
2010-08-31,28.0355,SAP.DE,SAP SE                        I
2010-09-30,28.951,SAP.DE,SAP SE                        I
2010-10-31,27.7689,SAP.DE,SAP SE                        I
2010-11-30,29.4378,SAP.DE,SAP SE                        I
2010-12-31,32.6211,SAP.DE,SAP SE                        I
2011-01-31,33.7801,SAP.DE,SAP SE                        I
2011-02-28,33.3783,SAP.DE,SAP SE                        I
2011-03-31,33.6101,SAP.DE,SAP SE                        I
2011-04-30,33.826,SAP.DE,SAP SE                        I
2011-05-31,32.7133,SAP.DE,SAP SE                        I
2011-06-30,34.1982,SAP.DE,SAP SE                        I
2011-07-31,29.775,SAP.DE,SAP SE                        I
2011-08-31,30.0218,SAP.DE,SAP SE                        I
2011-09-30,34.1825,SAP.DE,SAP SE                        I
2011-10-31,34.7701,SAP.DE,SAP SE                        I
2011-11-30,32.0081,SAP.DE,SAP SE                        I
2011-12-31,36.1923,SAP.DE,SAP SE                        I
2012-01-31,39.6869,SAP.DE,SAP SE                        I
2012-02-29,41.0268,SAP.DE,SAP SE                        I
2012-03-31,39.2481,SAP.DE,SAP SE                        I
2012-04-30,37.221,SAP.DE,SAP SE                        I
2012-05-31,37.3373,SAP.DE,SAP SE                        I
2012-06-30,41.6009,SAP.DE,SAP SE                        I
2012-07-31,42.0421,SAP.DE,SAP SE                        I
2012-08-31,44.2079,SAP.DE,SAP SE                        I
2012-09-30,45.0823,SAP.DE,SAP SE                        I
2012-10-31,48.1627,SAP.DE,SAP SE                        I
2012-11-30,48.6841,SAP.DE,SAP SE                        I
2012-12-31,48.4033,SAP.DE,SAP SE                        I
2013-01-31,48.0103,SAP.DE,SAP SE                        I
2013-02-28,50.136,SAP.DE,SAP SE                        I
2013-03-31,48.3793,SAP.DE,SAP SE                        I
2013-04-30,46.5503,SAP.DE,SAP SE                        I
2013-05-31,45.7968,SAP.DE,SAP SE                        I
2013-06-30,45.0072,SAP.DE,SAP SE                        I
2013-07-31,45.5282,SAP.DE,SAP SE                        I
2013-08-31,44.5025,SAP.DE,SAP SE                        I
2013-09-30,47.0992,SAP.DE,SAP SE                        I
2013-10-31,49.6145,SAP.DE,SAP SE                        I
2013-11-30,50.7216,SAP.DE,SAP SE                        I
2013-12-31,46.1224,SAP.DE,SAP SE                        I
2014-01-31,47.6365,SAP.DE,SAP SE                        I
2014-02-28,47.8318,SAP.DE,SAP SE                        I
2014-03-31,47.2457,SAP.DE,SAP SE                        I
2014-04-30,46.5551,SAP.DE,SAP SE                        I
2014-05-31,46.7541,SAP.DE,SAP SE                        I
2014-06-30,48.7933,SAP.DE,SAP SE                        I
2014-07-31,49.0752,SAP.DE,SAP SE                        I
2014-08-31,47.3343,SAP.DE,SAP SE                        I
2014-09-30,44.9635,SAP.DE,SAP SE                        I
2014-10-31,46.9862,SAP.DE,SAP SE                        I
2014-11-30,48.296,SAP.DE,SAP SE                        I
2014-12-31,47.9644,SAP.DE,SAP SE                        I
2015-01-31,52.0926,SAP.DE,SAP SE                        I
2015-02-28,55.9805,SAP.DE,SAP SE                        I
2015-03-31,56.3121,SAP.DE,SAP SE                        I
2015-04-30,56.767,SAP.DE,SAP SE                        I
2015-05-31,52.732,SAP.DE,SAP SE                        I
2015-06-30,54.9727,SAP.DE,SAP SE                        I
2015-07-31,50.5335,SAP.DE,SAP SE                        I
2015-08-31,48.815,SAP.DE,SAP SE                        I
2015-09-30,60.5492,SAP.DE,SAP SE                        I
2015-10-31,62.832,SAP.DE,SAP SE                        I
2015-11-30,61.8127,SAP.DE,SAP SE                        I
2015-12-31,61.6527,SAP.DE,SAP SE                        I
2016-01-31,58.915,SAP.DE,SAP SE                        I
2016-02-29,59.8921,SAP.DE,SAP SE                        I
2016-03-31,57.5504,SAP.DE,SAP SE                        I
2016-04-30,62.5084,SAP.DE,SAP SE                        I
2016-05-31,57.5392,SAP.DE,SAP SE                        I
2016-06-30,67.1776,SAP.DE,SAP SE                        I
2016-07-31,67.4775,SAP.DE,SAP SE                        I
2016-08-31,69.3281,SAP.DE,SAP SE                        I
2016-09-30,68.7455,SAP.DE,SAP SE                        I
2016-10-31,67.5803,SAP.DE,SAP SE                        I
2016-11-30,70.9473,SAP.DE,SAP SE                        I
2016-12-31,72.5066,SAP.DE,SAP SE                        I
2017-01-31,75.351,SAP.DE,SAP SE                        I
2017-02-28,78.8037,SAP.DE,SAP SE                        I
2017-03-31,78.8808,SAP.DE,SAP SE                        I
2017-04-30,82.8578,SAP.DE,SAP SE                        I
2017-05-31,79.3938,SAP.DE,SAP SE                        I
2017-06-30,77.8572,SAP.DE,SAP SE                        I
2017-07-31,76.4855,SAP.DE,SAP SE                        I
2017-08-31,80.4704,SAP.DE,SAP SE                        I
2017-09-30,84.7852,SAP.DE,SAP SE                        I
2017-10-31,82.172,SAP.DE,SAP SE                        I
2017-11-30,81.1302,SAP.DE,SAP SE                        I
2017-12-31,78.8556,SAP.DE,SAP SE                        I
2018-01-31,74.836,SAP.DE,SAP SE                        I
2018-02-28,73.7681,SAP.DE,SAP SE                        I
2018-03-31,80.236,SAP.DE,SAP SE                        I
2018-04-30,84.8647,SAP.DE,SAP SE                        I
2018-05-31,87.1638,SAP.DE,SAP SE                        I
2018-06-30,87.9566,SAP.DE,SAP SE                        I
2018-07-31,91.2775,SAP.DE,SAP SE                        I
2018-08-31,93.374,SAP.DE,SAP SE                        I
2018-09-30,83.3848,SAP.DE,SAP SE                        I
2018-10-31,80.0902,SAP.DE,SAP SE                        I
2018-11-30,76.5755,SAP.DE,SAP SE                        I
2018-12-31,79.5,SAP.DE,SAP SE                        I
2019-01-31,82.9796,SAP.DE,SAP SE                        I
2019-02-28,90.7314,SAP.DE,SAP SE                        I
2019-03-31,100.932,SAP.DE,SAP SE                        I
2019-04-30,98.5765,SAP.DE,SAP SE                        I
2019-05-31,107.8075,SAP.DE,SAP SE                        I
2019-06-30,99.7371,SAP.DE,SAP SE                        I
2019-07-31,96.9518,SAP.DE,SAP SE                        I
2019-08-31,96.309,SAP.DE,SAP SE                        I
2019-09-30,106.0577,SAP.DE,SAP SE                        I
2019-10-31,110.2357,SAP.DE,SAP SE                        I
2019-11-30,107.4147,SAP.DE,SAP SE                        I
2019-12-31,105.1828,SAP.DE,SAP SE                        I
2020-01-31,99.5943,SAP.DE,SAP SE                        I
2020-02-29,91.7739,SAP.DE,SAP SE                        I
2020-03-31,97.2553,SAP.DE,SAP SE                        I
2020-04-30,102.8001,SAP.DE,SAP SE                        I
2020-05-31,112.6001,SAP.DE,SAP SE                        I
2020-06-30,121.1682,SAP.DE,SAP SE                        I
2020-07-31,125.0266,SAP.DE,SAP SE                        I
2020-08-31,120.2444,SAP.DE,SAP SE                        I
2020-09-30,82.865,SAP.DE,SAP SE                        I
2020-10-31,92.3661,SAP.DE,SAP SE                        I
2020-11-30,97.1121,SAP.DE,SAP SE                        I
2020-12-31,94.9203,SAP.DE,SAP SE                        I
2021-01-31,92.4386,SAP.DE,SAP SE                        I
2021-02-28,94.5761,SAP.DE,SAP SE                        I
2021-03-31,105.7528,SAP.DE,SAP SE                        I
2021-04-30,104.5363,SAP.DE,SAP SE                        I
2021-05-31,109.4353,SAP.DE,SAP SE                        I
2021-06-30,111.277,SAP.DE,SAP SE                        I
2021-07-31,117.3732,SAP.DE,SAP SE                        I
2021-08-31,107.6304,SAP.DE,SAP SE                        I
2021-09-30,115.4025,SAP.DE,SAP SE                        I
2021-10-31,104.2232,SAP.DE,SAP SE                        I
2021-11-30,115.0157,SAP.DE,SAP SE                        I
2021-12-31,101.6632,SAP.DE,SAP SE                        I
2022-01-31,93.3018,SAP.DE,SAP SE                        I
2022-02-28,93.1176,SAP.DE,SAP SE                        I
2022-03-31,89.8394,SAP.DE,SAP SE                        I
2022-04-30,87.7977,SAP.DE,SAP SE                        I
2022-05-31,82.253,SAP.DE,SAP SE                        I
2022-06-30,85.8012,SAP.DE,SAP SE                        I
2022-07-31,80.3701,SAP.DE,SAP SE                        I
2022-08-31,79.5942,SAP.DE,SAP SE                        I
2022-09-30,92.4152,SAP.DE,SAP SE                        I
2022-10-31,98.8399,SAP.DE,SAP SE                        I
2022-11-30,91.204,SAP.DE,SAP SE                        I
2022-12-31,102.5489,SAP.DE,SAP SE                        I
2023-01-31,101.6974,SAP.DE,SAP SE                        I
2023-02-28,109.8157,SAP.DE,SAP SE                        I
2023-03-31,116.2499,SAP.DE,SAP SE                        I
2023-04-30,117.5773,SAP.DE,SAP SE                        I
2023-05-31,120.4258,SAP.DE,SAP SE                        I
2023-06-30,119.7137,SAP.DE,SAP SE                        I
2023-07-31,123.9672,SAP.DE,SAP SE                        I
2023-08-31,118.1932,SAP.DE,SAP SE                        I
2023-09-30,121.9655,SAP.DE,SAP SE                        I
2023-10-31,139.9996,SAP.DE,SAP SE                        I
2023-11-30,134.2256,SAP.DE,SAP SE                        I
2023-12-31,154.7425,SAP.DE,SAP SE                        I
2024-01-31,166.3674,SAP.DE,SAP SE                        I
2024-02-29,173.6618,SAP.DE,SAP SE                        I
2024-03-31,163.3072,SAP.DE,SAP SE                        I
2024-04-30,161.7285,SAP.DE,SAP SE                        I
2024-05-31,184.6878,SAP.DE,SAP SE                        I
2024-06-30,190.0476,SAP.DE,SAP SE                        I
2024-07-31,192.6787,SAP.DE,SAP SE                        I
2024-08-31,199.1884,SAP.DE,SAP SE                        I
2024-09-30,209.3233,SAP.DE,SAP SE                        I
2024-10-31,219.1657,SAP.DE,SAP SE                        I
2024-11-30,230.2751,SAP.DE,SAP SE                        I
2024-12-31,261.6541,SAP.DE,SAP SE                        I
2025-01-31,258.5356,SAP.DE,SAP SE                        I
2025-02-28,238.1685,SAP.DE,SAP SE                        I
2025-03-31,248.7906,SAP.DE,SAP SE                        I
2025-04-30,261.4624,SAP.DE,SAP SE                        I
2025-05-31,253.8417,SAP.DE,SAP SE                        I
2025-06-30,246.6144,SAP.DE,SAP SE                        I
2025-07-31,227.8332,SAP.DE,SAP SE                        I
2025-08-31,224.0966,SAP.DE,SAP SE                        I
2025-09-30,220.7042,SAP.DE,SAP SE                        I
2025-10-31,205.0695,SAP.DE,SAP SE                        I
2025-11-30,204.8729,SAP.DE,SAP SE                        I
2025-12-31,167.7135,SAP.DE,SAP SE                        I
2026-01-31,168.1069,SAP.DE,SAP SE                        I
2026-02-28,144.4484,SAP.DE,SAP SE                        I
2026-03-31,143.0718,SAP.DE,SAP SE                        I
2026-04-30,155.26,SAP.DE,SAP SE                        I
2026-05-31,134.0,SAP.DE,SAP SE                        I
2026-06-30,,SAP.DE,SAP SE                        I
1999-12-31,33.2468,RMS.PA,HERMES INTL
2000-01-31,31.5603,RMS.PA,HERMES INTL
2000-02-29,34.9332,RMS.PA,HERMES INTL
2000-03-31,37.5833,RMS.PA,HERMES INTL
2000-04-30,34.9332,RMS.PA,HERMES INTL
2000-05-31,34.3084,RMS.PA,HERMES INTL
2000-06-30,35.0358,RMS.PA,HERMES INTL
2000-07-31,37.3635,RMS.PA,HERMES INTL
2000-08-31,39.2789,RMS.PA,HERMES INTL
2000-09-30,38.5515,RMS.PA,HERMES INTL
2000-10-31,39.7638,RMS.PA,HERMES INTL
2000-11-30,36.5876,RMS.PA,HERMES INTL
2000-12-31,38.3576,RMS.PA,HERMES INTL
2001-01-31,36.8543,RMS.PA,HERMES INTL
2001-02-28,35.642,RMS.PA,HERMES INTL
2001-03-31,39.2789,RMS.PA,HERMES INTL
2001-04-30,40.4912,RMS.PA,HERMES INTL
2001-05-31,39.8145,RMS.PA,HERMES INTL
2001-06-30,40.0099,RMS.PA,HERMES INTL
2001-07-31,39.6435,RMS.PA,HERMES INTL
2001-08-31,31.5096,RMS.PA,HERMES INTL
2001-09-30,34.4896,RMS.PA,HERMES INTL
2001-10-31,41.0358,RMS.PA,HERMES INTL
2001-11-30,42.2571,RMS.PA,HERMES INTL
2001-12-31,43.3074,RMS.PA,HERMES INTL
2002-01-31,40.1809,RMS.PA,HERMES INTL
2002-02-28,41.5243,RMS.PA,HERMES INTL
2002-03-31,41.8418,RMS.PA,HERMES INTL
2002-04-30,42.7456,RMS.PA,HERMES INTL
2002-05-31,39.3989,RMS.PA,HERMES INTL
2002-06-30,35.9354,RMS.PA,HERMES INTL
2002-07-31,34.9228,RMS.PA,HERMES INTL
2002-08-31,31.2922,RMS.PA,HERMES INTL
2002-09-30,37.2938,RMS.PA,HERMES INTL
2002-10-31,36.1577,RMS.PA,HERMES INTL
2002-11-30,32.5024,RMS.PA,HERMES INTL
2002-12-31,32.1567,RMS.PA,HERMES INTL
2003-01-31,28.699,RMS.PA,HERMES INTL
2003-02-28,30.3784,RMS.PA,HERMES INTL
2003-03-31,30.7736,RMS.PA,HERMES INTL
2003-04-30,32.4777,RMS.PA,HERMES INTL
2003-05-31,30.696,RMS.PA,HERMES INTL
2003-06-30,31.5075,RMS.PA,HERMES INTL
2003-07-31,35.8724,RMS.PA,HERMES INTL
2003-08-31,33.3136,RMS.PA,HERMES INTL
2003-09-30,37.1517,RMS.PA,HERMES INTL
2003-10-31,38.6819,RMS.PA,HERMES INTL
2003-11-30,38.4813,RMS.PA,HERMES INTL
2003-12-31,37.9294,RMS.PA,HERMES INTL
2004-01-31,39.9613,RMS.PA,HERMES INTL
2004-02-29,41.6421,RMS.PA,HERMES INTL
2004-03-31,41.6922,RMS.PA,HERMES INTL
2004-04-30,40.7139,RMS.PA,HERMES INTL
2004-05-31,41.8229,RMS.PA,HERMES INTL
2004-06-30,40.88,RMS.PA,HERMES INTL
2004-07-31,39.5547,RMS.PA,HERMES INTL
2004-08-31,38.9175,RMS.PA,HERMES INTL
2004-09-30,38.5352,RMS.PA,HERMES INTL
2004-10-31,35.171,RMS.PA,HERMES INTL
2004-11-30,37.4138,RMS.PA,HERMES INTL
2004-12-31,38.3568,RMS.PA,HERMES INTL
2005-01-31,42.0013,RMS.PA,HERMES INTL
2005-02-28,39.5801,RMS.PA,HERMES INTL
2005-03-31,37.6432,RMS.PA,HERMES INTL
2005-04-30,40.0899,RMS.PA,HERMES INTL
2005-05-31,43.0166,RMS.PA,HERMES INTL
2005-06-30,44.0747,RMS.PA,HERMES INTL
2005-07-31,44.2553,RMS.PA,HERMES INTL
2005-08-31,50.7065,RMS.PA,HERMES INTL
2005-09-30,48.3066,RMS.PA,HERMES INTL
2005-10-31,50.5775,RMS.PA,HERMES INTL
2005-11-30,54.5256,RMS.PA,HERMES INTL
2005-12-31,54.7063,RMS.PA,HERMES INTL
2006-01-31,54.1385,RMS.PA,HERMES INTL
2006-02-28,53.8289,RMS.PA,HERMES INTL
2006-03-31,52.487,RMS.PA,HERMES INTL
2006-04-30,49.8291,RMS.PA,HERMES INTL
2006-05-31,54.231,RMS.PA,HERMES INTL
2006-06-30,50.8979,RMS.PA,HERMES INTL
2006-07-31,51.9174,RMS.PA,HERMES INTL
2006-08-31,57.1719,RMS.PA,HERMES INTL
2006-09-30,66.7006,RMS.PA,HERMES INTL
2006-10-31,64.5439,RMS.PA,HERMES INTL
2006-11-30,74.3078,RMS.PA,HERMES INTL
2006-12-31,73.602,RMS.PA,HERMES INTL
2007-01-31,77.4448,RMS.PA,HERMES INTL
2007-02-28,81.2328,RMS.PA,HERMES INTL
2007-03-31,83.1855,RMS.PA,HERMES INTL
2007-04-30,81.1151,RMS.PA,HERMES INTL
2007-05-31,66.5032,RMS.PA,HERMES INTL
2007-06-30,58.8629,RMS.PA,HERMES INTL
2007-07-31,62.7465,RMS.PA,HERMES INTL
2007-08-31,62.5483,RMS.PA,HERMES INTL
2007-09-30,71.948,RMS.PA,HERMES INTL
2007-10-31,69.8953,RMS.PA,HERMES INTL
2007-11-30,68.5083,RMS.PA,HERMES INTL
2007-12-31,53.1011,RMS.PA,HERMES INTL
2008-01-31,61.5497,RMS.PA,HERMES INTL
2008-02-29,62.691,RMS.PA,HERMES INTL
2008-03-31,68.7381,RMS.PA,HERMES INTL
2008-04-30,86.1206,RMS.PA,HERMES INTL
2008-05-31,81.9324,RMS.PA,HERMES INTL
2008-06-30,83.9725,RMS.PA,HERMES INTL
2008-07-31,79.6874,RMS.PA,HERMES INTL
2008-08-31,93.8208,RMS.PA,HERMES INTL
2008-09-30,82.7517,RMS.PA,HERMES INTL
2008-10-31,80.9,RMS.PA,HERMES INTL
2008-11-30,82.2437,RMS.PA,HERMES INTL
2008-12-31,64.6446,RMS.PA,HERMES INTL
2009-01-31,55.0176,RMS.PA,HERMES INTL
2009-02-28,71.74,RMS.PA,HERMES INTL
2009-03-31,82.5796,RMS.PA,HERMES INTL
2009-04-30,77.5572,RMS.PA,HERMES INTL
2009-05-31,81.9927,RMS.PA,HERMES INTL
2009-06-30,87.3347,RMS.PA,HERMES INTL
2009-07-31,85.5955,RMS.PA,HERMES INTL
2009-08-31,83.5249,RMS.PA,HERMES INTL
2009-09-30,78.506,RMS.PA,HERMES INTL
2009-10-31,78.4314,RMS.PA,HERMES INTL
2009-11-30,77.2802,RMS.PA,HERMES INTL
2009-12-31,82.5311,RMS.PA,HERMES INTL
2010-01-31,81.9845,RMS.PA,HERMES INTL
2010-02-28,85.1814,RMS.PA,HERMES INTL
2010-03-31,82.5145,RMS.PA,HERMES INTL
2010-04-30,89.1153,RMS.PA,HERMES INTL
2010-05-31,91.1226,RMS.PA,HERMES INTL
2010-06-30,110.1083,RMS.PA,HERMES INTL
2010-07-31,119.6011,RMS.PA,HERMES INTL
2010-08-31,140.0922,RMS.PA,HERMES INTL
2010-09-30,127.5048,RMS.PA,HERMES INTL
2010-10-31,122.1101,RMS.PA,HERMES INTL
2010-11-30,131.1012,RMS.PA,HERMES INTL
2010-12-31,123.2811,RMS.PA,HERMES INTL
2011-01-31,132.823,RMS.PA,HERMES INTL
2011-02-28,130.255,RMS.PA,HERMES INTL
2011-03-31,133.2019,RMS.PA,HERMES INTL
2011-04-30,150.631,RMS.PA,HERMES INTL
2011-05-31,172.1551,RMS.PA,HERMES INTL
2011-06-30,203.3102,RMS.PA,HERMES INTL
2011-07-31,228.0907,RMS.PA,HERMES INTL
2011-08-31,190.6877,RMS.PA,HERMES INTL
2011-09-30,207.574,RMS.PA,HERMES INTL
2011-10-31,199.2576,RMS.PA,HERMES INTL
2011-11-30,194.4871,RMS.PA,HERMES INTL
2011-12-31,224.3336,RMS.PA,HERMES INTL
2012-01-31,237.7184,RMS.PA,HERMES INTL
2012-02-29,214.4601,RMS.PA,HERMES INTL
2012-03-31,226.8532,RMS.PA,HERMES INTL
2012-04-30,226.6923,RMS.PA,HERMES INTL
2012-05-31,209.9244,RMS.PA,HERMES INTL
2012-06-30,192.0732,RMS.PA,HERMES INTL
2012-07-31,198.399,RMS.PA,HERMES INTL
2012-08-31,181.1111,RMS.PA,HERMES INTL
2012-09-30,182.4976,RMS.PA,HERMES INTL
2012-10-31,205.8948,RMS.PA,HERMES INTL
2012-11-30,196.1027,RMS.PA,HERMES INTL
2012-12-31,207.4979,RMS.PA,HERMES INTL
2013-01-31,222.4525,RMS.PA,HERMES INTL
2013-02-28,236.0943,RMS.PA,HERMES INTL
2013-03-31,223.237,RMS.PA,HERMES INTL
2013-04-30,239.886,RMS.PA,HERMES INTL
2013-05-31,217.0028,RMS.PA,HERMES INTL
2013-06-30,223.4779,RMS.PA,HERMES INTL
2013-07-31,221.9903,RMS.PA,HERMES INTL
2013-08-31,232.8405,RMS.PA,HERMES INTL
2013-09-30,219.5403,RMS.PA,HERMES INTL
2013-10-31,224.8779,RMS.PA,HERMES INTL
2013-11-30,230.5654,RMS.PA,HERMES INTL
2013-12-31,206.7214,RMS.PA,HERMES INTL
2014-01-31,205.6001,RMS.PA,HERMES INTL
2014-02-28,212.7323,RMS.PA,HERMES INTL
2014-03-31,222.9022,RMS.PA,HERMES INTL
2014-04-30,228.9338,RMS.PA,HERMES INTL
2014-05-31,238.3989,RMS.PA,HERMES INTL
2014-06-30,228.2703,RMS.PA,HERMES INTL
2014-07-31,231.6318,RMS.PA,HERMES INTL
2014-08-31,209.4284,RMS.PA,HERMES INTL
2014-09-30,218.584,RMS.PA,HERMES INTL
2014-10-31,238.1778,RMS.PA,HERMES INTL
2014-11-30,260.7792,RMS.PA,HERMES INTL
2014-12-31,265.7773,RMS.PA,HERMES INTL
2015-01-31,255.0736,RMS.PA,HERMES INTL
2015-02-28,292.0256,RMS.PA,HERMES INTL
2015-03-31,299.7175,RMS.PA,HERMES INTL
2015-04-30,316.2574,RMS.PA,HERMES INTL
2015-05-31,302.9319,RMS.PA,HERMES INTL
2015-06-30,320.9032,RMS.PA,HERMES INTL
2015-07-31,286.6808,RMS.PA,HERMES INTL
2015-08-31,294.2406,RMS.PA,HERMES INTL
2015-09-30,317.1913,RMS.PA,HERMES INTL
2015-10-31,301.7097,RMS.PA,HERMES INTL
2015-11-30,282.2445,RMS.PA,HERMES INTL
2015-12-31,283.8742,RMS.PA,HERMES INTL
2016-01-31,286.0743,RMS.PA,HERMES INTL
2016-02-29,281.4808,RMS.PA,HERMES INTL
2016-03-31,282.8906,RMS.PA,HERMES INTL
2016-04-30,295.5797,RMS.PA,HERMES INTL
2016-05-31,308.2547,RMS.PA,HERMES INTL
2016-06-30,352.0297,RMS.PA,HERMES INTL
2016-07-31,346.3577,RMS.PA,HERMES INTL
2016-08-31,331.4001,RMS.PA,HERMES INTL
2016-09-30,337.6667,RMS.PA,HERMES INTL
2016-10-31,356.2379,RMS.PA,HERMES INTL
2016-11-30,356.7868,RMS.PA,HERMES INTL
2016-12-31,368.1765,RMS.PA,HERMES INTL
2017-01-31,378.2119,RMS.PA,HERMES INTL
2017-02-28,407.7783,RMS.PA,HERMES INTL
2017-03-31,403.2792,RMS.PA,HERMES INTL
2017-04-30,403.9678,RMS.PA,HERMES INTL
2017-05-31,399.2755,RMS.PA,HERMES INTL
2017-06-30,394.9842,RMS.PA,HERMES INTL
2017-07-31,410.0268,RMS.PA,HERMES INTL
2017-08-31,393.646,RMS.PA,HERMES INTL
2017-09-30,411.1804,RMS.PA,HERMES INTL
2017-10-31,408.6887,RMS.PA,HERMES INTL
2017-11-30,411.8264,RMS.PA,HERMES INTL
2017-12-31,410.8575,RMS.PA,HERMES INTL
2018-01-31,409.3872,RMS.PA,HERMES INTL
2018-02-28,445.8717,RMS.PA,HERMES INTL
2018-03-31,496.1539,RMS.PA,HERMES INTL
2018-04-30,563.7523,RMS.PA,HERMES INTL
2018-05-31,491.3046,RMS.PA,HERMES INTL
2018-06-30,508.0004,RMS.PA,HERMES INTL
2018-07-31,525.4465,RMS.PA,HERMES INTL
2018-08-31,535.2014,RMS.PA,HERMES INTL
2018-09-30,473.671,RMS.PA,HERMES INTL
2018-10-31,448.0646,RMS.PA,HERMES INTL
2018-11-30,454.7241,RMS.PA,HERMES INTL
2018-12-31,491.8674,RMS.PA,HERMES INTL
2019-01-31,523.6978,RMS.PA,HERMES INTL
2019-02-28,553.231,RMS.PA,HERMES INTL
2019-03-31,589.9125,RMS.PA,HERMES INTL
2019-04-30,559.4384,RMS.PA,HERMES INTL
2019-05-31,599.5076,RMS.PA,HERMES INTL
2019-06-30,601.7763,RMS.PA,HERMES INTL
2019-07-31,587.0297,RMS.PA,HERMES INTL
2019-08-31,599.3185,RMS.PA,HERMES INTL
2019-09-30,609.7167,RMS.PA,HERMES INTL
2019-10-31,642.8022,RMS.PA,HERMES INTL
2019-11-30,629.7571,RMS.PA,HERMES INTL
2019-12-31,639.5883,RMS.PA,HERMES INTL
2020-01-31,595.5373,RMS.PA,HERMES INTL
2020-02-29,595.8108,RMS.PA,HERMES INTL
2020-03-31,635.5923,RMS.PA,HERMES INTL
2020-04-30,711.7338,RMS.PA,HERMES INTL
2020-05-31,707.9269,RMS.PA,HERMES INTL
2020-06-30,653.1049,RMS.PA,HERMES INTL
2020-07-31,684.7037,RMS.PA,HERMES INTL
2020-08-31,700.6933,RMS.PA,HERMES INTL
2020-09-30,760.4646,RMS.PA,HERMES INTL
2020-10-31,777.9772,RMS.PA,HERMES INTL
2020-11-30,837.1773,RMS.PA,HERMES INTL
2020-12-31,801.9617,RMS.PA,HERMES INTL
2021-01-31,878.6745,RMS.PA,HERMES INTL
2021-02-28,899.9247,RMS.PA,HERMES INTL
2021-03-31,995.2556,RMS.PA,HERMES INTL
2021-04-30,1101.8262,RMS.PA,HERMES INTL
2021-05-31,1174.4845,RMS.PA,HERMES INTL
2021-06-30,1232.3246,RMS.PA,HERMES INTL
2021-07-31,1189.781,RMS.PA,HERMES INTL
2021-08-31,1143.8914,RMS.PA,HERMES INTL
2021-09-30,1310.2411,RMS.PA,HERMES INTL
2021-10-31,1580.3198,RMS.PA,HERMES INTL
2021-11-30,1468.4642,RMS.PA,HERMES INTL
2021-12-31,1260.5272,RMS.PA,HERMES INTL
2022-01-31,1189.8636,RMS.PA,HERMES INTL
2022-02-28,1237.2858,RMS.PA,HERMES INTL
2022-03-31,1141.7886,RMS.PA,HERMES INTL
2022-04-30,1068.1714,RMS.PA,HERMES INTL
2022-05-31,1026.7916,RMS.PA,HERMES INTL
2022-06-30,1283.7303,RMS.PA,HERMES INTL
2022-07-31,1234.1709,RMS.PA,HERMES INTL
2022-08-31,1171.1393,RMS.PA,HERMES INTL
2022-09-30,1261.1158,RMS.PA,HERMES INTL
2022-10-31,1484.3733,RMS.PA,HERMES INTL
2022-11-30,1390.5476,RMS.PA,HERMES INTL
2022-12-31,1649.8918,RMS.PA,HERMES INTL
2023-01-31,1654.1681,RMS.PA,HERMES INTL
2023-02-28,1797.3589,RMS.PA,HERMES INTL
2023-03-31,1905.4718,RMS.PA,HERMES INTL
2023-04-30,1842.4987,RMS.PA,HERMES INTL
2023-05-31,1927.9484,RMS.PA,HERMES INTL
2023-06-30,1953.6219,RMS.PA,HERMES INTL
2023-07-31,1841.5299,RMS.PA,HERMES INTL
2023-08-31,1675.8619,RMS.PA,HERMES INTL
2023-09-30,1704.7327,RMS.PA,HERMES INTL
2023-10-31,1844.8237,RMS.PA,HERMES INTL
2023-11-30,1858.9686,RMS.PA,HERMES INTL
2023-12-31,1896.7524,RMS.PA,HERMES INTL
2024-01-31,2244.4709,RMS.PA,HERMES INTL
2024-02-29,2295.9009,RMS.PA,HERMES INTL
2024-03-31,2184.3079,RMS.PA,HERMES INTL
2024-04-30,2131.8923,RMS.PA,HERMES INTL
2024-05-31,2096.6221,RMS.PA,HERMES INTL
2024-06-30,1981.9938,RMS.PA,HERMES INTL
2024-07-31,2125.0344,RMS.PA,HERMES INTL
2024-08-31,2161.2842,RMS.PA,HERMES INTL
2024-09-30,2031.96,RMS.PA,HERMES INTL
2024-10-31,2023.1426,RMS.PA,HERMES INTL
2024-11-30,2274.9329,RMS.PA,HERMES INTL
2024-12-31,2668.7844,RMS.PA,HERMES INTL
2025-01-31,2684.8308,RMS.PA,HERMES INTL
2025-02-28,2365.0447,RMS.PA,HERMES INTL
2025-03-31,2345.4258,RMS.PA,HERMES INTL
2025-04-30,2403.7781,RMS.PA,HERMES INTL
2025-05-31,2276.0649,RMS.PA,HERMES INTL
2025-06-30,2129.5415,RMS.PA,HERMES INTL
2025-07-31,2070.1399,RMS.PA,HERMES INTL
2025-08-31,2062.22,RMS.PA,HERMES INTL
2025-09-30,2127.5615,RMS.PA,HERMES INTL
2025-10-31,2079.05,RMS.PA,HERMES INTL
2025-11-30,2100.8308,RMS.PA,HERMES INTL
2025-12-31,2008.7585,RMS.PA,HERMES INTL
2026-01-31,2033.2942,RMS.PA,HERMES INTL
2026-02-28,1596.6669,RMS.PA,HERMES INTL
2026-03-31,1623.5,RMS.PA,HERMES INTL
2026-04-30,1620.0,RMS.PA,HERMES INTL
2026-05-31,1598.0,RMS.PA,HERMES INTL
2026-06-30,,RMS.PA,HERMES INTL
1998-06-30,3.2866,ASML.AS,ASML HOLDING
1998-07-31,2.2192,ASML.AS,ASML HOLDING
1998-08-31,1.7023,ASML.AS,ASML HOLDING
1998-09-30,2.663,ASML.AS,ASML HOLDING
1998-10-31,3.1293,ASML.AS,ASML HOLDING
1998-11-30,3.2248,ASML.AS,ASML HOLDING
1998-12-31,4.8347,ASML.AS,ASML HOLDING
1999-01-31,4.6366,ASML.AS,ASML HOLDING
1999-02-28,5.2433,ASML.AS,ASML HOLDING
1999-03-31,4.94,ASML.AS,ASML HOLDING
1999-04-30,5.299,ASML.AS,ASML HOLDING
1999-05-31,6.9457,ASML.AS,ASML HOLDING
1999-06-30,6.9518,ASML.AS,ASML HOLDING
1999-07-31,7.4161,ASML.AS,ASML HOLDING
1999-08-31,7.8742,ASML.AS,ASML HOLDING
1999-09-30,8.3075,ASML.AS,ASML HOLDING
1999-10-31,11.9475,ASML.AS,ASML HOLDING
1999-11-30,13.6561,ASML.AS,ASML HOLDING
1999-12-31,45.3139,ASML.AS,ASML HOLDING
2000-01-31,49.1211,ASML.AS,ASML HOLDING
2000-02-29,43.3454,ASML.AS,ASML HOLDING
2000-03-31,47.9139,ASML.AS,ASML HOLDING
2000-04-30,43.9694,ASML.AS,ASML HOLDING
2000-05-31,50.1648,ASML.AS,ASML HOLDING
2000-06-30,46.5211,ASML.AS,ASML HOLDING
2000-07-31,47.3902,ASML.AS,ASML HOLDING
2000-08-31,41.8968,ASML.AS,ASML HOLDING
2000-09-30,35.8909,ASML.AS,ASML HOLDING
2000-10-31,26.8652,ASML.AS,ASML HOLDING
2000-11-30,26.9544,ASML.AS,ASML HOLDING
2000-12-31,34.1972,ASML.AS,ASML HOLDING
2001-01-31,26.4195,ASML.AS,ASML HOLDING
2001-02-28,28.0798,ASML.AS,ASML HOLDING
2001-03-31,33.2054,ASML.AS,ASML HOLDING
2001-04-30,30.3641,ASML.AS,ASML HOLDING
2001-05-31,29.5172,ASML.AS,ASML HOLDING
2001-06-30,26.5421,ASML.AS,ASML HOLDING
2001-07-31,21.7953,ASML.AS,ASML HOLDING
2001-08-31,13.6165,ASML.AS,ASML HOLDING
2001-09-30,17.8284,ASML.AS,ASML HOLDING
2001-10-31,21.9513,ASML.AS,ASML HOLDING
2001-11-30,21.7507,ASML.AS,ASML HOLDING
2001-12-31,24.035,ASML.AS,ASML HOLDING
2002-01-31,26.4084,ASML.AS,ASML HOLDING
2002-02-28,30.1523,ASML.AS,ASML HOLDING
2002-03-31,28.0798,ASML.AS,ASML HOLDING
2002-04-30,22.7981,ASML.AS,ASML HOLDING
2002-05-31,17.8619,ASML.AS,ASML HOLDING
2002-06-30,13.9285,ASML.AS,ASML HOLDING
2002-07-31,11.6219,ASML.AS,ASML HOLDING
2002-08-31,6.9308,ASML.AS,ASML HOLDING
2002-09-30,9.8614,ASML.AS,ASML HOLDING
2002-10-31,12.7919,ASML.AS,ASML HOLDING
2002-11-30,8.8696,ASML.AS,ASML HOLDING
2002-12-31,8.0785,ASML.AS,ASML HOLDING
2003-01-31,7.4545,ASML.AS,ASML HOLDING
2003-02-28,6.6299,ASML.AS,ASML HOLDING
2003-03-31,8.6245,ASML.AS,ASML HOLDING
2003-04-30,9.4045,ASML.AS,ASML HOLDING
2003-05-31,9.2151,ASML.AS,ASML HOLDING
2003-06-30,12.9702,ASML.AS,ASML HOLDING
2003-07-31,15.9899,ASML.AS,ASML HOLDING
2003-08-31,12.5356,ASML.AS,ASML HOLDING
2003-09-30,16.6362,ASML.AS,ASML HOLDING
2003-10-31,17.561,ASML.AS,ASML HOLDING
2003-11-30,17.5164,ASML.AS,ASML HOLDING
2003-12-31,17.2267,ASML.AS,ASML HOLDING
2004-01-31,16.547,ASML.AS,ASML HOLDING
2004-02-29,16.6139,ASML.AS,ASML HOLDING
2004-03-31,14.7976,ASML.AS,ASML HOLDING
2004-04-30,16.001,ASML.AS,ASML HOLDING
2004-05-31,15.4996,ASML.AS,ASML HOLDING
2004-06-30,13.2265,ASML.AS,ASML HOLDING
2004-07-31,11.6999,ASML.AS,ASML HOLDING
2004-08-31,11.5439,ASML.AS,ASML HOLDING
2004-09-30,12.4465,ASML.AS,ASML HOLDING
2004-10-31,12.8588,ASML.AS,ASML HOLDING
2004-11-30,13.1596,ASML.AS,ASML HOLDING
2004-12-31,13.9619,ASML.AS,ASML HOLDING
2005-01-31,15.5665,ASML.AS,ASML HOLDING
2005-02-28,14.519,ASML.AS,ASML HOLDING
2005-03-31,12.3796,ASML.AS,ASML HOLDING
2005-04-30,14.5525,ASML.AS,ASML HOLDING
2005-05-31,14.5079,ASML.AS,ASML HOLDING
2005-06-30,16.079,ASML.AS,ASML HOLDING
2005-07-31,15.1319,ASML.AS,ASML HOLDING
2005-08-31,15.221,ASML.AS,ASML HOLDING
2005-09-30,15.7113,ASML.AS,ASML HOLDING
2005-10-31,18.107,ASML.AS,ASML HOLDING
2005-11-30,18.8313,ASML.AS,ASML HOLDING
2005-12-31,20.6698,ASML.AS,ASML HOLDING
2006-01-31,19.3996,ASML.AS,ASML HOLDING
2006-02-28,18.7756,ASML.AS,ASML HOLDING
2006-03-31,18.7199,ASML.AS,ASML HOLDING
2006-04-30,17.5944,ASML.AS,ASML HOLDING
2006-05-31,17.6502,ASML.AS,ASML HOLDING
2006-06-30,17.1933,ASML.AS,ASML HOLDING
2006-07-31,19.0096,ASML.AS,ASML HOLDING
2006-08-31,20.5473,ASML.AS,ASML HOLDING
2006-09-30,19.9678,ASML.AS,ASML HOLDING
2006-10-31,20.9038,ASML.AS,ASML HOLDING
2006-11-30,20.993,ASML.AS,ASML HOLDING
2006-12-31,21.5947,ASML.AS,ASML HOLDING
2007-01-31,20.7367,ASML.AS,ASML HOLDING
2007-02-28,20.603,ASML.AS,ASML HOLDING
2007-03-31,22.2744,ASML.AS,ASML HOLDING
2007-04-30,21.4498,ASML.AS,ASML HOLDING
2007-05-31,22.8427,ASML.AS,ASML HOLDING
2007-06-30,24.4027,ASML.AS,ASML HOLDING
2007-07-31,24.2132,ASML.AS,ASML HOLDING
2007-08-31,25.9069,ASML.AS,ASML HOLDING
2007-09-30,25.825,ASML.AS,ASML HOLDING
2007-10-31,25.492,ASML.AS,ASML HOLDING
2007-11-30,23.2683,ASML.AS,ASML HOLDING
2007-12-31,19.068,ASML.AS,ASML HOLDING
2008-01-31,17.2847,ASML.AS,ASML HOLDING
2008-02-29,16.7369,ASML.AS,ASML HOLDING
2008-03-31,19.9456,ASML.AS,ASML HOLDING
2008-04-30,20.9249,ASML.AS,ASML HOLDING
2008-05-31,17.0294,ASML.AS,ASML HOLDING
2008-06-30,16.1589,ASML.AS,ASML HOLDING
2008-07-31,17.5517,ASML.AS,ASML HOLDING
2008-08-31,13.5038,ASML.AS,ASML HOLDING
2008-09-30,14.7987,ASML.AS,ASML HOLDING
2008-10-31,13.0033,ASML.AS,ASML HOLDING
2008-11-30,13.8738,ASML.AS,ASML HOLDING
2008-12-31,14.1567,ASML.AS,ASML HOLDING
2009-01-31,13.2862,ASML.AS,ASML HOLDING
2009-02-28,14.7526,ASML.AS,ASML HOLDING
2009-03-31,17.1948,ASML.AS,ASML HOLDING
2009-04-30,16.04,ASML.AS,ASML HOLDING
2009-05-31,17.029,ASML.AS,ASML HOLDING
2009-06-30,20.3,ASML.AS,ASML HOLDING
2009-07-31,21.1454,ASML.AS,ASML HOLDING
2009-08-31,22.2118,ASML.AS,ASML HOLDING
2009-09-30,20.3111,ASML.AS,ASML HOLDING
2009-10-31,22.6096,ASML.AS,ASML HOLDING
2009-11-30,26.5215,ASML.AS,ASML HOLDING
2009-12-31,25.3833,ASML.AS,ASML HOLDING
2010-01-31,24.875,ASML.AS,ASML HOLDING
2010-02-28,29.4283,ASML.AS,ASML HOLDING
2010-03-31,27.6377,ASML.AS,ASML HOLDING
2010-04-30,26.2029,ASML.AS,ASML HOLDING
2010-05-31,25.43,ASML.AS,ASML HOLDING
2010-06-30,27.215,ASML.AS,ASML HOLDING
2010-07-31,21.8821,ASML.AS,ASML HOLDING
2010-08-31,24.3678,ASML.AS,ASML HOLDING
2010-09-30,26.3698,ASML.AS,ASML HOLDING
2010-10-31,27.7155,ASML.AS,ASML HOLDING
2010-11-30,32.142,ASML.AS,ASML HOLDING
2010-12-31,33.9215,ASML.AS,ASML HOLDING
2011-01-31,34.9836,ASML.AS,ASML HOLDING
2011-02-28,34.5888,ASML.AS,ASML HOLDING
2011-03-31,31.4732,ASML.AS,ASML HOLDING
2011-04-30,30.4036,ASML.AS,ASML HOLDING
2011-05-31,28.5967,ASML.AS,ASML HOLDING
2011-06-30,28.1294,ASML.AS,ASML HOLDING
2011-07-31,28.0225,ASML.AS,ASML HOLDING
2011-08-31,29.3622,ASML.AS,ASML HOLDING
2011-09-30,34.0796,ASML.AS,ASML HOLDING
2011-10-31,32.6328,ASML.AS,ASML HOLDING
2011-11-30,36.5621,ASML.AS,ASML HOLDING
2011-12-31,36.9674,ASML.AS,ASML HOLDING
2012-01-31,38.8419,ASML.AS,ASML HOLDING
2012-02-29,42.197,ASML.AS,ASML HOLDING
2012-03-31,43.797,ASML.AS,ASML HOLDING
2012-04-30,42.2703,ASML.AS,ASML HOLDING
2012-05-31,45.6485,ASML.AS,ASML HOLDING
2012-06-30,53.8006,ASML.AS,ASML HOLDING
2012-07-31,51.3111,ASML.AS,ASML HOLDING
2012-08-31,47.386,ASML.AS,ASML HOLDING
2012-09-30,48.3659,ASML.AS,ASML HOLDING
2012-10-31,42.1459,ASML.AS,ASML HOLDING
2012-11-30,42.1108,ASML.AS,ASML HOLDING
2012-12-31,48.5151,ASML.AS,ASML HOLDING
2013-01-31,47.8308,ASML.AS,ASML HOLDING
2013-02-28,46.0323,ASML.AS,ASML HOLDING
2013-03-31,49.9803,ASML.AS,ASML HOLDING
2013-04-30,56.8952,ASML.AS,ASML HOLDING
2013-05-31,53.6723,ASML.AS,ASML HOLDING
2013-06-30,59.8524,ASML.AS,ASML HOLDING
2013-07-31,58.7102,ASML.AS,ASML HOLDING
2013-08-31,64.6335,ASML.AS,ASML HOLDING
2013-09-30,61.9065,ASML.AS,ASML HOLDING
2013-10-31,60.9945,ASML.AS,ASML HOLDING
2013-11-30,60.2419,ASML.AS,ASML HOLDING
2013-12-31,55.7619,ASML.AS,ASML HOLDING
2014-01-31,55.8238,ASML.AS,ASML HOLDING
2014-02-28,59.5248,ASML.AS,ASML HOLDING
2014-03-31,53.1516,ASML.AS,ASML HOLDING
2014-04-30,56.3086,ASML.AS,ASML HOLDING
2014-05-31,60.8251,ASML.AS,ASML HOLDING
2014-06-30,63.2846,ASML.AS,ASML HOLDING
2014-07-31,65.118,ASML.AS,ASML HOLDING
2014-08-31,70.4931,ASML.AS,ASML HOLDING
2014-09-30,71.0566,ASML.AS,ASML HOLDING
2014-10-31,75.9576,ASML.AS,ASML HOLDING
2014-11-30,80.0448,ASML.AS,ASML HOLDING
2014-12-31,83.4255,ASML.AS,ASML HOLDING
2015-01-31,86.4037,ASML.AS,ASML HOLDING
2015-02-28,84.776,ASML.AS,ASML HOLDING
2015-03-31,87.1029,ASML.AS,ASML HOLDING
2015-04-30,91.6422,ASML.AS,ASML HOLDING
2015-05-31,83.4912,ASML.AS,ASML HOLDING
2015-06-30,81.6359,ASML.AS,ASML HOLDING
2015-07-31,73.5659,ASML.AS,ASML HOLDING
2015-08-31,70.3956,ASML.AS,ASML HOLDING
2015-09-30,76.2049,ASML.AS,ASML HOLDING
2015-10-31,78.7807,ASML.AS,ASML HOLDING
2015-11-30,75.7365,ASML.AS,ASML HOLDING
2015-12-31,75.8536,ASML.AS,ASML HOLDING
2016-01-31,76.2139,ASML.AS,ASML HOLDING
2016-02-29,80.411,ASML.AS,ASML HOLDING
2016-03-31,76.0157,ASML.AS,ASML HOLDING
2016-04-30,81.5282,ASML.AS,ASML HOLDING
2016-05-31,80.6071,ASML.AS,ASML HOLDING
2016-06-30,90.2281,ASML.AS,ASML HOLDING
2016-07-31,86.9725,ASML.AS,ASML HOLDING
2016-08-31,89.0882,ASML.AS,ASML HOLDING
2016-09-30,88.003,ASML.AS,ASML HOLDING
2016-10-31,89.0244,ASML.AS,ASML HOLDING
2016-11-30,97.2593,ASML.AS,ASML HOLDING
2016-12-31,102.503,ASML.AS,ASML HOLDING
2017-01-31,104.3724,ASML.AS,ASML HOLDING
2017-02-28,113.4464,ASML.AS,ASML HOLDING
2017-03-31,111.7597,ASML.AS,ASML HOLDING
2017-04-30,108.214,ASML.AS,ASML HOLDING
2017-05-31,105.0827,ASML.AS,ASML HOLDING
2017-06-30,118.0223,ASML.AS,ASML HOLDING
2017-07-31,120.1866,ASML.AS,ASML HOLDING
2017-08-31,132.6657,ASML.AS,ASML HOLDING
2017-09-30,142.5661,ASML.AS,ASML HOLDING
2017-10-31,135.9352,ASML.AS,ASML HOLDING
2017-11-30,133.6788,ASML.AS,ASML HOLDING
2017-12-31,150.3023,ASML.AS,ASML HOLDING
2018-01-31,148.5524,ASML.AS,ASML HOLDING
2018-02-28,147.4933,ASML.AS,ASML HOLDING
2018-03-31,146.3276,ASML.AS,ASML HOLDING
2018-04-30,155.5253,ASML.AS,ASML HOLDING
2018-05-31,157.6621,ASML.AS,ASML HOLDING
2018-06-30,170.4832,ASML.AS,ASML HOLDING
2018-07-31,163.1993,ASML.AS,ASML HOLDING
2018-08-31,149.4863,ASML.AS,ASML HOLDING
2018-09-30,140.2143,ASML.AS,ASML HOLDING
2018-10-31,138.5234,ASML.AS,ASML HOLDING
2018-11-30,127.4304,ASML.AS,ASML HOLDING
2018-12-31,142.3512,ASML.AS,ASML HOLDING
2019-01-31,149.6908,ASML.AS,ASML HOLDING
2019-02-28,155.3394,ASML.AS,ASML HOLDING
2019-03-31,174.3538,ASML.AS,ASML HOLDING
2019-04-30,159.0929,ASML.AS,ASML HOLDING
2019-05-31,172.6623,ASML.AS,ASML HOLDING
2019-06-30,190.5732,ASML.AS,ASML HOLDING
2019-07-31,190.0563,ASML.AS,ASML HOLDING
2019-08-31,213.5491,ASML.AS,ASML HOLDING
2019-09-30,220.8319,ASML.AS,ASML HOLDING
2019-10-31,233.1293,ASML.AS,ASML HOLDING
2019-11-30,248.8916,ASML.AS,ASML HOLDING
2019-12-31,239.9722,ASML.AS,ASML HOLDING
2020-01-31,234.1676,ASML.AS,ASML HOLDING
2020-02-29,228.8349,ASML.AS,ASML HOLDING
2020-03-31,256.7366,ASML.AS,ASML HOLDING
2020-04-30,277.8903,ASML.AS,ASML HOLDING
2020-05-31,310.0949,ASML.AS,ASML HOLDING
2020-06-30,284.2932,ASML.AS,ASML HOLDING
2020-07-31,298.1427,ASML.AS,ASML HOLDING
2020-08-31,298.5222,ASML.AS,ASML HOLDING
2020-09-30,295.9609,ASML.AS,ASML HOLDING
2020-10-31,346.4781,ASML.AS,ASML HOLDING
2020-11-30,378.5691,ASML.AS,ASML HOLDING
2020-12-31,418.4685,ASML.AS,ASML HOLDING
2021-01-31,443.132,ASML.AS,ASML HOLDING
2021-02-28,492.3159,ASML.AS,ASML HOLDING
2021-03-31,515.3606,ASML.AS,ASML HOLDING
2021-04-30,522.5707,ASML.AS,ASML HOLDING
2021-05-31,553.3215,ASML.AS,ASML HOLDING
2021-06-30,610.2387,ASML.AS,ASML HOLDING
2021-07-31,672.7906,ASML.AS,ASML HOLDING
2021-08-31,616.8283,ASML.AS,ASML HOLDING
2021-09-30,668.9707,ASML.AS,ASML HOLDING
2021-10-31,669.8422,ASML.AS,ASML HOLDING
2021-11-30,676.6401,ASML.AS,ASML HOLDING
2021-12-31,568.9253,ASML.AS,ASML HOLDING
2022-01-31,573.4254,ASML.AS,ASML HOLDING
2022-02-28,584.0533,ASML.AS,ASML HOLDING
2022-03-31,524.6905,ASML.AS,ASML HOLDING
2022-04-30,516.7695,ASML.AS,ASML HOLDING
2022-05-31,439.4951,ASML.AS,ASML HOLDING
2022-06-30,535.4733,ASML.AS,ASML HOLDING
2022-07-31,468.3864,ASML.AS,ASML HOLDING
2022-08-31,419.0495,ASML.AS,ASML HOLDING
2022-09-30,461.9596,ASML.AS,ASML HOLDING
2022-10-31,543.8482,ASML.AS,ASML HOLDING
2022-11-30,488.3099,ASML.AS,ASML HOLDING
2022-12-31,584.0721,ASML.AS,ASML HOLDING
2023-01-31,567.2593,ASML.AS,ASML HOLDING
2023-02-28,607.2783,ASML.AS,ASML HOLDING
2023-03-31,558.7338,ASML.AS,ASML HOLDING
2023-04-30,654.2107,ASML.AS,ASML HOLDING
2023-05-31,645.9296,ASML.AS,ASML HOLDING
2023-06-30,635.4075,ASML.AS,ASML HOLDING
2023-07-31,593.5678,ASML.AS,ASML HOLDING
2023-08-31,545.9183,ASML.AS,ASML HOLDING
2023-09-30,551.9722,ASML.AS,ASML HOLDING
2023-10-31,609.8762,ASML.AS,ASML HOLDING
2023-11-30,667.3397,ASML.AS,ASML HOLDING
2023-12-31,781.3855,ASML.AS,ASML HOLDING
2024-01-31,853.6743,ASML.AS,ASML HOLDING
2024-02-29,874.9548,ASML.AS,ASML HOLDING
2024-03-31,818.3226,ASML.AS,ASML HOLDING
2024-04-30,855.7648,ASML.AS,ASML HOLDING
2024-05-31,947.5521,ASML.AS,ASML HOLDING
2024-06-30,837.3665,ASML.AS,ASML HOLDING
2024-07-31,799.4611,ASML.AS,ASML HOLDING
2024-08-31,734.0864,ASML.AS,ASML HOLDING
2024-09-30,613.029,ASML.AS,ASML HOLDING
2024-10-31,649.7396,ASML.AS,ASML HOLDING
2024-11-30,669.7726,ASML.AS,ASML HOLDING
2024-12-31,713.1938,ASML.AS,ASML HOLDING
2025-01-31,671.125,ASML.AS,ASML HOLDING
2025-02-28,599.3248,ASML.AS,ASML HOLDING
2025-03-31,577.8806,ASML.AS,ASML HOLDING
2025-04-30,648.7144,ASML.AS,ASML HOLDING
2025-05-31,672.2264,ASML.AS,ASML HOLDING
2025-06-30,609.851,ASML.AS,ASML HOLDING
2025-07-31,633.2264,ASML.AS,ASML HOLDING
2025-08-31,823.7117,ASML.AS,ASML HOLDING
2025-09-30,914.8466,ASML.AS,ASML HOLDING
2025-10-31,900.1987,ASML.AS,ASML HOLDING
2025-11-30,918.1349,ASML.AS,ASML HOLDING
2025-12-31,1211.2924,ASML.AS,ASML HOLDING
2026-01-31,1230.6788,ASML.AS,ASML HOLDING
2026-02-28,1116.7307,ASML.AS,ASML HOLDING
2026-03-31,1222.4,ASML.AS,ASML HOLDING
2026-04-30,1384.8,ASML.AS,ASML HOLDING
2026-05-31,1721.4,ASML.AS,ASML HOLDING
2026-06-30,,ASML.AS,ASML HOLDING
1999-12-31,43.6026,OR.PA,L'OREAL
2000-01-31,45.3783,OR.PA,L'OREAL
2000-02-29,44.3918,OR.PA,L'OREAL
2000-03-31,49.0611,OR.PA,L'OREAL
2000-04-30,48.5679,OR.PA,L'OREAL
2000-05-31,59.896,OR.PA,L'OREAL
2000-06-30,58.212,OR.PA,L'OREAL
2000-07-31,53.7545,OR.PA,L'OREAL
2000-08-31,58.0799,OR.PA,L'OREAL
2000-09-30,59.4337,OR.PA,L'OREAL
2000-10-31,60.6884,OR.PA,L'OREAL
2000-11-30,60.2922,OR.PA,L'OREAL
2000-12-31,54.8111,OR.PA,L'OREAL
2001-01-31,53.8205,OR.PA,L'OREAL
2001-02-28,50.7828,OR.PA,L'OREAL
2001-03-31,54.1837,OR.PA,L'OREAL
2001-04-30,50.5186,OR.PA,L'OREAL
2001-05-31,50.637,OR.PA,L'OREAL
2001-06-30,55.0864,OR.PA,L'OREAL
2001-07-31,49.7405,OR.PA,L'OREAL
2001-08-31,50.2718,OR.PA,L'OREAL
2001-09-30,50.9359,OR.PA,L'OREAL
2001-10-31,51.0355,OR.PA,L'OREAL
2001-11-30,53.7251,OR.PA,L'OREAL
2001-12-31,52.3305,OR.PA,L'OREAL
2002-01-31,53.6586,OR.PA,L'OREAL
2002-02-28,54.522,OR.PA,L'OREAL
2002-03-31,57.7428,OR.PA,L'OREAL
2002-04-30,50.8362,OR.PA,L'OREAL
2002-05-31,52.8348,OR.PA,L'OREAL
2002-06-30,47.8188,OR.PA,L'OREAL
2002-07-31,49.1898,OR.PA,L'OREAL
2002-08-31,48.822,OR.PA,L'OREAL
2002-09-30,50.2934,OR.PA,L'OREAL
2002-10-31,47.986,OR.PA,L'OREAL
2002-11-30,48.521,OR.PA,L'OREAL
2002-12-31,43.0035,OR.PA,L'OREAL
2003-01-31,40.0608,OR.PA,L'OREAL
2003-02-28,37.1181,OR.PA,L'OREAL
2003-03-31,42.8363,OR.PA,L'OREAL
2003-04-30,41.7014,OR.PA,L'OREAL
2003-05-31,41.4987,OR.PA,L'OREAL
2003-06-30,39.5724,OR.PA,L'OREAL
2003-07-31,42.7828,OR.PA,L'OREAL
2003-08-31,39.64,OR.PA,L'OREAL
2003-09-30,42.9856,OR.PA,L'OREAL
2003-10-31,41.8366,OR.PA,L'OREAL
2003-11-30,43.9318,OR.PA,L'OREAL
2003-12-31,43.0194,OR.PA,L'OREAL
2004-01-31,44.7091,OR.PA,L'OREAL
2004-02-29,42.107,OR.PA,L'OREAL
2004-03-31,42.5125,OR.PA,L'OREAL
2004-04-30,43.7822,OR.PA,L'OREAL
2004-05-31,44.8759,OR.PA,L'OREAL
2004-06-30,40.7062,OR.PA,L'OREAL
2004-07-31,37.3567,OR.PA,L'OREAL
2004-08-31,36.0579,OR.PA,L'OREAL
2004-09-30,36.5364,OR.PA,L'OREAL
2004-10-31,37.1858,OR.PA,L'OREAL
2004-11-30,38.177,OR.PA,L'OREAL
2004-12-31,39.2707,OR.PA,L'OREAL
2005-01-31,40.4327,OR.PA,L'OREAL
2005-02-28,42.21,OR.PA,L'OREAL
2005-03-31,38.0061,OR.PA,L'OREAL
2005-04-30,40.8816,OR.PA,L'OREAL
2005-05-31,41.159,OR.PA,L'OREAL
2005-06-30,45.1466,OR.PA,L'OREAL
2005-07-31,45.1119,OR.PA,L'OREAL
2005-08-31,44.6958,OR.PA,L'OREAL
2005-09-30,42.546,OR.PA,L'OREAL
2005-10-31,42.5113,OR.PA,L'OREAL
2005-11-30,43.5515,OR.PA,L'OREAL
2005-12-31,46.3255,OR.PA,L'OREAL
2006-01-31,51.4921,OR.PA,L'OREAL
2006-02-28,50.4171,OR.PA,L'OREAL
2006-03-31,50.972,OR.PA,L'OREAL
2006-04-30,49.1006,OR.PA,L'OREAL
2006-05-31,51.9124,OR.PA,L'OREAL
2006-06-30,55.1459,OR.PA,L'OREAL
2006-07-31,57.4305,OR.PA,L'OREAL
2006-08-31,56.3058,OR.PA,L'OREAL
2006-09-30,53.5643,OR.PA,L'OREAL
2006-10-31,53.494,OR.PA,L'OREAL
2006-11-30,53.3535,OR.PA,L'OREAL
2006-12-31,57.0088,OR.PA,L'OREAL
2007-01-31,55.624,OR.PA,L'OREAL
2007-02-28,57.4516,OR.PA,L'OREAL
2007-03-31,61.9434,OR.PA,L'OREAL
2007-04-30,62.9141,OR.PA,L'OREAL
2007-05-31,62.5578,OR.PA,L'OREAL
2007-06-30,60.1424,OR.PA,L'OREAL
2007-07-31,61.261,OR.PA,L'OREAL
2007-08-31,65.5503,OR.PA,L'OREAL
2007-09-30,64.5813,OR.PA,L'OREAL
2007-10-31,67.6379,OR.PA,L'OREAL
2007-11-30,69.8111,OR.PA,L'OREAL
2007-12-31,58.753,OR.PA,L'OREAL
2008-01-31,56.0883,OR.PA,L'OREAL
2008-02-29,57.3138,OR.PA,L'OREAL
2008-03-31,55.3342,OR.PA,L'OREAL
2008-04-30,56.7936,OR.PA,L'OREAL
2008-05-31,50.1718,OR.PA,L'OREAL
2008-06-30,48.9374,OR.PA,L'OREAL
2008-07-31,49.3077,OR.PA,L'OREAL
2008-08-31,50.2807,OR.PA,L'OREAL
2008-09-30,42.8493,OR.PA,L'OREAL
2008-10-31,46.2219,OR.PA,L'OREAL
2008-11-30,45.2345,OR.PA,L'OREAL
2008-12-31,37.8285,OR.PA,L'OREAL
2009-01-31,37.2622,OR.PA,L'OREAL
2009-02-28,37.6107,OR.PA,L'OREAL
2009-03-31,40.4944,OR.PA,L'OREAL
2009-04-30,41.6669,OR.PA,L'OREAL
2009-05-31,39.7886,OR.PA,L'OREAL
2009-06-30,45.4161,OR.PA,L'OREAL
2009-07-31,51.2939,OR.PA,L'OREAL
2009-08-31,50.7487,OR.PA,L'OREAL
2009-09-30,52.0332,OR.PA,L'OREAL
2009-10-31,53.9676,OR.PA,L'OREAL
2009-11-30,58.2545,OR.PA,L'OREAL
2009-12-31,57.0969,OR.PA,L'OREAL
2010-01-31,56.7757,OR.PA,L'OREAL
2010-02-28,58.15,OR.PA,L'OREAL
2010-03-31,59.6038,OR.PA,L'OREAL
2010-04-30,58.1272,OR.PA,L'OREAL
2010-05-31,61.6284,OR.PA,L'OREAL
2010-06-30,61.2859,OR.PA,L'OREAL
2010-07-31,59.7484,OR.PA,L'OREAL
2010-08-31,62.7777,OR.PA,L'OREAL
2010-09-30,64.2086,OR.PA,L'OREAL
2010-10-31,62.359,OR.PA,L'OREAL
2010-11-30,63.2343,OR.PA,L'OREAL
2010-12-31,64.5435,OR.PA,L'OREAL
2011-01-31,64.1172,OR.PA,L'OREAL
2011-02-28,62.5645,OR.PA,L'OREAL
2011-03-31,66.5403,OR.PA,L'OREAL
2011-04-30,67.9549,OR.PA,L'OREAL
2011-05-31,69.6105,OR.PA,L'OREAL
2011-06-30,65.2967,OR.PA,L'OREAL
2011-07-31,58.9077,OR.PA,L'OREAL
2011-08-31,57.0346,OR.PA,L'OREAL
2011-09-30,62.0323,OR.PA,L'OREAL
2011-10-31,62.4287,OR.PA,L'OREAL
2011-11-30,62.7241,OR.PA,L'OREAL
2011-12-31,63.1982,OR.PA,L'OREAL
2012-01-31,66.5403,OR.PA,L'OREAL
2012-02-29,71.8878,OR.PA,L'OREAL
2012-03-31,72.1912,OR.PA,L'OREAL
2012-04-30,72.215,OR.PA,L'OREAL
2012-05-31,73.2635,OR.PA,L'OREAL
2012-06-30,77.5367,OR.PA,L'OREAL
2012-07-31,77.632,OR.PA,L'OREAL
2012-08-31,76.4565,OR.PA,L'OREAL
2012-09-30,78.0529,OR.PA,L'OREAL
2012-10-31,82.8821,OR.PA,L'OREAL
2012-11-30,83.3189,OR.PA,L'OREAL
2012-12-31,86.8931,OR.PA,L'OREAL
2013-01-31,90.9837,OR.PA,L'OREAL
2013-02-28,98.2512,OR.PA,L'OREAL
2013-03-31,107.5442,OR.PA,L'OREAL
2013-04-30,105.3142,OR.PA,L'OREAL
2013-05-31,102.0016,OR.PA,L'OREAL
2013-06-30,101.7593,OR.PA,L'OREAL
2013-07-31,102.0016,OR.PA,L'OREAL
2013-08-31,102.5672,OR.PA,L'OREAL
2013-09-30,101.9208,OR.PA,L'OREAL
2013-10-31,99.497,OR.PA,L'OREAL
2013-11-30,103.1731,OR.PA,L'OREAL
2013-12-31,98.5679,OR.PA,L'OREAL
2014-01-31,99.1739,OR.PA,L'OREAL
2014-02-28,96.7097,OR.PA,L'OREAL
2014-03-31,102.258,OR.PA,L'OREAL
2014-04-30,105.5566,OR.PA,L'OREAL
2014-05-31,103.7836,OR.PA,L'OREAL
2014-06-30,104.2372,OR.PA,L'OREAL
2014-07-31,103.9073,OR.PA,L'OREAL
2014-08-31,103.6599,OR.PA,L'OREAL
2014-09-30,103.1651,OR.PA,L'OREAL
2014-10-31,113.1435,OR.PA,L'OREAL
2014-11-30,114.8753,OR.PA,L'OREAL
2014-12-31,131.1624,OR.PA,L'OREAL
2015-01-31,133.8013,OR.PA,L'OREAL
2015-02-28,141.3057,OR.PA,L'OREAL
2015-03-31,140.5635,OR.PA,L'OREAL
2015-04-30,144.044,OR.PA,L'OREAL
2015-05-31,134.0334,OR.PA,L'OREAL
2015-06-30,142.7037,OR.PA,L'OREAL
2015-07-31,127.9181,OR.PA,L'OREAL
2015-08-31,129.8868,OR.PA,L'OREAL
2015-09-30,139.1015,OR.PA,L'OREAL
2015-10-31,140.4,OR.PA,L'OREAL
2015-11-30,130.0962,OR.PA,L'OREAL
2015-12-31,131.981,OR.PA,L'OREAL
2016-01-31,130.6826,OR.PA,L'OREAL
2016-02-29,131.8973,OR.PA,L'OREAL
2016-03-31,135.2632,OR.PA,L'OREAL
2016-04-30,144.1841,OR.PA,L'OREAL
2016-05-31,146.8304,OR.PA,L'OREAL
2016-06-30,145.3365,OR.PA,L'OREAL
2016-07-31,144.5682,OR.PA,L'OREAL
2016-08-31,143.5011,OR.PA,L'OREAL
2016-09-30,139.1901,OR.PA,L'OREAL
2016-10-31,137.4828,OR.PA,L'OREAL
2016-11-30,148.0256,OR.PA,L'OREAL
2016-12-31,143.7146,OR.PA,L'OREAL
2017-01-31,149.8609,OR.PA,L'OREAL
2017-02-28,153.7878,OR.PA,L'OREAL
2017-03-31,158.9152,OR.PA,L'OREAL
2017-04-30,165.5203,OR.PA,L'OREAL
2017-05-31,158.5241,OR.PA,L'OREAL
2017-06-30,152.1796,OR.PA,L'OREAL
2017-07-31,154.1351,OR.PA,L'OREAL
2017-08-31,156.3513,OR.PA,L'OREAL
2017-09-30,166.0418,OR.PA,L'OREAL
2017-10-31,161.479,OR.PA,L'OREAL
2017-11-30,160.7403,OR.PA,L'OREAL
2017-12-31,159.1325,OR.PA,L'OREAL
2018-01-31,153.8744,OR.PA,L'OREAL
2018-02-28,159.3498,OR.PA,L'OREAL
2018-03-31,176.0704,OR.PA,L'OREAL
2018-04-30,182.0471,OR.PA,L'OREAL
2018-05-31,187.2712,OR.PA,L'OREAL
2018-06-30,185.5003,OR.PA,L'OREAL
2018-07-31,183.0211,OR.PA,L'OREAL
2018-08-31,183.9065,OR.PA,L'OREAL
2018-09-30,176.1146,OR.PA,L'OREAL
2018-10-31,184.0836,OR.PA,L'OREAL
2018-11-30,178.1511,OR.PA,L'OREAL
2018-12-31,186.0316,OR.PA,L'OREAL
2019-01-31,196.4798,OR.PA,L'OREAL
2019-02-28,212.3292,OR.PA,L'OREAL
2019-03-31,220.5056,OR.PA,L'OREAL
2019-04-30,216.2773,OR.PA,L'OREAL
2019-05-31,225.3638,OR.PA,L'OREAL
2019-06-30,217.7167,OR.PA,L'OREAL
2019-07-31,223.6544,OR.PA,L'OREAL
2019-08-31,231.1216,OR.PA,L'OREAL
2019-09-30,235.5299,OR.PA,L'OREAL
2019-10-31,232.741,OR.PA,L'OREAL
2019-11-30,237.5091,OR.PA,L'OREAL
2019-12-31,226.6233,OR.PA,L'OREAL
2020-01-31,216.8171,OR.PA,L'OREAL
2020-02-29,214.9278,OR.PA,L'OREAL
2020-03-31,238.6787,OR.PA,L'OREAL
2020-04-30,235.6199,OR.PA,L'OREAL
2020-05-31,257.0317,OR.PA,L'OREAL
2020-06-30,257.9498,OR.PA,L'OREAL
2020-07-31,252.3898,OR.PA,L'OREAL
2020-08-31,253.0278,OR.PA,L'OREAL
2020-09-30,253.119,OR.PA,L'OREAL
2020-10-31,279.6431,OR.PA,L'OREAL
2020-11-30,283.289,OR.PA,L'OREAL
2020-12-31,264.4213,OR.PA,L'OREAL
2021-01-31,275.9971,OR.PA,L'OREAL
2021-02-28,297.8727,OR.PA,L'OREAL
2021-03-31,315.0854,OR.PA,L'OREAL
2021-04-30,339.6633,OR.PA,L'OREAL
2021-05-31,346.5801,OR.PA,L'OREAL
2021-06-30,355.8948,OR.PA,L'OREAL
2021-07-31,365.4861,OR.PA,L'OREAL
2021-08-31,329.1035,OR.PA,L'OREAL
2021-09-30,364.2412,OR.PA,L'OREAL
2021-10-31,366.5929,OR.PA,L'OREAL
2021-11-30,384.5306,OR.PA,L'OREAL
2021-12-31,347.5485,OR.PA,L'OREAL
2022-01-31,327.3974,OR.PA,L'OREAL
2022-02-28,335.5593,OR.PA,L'OREAL
2022-03-31,326.4043,OR.PA,L'OREAL
2022-04-30,307.3663,OR.PA,L'OREAL
2022-05-31,308.068,OR.PA,L'OREAL
2022-06-30,344.3664,OR.PA,L'OREAL
2022-07-31,321.1186,OR.PA,L'OREAL
2022-08-31,308.9568,OR.PA,L'OREAL
2022-09-30,297.5902,OR.PA,L'OREAL
2022-10-31,331.9239,OR.PA,L'OREAL
2022-11-30,312.0908,OR.PA,L'OREAL
2022-12-31,353.6748,OR.PA,L'OREAL
2023-01-31,350.915,OR.PA,L'OREAL
2023-02-28,384.7342,OR.PA,L'OREAL
2023-03-31,410.5447,OR.PA,L'OREAL
2023-04-30,378.5265,OR.PA,L'OREAL
2023-05-31,405.1846,OR.PA,L'OREAL
2023-06-30,401.4847,OR.PA,L'OREAL
2023-07-31,384.9776,OR.PA,L'OREAL
2023-08-31,373.024,OR.PA,L'OREAL
2023-09-30,375.8227,OR.PA,L'OREAL
2023-10-31,408.9319,OR.PA,L'OREAL
2023-11-30,427.5262,OR.PA,L'OREAL
2023-12-31,421.8815,OR.PA,L'OREAL
2024-01-31,419.0355,OR.PA,L'OREAL
2024-02-29,416.1419,OR.PA,L'OREAL
2024-03-31,423.5052,OR.PA,L'OREAL
2024-04-30,435.498,OR.PA,L'OREAL
2024-05-31,394.9922,OR.PA,L'OREAL
2024-06-30,385.9373,OR.PA,L'OREAL
2024-07-31,382.0361,OR.PA,L'OREAL
2024-08-31,387.2859,OR.PA,L'OREAL
2024-09-30,331.6084,OR.PA,L'OREAL
2024-10-31,316.5813,OR.PA,L'OREAL
2024-11-30,329.2966,OR.PA,L'OREAL
2024-12-31,345.3352,OR.PA,L'OREAL
2025-01-31,340.0371,OR.PA,L'OREAL
2025-02-28,330.2599,OR.PA,L'OREAL
2025-03-31,372.7886,OR.PA,L'OREAL
2025-04-30,365.225,OR.PA,L'OREAL
2025-05-31,356.1042,OR.PA,L'OREAL
2025-06-30,381.8485,OR.PA,L'OREAL
2025-07-31,390.2337,OR.PA,L'OREAL
2025-08-31,361.4002,OR.PA,L'OREAL
2025-09-30,355.6629,OR.PA,L'OREAL
2025-10-31,368.3634,OR.PA,L'OREAL
2025-11-30,359.5368,OR.PA,L'OREAL
2025-12-31,379.5438,OR.PA,L'OREAL
2026-01-31,389.7434,OR.PA,L'OREAL
2026-02-28,342.6191,OR.PA,L'OREAL
2026-03-31,366.05,OR.PA,L'OREAL
2026-04-30,382.55,OR.PA,L'OREAL
2026-05-31,383.65,OR.PA,L'OREAL
2026-06-30,,OR.PA,L'OREAL
2001-04-30,-0.1056,ITX.MC,INDUSTRIA DE DISE...O TEXTIL S.
2001-05-31,-0.1085,ITX.MC,INDUSTRIA DE DISE...O TEXTIL S.
2001-06-30,-0.1058,ITX.MC,INDUSTRIA DE DISE...O TEXTIL S.
2001-07-31,-0.1108,ITX.MC,INDUSTRIA DE DISE...O TEXTIL S.
2001-08-31,-0.1039,ITX.MC,INDUSTRIA DE DISE...O TEXTIL S.
2001-09-30,-0.1191,ITX.MC,INDUSTRIA DE DISE...O TEXTIL S.
2001-10-31,-0.1239,ITX.MC,INDUSTRIA DE DISE...O TEXTIL S.
2001-11-30,-0.1232,ITX.MC,INDUSTRIA DE DISE...O TEXTIL S.
2001-12-31,-0.1273,ITX.MC,INDUSTRIA DE DISE...O TEXTIL S.
2002-01-31,-0.1304,ITX.MC,INDUSTRIA DE DISE...O TEXTIL S.
2002-02-28,-0.1243,ITX.MC,INDUSTRIA DE DISE...O TEXTIL S.
2002-03-31,-0.1317,ITX.MC,INDUSTRIA DE DISE...O TEXTIL S.
2002-04-30,-0.1277,ITX.MC,INDUSTRIA DE DISE...O TEXTIL S.
2002-05-31,-0.123,ITX.MC,INDUSTRIA DE DISE...O TEXTIL S.
2002-06-30,-0.1158,ITX.MC,INDUSTRIA DE DISE...O TEXTIL S.
2002-07-31,-0.1152,ITX.MC,INDUSTRIA DE DISE...O TEXTIL S.
2002-08-31,0.675,ITX.MC,INDUSTRIA DE DISE...O TEXTIL S.
2002-09-30,0.7474,ITX.MC,INDUSTRIA DE DISE...O TEXTIL S.
2002-10-31,0.8063,ITX.MC,INDUSTRIA DE DISE...O TEXTIL S.
2002-11-30,0.7411,ITX.MC,INDUSTRIA DE DISE...O TEXTIL S.
2002-12-31,0.7303,ITX.MC,INDUSTRIA DE DISE...O TEXTIL S.
2003-01-31,0.7375,ITX.MC,INDUSTRIA DE DISE...O TEXTIL S.
2003-02-28,0.5857,ITX.MC,INDUSTRIA DE DISE...O TEXTIL S.
2003-03-31,0.588,ITX.MC,INDUSTRIA DE DISE...O TEXTIL S.
2003-04-30,0.6305,ITX.MC,INDUSTRIA DE DISE...O TEXTIL S.
2003-05-31,0.7211,ITX.MC,INDUSTRIA DE DISE...O TEXTIL S.
2003-06-30,0.7529,ITX.MC,INDUSTRIA DE DISE...O TEXTIL S.
2003-07-31,0.7506,ITX.MC,INDUSTRIA DE DISE...O TEXTIL S.
2003-08-31,0.6098,ITX.MC,INDUSTRIA DE DISE...O TEXTIL S.
2003-09-30,0.5889,ITX.MC,INDUSTRIA DE DISE...O TEXTIL S.
2003-10-31,0.6141,ITX.MC,INDUSTRIA DE DISE...O TEXTIL S.
2003-11-30,0.5335,ITX.MC,INDUSTRIA DE DISE...O TEXTIL S.
2003-12-31,0.519,ITX.MC,INDUSTRIA DE DISE...O TEXTIL S.
2004-01-31,0.5833,ITX.MC,INDUSTRIA DE DISE...O TEXTIL S.
2004-02-29,0.623,ITX.MC,INDUSTRIA DE DISE...O TEXTIL S.
2004-03-31,0.6011,ITX.MC,INDUSTRIA DE DISE...O TEXTIL S.
2004-04-30,0.628,ITX.MC,INDUSTRIA DE DISE...O TEXTIL S.
2004-05-31,0.625,ITX.MC,INDUSTRIA DE DISE...O TEXTIL S.
2004-06-30,0.6475,ITX.MC,INDUSTRIA DE DISE...O TEXTIL S.
2004-07-31,0.6431,ITX.MC,INDUSTRIA DE DISE...O TEXTIL S.
2004-08-31,0.6775,ITX.MC,INDUSTRIA DE DISE...O TEXTIL S.
2004-09-30,0.6782,ITX.MC,INDUSTRIA DE DISE...O TEXTIL S.
2004-10-31,0.7497,ITX.MC,INDUSTRIA DE DISE...O TEXTIL S.
2004-11-30,0.7388,ITX.MC,INDUSTRIA DE DISE...O TEXTIL S.
2004-12-31,0.7394,ITX.MC,INDUSTRIA DE DISE...O TEXTIL S.
2005-01-31,0.7939,ITX.MC,INDUSTRIA DE DISE...O TEXTIL S.
2005-02-28,0.7854,ITX.MC,INDUSTRIA DE DISE...O TEXTIL S.
2005-03-31,0.7817,ITX.MC,INDUSTRIA DE DISE...O TEXTIL S.
2005-04-30,0.7844,ITX.MC,INDUSTRIA DE DISE...O TEXTIL S.
2005-05-31,0.7245,ITX.MC,INDUSTRIA DE DISE...O TEXTIL S.
2005-06-30,0.7665,ITX.MC,INDUSTRIA DE DISE...O TEXTIL S.
2005-07-31,0.7686,ITX.MC,INDUSTRIA DE DISE...O TEXTIL S.
2005-08-31,1.2129,ITX.MC,INDUSTRIA DE DISE...O TEXTIL S.
2005-09-30,1.2263,ITX.MC,INDUSTRIA DE DISE...O TEXTIL S.
2005-10-31,1.2393,ITX.MC,INDUSTRIA DE DISE...O TEXTIL S.
2005-11-30,1.3684,ITX.MC,INDUSTRIA DE DISE...O TEXTIL S.
2005-12-31,1.4042,ITX.MC,INDUSTRIA DE DISE...O TEXTIL S.
2006-01-31,1.4965,ITX.MC,INDUSTRIA DE DISE...O TEXTIL S.
2006-02-28,1.582,ITX.MC,INDUSTRIA DE DISE...O TEXTIL S.
2006-03-31,1.6018,ITX.MC,INDUSTRIA DE DISE...O TEXTIL S.
2006-04-30,1.5368,ITX.MC,INDUSTRIA DE DISE...O TEXTIL S.
2006-05-31,1.6381,ITX.MC,INDUSTRIA DE DISE...O TEXTIL S.
2006-06-30,1.7238,ITX.MC,INDUSTRIA DE DISE...O TEXTIL S.
2006-07-31,1.7846,ITX.MC,INDUSTRIA DE DISE...O TEXTIL S.
2006-08-31,2.6776,ITX.MC,INDUSTRIA DE DISE...O TEXTIL S.
2006-09-30,2.7286,ITX.MC,INDUSTRIA DE DISE...O TEXTIL S.
2006-10-31,2.7876,ITX.MC,INDUSTRIA DE DISE...O TEXTIL S.
2006-11-30,2.9726,ITX.MC,INDUSTRIA DE DISE...O TEXTIL S.
2006-12-31,3.1664,ITX.MC,INDUSTRIA DE DISE...O TEXTIL S.
2007-01-31,3.2043,ITX.MC,INDUSTRIA DE DISE...O TEXTIL S.
2007-02-28,3.3893,ITX.MC,INDUSTRIA DE DISE...O TEXTIL S.
2007-03-31,3.3055,ITX.MC,INDUSTRIA DE DISE...O TEXTIL S.
2007-04-30,3.4169,ITX.MC,INDUSTRIA DE DISE...O TEXTIL S.
2007-05-31,3.1882,ITX.MC,INDUSTRIA DE DISE...O TEXTIL S.
2007-06-30,3.2319,ITX.MC,INDUSTRIA DE DISE...O TEXTIL S.
2007-07-31,3.1965,ITX.MC,INDUSTRIA DE DISE...O TEXTIL S.
2007-08-31,4.5367,ITX.MC,INDUSTRIA DE DISE...O TEXTIL S.
2007-09-30,4.9293,ITX.MC,INDUSTRIA DE DISE...O TEXTIL S.
2007-10-31,4.5713,ITX.MC,INDUSTRIA DE DISE...O TEXTIL S.
2007-11-30,4.0337,ITX.MC,INDUSTRIA DE DISE...O TEXTIL S.
2007-12-31,3.2158,ITX.MC,INDUSTRIA DE DISE...O TEXTIL S.
2008-01-31,3.2974,ITX.MC,INDUSTRIA DE DISE...O TEXTIL S.
2008-02-29,3.378,ITX.MC,INDUSTRIA DE DISE...O TEXTIL S.
2008-03-31,3.3579,ITX.MC,INDUSTRIA DE DISE...O TEXTIL S.
2008-04-30,3.0353,ITX.MC,INDUSTRIA DE DISE...O TEXTIL S.
2008-05-31,2.8088,ITX.MC,INDUSTRIA DE DISE...O TEXTIL S.
2008-06-30,2.9806,ITX.MC,INDUSTRIA DE DISE...O TEXTIL S.
2008-07-31,3.1654,ITX.MC,INDUSTRIA DE DISE...O TEXTIL S.
2008-08-31,3.6629,ITX.MC,INDUSTRIA DE DISE...O TEXTIL S.
2008-09-30,3.252,ITX.MC,INDUSTRIA DE DISE...O TEXTIL S.
2008-10-31,3.2446,ITX.MC,INDUSTRIA DE DISE...O TEXTIL S.
2008-11-30,3.8652,ITX.MC,INDUSTRIA DE DISE...O TEXTIL S.
2008-12-31,3.6863,ITX.MC,INDUSTRIA DE DISE...O TEXTIL S.
2009-01-31,3.6925,ITX.MC,INDUSTRIA DE DISE...O TEXTIL S.
2009-02-28,3.6209,ITX.MC,INDUSTRIA DE DISE...O TEXTIL S.
2009-03-31,3.996,ITX.MC,INDUSTRIA DE DISE...O TEXTIL S.
2009-04-30,3.9935,ITX.MC,INDUSTRIA DE DISE...O TEXTIL S.
2009-05-31,4.2884,ITX.MC,INDUSTRIA DE DISE...O TEXTIL S.
2009-06-30,4.7364,ITX.MC,INDUSTRIA DE DISE...O TEXTIL S.
2009-07-31,4.764,ITX.MC,INDUSTRIA DE DISE...O TEXTIL S.
2009-08-31,4.9209,ITX.MC,INDUSTRIA DE DISE...O TEXTIL S.
2009-09-30,5.0201,ITX.MC,INDUSTRIA DE DISE...O TEXTIL S.
2009-10-31,5.3924,ITX.MC,INDUSTRIA DE DISE...O TEXTIL S.
2009-11-30,5.5144,ITX.MC,INDUSTRIA DE DISE...O TEXTIL S.
2009-12-31,5.7998,ITX.MC,INDUSTRIA DE DISE...O TEXTIL S.
2010-01-31,5.5043,ITX.MC,INDUSTRIA DE DISE...O TEXTIL S.
2010-02-28,6.2026,ITX.MC,INDUSTRIA DE DISE...O TEXTIL S.
2010-03-31,5.9262,ITX.MC,INDUSTRIA DE DISE...O TEXTIL S.
2010-04-30,5.847,ITX.MC,INDUSTRIA DE DISE...O TEXTIL S.
2010-05-31,6.062,ITX.MC,INDUSTRIA DE DISE...O TEXTIL S.
2010-06-30,6.5339,ITX.MC,INDUSTRIA DE DISE...O TEXTIL S.
2010-07-31,6.7785,ITX.MC,INDUSTRIA DE DISE...O TEXTIL S.
2010-08-31,7.5021,ITX.MC,INDUSTRIA DE DISE...O TEXTIL S.
2010-09-30,7.7261,ITX.MC,INDUSTRIA DE DISE...O TEXTIL S.
2010-10-31,7.5624,ITX.MC,INDUSTRIA DE DISE...O TEXTIL S.
2010-11-30,7.298,ITX.MC,INDUSTRIA DE DISE...O TEXTIL S.
2010-12-31,7.1886,ITX.MC,INDUSTRIA DE DISE...O TEXTIL S.
2011-01-31,6.833,ITX.MC,INDUSTRIA DE DISE...O TEXTIL S.
2011-02-28,7.3748,ITX.MC,INDUSTRIA DE DISE...O TEXTIL S.
2011-03-31,7.8854,ITX.MC,INDUSTRIA DE DISE...O TEXTIL S.
2011-04-30,8.3382,ITX.MC,INDUSTRIA DE DISE...O TEXTIL S.
2011-05-31,8.2946,ITX.MC,INDUSTRIA DE DISE...O TEXTIL S.
2011-06-30,8.3342,ITX.MC,INDUSTRIA DE DISE...O TEXTIL S.
2011-07-31,7.8274,ITX.MC,INDUSTRIA DE DISE...O TEXTIL S.
2011-08-31,8.4953,ITX.MC,INDUSTRIA DE DISE...O TEXTIL S.
2011-09-30,8.68,ITX.MC,INDUSTRIA DE DISE...O TEXTIL S.
2011-10-31,8.4251,ITX.MC,INDUSTRIA DE DISE...O TEXTIL S.
2011-11-30,8.4585,ITX.MC,INDUSTRIA DE DISE...O TEXTIL S.
2011-12-31,8.9157,ITX.MC,INDUSTRIA DE DISE...O TEXTIL S.
2012-01-31,9.2645,ITX.MC,INDUSTRIA DE DISE...O TEXTIL S.
2012-02-29,9.6001,ITX.MC,INDUSTRIA DE DISE...O TEXTIL S.
2012-03-31,9.0828,ITX.MC,INDUSTRIA DE DISE...O TEXTIL S.
2012-04-30,9.0516,ITX.MC,INDUSTRIA DE DISE...O TEXTIL S.
2012-05-31,11.0443,ITX.MC,INDUSTRIA DE DISE...O TEXTIL S.
2012-06-30,11.3558,ITX.MC,INDUSTRIA DE DISE...O TEXTIL S.
2012-07-31,11.9762,ITX.MC,INDUSTRIA DE DISE...O TEXTIL S.
2012-08-31,13.0897,ITX.MC,INDUSTRIA DE DISE...O TEXTIL S.
2012-09-30,13.3349,ITX.MC,INDUSTRIA DE DISE...O TEXTIL S.
2012-10-31,14.4081,ITX.MC,INDUSTRIA DE DISE...O TEXTIL S.
2012-11-30,14.4218,ITX.MC,INDUSTRIA DE DISE...O TEXTIL S.
2012-12-31,14.1074,ITX.MC,INDUSTRIA DE DISE...O TEXTIL S.
2013-01-31,14.0322,ITX.MC,INDUSTRIA DE DISE...O TEXTIL S.
2013-02-28,14.1347,ITX.MC,INDUSTRIA DE DISE...O TEXTIL S.
2013-03-31,13.9502,ITX.MC,INDUSTRIA DE DISE...O TEXTIL S.
2013-04-30,13.2413,ITX.MC,INDUSTRIA DE DISE...O TEXTIL S.
2013-05-31,13.1059,ITX.MC,INDUSTRIA DE DISE...O TEXTIL S.
2013-06-30,13.8465,ITX.MC,INDUSTRIA DE DISE...O TEXTIL S.
2013-07-31,13.8396,ITX.MC,INDUSTRIA DE DISE...O TEXTIL S.
2013-08-31,15.7397,ITX.MC,INDUSTRIA DE DISE...O TEXTIL S.
2013-09-30,16.7209,ITX.MC,INDUSTRIA DE DISE...O TEXTIL S.
2013-10-31,16.3671,ITX.MC,INDUSTRIA DE DISE...O TEXTIL S.
2013-11-30,16.7089,ITX.MC,INDUSTRIA DE DISE...O TEXTIL S.
2013-12-31,15.4397,ITX.MC,INDUSTRIA DE DISE...O TEXTIL S.
2014-01-31,14.547,ITX.MC,INDUSTRIA DE DISE...O TEXTIL S.
2014-02-28,15.1886,ITX.MC,INDUSTRIA DE DISE...O TEXTIL S.
2014-03-31,15.084,ITX.MC,INDUSTRIA DE DISE...O TEXTIL S.
2014-04-30,15.0219,ITX.MC,INDUSTRIA DE DISE...O TEXTIL S.
2014-05-31,15.8541,ITX.MC,INDUSTRIA DE DISE...O TEXTIL S.
2014-06-30,15.4134,ITX.MC,INDUSTRIA DE DISE...O TEXTIL S.
2014-07-31,15.5509,ITX.MC,INDUSTRIA DE DISE...O TEXTIL S.
2014-08-31,15.4275,ITX.MC,INDUSTRIA DE DISE...O TEXTIL S.
2014-09-30,15.8083,ITX.MC,INDUSTRIA DE DISE...O TEXTIL S.
2014-10-31,16.6938,ITX.MC,INDUSTRIA DE DISE...O TEXTIL S.
2014-11-30,16.9005,ITX.MC,INDUSTRIA DE DISE...O TEXTIL S.
2014-12-31,18.633,ITX.MC,INDUSTRIA DE DISE...O TEXTIL S.
2015-01-31,20.0233,ITX.MC,INDUSTRIA DE DISE...O TEXTIL S.
2015-02-28,21.303,ITX.MC,INDUSTRIA DE DISE...O TEXTIL S.
2015-03-31,20.4439,ITX.MC,INDUSTRIA DE DISE...O TEXTIL S.
2015-04-30,21.6994,ITX.MC,INDUSTRIA DE DISE...O TEXTIL S.
2015-05-31,20.9763,ITX.MC,INDUSTRIA DE DISE...O TEXTIL S.
2015-06-30,22.4297,ITX.MC,INDUSTRIA DE DISE...O TEXTIL S.
2015-07-31,21.3972,ITX.MC,INDUSTRIA DE DISE...O TEXTIL S.
2015-08-31,21.5339,ITX.MC,INDUSTRIA DE DISE...O TEXTIL S.
2015-09-30,24.5377,ITX.MC,INDUSTRIA DE DISE...O TEXTIL S.
2015-10-31,24.6937,ITX.MC,INDUSTRIA DE DISE...O TEXTIL S.
2015-11-30,22.9754,ITX.MC,INDUSTRIA DE DISE...O TEXTIL S.
2015-12-31,21.8843,ITX.MC,INDUSTRIA DE DISE...O TEXTIL S.
2016-01-31,20.7496,ITX.MC,INDUSTRIA DE DISE...O TEXTIL S.
2016-02-29,21.4348,ITX.MC,INDUSTRIA DE DISE...O TEXTIL S.
2016-03-31,20.5368,ITX.MC,INDUSTRIA DE DISE...O TEXTIL S.
2016-04-30,22.2399,ITX.MC,INDUSTRIA DE DISE...O TEXTIL S.
2016-05-31,21.9103,ITX.MC,INDUSTRIA DE DISE...O TEXTIL S.
2016-06-30,22.6648,ITX.MC,INDUSTRIA DE DISE...O TEXTIL S.
2016-07-31,23.2691,ITX.MC,INDUSTRIA DE DISE...O TEXTIL S.
2016-08-31,24.1738,ITX.MC,INDUSTRIA DE DISE...O TEXTIL S.
2016-09-30,23.5462,ITX.MC,INDUSTRIA DE DISE...O TEXTIL S.
2016-10-31,23.8641,ITX.MC,INDUSTRIA DE DISE...O TEXTIL S.
2016-11-30,23.9787,ITX.MC,INDUSTRIA DE DISE...O TEXTIL S.
2016-12-31,22.5776,ITX.MC,INDUSTRIA DE DISE...O TEXTIL S.
2017-01-31,22.4186,ITX.MC,INDUSTRIA DE DISE...O TEXTIL S.
2017-02-28,24.4298,ITX.MC,INDUSTRIA DE DISE...O TEXTIL S.
2017-03-31,26.29,ITX.MC,INDUSTRIA DE DISE...O TEXTIL S.
2017-04-30,27.1747,ITX.MC,INDUSTRIA DE DISE...O TEXTIL S.
2017-05-31,25.0953,ITX.MC,INDUSTRIA DE DISE...O TEXTIL S.
2017-06-30,25.0804,ITX.MC,INDUSTRIA DE DISE...O TEXTIL S.
2017-07-31,23.8297,ITX.MC,INDUSTRIA DE DISE...O TEXTIL S.
2017-08-31,23.8073,ITX.MC,INDUSTRIA DE DISE...O TEXTIL S.
2017-09-30,24.22,ITX.MC,INDUSTRIA DE DISE...O TEXTIL S.
2017-10-31,22.4428,ITX.MC,INDUSTRIA DE DISE...O TEXTIL S.
2017-11-30,21.9183,ITX.MC,INDUSTRIA DE DISE...O TEXTIL S.
2017-12-31,21.7863,ITX.MC,INDUSTRIA DE DISE...O TEXTIL S.
2018-01-31,18.8357,ITX.MC,INDUSTRIA DE DISE...O TEXTIL S.
2018-02-28,19.1903,ITX.MC,INDUSTRIA DE DISE...O TEXTIL S.
2018-03-31,19.7442,ITX.MC,INDUSTRIA DE DISE...O TEXTIL S.
2018-04-30,20.6863,ITX.MC,INDUSTRIA DE DISE...O TEXTIL S.
2018-05-31,22.4095,ITX.MC,INDUSTRIA DE DISE...O TEXTIL S.
2018-06-30,21.4828,ITX.MC,INDUSTRIA DE DISE...O TEXTIL S.
2018-07-31,19.951,ITX.MC,INDUSTRIA DE DISE...O TEXTIL S.
2018-08-31,19.997,ITX.MC,INDUSTRIA DE DISE...O TEXTIL S.
2018-09-30,19.3822,ITX.MC,INDUSTRIA DE DISE...O TEXTIL S.
2018-10-31,21.0616,ITX.MC,INDUSTRIA DE DISE...O TEXTIL S.
2018-11-30,17.3764,ITX.MC,INDUSTRIA DE DISE...O TEXTIL S.
2018-12-31,18.9313,ITX.MC,INDUSTRIA DE DISE...O TEXTIL S.
2019-01-31,20.634,ITX.MC,INDUSTRIA DE DISE...O TEXTIL S.
2019-02-28,20.3696,ITX.MC,INDUSTRIA DE DISE...O TEXTIL S.
2019-03-31,21.3163,ITX.MC,INDUSTRIA DE DISE...O TEXTIL S.
2019-04-30,19.0084,ITX.MC,INDUSTRIA DE DISE...O TEXTIL S.
2019-05-31,20.9053,ITX.MC,INDUSTRIA DE DISE...O TEXTIL S.
2019-06-30,21.3637,ITX.MC,INDUSTRIA DE DISE...O TEXTIL S.
2019-07-31,22.2252,ITX.MC,INDUSTRIA DE DISE...O TEXTIL S.
2019-08-31,22.4465,ITX.MC,INDUSTRIA DE DISE...O TEXTIL S.
2019-09-30,22.4373,ITX.MC,INDUSTRIA DE DISE...O TEXTIL S.
2019-10-31,22.6861,ITX.MC,INDUSTRIA DE DISE...O TEXTIL S.
2019-11-30,25.2469,ITX.MC,INDUSTRIA DE DISE...O TEXTIL S.
2019-12-31,24.38,ITX.MC,INDUSTRIA DE DISE...O TEXTIL S.
2020-01-31,22.5818,ITX.MC,INDUSTRIA DE DISE...O TEXTIL S.
2020-02-29,18.9934,ITX.MC,INDUSTRIA DE DISE...O TEXTIL S.
2020-03-31,18.6643,ITX.MC,INDUSTRIA DE DISE...O TEXTIL S.
2020-04-30,20.1092,ITX.MC,INDUSTRIA DE DISE...O TEXTIL S.
2020-05-31,18.9212,ITX.MC,INDUSTRIA DE DISE...O TEXTIL S.
2020-06-30,18.0783,ITX.MC,INDUSTRIA DE DISE...O TEXTIL S.
2020-07-31,18.9051,ITX.MC,INDUSTRIA DE DISE...O TEXTIL S.
2020-08-31,19.1058,ITX.MC,INDUSTRIA DE DISE...O TEXTIL S.
2020-09-30,17.5741,ITX.MC,INDUSTRIA DE DISE...O TEXTIL S.
2020-10-31,23.0976,ITX.MC,INDUSTRIA DE DISE...O TEXTIL S.
2020-11-30,21.5965,ITX.MC,INDUSTRIA DE DISE...O TEXTIL S.
2020-12-31,20.311,ITX.MC,INDUSTRIA DE DISE...O TEXTIL S.
2021-01-31,22.6498,ITX.MC,INDUSTRIA DE DISE...O TEXTIL S.
2021-02-28,23.305,ITX.MC,INDUSTRIA DE DISE...O TEXTIL S.
2021-03-31,24.8575,ITX.MC,INDUSTRIA DE DISE...O TEXTIL S.
2021-04-30,26.5946,ITX.MC,INDUSTRIA DE DISE...O TEXTIL S.
2021-05-31,24.933,ITX.MC,INDUSTRIA DE DISE...O TEXTIL S.
2021-06-30,23.9931,ITX.MC,INDUSTRIA DE DISE...O TEXTIL S.
2021-07-31,24.2616,ITX.MC,INDUSTRIA DE DISE...O TEXTIL S.
2021-08-31,26.7037,ITX.MC,INDUSTRIA DE DISE...O TEXTIL S.
2021-09-30,26.5159,ITX.MC,INDUSTRIA DE DISE...O TEXTIL S.
2021-10-31,23.647,ITX.MC,INDUSTRIA DE DISE...O TEXTIL S.
2021-11-30,24.2157,ITX.MC,INDUSTRIA DE DISE...O TEXTIL S.
2021-12-31,22.6964,ITX.MC,INDUSTRIA DE DISE...O TEXTIL S.
2022-01-31,20.0312,ITX.MC,INDUSTRIA DE DISE...O TEXTIL S.
2022-02-28,16.7889,ITX.MC,INDUSTRIA DE DISE...O TEXTIL S.
2022-03-31,17.4602,ITX.MC,INDUSTRIA DE DISE...O TEXTIL S.
2022-04-30,19.4495,ITX.MC,INDUSTRIA DE DISE...O TEXTIL S.
2022-05-31,18.7545,ITX.MC,INDUSTRIA DE DISE...O TEXTIL S.
2022-06-30,20.5787,ITX.MC,INDUSTRIA DE DISE...O TEXTIL S.
2022-07-31,18.7198,ITX.MC,INDUSTRIA DE DISE...O TEXTIL S.
2022-08-31,18.4852,ITX.MC,INDUSTRIA DE DISE...O TEXTIL S.
2022-09-30,20.33,ITX.MC,INDUSTRIA DE DISE...O TEXTIL S.
2022-10-31,22.0316,ITX.MC,INDUSTRIA DE DISE...O TEXTIL S.
2022-11-30,22.0227,ITX.MC,INDUSTRIA DE DISE...O TEXTIL S.
2022-12-31,25.3638,ITX.MC,INDUSTRIA DE DISE...O TEXTIL S.
2023-01-31,25.7803,ITX.MC,INDUSTRIA DE DISE...O TEXTIL S.
2023-02-28,27.3844,ITX.MC,INDUSTRIA DE DISE...O TEXTIL S.
2023-03-31,28.1507,ITX.MC,INDUSTRIA DE DISE...O TEXTIL S.
2023-04-30,28.2681,ITX.MC,INDUSTRIA DE DISE...O TEXTIL S.
2023-05-31,32.0354,ITX.MC,INDUSTRIA DE DISE...O TEXTIL S.
2023-06-30,31.4482,ITX.MC,INDUSTRIA DE DISE...O TEXTIL S.
2023-07-31,31.945,ITX.MC,INDUSTRIA DE DISE...O TEXTIL S.
2023-08-31,31.8818,ITX.MC,INDUSTRIA DE DISE...O TEXTIL S.
2023-09-30,29.9498,ITX.MC,INDUSTRIA DE DISE...O TEXTIL S.
2023-10-31,34.808,ITX.MC,INDUSTRIA DE DISE...O TEXTIL S.
2023-11-30,36.2802,ITX.MC,INDUSTRIA DE DISE...O TEXTIL S.
2023-12-31,36.5378,ITX.MC,INDUSTRIA DE DISE...O TEXTIL S.
2024-01-31,37.734,ITX.MC,INDUSTRIA DE DISE...O TEXTIL S.
2024-02-29,42.9419,ITX.MC,INDUSTRIA DE DISE...O TEXTIL S.
2024-03-31,40.1082,ITX.MC,INDUSTRIA DE DISE...O TEXTIL S.
2024-04-30,40.7727,ITX.MC,INDUSTRIA DE DISE...O TEXTIL S.
2024-05-31,43.3936,ITX.MC,INDUSTRIA DE DISE...O TEXTIL S.
2024-06-30,41.9896,ITX.MC,INDUSTRIA DE DISE...O TEXTIL S.
2024-07-31,45.8459,ITX.MC,INDUSTRIA DE DISE...O TEXTIL S.
2024-08-31,49.7397,ITX.MC,INDUSTRIA DE DISE...O TEXTIL S.
2024-09-30,49.6656,ITX.MC,INDUSTRIA DE DISE...O TEXTIL S.
2024-10-31,49.5517,ITX.MC,INDUSTRIA DE DISE...O TEXTIL S.
2024-11-30,47.1396,ITX.MC,INDUSTRIA DE DISE...O TEXTIL S.
2024-12-31,50.0645,ITX.MC,INDUSTRIA DE DISE...O TEXTIL S.
2025-01-31,49.3808,ITX.MC,INDUSTRIA DE DISE...O TEXTIL S.
2025-02-28,43.5405,ITX.MC,INDUSTRIA DE DISE...O TEXTIL S.
2025-03-31,45.6503,ITX.MC,INDUSTRIA DE DISE...O TEXTIL S.
2025-04-30,46.1142,ITX.MC,INDUSTRIA DE DISE...O TEXTIL S.
2025-05-31,42.6933,ITX.MC,INDUSTRIA DE DISE...O TEXTIL S.
2025-06-30,40.4997,ITX.MC,INDUSTRIA DE DISE...O TEXTIL S.
2025-07-31,40.7799,ITX.MC,INDUSTRIA DE DISE...O TEXTIL S.
2025-08-31,45.3894,ITX.MC,INDUSTRIA DE DISE...O TEXTIL S.
2025-09-30,47.0918,ITX.MC,INDUSTRIA DE DISE...O TEXTIL S.
2025-10-31,47.4359,ITX.MC,INDUSTRIA DE DISE...O TEXTIL S.
2025-11-30,55.3894,ITX.MC,INDUSTRIA DE DISE...O TEXTIL S.
2025-12-31,54.072,ITX.MC,INDUSTRIA DE DISE...O TEXTIL S.
2026-01-31,55.8613,ITX.MC,INDUSTRIA DE DISE...O TEXTIL S.
2026-02-28,48.4092,ITX.MC,INDUSTRIA DE DISE...O TEXTIL S.
2026-03-31,50.58,ITX.MC,INDUSTRIA DE DISE...O TEXTIL S.
2026-04-30,53.3,ITX.MC,INDUSTRIA DE DISE...O TEXTIL S.
2026-05-31,55.12,ITX.MC,INDUSTRIA DE DISE...O TEXTIL S.
2026-06-30,,ITX.MC,INDUSTRIA DE DISE...O TEXTIL S.
1996-10-31,9.5126,SIE.DE,SIEMENS AG                    N
1996-11-30,9.2593,SIE.DE,SIEMENS AG                    N
1996-12-31,10.2777,SIE.DE,SIEMENS AG                    N
1997-01-31,10.936,SIE.DE,SIEMENS AG                    N
1997-02-28,11.4375,SIE.DE,SIEMENS AG                    N
1997-03-31,12.0624,SIE.DE,SIEMENS AG                    N
1997-04-30,12.3762,SIE.DE,SIEMENS AG                    N
1997-05-31,13.1734,SIE.DE,SIEMENS AG                    N
1997-06-30,16.298,SIE.DE,SIEMENS AG                    N
1997-07-31,14.1571,SIE.DE,SIEMENS AG                    N
1997-08-31,15.25,SIE.DE,SIEMENS AG                    N
1997-09-30,13.5784,SIE.DE,SIEMENS AG                    N
1997-10-31,13.437,SIE.DE,SIEMENS AG                    N
1997-11-30,13.6942,SIE.DE,SIEMENS AG                    N
1997-12-31,14.3242,SIE.DE,SIEMENS AG                    N
1998-01-31,14.3821,SIE.DE,SIEMENS AG                    N
1998-02-28,15.7515,SIE.DE,SIEMENS AG                    N
1998-03-31,13.6749,SIE.DE,SIEMENS AG                    N
1998-04-30,14.9028,SIE.DE,SIEMENS AG                    N
1998-05-31,14.0992,SIE.DE,SIEMENS AG                    N
1998-06-30,16.4844,SIE.DE,SIEMENS AG                    N
1998-07-31,14.665,SIE.DE,SIEMENS AG                    N
1998-08-31,11.5134,SIE.DE,SIEMENS AG                    N
1998-09-30,12.9226,SIE.DE,SIEMENS AG                    N
1998-10-31,15.1729,SIE.DE,SIEMENS AG                    N
1998-11-30,13.842,SIE.DE,SIEMENS AG                    N
1998-12-31,15.718,SIE.DE,SIEMENS AG                    N
1999-01-31,14.3599,SIE.DE,SIEMENS AG                    N
1999-02-28,15.4036,SIE.DE,SIEMENS AG                    N
1999-03-31,17.5237,SIE.DE,SIEMENS AG                    N
1999-04-30,16.2235,SIE.DE,SIEMENS AG                    N
1999-05-31,18.9622,SIE.DE,SIEMENS AG                    N
1999-06-30,18.9873,SIE.DE,SIEMENS AG                    N
1999-07-31,20.4283,SIE.DE,SIEMENS AG                    N
1999-08-31,19.7418,SIE.DE,SIEMENS AG                    N
1999-09-30,21.3136,SIE.DE,SIEMENS AG                    N
1999-10-31,25.6895,SIE.DE,SIEMENS AG                    N
1999-11-30,31.1845,SIE.DE,SIEMENS AG                    N
1999-12-31,34.9844,SIE.DE,SIEMENS AG                    N
2000-01-31,46.8222,SIE.DE,SIEMENS AG                    N
2000-02-29,38.085,SIE.DE,SIEMENS AG                    N
2000-03-31,41.3886,SIE.DE,SIEMENS AG                    N
2000-04-30,39.9184,SIE.DE,SIEMENS AG                    N
2000-05-31,40.1188,SIE.DE,SIEMENS AG                    N
2000-06-30,42.404,SIE.DE,SIEMENS AG                    N
2000-07-31,45.8319,SIE.DE,SIEMENS AG                    N
2000-08-31,37.0718,SIE.DE,SIEMENS AG                    N
2000-09-30,38.1001,SIE.DE,SIEMENS AG                    N
2000-10-31,33.1869,SIE.DE,SIEMENS AG                    N
2000-11-30,35.3452,SIE.DE,SIEMENS AG                    N
2000-12-31,39.4332,SIE.DE,SIEMENS AG                    N
2001-01-31,32.8566,SIE.DE,SIEMENS AG                    N
2001-02-28,30.301,SIE.DE,SIEMENS AG                    N
2001-03-31,32.7204,SIE.DE,SIEMENS AG                    N
2001-04-30,33.3101,SIE.DE,SIEMENS AG                    N
2001-05-31,28.5055,SIE.DE,SIEMENS AG                    N
2001-06-30,25.3011,SIE.DE,SIEMENS AG                    N
2001-07-31,22.0416,SIE.DE,SIEMENS AG                    N
2001-08-31,16.4703,SIE.DE,SIEMENS AG                    N
2001-09-30,21.1648,SIE.DE,SIEMENS AG                    N
2001-10-31,25.9498,SIE.DE,SIEMENS AG                    N
2001-11-30,29.2329,SIE.DE,SIEMENS AG                    N
2001-12-31,27.7624,SIE.DE,SIEMENS AG                    N
2002-01-31,27.4181,SIE.DE,SIEMENS AG                    N
2002-02-28,30.7796,SIE.DE,SIEMENS AG                    N
2002-03-31,27.3412,SIE.DE,SIEMENS AG                    N
2002-04-30,26.7296,SIE.DE,SIEMENS AG                    N
2002-05-31,24.6156,SIE.DE,SIEMENS AG                    N
2002-06-30,20.4522,SIE.DE,SIEMENS AG                    N
2002-07-31,19.464,SIE.DE,SIEMENS AG                    N
2002-08-31,13.7698,SIE.DE,SIEMENS AG                    N
2002-09-30,19.3547,SIE.DE,SIEMENS AG                    N
2002-10-31,19.9946,SIE.DE,SIEMENS AG                    N
2002-11-30,16.4023,SIE.DE,SIEMENS AG                    N
2002-12-31,16.1455,SIE.DE,SIEMENS AG                    N
2003-01-31,15.5657,SIE.DE,SIEMENS AG                    N
2003-02-28,15.9973,SIE.DE,SIEMENS AG                    N
2003-03-31,18.9048,SIE.DE,SIEMENS AG                    N
2003-04-30,17.0554,SIE.DE,SIEMENS AG                    N
2003-05-31,18.0795,SIE.DE,SIEMENS AG                    N
2003-06-30,21.2875,SIE.DE,SIEMENS AG                    N
2003-07-31,23.869,SIE.DE,SIEMENS AG                    N
2003-08-31,21.643,SIE.DE,SIEMENS AG                    N
2003-09-30,24.5462,SIE.DE,SIEMENS AG                    N
2003-10-31,25.7566,SIE.DE,SIEMENS AG                    N
2003-11-30,26.8738,SIE.DE,SIEMENS AG                    N
2003-12-31,28.0243,SIE.DE,SIEMENS AG                    N
2004-01-31,26.7565,SIE.DE,SIEMENS AG                    N
2004-02-29,25.9027,SIE.DE,SIEMENS AG                    N
2004-03-31,25.9804,SIE.DE,SIEMENS AG                    N
2004-04-30,25.0317,SIE.DE,SIEMENS AG                    N
2004-05-31,25.4888,SIE.DE,SIEMENS AG                    N
2004-06-30,25.1438,SIE.DE,SIEMENS AG                    N
2004-07-31,24.2469,SIE.DE,SIEMENS AG                    N
2004-08-31,25.5319,SIE.DE,SIEMENS AG                    N
2004-09-30,25.1611,SIE.DE,SIEMENS AG                    N
2004-10-31,25.9804,SIE.DE,SIEMENS AG                    N
2004-11-30,26.8988,SIE.DE,SIEMENS AG                    N
2004-12-31,26.8386,SIE.DE,SIEMENS AG                    N
2005-01-31,26.1284,SIE.DE,SIEMENS AG                    N
2005-02-28,26.9313,SIE.DE,SIEMENS AG                    N
2005-03-31,24.9814,SIE.DE,SIEMENS AG                    N
2005-04-30,26.1813,SIE.DE,SIEMENS AG                    N
2005-05-31,26.6181,SIE.DE,SIEMENS AG                    N
2005-06-30,28.0782,SIE.DE,SIEMENS AG                    N
2005-07-31,27.1474,SIE.DE,SIEMENS AG                    N
2005-08-31,28.2767,SIE.DE,SIEMENS AG                    N
2005-09-30,27.3768,SIE.DE,SIEMENS AG                    N
2005-10-31,28.3826,SIE.DE,SIEMENS AG                    N
2005-11-30,31.9381,SIE.DE,SIEMENS AG                    N
2005-12-31,33.7988,SIE.DE,SIEMENS AG                    N
2006-01-31,34.6724,SIE.DE,SIEMENS AG                    N
2006-02-28,34.6904,SIE.DE,SIEMENS AG                    N
2006-03-31,33.7718,SIE.DE,SIEMENS AG                    N
2006-04-30,30.2235,SIE.DE,SIEMENS AG                    N
2006-05-31,30.6333,SIE.DE,SIEMENS AG                    N
2006-06-30,28.4179,SIE.DE,SIEMENS AG                    N
2006-07-31,29.8003,SIE.DE,SIEMENS AG                    N
2006-08-31,30.98,SIE.DE,SIEMENS AG                    N
2006-09-30,31.7455,SIE.DE,SIEMENS AG                    N
2006-10-31,32.3624,SIE.DE,SIEMENS AG                    N
2006-11-30,33.8349,SIE.DE,SIEMENS AG                    N
2006-12-31,38.8345,SIE.DE,SIEMENS AG                    N
2007-01-31,36.6472,SIE.DE,SIEMENS AG                    N
2007-02-28,36.7712,SIE.DE,SIEMENS AG                    N
2007-03-31,40.9897,SIE.DE,SIEMENS AG                    N
2007-04-30,45.0059,SIE.DE,SIEMENS AG                    N
2007-05-31,48.9716,SIE.DE,SIEMENS AG                    N
2007-06-30,42.9978,SIE.DE,SIEMENS AG                    N
2007-07-31,42.3637,SIE.DE,SIEMENS AG                    N
2007-08-31,44.3074,SIE.DE,SIEMENS AG                    N
2007-09-30,43.0667,SIE.DE,SIEMENS AG                    N
2007-10-31,47.662,SIE.DE,SIEMENS AG                    N
2007-11-30,50.0239,SIE.DE,SIEMENS AG                    N
2007-12-31,40.4815,SIE.DE,SIEMENS AG                    N
2008-01-31,40.1245,SIE.DE,SIEMENS AG                    N
2008-02-29,32.2471,SIE.DE,SIEMENS AG                    N
2008-03-31,35.4976,SIE.DE,SIEMENS AG                    N
2008-04-30,34.2528,SIE.DE,SIEMENS AG                    N
2008-05-31,33.1255,SIE.DE,SIEMENS AG                    N
2008-06-30,36.9961,SIE.DE,SIEMENS AG                    N
2008-07-31,34.8823,SIE.DE,SIEMENS AG                    N
2008-08-31,30.8849,SIE.DE,SIEMENS AG                    N
2008-09-30,21.8237,SIE.DE,SIEMENS AG                    N
2008-10-31,22.1103,SIE.DE,SIEMENS AG                    N
2008-11-30,24.7455,SIE.DE,SIEMENS AG                    N
2008-12-31,21.54,SIE.DE,SIEMENS AG                    N
2009-01-31,19.7524,SIE.DE,SIEMENS AG                    N
2009-02-28,21.065,SIE.DE,SIEMENS AG                    N
2009-03-31,24.9929,SIE.DE,SIEMENS AG                    N
2009-04-30,25.1937,SIE.DE,SIEMENS AG                    N
2009-05-31,24.077,SIE.DE,SIEMENS AG                    N
2009-06-30,27.4271,SIE.DE,SIEMENS AG                    N
2009-07-31,29.6065,SIE.DE,SIEMENS AG                    N
2009-08-31,30.9926,SIE.DE,SIEMENS AG                    N
2009-09-30,30.1061,SIE.DE,SIEMENS AG                    N
2009-10-31,31.9623,SIE.DE,SIEMENS AG                    N
2009-11-30,31.4481,SIE.DE,SIEMENS AG                    N
2009-12-31,32.7324,SIE.DE,SIEMENS AG                    N
2010-01-31,32.0449,SIE.DE,SIEMENS AG                    N
2010-02-28,37.7223,SIE.DE,SIEMENS AG                    N
2010-03-31,37.819,SIE.DE,SIEMENS AG                    N
2010-04-30,37.6562,SIE.DE,SIEMENS AG                    N
2010-05-31,37.6562,SIE.DE,SIEMENS AG                    N
2010-06-30,38.0479,SIE.DE,SIEMENS AG                    N
2010-07-31,36.5166,SIE.DE,SIEMENS AG                    N
2010-08-31,39.391,SIE.DE,SIEMENS AG                    N
2010-09-30,41.7566,SIE.DE,SIEMENS AG                    N
2010-10-31,42.8808,SIE.DE,SIEMENS AG                    N
2010-11-30,47.1593,SIE.DE,SIEMENS AG                    N
2010-12-31,49.2588,SIE.DE,SIEMENS AG                    N
2011-01-31,51.3422,SIE.DE,SIEMENS AG                    N
2011-02-28,50.8792,SIE.DE,SIEMENS AG                    N
2011-03-31,51.6736,SIE.DE,SIEMENS AG                    N
2011-04-30,48.9274,SIE.DE,SIEMENS AG                    N
2011-05-31,49.8218,SIE.DE,SIEMENS AG                    N
2011-06-30,47.0229,SIE.DE,SIEMENS AG                    N
2011-07-31,37.8161,SIE.DE,SIEMENS AG                    N
2011-08-31,35.838,SIE.DE,SIEMENS AG                    N
2011-09-30,40.0994,SIE.DE,SIEMENS AG                    N
2011-10-31,39.4523,SIE.DE,SIEMENS AG                    N
2011-11-30,38.8999,SIE.DE,SIEMENS AG                    N
2011-12-31,39.7154,SIE.DE,SIEMENS AG                    N
2012-01-31,41.2128,SIE.DE,SIEMENS AG                    N
2012-02-29,41.6147,SIE.DE,SIEMENS AG                    N
2012-03-31,38.5207,SIE.DE,SIEMENS AG                    N
2012-04-30,36.6159,SIE.DE,SIEMENS AG                    N
2012-05-31,36.4122,SIE.DE,SIEMENS AG                    N
2012-06-30,38.0417,SIE.DE,SIEMENS AG                    N
2012-07-31,41.5211,SIE.DE,SIEMENS AG                    N
2012-08-31,42.7268,SIE.DE,SIEMENS AG                    N
2012-09-30,42.6882,SIE.DE,SIEMENS AG                    N
2012-10-31,43.6572,SIE.DE,SIEMENS AG                    N
2012-11-30,45.2537,SIE.DE,SIEMENS AG                    N
2012-12-31,46.4097,SIE.DE,SIEMENS AG                    N
2013-01-31,45.7093,SIE.DE,SIEMENS AG                    N
2013-02-28,48.241,SIE.DE,SIEMENS AG                    N
2013-03-31,45.5256,SIE.DE,SIEMENS AG                    N
2013-04-30,46.8517,SIE.DE,SIEMENS AG                    N
2013-05-31,44.5783,SIE.DE,SIEMENS AG                    N
2013-06-30,48.7638,SIE.DE,SIEMENS AG                    N
2013-07-31,47.4486,SIE.DE,SIEMENS AG                    N
2013-08-31,52.7628,SIE.DE,SIEMENS AG                    N
2013-09-30,55.7961,SIE.DE,SIEMENS AG                    N
2013-10-31,57.5853,SIE.DE,SIEMENS AG                    N
2013-11-30,58.8235,SIE.DE,SIEMENS AG                    N
2013-12-31,57.6033,SIE.DE,SIEMENS AG                    N
2014-01-31,59.3199,SIE.DE,SIEMENS AG                    N
2014-02-28,59.8961,SIE.DE,SIEMENS AG                    N
2014-03-31,58.2409,SIE.DE,SIEMENS AG                    N
2014-04-30,59.749,SIE.DE,SIEMENS AG                    N
2014-05-31,59.1298,SIE.DE,SIEMENS AG                    N
2014-06-30,56.6469,SIE.DE,SIEMENS AG                    N
2014-07-31,58.4493,SIE.DE,SIEMENS AG                    N
2014-08-31,57.8547,SIE.DE,SIEMENS AG                    N
2014-09-30,55.1204,SIE.DE,SIEMENS AG                    N
2014-10-31,58.339,SIE.DE,SIEMENS AG                    N
2014-11-30,57.4746,SIE.DE,SIEMENS AG                    N
2014-12-31,59.185,SIE.DE,SIEMENS AG                    N
2015-01-31,63.5253,SIE.DE,SIEMENS AG                    N
2015-02-28,64.0853,SIE.DE,SIEMENS AG                    N
2015-03-31,62.0552,SIE.DE,SIEMENS AG                    N
2015-04-30,60.9542,SIE.DE,SIEMENS AG                    N
2015-05-31,57.4986,SIE.DE,SIEMENS AG                    N
2015-06-30,62.0106,SIE.DE,SIEMENS AG                    N
2015-07-31,56.2958,SIE.DE,SIEMENS AG                    N
2015-08-31,50.8737,SIE.DE,SIEMENS AG                    N
2015-09-30,58.2304,SIE.DE,SIEMENS AG                    N
2015-10-31,62.4561,SIE.DE,SIEMENS AG                    N
2015-11-30,57.1995,SIE.DE,SIEMENS AG                    N
2015-12-31,58.6301,SIE.DE,SIEMENS AG                    N
2016-01-31,56.8217,SIE.DE,SIEMENS AG                    N
2016-02-29,61.9347,SIE.DE,SIEMENS AG                    N
2016-03-31,60.5849,SIE.DE,SIEMENS AG                    N
2016-04-30,64.3549,SIE.DE,SIEMENS AG                    N
2016-05-31,61.0437,SIE.DE,SIEMENS AG                    N
2016-06-30,64.5743,SIE.DE,SIEMENS AG                    N
2016-07-31,71.1767,SIE.DE,SIEMENS AG                    N
2016-08-31,69.2817,SIE.DE,SIEMENS AG                    N
2016-09-30,68.7831,SIE.DE,SIEMENS AG                    N
2016-10-31,70.8775,SIE.DE,SIEMENS AG                    N
2016-11-30,77.6593,SIE.DE,SIEMENS AG                    N
2016-12-31,77.2937,SIE.DE,SIEMENS AG                    N
2017-01-31,84.3932,SIE.DE,SIEMENS AG                    N
2017-02-28,88.2418,SIE.DE,SIEMENS AG                    N
2017-03-31,90.4409,SIE.DE,SIEMENS AG                    N
2017-04-30,87.314,SIE.DE,SIEMENS AG                    N
2017-05-31,82.7095,SIE.DE,SIEMENS AG                    N
2017-06-30,78.8609,SIE.DE,SIEMENS AG                    N
2017-07-31,75.4591,SIE.DE,SIEMENS AG                    N
2017-08-31,81.9191,SIE.DE,SIEMENS AG                    N
2017-09-30,84.187,SIE.DE,SIEMENS AG                    N
2017-10-31,78.4829,SIE.DE,SIEMENS AG                    N
2017-11-30,79.8231,SIE.DE,SIEMENS AG                    N
2017-12-31,83.9534,SIE.DE,SIEMENS AG                    N
2018-01-31,77.1154,SIE.DE,SIEMENS AG                    N
2018-02-28,73.6167,SIE.DE,SIEMENS AG                    N
2018-03-31,75.1243,SIE.DE,SIEMENS AG                    N
2018-04-30,79.2915,SIE.DE,SIEMENS AG                    N
2018-05-31,80.5147,SIE.DE,SIEMENS AG                    N
2018-06-30,85.8766,SIE.DE,SIEMENS AG                    N
2018-07-31,79.6329,SIE.DE,SIEMENS AG                    N
2018-08-31,78.4666,SIE.DE,SIEMENS AG                    N
2018-09-30,72.3366,SIE.DE,SIEMENS AG                    N
2018-10-31,72.8202,SIE.DE,SIEMENS AG                    N
2018-11-30,69.2503,SIE.DE,SIEMENS AG                    N
2018-12-31,71.1169,SIE.DE,SIEMENS AG                    N
2019-01-31,71.3768,SIE.DE,SIEMENS AG                    N
2019-02-28,71.2357,SIE.DE,SIEMENS AG                    N
2019-03-31,79.2548,SIE.DE,SIEMENS AG                    N
2019-04-30,75.3195,SIE.DE,SIEMENS AG                    N
2019-05-31,77.6658,SIE.DE,SIEMENS AG                    N
2019-06-30,73.5004,SIE.DE,SIEMENS AG                    N
2019-07-31,67.5306,SIE.DE,SIEMENS AG                    N
2019-08-31,72.9509,SIE.DE,SIEMENS AG                    N
2019-09-30,76.76,SIE.DE,SIEMENS AG                    N
2019-10-31,86.9619,SIE.DE,SIEMENS AG                    N
2019-11-30,86.5313,SIE.DE,SIEMENS AG                    N
2019-12-31,82.893,SIE.DE,SIEMENS AG                    N
2020-01-31,71.9381,SIE.DE,SIEMENS AG                    N
2020-02-29,59.7966,SIE.DE,SIEMENS AG                    N
2020-03-31,65.3617,SIE.DE,SIEMENS AG                    N
2020-04-30,76.0521,SIE.DE,SIEMENS AG                    N
2020-05-31,80.8608,SIE.DE,SIEMENS AG                    N
2020-06-30,83.6087,SIE.DE,SIEMENS AG                    N
2020-07-31,89.2742,SIE.DE,SIEMENS AG                    N
2020-08-31,92.3714,SIE.DE,SIEMENS AG                    N
2020-09-30,86.2236,SIE.DE,SIEMENS AG                    N
2020-10-31,95.8991,SIE.DE,SIEMENS AG                    N
2020-11-30,100.6256,SIE.DE,SIEMENS AG                    N
2020-12-31,109.5476,SIE.DE,SIEMENS AG                    N
2021-01-31,112.4765,SIE.DE,SIEMENS AG                    N
2021-02-28,123.0404,SIE.DE,SIEMENS AG                    N
2021-03-31,122.0033,SIE.DE,SIEMENS AG                    N
2021-04-30,116.5719,SIE.DE,SIEMENS AG                    N
2021-05-31,117.4332,SIE.DE,SIEMENS AG                    N
2021-06-30,115.6404,SIE.DE,SIEMENS AG                    N
2021-07-31,123.7786,SIE.DE,SIEMENS AG                    N
2021-08-31,124.7278,SIE.DE,SIEMENS AG                    N
2021-09-30,123.2864,SIE.DE,SIEMENS AG                    N
2021-10-31,124.1653,SIE.DE,SIEMENS AG                    N
2021-11-30,134.1843,SIE.DE,SIEMENS AG                    N
2021-12-31,122.9349,SIE.DE,SIEMENS AG                    N
2022-01-31,114.4815,SIE.DE,SIEMENS AG                    N
2022-02-28,113.5776,SIE.DE,SIEMENS AG                    N
2022-03-31,106.4553,SIE.DE,SIEMENS AG                    N
2022-04-30,110.6672,SIE.DE,SIEMENS AG                    N
2022-05-31,87.7547,SIE.DE,SIEMENS AG                    N
2022-06-30,98.1037,SIE.DE,SIEMENS AG                    N
2022-07-31,91.361,SIE.DE,SIEMENS AG                    N
2022-08-31,91.4695,SIE.DE,SIEMENS AG                    N
2022-09-30,100.0018,SIE.DE,SIEMENS AG                    N
2022-10-31,118.603,SIE.DE,SIEMENS AG                    N
2022-11-30,117.1749,SIE.DE,SIEMENS AG                    N
2022-12-31,129.1599,SIE.DE,SIEMENS AG                    N
2023-01-31,134.6158,SIE.DE,SIEMENS AG                    N
2023-02-28,138.858,SIE.DE,SIEMENS AG                    N
2023-03-31,138.5231,SIE.DE,SIEMENS AG                    N
2023-04-30,142.6537,SIE.DE,SIEMENS AG                    N
2023-05-31,141.9094,SIE.DE,SIEMENS AG                    N
2023-06-30,144.1794,SIE.DE,SIEMENS AG                    N
2023-07-31,129.2014,SIE.DE,SIEMENS AG                    N
2023-08-31,126.2058,SIE.DE,SIEMENS AG                    N
2023-09-30,116.2515,SIE.DE,SIEMENS AG                    N
2023-10-31,143.2677,SIE.DE,SIEMENS AG                    N
2023-11-30,158.0782,SIE.DE,SIEMENS AG                    N
2023-12-31,155.064,SIE.DE,SIEMENS AG                    N
2024-01-31,175.0364,SIE.DE,SIEMENS AG                    N
2024-02-29,169.3147,SIE.DE,SIEMENS AG                    N
2024-03-31,168.3005,SIE.DE,SIEMENS AG                    N
2024-04-30,168.645,SIE.DE,SIEMENS AG                    N
2024-05-31,166.2147,SIE.DE,SIEMENS AG                    N
2024-06-30,162.1005,SIE.DE,SIEMENS AG                    N
2024-07-31,162.5789,SIE.DE,SIEMENS AG                    N
2024-08-31,173.5055,SIE.DE,SIEMENS AG                    N
2024-09-30,170.6925,SIE.DE,SIEMENS AG                    N
2024-10-31,175.2469,SIE.DE,SIEMENS AG                    N
2024-11-30,180.4136,SIE.DE,SIEMENS AG                    N
2024-12-31,198.4875,SIE.DE,SIEMENS AG                    N
2025-01-31,216.5953,SIE.DE,SIEMENS AG                    N
2025-02-28,207.4888,SIE.DE,SIEMENS AG                    N
2025-03-31,197.746,SIE.DE,SIEMENS AG                    N
2025-04-30,207.3909,SIE.DE,SIEMENS AG                    N
2025-05-31,213.1192,SIE.DE,SIEMENS AG                    N
2025-06-30,220.2182,SIE.DE,SIEMENS AG                    N
2025-07-31,231.6747,SIE.DE,SIEMENS AG                    N
2025-08-31,224.4287,SIE.DE,SIEMENS AG                    N
2025-09-30,240.4384,SIE.DE,SIEMENS AG                    N
2025-10-31,223.5475,SIE.DE,SIEMENS AG                    N
2025-11-30,234.1716,SIE.DE,SIEMENS AG                    N
2025-12-31,250.9646,SIE.DE,SIEMENS AG                    N
2026-01-31,247.4,SIE.DE,SIEMENS AG                    N
2026-02-28,205.7,SIE.DE,SIEMENS AG                    N
2026-03-31,252.55,SIE.DE,SIEMENS AG                    N
2026-04-30,269.8,SIE.DE,SIEMENS AG                    N
2026-05-31,281.15,SIE.DE,SIEMENS AG                    N
2026-06-30,,SIE.DE,SIEMENS AG                    N
1996-10-31,5.3936,DTE.DE,DEUTSCHE TELEKOM AG           N
1996-11-30,5.2465,DTE.DE,DEUTSCHE TELEKOM AG           N
1996-12-31,4.9915,DTE.DE,DEUTSCHE TELEKOM AG           N
1997-01-31,5.374,DTE.DE,DEUTSCHE TELEKOM AG           N
1997-02-28,6.2222,DTE.DE,DEUTSCHE TELEKOM AG           N
1997-03-31,6.1193,DTE.DE,DEUTSCHE TELEKOM AG           N
1997-04-30,6.2582,DTE.DE,DEUTSCHE TELEKOM AG           N
1997-05-31,6.8499,DTE.DE,DEUTSCHE TELEKOM AG           N
1997-06-30,7.0689,DTE.DE,DEUTSCHE TELEKOM AG           N
1997-07-31,5.8676,DTE.DE,DEUTSCHE TELEKOM AG           N
1997-08-31,5.5456,DTE.DE,DEUTSCHE TELEKOM AG           N
1997-09-30,5.3609,DTE.DE,DEUTSCHE TELEKOM AG           N
1997-10-31,5.8839,DTE.DE,DEUTSCHE TELEKOM AG           N
1997-11-30,5.4394,DTE.DE,DEUTSCHE TELEKOM AG           N
1997-12-31,5.2367,DTE.DE,DEUTSCHE TELEKOM AG           N
1998-01-31,5.9754,DTE.DE,DEUTSCHE TELEKOM AG           N
1998-02-28,6.5704,DTE.DE,DEUTSCHE TELEKOM AG           N
1998-03-31,7.6818,DTE.DE,DEUTSCHE TELEKOM AG           N
1998-04-30,7.8616,DTE.DE,DEUTSCHE TELEKOM AG           N
1998-05-31,8.1067,DTE.DE,DEUTSCHE TELEKOM AG           N
1998-06-30,8.7769,DTE.DE,DEUTSCHE TELEKOM AG           N
1998-07-31,7.5183,DTE.DE,DEUTSCHE TELEKOM AG           N
1998-08-31,8.3274,DTE.DE,DEUTSCHE TELEKOM AG           N
1998-09-30,7.0934,DTE.DE,DEUTSCHE TELEKOM AG           N
1998-10-31,7.9433,DTE.DE,DEUTSCHE TELEKOM AG           N
1998-11-30,8.9697,DTE.DE,DEUTSCHE TELEKOM AG           N
1998-12-31,12.8474,DTE.DE,DEUTSCHE TELEKOM AG           N
1999-01-31,13.0807,DTE.DE,DEUTSCHE TELEKOM AG           N
1999-02-28,12.0674,DTE.DE,DEUTSCHE TELEKOM AG           N
1999-03-31,12.0961,DTE.DE,DEUTSCHE TELEKOM AG           N
1999-04-30,12.1473,DTE.DE,DEUTSCHE TELEKOM AG           N
1999-05-31,12.9624,DTE.DE,DEUTSCHE TELEKOM AG           N
1999-06-30,11.8276,DTE.DE,DEUTSCHE TELEKOM AG           N
1999-07-31,13.362,DTE.DE,DEUTSCHE TELEKOM AG           N
1999-08-31,12.2432,DTE.DE,DEUTSCHE TELEKOM AG           N
1999-09-30,14.094,DTE.DE,DEUTSCHE TELEKOM AG           N
1999-10-31,18.2209,DTE.DE,DEUTSCHE TELEKOM AG           N
1999-11-30,21.766,DTE.DE,DEUTSCHE TELEKOM AG           N
1999-12-31,22.1848,DTE.DE,DEUTSCHE TELEKOM AG           N
2000-01-31,27.5232,DTE.DE,DEUTSCHE TELEKOM AG           N
2000-02-29,26.8519,DTE.DE,DEUTSCHE TELEKOM AG           N
2000-03-31,22.8209,DTE.DE,DEUTSCHE TELEKOM AG           N
2000-04-30,21.476,DTE.DE,DEUTSCHE TELEKOM AG           N
2000-05-31,19.3123,DTE.DE,DEUTSCHE TELEKOM AG           N
2000-06-30,15.2593,DTE.DE,DEUTSCHE TELEKOM AG           N
2000-07-31,13.9675,DTE.DE,DEUTSCHE TELEKOM AG           N
2000-08-31,12.5853,DTE.DE,DEUTSCHE TELEKOM AG           N
2000-09-30,14.2129,DTE.DE,DEUTSCHE TELEKOM AG           N
2000-10-31,11.6616,DTE.DE,DEUTSCHE TELEKOM AG           N
2000-11-30,10.3666,DTE.DE,DEUTSCHE TELEKOM AG           N
2000-12-31,11.6229,DTE.DE,DEUTSCHE TELEKOM AG           N
2001-01-31,8.542,DTE.DE,DEUTSCHE TELEKOM AG           N
2001-02-28,8.6389,DTE.DE,DEUTSCHE TELEKOM AG           N
2001-03-31,9.4301,DTE.DE,DEUTSCHE TELEKOM AG           N
2001-04-30,8.1421,DTE.DE,DEUTSCHE TELEKOM AG           N
2001-05-31,8.91,DTE.DE,DEUTSCHE TELEKOM AG           N
2001-06-30,8.4234,DTE.DE,DEUTSCHE TELEKOM AG           N
2001-07-31,5.6101,DTE.DE,DEUTSCHE TELEKOM AG           N
2001-08-31,5.6928,DTE.DE,DEUTSCHE TELEKOM AG           N
2001-09-30,5.6895,DTE.DE,DEUTSCHE TELEKOM AG           N
2001-10-31,6.3383,DTE.DE,DEUTSCHE TELEKOM AG           N
2001-11-30,6.3879,DTE.DE,DEUTSCHE TELEKOM AG           N
2001-12-31,5.6763,DTE.DE,DEUTSCHE TELEKOM AG           N
2002-01-31,5.4347,DTE.DE,DEUTSCHE TELEKOM AG           N
2002-02-28,5.716,DTE.DE,DEUTSCHE TELEKOM AG           N
2002-03-31,4.8786,DTE.DE,DEUTSCHE TELEKOM AG           N
2002-04-30,4.0422,DTE.DE,DEUTSCHE TELEKOM AG           N
2002-05-31,3.2406,DTE.DE,DEUTSCHE TELEKOM AG           N
2002-06-30,3.9638,DTE.DE,DEUTSCHE TELEKOM AG           N
2002-07-31,3.9024,DTE.DE,DEUTSCHE TELEKOM AG           N
2002-08-31,2.8722,DTE.DE,DEUTSCHE TELEKOM AG           N
2002-09-30,3.9331,DTE.DE,DEUTSCHE TELEKOM AG           N
2002-10-31,4.1719,DTE.DE,DEUTSCHE TELEKOM AG           N
2002-11-30,4.1787,DTE.DE,DEUTSCHE TELEKOM AG           N
2002-12-31,4.0047,DTE.DE,DEUTSCHE TELEKOM AG           N
2003-01-31,3.6397,DTE.DE,DEUTSCHE TELEKOM AG           N
2003-02-28,3.4487,DTE.DE,DEUTSCHE TELEKOM AG           N
2003-03-31,4.0866,DTE.DE,DEUTSCHE TELEKOM AG           N
2003-04-30,4.3424,DTE.DE,DEUTSCHE TELEKOM AG           N
2003-05-31,4.5334,DTE.DE,DEUTSCHE TELEKOM AG           N
2003-06-30,4.6221,DTE.DE,DEUTSCHE TELEKOM AG           N
2003-07-31,4.4345,DTE.DE,DEUTSCHE TELEKOM AG           N
2003-08-31,4.2435,DTE.DE,DEUTSCHE TELEKOM AG           N
2003-09-30,4.6221,DTE.DE,DEUTSCHE TELEKOM AG           N
2003-10-31,4.7245,DTE.DE,DEUTSCHE TELEKOM AG           N
2003-11-30,4.9496,DTE.DE,DEUTSCHE TELEKOM AG           N
2003-12-31,5.4613,DTE.DE,DEUTSCHE TELEKOM AG           N
2004-01-31,5.3658,DTE.DE,DEUTSCHE TELEKOM AG           N
2004-02-29,4.9871,DTE.DE,DEUTSCHE TELEKOM AG           N
2004-03-31,4.9121,DTE.DE,DEUTSCHE TELEKOM AG           N
2004-04-30,4.6938,DTE.DE,DEUTSCHE TELEKOM AG           N
2004-05-31,4.9257,DTE.DE,DEUTSCHE TELEKOM AG           N
2004-06-30,4.7483,DTE.DE,DEUTSCHE TELEKOM AG           N
2004-07-31,4.8882,DTE.DE,DEUTSCHE TELEKOM AG           N
2004-08-31,5.0963,DTE.DE,DEUTSCHE TELEKOM AG           N
2004-09-30,5.1236,DTE.DE,DEUTSCHE TELEKOM AG           N
2004-10-31,5.451,DTE.DE,DEUTSCHE TELEKOM AG           N
2004-11-30,5.6796,DTE.DE,DEUTSCHE TELEKOM AG           N
2004-12-31,5.6557,DTE.DE,DEUTSCHE TELEKOM AG           N
2005-01-31,5.3965,DTE.DE,DEUTSCHE TELEKOM AG           N
2005-02-28,5.2532,DTE.DE,DEUTSCHE TELEKOM AG           N
2005-03-31,5.1476,DTE.DE,DEUTSCHE TELEKOM AG           N
2005-04-30,5.368,DTE.DE,DEUTSCHE TELEKOM AG           N
2005-05-31,5.4391,DTE.DE,DEUTSCHE TELEKOM AG           N
2005-06-30,5.8194,DTE.DE,DEUTSCHE TELEKOM AG           N
2005-07-31,5.4746,DTE.DE,DEUTSCHE TELEKOM AG           N
2005-08-31,5.3822,DTE.DE,DEUTSCHE TELEKOM AG           N
2005-09-30,5.2435,DTE.DE,DEUTSCHE TELEKOM AG           N
2005-10-31,5.0125,DTE.DE,DEUTSCHE TELEKOM AG           N
2005-11-30,5.0054,DTE.DE,DEUTSCHE TELEKOM AG           N
2005-12-31,4.6321,DTE.DE,DEUTSCHE TELEKOM AG           N
2006-01-31,4.7067,DTE.DE,DEUTSCHE TELEKOM AG           N
2006-02-28,4.9485,DTE.DE,DEUTSCHE TELEKOM AG           N
2006-03-31,5.0907,DTE.DE,DEUTSCHE TELEKOM AG           N
2006-04-30,4.7412,DTE.DE,DEUTSCHE TELEKOM AG           N
2006-05-31,4.7075,DTE.DE,DEUTSCHE TELEKOM AG           N
2006-06-30,4.5279,DTE.DE,DEUTSCHE TELEKOM AG           N
2006-07-31,4.2622,DTE.DE,DEUTSCHE TELEKOM AG           N
2006-08-31,4.6925,DTE.DE,DEUTSCHE TELEKOM AG           N
2006-09-30,5.0742,DTE.DE,DEUTSCHE TELEKOM AG           N
2006-10-31,5.0106,DTE.DE,DEUTSCHE TELEKOM AG           N
2006-11-30,5.179,DTE.DE,DEUTSCHE TELEKOM AG           N
2006-12-31,5.0518,DTE.DE,DEUTSCHE TELEKOM AG           N
2007-01-31,5.0742,DTE.DE,DEUTSCHE TELEKOM AG           N
2007-02-28,4.6327,DTE.DE,DEUTSCHE TELEKOM AG           N
2007-03-31,5.0069,DTE.DE,DEUTSCHE TELEKOM AG           N
2007-04-30,5.4496,DTE.DE,DEUTSCHE TELEKOM AG           N
2007-05-31,5.414,DTE.DE,DEUTSCHE TELEKOM AG           N
2007-06-30,4.9987,DTE.DE,DEUTSCHE TELEKOM AG           N
2007-07-31,5.3942,DTE.DE,DEUTSCHE TELEKOM AG           N
2007-08-31,5.4496,DTE.DE,DEUTSCHE TELEKOM AG           N
2007-09-30,5.5959,DTE.DE,DEUTSCHE TELEKOM AG           N
2007-10-31,5.9716,DTE.DE,DEUTSCHE TELEKOM AG           N
2007-11-30,5.94,DTE.DE,DEUTSCHE TELEKOM AG           N
2007-12-31,5.4338,DTE.DE,DEUTSCHE TELEKOM AG           N
2008-01-31,4.9711,DTE.DE,DEUTSCHE TELEKOM AG           N
2008-02-29,4.1722,DTE.DE,DEUTSCHE TELEKOM AG           N
2008-03-31,4.5637,DTE.DE,DEUTSCHE TELEKOM AG           N
2008-04-30,4.5548,DTE.DE,DEUTSCHE TELEKOM AG           N
2008-05-31,4.4024,DTE.DE,DEUTSCHE TELEKOM AG           N
2008-06-30,4.722,DTE.DE,DEUTSCHE TELEKOM AG           N
2008-07-31,4.7876,DTE.DE,DEUTSCHE TELEKOM AG           N
2008-08-31,4.559,DTE.DE,DEUTSCHE TELEKOM AG           N
2008-09-30,4.9019,DTE.DE,DEUTSCHE TELEKOM AG           N
2008-10-31,4.6098,DTE.DE,DEUTSCHE TELEKOM AG           N
2008-11-30,4.5506,DTE.DE,DEUTSCHE TELEKOM AG           N
2008-12-31,4.0087,DTE.DE,DEUTSCHE TELEKOM AG           N
2009-01-31,4.049,DTE.DE,DEUTSCHE TELEKOM AG           N
2009-02-28,3.9579,DTE.DE,DEUTSCHE TELEKOM AG           N
2009-03-31,3.869,DTE.DE,DEUTSCHE TELEKOM AG           N
2009-04-30,3.7533,DTE.DE,DEUTSCHE TELEKOM AG           N
2009-05-31,3.8876,DTE.DE,DEUTSCHE TELEKOM AG           N
2009-06-30,4.1606,DTE.DE,DEUTSCHE TELEKOM AG           N
2009-07-31,4.2925,DTE.DE,DEUTSCHE TELEKOM AG           N
2009-08-31,4.318,DTE.DE,DEUTSCHE TELEKOM AG           N
2009-09-30,4.2995,DTE.DE,DEUTSCHE TELEKOM AG           N
2009-10-31,4.5447,DTE.DE,DEUTSCHE TELEKOM AG           N
2009-11-30,4.7623,DTE.DE,DEUTSCHE TELEKOM AG           N
2009-12-31,4.3305,DTE.DE,DEUTSCHE TELEKOM AG           N
2010-01-31,4.3735,DTE.DE,DEUTSCHE TELEKOM AG           N
2010-02-28,4.6442,DTE.DE,DEUTSCHE TELEKOM AG           N
2010-03-31,4.5258,DTE.DE,DEUTSCHE TELEKOM AG           N
2010-04-30,4.5801,DTE.DE,DEUTSCHE TELEKOM AG           N
2010-05-31,4.8756,DTE.DE,DEUTSCHE TELEKOM AG           N
2010-06-30,5.1806,DTE.DE,DEUTSCHE TELEKOM AG           N
2010-07-31,5.2208,DTE.DE,DEUTSCHE TELEKOM AG           N
2010-08-31,5.0424,DTE.DE,DEUTSCHE TELEKOM AG           N
2010-09-30,5.2308,DTE.DE,DEUTSCHE TELEKOM AG           N
2010-10-31,4.9575,DTE.DE,DEUTSCHE TELEKOM AG           N
2010-11-30,4.8515,DTE.DE,DEUTSCHE TELEKOM AG           N
2010-12-31,4.8932,DTE.DE,DEUTSCHE TELEKOM AG           N
2011-01-31,4.8967,DTE.DE,DEUTSCHE TELEKOM AG           N
2011-02-28,5.462,DTE.DE,DEUTSCHE TELEKOM AG           N
2011-03-31,5.6353,DTE.DE,DEUTSCHE TELEKOM AG           N
2011-04-30,5.5328,DTE.DE,DEUTSCHE TELEKOM AG           N
2011-05-31,5.7925,DTE.DE,DEUTSCHE TELEKOM AG           N
2011-06-30,5.8059,DTE.DE,DEUTSCHE TELEKOM AG           N
2011-07-31,4.7165,DTE.DE,DEUTSCHE TELEKOM AG           N
2011-08-31,4.7299,DTE.DE,DEUTSCHE TELEKOM AG           N
2011-09-30,4.9243,DTE.DE,DEUTSCHE TELEKOM AG           N
2011-10-31,5.1632,DTE.DE,DEUTSCHE TELEKOM AG           N
2011-11-30,4.7481,DTE.DE,DEUTSCHE TELEKOM AG           N
2011-12-31,4.6051,DTE.DE,DEUTSCHE TELEKOM AG           N
2012-01-31,4.6919,DTE.DE,DEUTSCHE TELEKOM AG           N
2012-02-29,4.8349,DTE.DE,DEUTSCHE TELEKOM AG           N
2012-03-31,4.5617,DTE.DE,DEUTSCHE TELEKOM AG           N
2012-04-30,4.6366,DTE.DE,DEUTSCHE TELEKOM AG           N
2012-05-31,5.032,DTE.DE,DEUTSCHE TELEKOM AG           N
2012-06-30,5.3361,DTE.DE,DEUTSCHE TELEKOM AG           N
2012-07-31,5.5152,DTE.DE,DEUTSCHE TELEKOM AG           N
2012-08-31,5.5675,DTE.DE,DEUTSCHE TELEKOM AG           N
2012-09-30,5.1221,DTE.DE,DEUTSCHE TELEKOM AG           N
2012-10-31,4.925,DTE.DE,DEUTSCHE TELEKOM AG           N
2012-11-30,4.9977,DTE.DE,DEUTSCHE TELEKOM AG           N
2012-12-31,5.2646,DTE.DE,DEUTSCHE TELEKOM AG           N
2013-01-31,4.7837,DTE.DE,DEUTSCHE TELEKOM AG           N
2013-02-28,4.7948,DTE.DE,DEUTSCHE TELEKOM AG           N
2013-03-31,5.2227,DTE.DE,DEUTSCHE TELEKOM AG           N
2013-04-30,5.5241,DTE.DE,DEUTSCHE TELEKOM AG           N
2013-05-31,5.6029,DTE.DE,DEUTSCHE TELEKOM AG           N
2013-06-30,5.7179,DTE.DE,DEUTSCHE TELEKOM AG           N
2013-07-31,6.0579,DTE.DE,DEUTSCHE TELEKOM AG           N
2013-08-31,6.6973,DTE.DE,DEUTSCHE TELEKOM AG           N
2013-09-30,7.2505,DTE.DE,DEUTSCHE TELEKOM AG           N
2013-10-31,7.3036,DTE.DE,DEUTSCHE TELEKOM AG           N
2013-11-30,7.7693,DTE.DE,DEUTSCHE TELEKOM AG           N
2013-12-31,7.5005,DTE.DE,DEUTSCHE TELEKOM AG           N
2014-01-31,7.6849,DTE.DE,DEUTSCHE TELEKOM AG           N
2014-02-28,7.3318,DTE.DE,DEUTSCHE TELEKOM AG           N
2014-03-31,7.5537,DTE.DE,DEUTSCHE TELEKOM AG           N
2014-04-30,8.009,DTE.DE,DEUTSCHE TELEKOM AG           N
2014-05-31,8.3177,DTE.DE,DEUTSCHE TELEKOM AG           N
2014-06-30,7.866,DTE.DE,DEUTSCHE TELEKOM AG           N
2014-07-31,7.3949,DTE.DE,DEUTSCHE TELEKOM AG           N
2014-08-31,7.7978,DTE.DE,DEUTSCHE TELEKOM AG           N
2014-09-30,7.8108,DTE.DE,DEUTSCHE TELEKOM AG           N
2014-10-31,8.9025,DTE.DE,DEUTSCHE TELEKOM AG           N
2014-11-30,8.6101,DTE.DE,DEUTSCHE TELEKOM AG           N
2014-12-31,9.9325,DTE.DE,DEUTSCHE TELEKOM AG           N
2015-01-31,10.8325,DTE.DE,DEUTSCHE TELEKOM AG           N
2015-02-28,11.0794,DTE.DE,DEUTSCHE TELEKOM AG           N
2015-03-31,10.7057,DTE.DE,DEUTSCHE TELEKOM AG           N
2015-04-30,10.4739,DTE.DE,DEUTSCHE TELEKOM AG           N
2015-05-31,10.3434,DTE.DE,DEUTSCHE TELEKOM AG           N
2015-06-30,11.0128,DTE.DE,DEUTSCHE TELEKOM AG           N
2015-07-31,10.2061,DTE.DE,DEUTSCHE TELEKOM AG           N
2015-08-31,10.6346,DTE.DE,DEUTSCHE TELEKOM AG           N
2015-09-30,11.3844,DTE.DE,DEUTSCHE TELEKOM AG           N
2015-10-31,11.6857,DTE.DE,DEUTSCHE TELEKOM AG           N
2015-11-30,11.1735,DTE.DE,DEUTSCHE TELEKOM AG           N
2015-12-31,10.7216,DTE.DE,DEUTSCHE TELEKOM AG           N
2016-01-31,10.3567,DTE.DE,DEUTSCHE TELEKOM AG           N
2016-02-29,10.5609,DTE.DE,DEUTSCHE TELEKOM AG           N
2016-03-31,10.2329,DTE.DE,DEUTSCHE TELEKOM AG           N
2016-04-30,10.9925,DTE.DE,DEUTSCHE TELEKOM AG           N
2016-05-31,10.5838,DTE.DE,DEUTSCHE TELEKOM AG           N
2016-06-30,10.5458,DTE.DE,DEUTSCHE TELEKOM AG           N
2016-07-31,10.3691,DTE.DE,DEUTSCHE TELEKOM AG           N
2016-08-31,10.3345,DTE.DE,DEUTSCHE TELEKOM AG           N
2016-09-30,10.2825,DTE.DE,DEUTSCHE TELEKOM AG           N
2016-10-31,10.2964,DTE.DE,DEUTSCHE TELEKOM AG           N
2016-11-30,11.3285,DTE.DE,DEUTSCHE TELEKOM AG           N
2016-12-31,11.1934,DTE.DE,DEUTSCHE TELEKOM AG           N
2017-01-31,11.2973,DTE.DE,DEUTSCHE TELEKOM AG           N
2017-02-28,11.3769,DTE.DE,DEUTSCHE TELEKOM AG           N
2017-03-31,11.1518,DTE.DE,DEUTSCHE TELEKOM AG           N
2017-04-30,12.2774,DTE.DE,DEUTSCHE TELEKOM AG           N
2017-05-31,11.2803,DTE.DE,DEUTSCHE TELEKOM AG           N
2017-06-30,11.083,DTE.DE,DEUTSCHE TELEKOM AG           N
2017-07-31,10.8785,DTE.DE,DEUTSCHE TELEKOM AG           N
2017-08-31,11.3269,DTE.DE,DEUTSCHE TELEKOM AG           N
2017-09-30,11.2229,DTE.DE,DEUTSCHE TELEKOM AG           N
2017-10-31,10.7708,DTE.DE,DEUTSCHE TELEKOM AG           N
2017-11-30,10.6165,DTE.DE,DEUTSCHE TELEKOM AG           N
2017-12-31,10.1358,DTE.DE,DEUTSCHE TELEKOM AG           N
2018-01-31,9.5151,DTE.DE,DEUTSCHE TELEKOM AG           N
2018-02-28,9.5079,DTE.DE,DEUTSCHE TELEKOM AG           N
2018-03-31,10.4013,DTE.DE,DEUTSCHE TELEKOM AG           N
2018-04-30,9.9434,DTE.DE,DEUTSCHE TELEKOM AG           N
2018-05-31,9.9811,DTE.DE,DEUTSCHE TELEKOM AG           N
2018-06-30,10.6429,DTE.DE,DEUTSCHE TELEKOM AG           N
2018-07-31,10.4624,DTE.DE,DEUTSCHE TELEKOM AG           N
2018-08-31,10.4436,DTE.DE,DEUTSCHE TELEKOM AG           N
2018-09-30,10.9024,DTE.DE,DEUTSCHE TELEKOM AG           N
2018-10-31,11.6471,DTE.DE,DEUTSCHE TELEKOM AG           N
2018-11-30,11.1469,DTE.DE,DEUTSCHE TELEKOM AG           N
2018-12-31,10.673,DTE.DE,DEUTSCHE TELEKOM AG           N
2019-01-31,10.8949,DTE.DE,DEUTSCHE TELEKOM AG           N
2019-02-28,11.6533,DTE.DE,DEUTSCHE TELEKOM AG           N
2019-03-31,11.7471,DTE.DE,DEUTSCHE TELEKOM AG           N
2019-04-30,11.9015,DTE.DE,DEUTSCHE TELEKOM AG           N
2019-05-31,11.9818,DTE.DE,DEUTSCHE TELEKOM AG           N
2019-06-30,11.7203,DTE.DE,DEUTSCHE TELEKOM AG           N
2019-07-31,11.9534,DTE.DE,DEUTSCHE TELEKOM AG           N
2019-08-31,12.1252,DTE.DE,DEUTSCHE TELEKOM AG           N
2019-09-30,12.4197,DTE.DE,DEUTSCHE TELEKOM AG           N
2019-10-31,12.0007,DTE.DE,DEUTSCHE TELEKOM AG           N
2019-11-30,11.4761,DTE.DE,DEUTSCHE TELEKOM AG           N
2019-12-31,11.5045,DTE.DE,DEUTSCHE TELEKOM AG           N
2020-01-31,11.6226,DTE.DE,DEUTSCHE TELEKOM AG           N
2020-02-29,9.3053,DTE.DE,DEUTSCHE TELEKOM AG           N
2020-03-31,10.4955,DTE.DE,DEUTSCHE TELEKOM AG           N
2020-04-30,11.165,DTE.DE,DEUTSCHE TELEKOM AG           N
2020-05-31,12.2502,DTE.DE,DEUTSCHE TELEKOM AG           N
2020-06-30,11.6108,DTE.DE,DEUTSCHE TELEKOM AG           N
2020-07-31,12.0903,DTE.DE,DEUTSCHE TELEKOM AG           N
2020-08-31,11.7133,DTE.DE,DEUTSCHE TELEKOM AG           N
2020-09-30,10.7133,DTE.DE,DEUTSCHE TELEKOM AG           N
2020-10-31,12.3895,DTE.DE,DEUTSCHE TELEKOM AG           N
2020-11-30,12.2584,DTE.DE,DEUTSCHE TELEKOM AG           N
2020-12-31,12.0493,DTE.DE,DEUTSCHE TELEKOM AG           N
2021-01-31,12.3198,DTE.DE,DEUTSCHE TELEKOM AG           N
2021-02-28,14.074,DTE.DE,DEUTSCHE TELEKOM AG           N
2021-03-31,13.5875,DTE.DE,DEUTSCHE TELEKOM AG           N
2021-04-30,14.4317,DTE.DE,DEUTSCHE TELEKOM AG           N
2021-05-31,15.1263,DTE.DE,DEUTSCHE TELEKOM AG           N
2021-06-30,14.8665,DTE.DE,DEUTSCHE TELEKOM AG           N
2021-07-31,15.2928,DTE.DE,DEUTSCHE TELEKOM AG           N
2021-08-31,14.7731,DTE.DE,DEUTSCHE TELEKOM AG           N
2021-09-30,13.6538,DTE.DE,DEUTSCHE TELEKOM AG           N
2021-10-31,13.2377,DTE.DE,DEUTSCHE TELEKOM AG           N
2021-11-30,13.8423,DTE.DE,DEUTSCHE TELEKOM AG           N
2021-12-31,14.1582,DTE.DE,DEUTSCHE TELEKOM AG           N
2022-01-31,13.613,DTE.DE,DEUTSCHE TELEKOM AG           N
2022-02-28,14.379,DTE.DE,DEUTSCHE TELEKOM AG           N
2022-03-31,15.4851,DTE.DE,DEUTSCHE TELEKOM AG           N
2022-04-30,16.8547,DTE.DE,DEUTSCHE TELEKOM AG           N
2022-05-31,16.6978,DTE.DE,DEUTSCHE TELEKOM AG           N
2022-06-30,16.31,DTE.DE,DEUTSCHE TELEKOM AG           N
2022-07-31,16.5585,DTE.DE,DEUTSCHE TELEKOM AG           N
2022-08-31,15.4163,DTE.DE,DEUTSCHE TELEKOM AG           N
2022-09-30,16.8899,DTE.DE,DEUTSCHE TELEKOM AG           N
2022-10-31,17.1032,DTE.DE,DEUTSCHE TELEKOM AG           N
2022-11-30,16.4263,DTE.DE,DEUTSCHE TELEKOM AG           N
2022-12-31,18.0233,DTE.DE,DEUTSCHE TELEKOM AG           N
2023-01-31,18.7152,DTE.DE,DEUTSCHE TELEKOM AG           N
2023-02-28,19.6979,DTE.DE,DEUTSCHE TELEKOM AG           N
2023-03-31,19.8877,DTE.DE,DEUTSCHE TELEKOM AG           N
2023-04-30,18.8561,DTE.DE,DEUTSCHE TELEKOM AG           N
2023-05-31,18.1571,DTE.DE,DEUTSCHE TELEKOM AG           N
2023-06-30,18.0353,DTE.DE,DEUTSCHE TELEKOM AG           N
2023-07-31,17.9444,DTE.DE,DEUTSCHE TELEKOM AG           N
2023-08-31,18.0589,DTE.DE,DEUTSCHE TELEKOM AG           N
2023-09-30,18.6107,DTE.DE,DEUTSCHE TELEKOM AG           N
2023-10-31,19.9741,DTE.DE,DEUTSCHE TELEKOM AG           N
2023-11-30,19.7696,DTE.DE,DEUTSCHE TELEKOM AG           N
2023-12-31,20.674,DTE.DE,DEUTSCHE TELEKOM AG           N
2024-01-31,19.9832,DTE.DE,DEUTSCHE TELEKOM AG           N
2024-02-29,20.4513,DTE.DE,DEUTSCHE TELEKOM AG           N
2024-03-31,20.2222,DTE.DE,DEUTSCHE TELEKOM AG           N
2024-04-30,20.975,DTE.DE,DEUTSCHE TELEKOM AG           N
2024-05-31,22.0948,DTE.DE,DEUTSCHE TELEKOM AG           N
2024-06-30,22.7441,DTE.DE,DEUTSCHE TELEKOM AG           N
2024-07-31,24.1933,DTE.DE,DEUTSCHE TELEKOM AG           N
2024-08-31,24.8332,DTE.DE,DEUTSCHE TELEKOM AG           N
2024-09-30,26.1788,DTE.DE,DEUTSCHE TELEKOM AG           N
2024-10-31,28.4937,DTE.DE,DEUTSCHE TELEKOM AG           N
2024-11-30,27.1857,DTE.DE,DEUTSCHE TELEKOM AG           N
2024-12-31,30.4416,DTE.DE,DEUTSCHE TELEKOM AG           N
2025-01-31,32.7,DTE.DE,DEUTSCHE TELEKOM AG           N
2025-02-28,32.2012,DTE.DE,DEUTSCHE TELEKOM AG           N
2025-03-31,30.6075,DTE.DE,DEUTSCHE TELEKOM AG           N
2025-04-30,32.2348,DTE.DE,DEUTSCHE TELEKOM AG           N
2025-05-31,29.9973,DTE.DE,DEUTSCHE TELEKOM AG           N
2025-06-30,30.4913,DTE.DE,DEUTSCHE TELEKOM AG           N
2025-07-31,30.2395,DTE.DE,DEUTSCHE TELEKOM AG           N
2025-08-31,28.0989,DTE.DE,DEUTSCHE TELEKOM AG           N
2025-09-30,26.0455,DTE.DE,DEUTSCHE TELEKOM AG           N
2025-10-31,26.8881,DTE.DE,DEUTSCHE TELEKOM AG           N
2025-11-30,26.7913,DTE.DE,DEUTSCHE TELEKOM AG           N
2025-12-31,27.2853,DTE.DE,DEUTSCHE TELEKOM AG           N
2026-01-31,33.0193,DTE.DE,DEUTSCHE TELEKOM AG           N
2026-02-28,30.9465,DTE.DE,DEUTSCHE TELEKOM AG           N
2026-03-31,27.57,DTE.DE,DEUTSCHE TELEKOM AG           N
2026-04-30,28.86,DTE.DE,DEUTSCHE TELEKOM AG           N
2026-05-31,23.85,DTE.DE,DEUTSCHE TELEKOM AG           N
2026-06-30,,DTE.DE,DEUTSCHE TELEKOM AG           N
1999-12-31,17.078,SU.PA,SCHNEIDER ELECTRIC SE
2000-01-31,15.7825,SU.PA,SCHNEIDER ELECTRIC SE
2000-02-29,15.1229,SU.PA,SCHNEIDER ELECTRIC SE
2000-03-31,16.9603,SU.PA,SCHNEIDER ELECTRIC SE
2000-04-30,16.8189,SU.PA,SCHNEIDER ELECTRIC SE
2000-05-31,17.5192,SU.PA,SCHNEIDER ELECTRIC SE
2000-06-30,17.7472,SU.PA,SCHNEIDER ELECTRIC SE
2000-07-31,19.9191,SU.PA,SCHNEIDER ELECTRIC SE
2000-08-31,17.1352,SU.PA,SCHNEIDER ELECTRIC SE
2000-09-30,18.4191,SU.PA,SCHNEIDER ELECTRIC SE
2000-10-31,17.0392,SU.PA,SCHNEIDER ELECTRIC SE
2000-11-30,18.6471,SU.PA,SCHNEIDER ELECTRIC SE
2000-12-31,17.8552,SU.PA,SCHNEIDER ELECTRIC SE
2001-01-31,17.0392,SU.PA,SCHNEIDER ELECTRIC SE
2001-02-28,15.8393,SU.PA,SCHNEIDER ELECTRIC SE
2001-03-31,18.4671,SU.PA,SCHNEIDER ELECTRIC SE
2001-04-30,17.4245,SU.PA,SCHNEIDER ELECTRIC SE
2001-05-31,16.0257,SU.PA,SCHNEIDER ELECTRIC SE
2001-06-30,14.9704,SU.PA,SCHNEIDER ELECTRIC SE
2001-07-31,14.9704,SU.PA,SCHNEIDER ELECTRIC SE
2001-08-31,9.8166,SU.PA,SCHNEIDER ELECTRIC SE
2001-09-30,10.9161,SU.PA,SCHNEIDER ELECTRIC SE
2001-10-31,12.5408,SU.PA,SCHNEIDER ELECTRIC SE
2001-11-30,13.2525,SU.PA,SCHNEIDER ELECTRIC SE
2001-12-31,12.8843,SU.PA,SCHNEIDER ELECTRIC SE
2002-01-31,14.2341,SU.PA,SCHNEIDER ELECTRIC SE
2002-02-28,14.2096,SU.PA,SCHNEIDER ELECTRIC SE
2002-03-31,13.142,SU.PA,SCHNEIDER ELECTRIC SE
2002-04-30,13.8366,SU.PA,SCHNEIDER ELECTRIC SE
2002-05-31,13.6983,SU.PA,SCHNEIDER ELECTRIC SE
2002-06-30,12.3448,SU.PA,SCHNEIDER ELECTRIC SE
2002-07-31,11.7989,SU.PA,SCHNEIDER ELECTRIC SE
2002-08-31,11.2907,SU.PA,SCHNEIDER ELECTRIC SE
2002-09-30,11.7737,SU.PA,SCHNEIDER ELECTRIC SE
2002-10-31,12.2894,SU.PA,SCHNEIDER ELECTRIC SE
2002-11-30,11.3435,SU.PA,SCHNEIDER ELECTRIC SE
2002-12-31,10.229,SU.PA,SCHNEIDER ELECTRIC SE
2003-01-31,10.1536,SU.PA,SCHNEIDER ELECTRIC SE
2003-02-28,10.7926,SU.PA,SCHNEIDER ELECTRIC SE
2003-03-31,10.6718,SU.PA,SCHNEIDER ELECTRIC SE
2003-04-30,10.0294,SU.PA,SCHNEIDER ELECTRIC SE
2003-05-31,10.5635,SU.PA,SCHNEIDER ELECTRIC SE
2003-06-30,12.3181,SU.PA,SCHNEIDER ELECTRIC SE
2003-07-31,12.6896,SU.PA,SCHNEIDER ELECTRIC SE
2003-08-31,11.4821,SU.PA,SCHNEIDER ELECTRIC SE
2003-09-30,12.9915,SU.PA,SCHNEIDER ELECTRIC SE
2003-10-31,13.2624,SU.PA,SCHNEIDER ELECTRIC SE
2003-11-30,13.3915,SU.PA,SCHNEIDER ELECTRIC SE
2003-12-31,13.4431,SU.PA,SCHNEIDER ELECTRIC SE
2004-01-31,13.8043,SU.PA,SCHNEIDER ELECTRIC SE
2004-02-29,13.6753,SU.PA,SCHNEIDER ELECTRIC SE
2004-03-31,14.501,SU.PA,SCHNEIDER ELECTRIC SE
2004-04-30,14.7531,SU.PA,SCHNEIDER ELECTRIC SE
2004-05-31,14.9126,SU.PA,SCHNEIDER ELECTRIC SE
2004-06-30,14.0487,SU.PA,SCHNEIDER ELECTRIC SE
2004-07-31,13.6765,SU.PA,SCHNEIDER ELECTRIC SE
2004-08-31,13.836,SU.PA,SCHNEIDER ELECTRIC SE
2004-09-30,13.7961,SU.PA,SCHNEIDER ELECTRIC SE
2004-10-31,13.8892,SU.PA,SCHNEIDER ELECTRIC SE
2004-11-30,13.6101,SU.PA,SCHNEIDER ELECTRIC SE
2004-12-31,15.5771,SU.PA,SCHNEIDER ELECTRIC SE
2005-01-31,16.029,SU.PA,SCHNEIDER ELECTRIC SE
2005-02-28,16.0689,SU.PA,SCHNEIDER ELECTRIC SE
2005-03-31,14.8063,SU.PA,SCHNEIDER ELECTRIC SE
2005-04-30,16.426,SU.PA,SCHNEIDER ELECTRIC SE
2005-05-31,17.1264,SU.PA,SCHNEIDER ELECTRIC SE
2005-06-30,17.8131,SU.PA,SCHNEIDER ELECTRIC SE
2005-07-31,17.511,SU.PA,SCHNEIDER ELECTRIC SE
2005-08-31,18.0466,SU.PA,SCHNEIDER ELECTRIC SE
2005-09-30,18.8295,SU.PA,SCHNEIDER ELECTRIC SE
2005-10-31,20.1205,SU.PA,SCHNEIDER ELECTRIC SE
2005-11-30,20.6973,SU.PA,SCHNEIDER ELECTRIC SE
2005-12-31,23.6227,SU.PA,SCHNEIDER ELECTRIC SE
2006-01-31,23.554,SU.PA,SCHNEIDER ELECTRIC SE
2006-02-28,24.4742,SU.PA,SCHNEIDER ELECTRIC SE
2006-03-31,24.6527,SU.PA,SCHNEIDER ELECTRIC SE
2006-04-30,22.7865,SU.PA,SCHNEIDER ELECTRIC SE
2006-05-31,22.9413,SU.PA,SCHNEIDER ELECTRIC SE
2006-06-30,22.6599,SU.PA,SCHNEIDER ELECTRIC SE
2006-07-31,23.434,SU.PA,SCHNEIDER ELECTRIC SE
2006-08-31,24.7569,SU.PA,SCHNEIDER ELECTRIC SE
2006-09-30,22.9132,SU.PA,SCHNEIDER ELECTRIC SE
2006-10-31,23.0117,SU.PA,SCHNEIDER ELECTRIC SE
2006-11-30,23.6732,SU.PA,SCHNEIDER ELECTRIC SE
2006-12-31,26.0799,SU.PA,SCHNEIDER ELECTRIC SE
2007-01-31,25.9178,SU.PA,SCHNEIDER ELECTRIC SE
2007-02-28,27.1528,SU.PA,SCHNEIDER ELECTRIC SE
2007-03-31,29.7358,SU.PA,SCHNEIDER ELECTRIC SE
2007-04-30,31.5657,SU.PA,SCHNEIDER ELECTRIC SE
2007-05-31,30.636,SU.PA,SCHNEIDER ELECTRIC SE
2007-06-30,29.1679,SU.PA,SCHNEIDER ELECTRIC SE
2007-07-31,28.6854,SU.PA,SCHNEIDER ELECTRIC SE
2007-08-31,26.0669,SU.PA,SCHNEIDER ELECTRIC SE
2007-09-30,27.9646,SU.PA,SCHNEIDER ELECTRIC SE
2007-10-31,28.0617,SU.PA,SCHNEIDER ELECTRIC SE
2007-11-30,27.2673,SU.PA,SCHNEIDER ELECTRIC SE
2007-12-31,22.6894,SU.PA,SCHNEIDER ELECTRIC SE
2008-01-31,22.2775,SU.PA,SCHNEIDER ELECTRIC SE
2008-02-29,24.1134,SU.PA,SCHNEIDER ELECTRIC SE
2008-03-31,24.1423,SU.PA,SCHNEIDER ELECTRIC SE
2008-04-30,24.7965,SU.PA,SCHNEIDER ELECTRIC SE
2008-05-31,21.0712,SU.PA,SCHNEIDER ELECTRIC SE
2008-06-30,21.9342,SU.PA,SCHNEIDER ELECTRIC SE
2008-07-31,21.1602,SU.PA,SCHNEIDER ELECTRIC SE
2008-08-31,18.5021,SU.PA,SCHNEIDER ELECTRIC SE
2008-09-30,14.3423,SU.PA,SCHNEIDER ELECTRIC SE
2008-10-31,15.1807,SU.PA,SCHNEIDER ELECTRIC SE
2008-11-30,16.2771,SU.PA,SCHNEIDER ELECTRIC SE
2008-12-31,15.282,SU.PA,SCHNEIDER ELECTRIC SE
2009-01-31,14.6801,SU.PA,SCHNEIDER ELECTRIC SE
2009-02-28,15.3895,SU.PA,SCHNEIDER ELECTRIC SE
2009-03-31,17.785,SU.PA,SCHNEIDER ELECTRIC SE
2009-04-30,17.1172,SU.PA,SCHNEIDER ELECTRIC SE
2009-05-31,17.7328,SU.PA,SCHNEIDER ELECTRIC SE
2009-06-30,20.8156,SU.PA,SCHNEIDER ELECTRIC SE
2009-07-31,20.9985,SU.PA,SCHNEIDER ELECTRIC SE
2009-08-31,22.6183,SU.PA,SCHNEIDER ELECTRIC SE
2009-09-30,23.1898,SU.PA,SCHNEIDER ELECTRIC SE
2009-10-31,23.8037,SU.PA,SCHNEIDER ELECTRIC SE
2009-11-30,26.7069,SU.PA,SCHNEIDER ELECTRIC SE
2009-12-31,24.5026,SU.PA,SCHNEIDER ELECTRIC SE
2010-01-31,25.6129,SU.PA,SCHNEIDER ELECTRIC SE
2010-02-28,28.3594,SU.PA,SCHNEIDER ELECTRIC SE
2010-03-31,28.0622,SU.PA,SCHNEIDER ELECTRIC SE
2010-04-30,27.4309,SU.PA,SCHNEIDER ELECTRIC SE
2010-05-31,27.983,SU.PA,SCHNEIDER ELECTRIC SE
2010-06-30,29.6089,SU.PA,SCHNEIDER ELECTRIC SE
2010-07-31,27.9997,SU.PA,SCHNEIDER ELECTRIC SE
2010-08-31,31.1178,SU.PA,SCHNEIDER ELECTRIC SE
2010-09-30,34.1255,SU.PA,SCHNEIDER ELECTRIC SE
2010-10-31,36.1831,SU.PA,SCHNEIDER ELECTRIC SE
2010-11-30,37.4712,SU.PA,SCHNEIDER ELECTRIC SE
2010-12-31,38.1069,SU.PA,SCHNEIDER ELECTRIC SE
2011-01-31,40.1143,SU.PA,SCHNEIDER ELECTRIC SE
2011-02-28,40.3484,SU.PA,SCHNEIDER ELECTRIC SE
2011-03-31,40.9955,SU.PA,SCHNEIDER ELECTRIC SE
2011-04-30,39.3804,SU.PA,SCHNEIDER ELECTRIC SE
2011-05-31,39.5866,SU.PA,SCHNEIDER ELECTRIC SE
2011-06-30,34.7585,SU.PA,SCHNEIDER ELECTRIC SE
2011-07-31,31.9064,SU.PA,SCHNEIDER ELECTRIC SE
2011-08-31,27.8824,SU.PA,SCHNEIDER ELECTRIC SE
2011-09-30,29.3119,SU.PA,SCHNEIDER ELECTRIC SE
2011-10-31,28.8652,SU.PA,SCHNEIDER ELECTRIC SE
2011-11-30,27.958,SU.PA,SCHNEIDER ELECTRIC SE
2011-12-31,32.6314,SU.PA,SCHNEIDER ELECTRIC SE
2012-01-31,35.0575,SU.PA,SCHNEIDER ELECTRIC SE
2012-02-29,33.6692,SU.PA,SCHNEIDER ELECTRIC SE
2012-03-31,31.896,SU.PA,SCHNEIDER ELECTRIC SE
2012-04-30,30.7571,SU.PA,SCHNEIDER ELECTRIC SE
2012-05-31,31.2284,SU.PA,SCHNEIDER ELECTRIC SE
2012-06-30,32.8709,SU.PA,SCHNEIDER ELECTRIC SE
2012-07-31,35.8559,SU.PA,SCHNEIDER ELECTRIC SE
2012-08-31,32.8888,SU.PA,SCHNEIDER ELECTRIC SE
2012-09-30,34.4455,SU.PA,SCHNEIDER ELECTRIC SE
2012-10-31,38.591,SU.PA,SCHNEIDER ELECTRIC SE
2012-11-30,39.1552,SU.PA,SCHNEIDER ELECTRIC SE
2012-12-31,40.0621,SU.PA,SCHNEIDER ELECTRIC SE
2013-01-31,42.0759,SU.PA,SCHNEIDER ELECTRIC SE
2013-02-28,40.7048,SU.PA,SCHNEIDER ELECTRIC SE
2013-03-31,41.3475,SU.PA,SCHNEIDER ELECTRIC SE
2013-04-30,45.266,SU.PA,SCHNEIDER ELECTRIC SE
2013-05-31,41.1261,SU.PA,SCHNEIDER ELECTRIC SE
2013-06-30,44.137,SU.PA,SCHNEIDER ELECTRIC SE
2013-07-31,42.7275,SU.PA,SCHNEIDER ELECTRIC SE
2013-08-31,46.1294,SU.PA,SCHNEIDER ELECTRIC SE
2013-09-30,45.79,SU.PA,SCHNEIDER ELECTRIC SE
2013-10-31,45.9818,SU.PA,SCHNEIDER ELECTRIC SE
2013-11-30,46.7862,SU.PA,SCHNEIDER ELECTRIC SE
2013-12-31,44.196,SU.PA,SCHNEIDER ELECTRIC SE
2014-01-31,47.7825,SU.PA,SCHNEIDER ELECTRIC SE
2014-02-28,47.4873,SU.PA,SCHNEIDER ELECTRIC SE
2014-03-31,49.8487,SU.PA,SCHNEIDER ELECTRIC SE
2014-04-30,52.7116,SU.PA,SCHNEIDER ELECTRIC SE
2014-05-31,52.4598,SU.PA,SCHNEIDER ELECTRIC SE
2014-06-30,48.2402,SU.PA,SCHNEIDER ELECTRIC SE
2014-07-31,49.0795,SU.PA,SCHNEIDER ELECTRIC SE
2014-08-31,46.3936,SU.PA,SCHNEIDER ELECTRIC SE
2014-09-30,47.9807,SU.PA,SCHNEIDER ELECTRIC SE
2014-10-31,50.0562,SU.PA,SCHNEIDER ELECTRIC SE
2014-11-30,46.2486,SU.PA,SCHNEIDER ELECTRIC SE
2014-12-31,51.1245,SU.PA,SCHNEIDER ELECTRIC SE
2015-01-31,54.9245,SU.PA,SCHNEIDER ELECTRIC SE
2015-02-28,55.2068,SU.PA,SCHNEIDER ELECTRIC SE
2015-03-31,52.5099,SU.PA,SCHNEIDER ELECTRIC SE
2015-04-30,54.0339,SU.PA,SCHNEIDER ELECTRIC SE
2015-05-31,48.6525,SU.PA,SCHNEIDER ELECTRIC SE
2015-06-30,49.9567,SU.PA,SCHNEIDER ELECTRIC SE
2015-07-31,44.2532,SU.PA,SCHNEIDER ELECTRIC SE
2015-08-31,39.2881,SU.PA,SCHNEIDER ELECTRIC SE
2015-09-30,43.2711,SU.PA,SCHNEIDER ELECTRIC SE
2015-10-31,47.1363,SU.PA,SCHNEIDER ELECTRIC SE
2015-11-30,41.2914,SU.PA,SCHNEIDER ELECTRIC SE
2015-12-31,38.5811,SU.PA,SCHNEIDER ELECTRIC SE
2016-01-31,43.0276,SU.PA,SCHNEIDER ELECTRIC SE
2016-02-29,43.6325,SU.PA,SCHNEIDER ELECTRIC SE
2016-03-31,44.6538,SU.PA,SCHNEIDER ELECTRIC SE
2016-04-30,47.3772,SU.PA,SCHNEIDER ELECTRIC SE
2016-05-31,43.2599,SU.PA,SCHNEIDER ELECTRIC SE
2016-06-30,47.7114,SU.PA,SCHNEIDER ELECTRIC SE
2016-07-31,49.8068,SU.PA,SCHNEIDER ELECTRIC SE
2016-08-31,50.5976,SU.PA,SCHNEIDER ELECTRIC SE
2016-09-30,49.8475,SU.PA,SCHNEIDER ELECTRIC SE
2016-10-31,51.2172,SU.PA,SCHNEIDER ELECTRIC SE
2016-11-30,53.8996,SU.PA,SCHNEIDER ELECTRIC SE
2016-12-31,53.9893,SU.PA,SCHNEIDER ELECTRIC SE
2017-01-31,52.0896,SU.PA,SCHNEIDER ELECTRIC SE
2017-02-28,55.9541,SU.PA,SCHNEIDER ELECTRIC SE
2017-03-31,59.1094,SU.PA,SCHNEIDER ELECTRIC SE
2017-04-30,57.4708,SU.PA,SCHNEIDER ELECTRIC SE
2017-05-31,56.3894,SU.PA,SCHNEIDER ELECTRIC SE
2017-06-30,55.6182,SU.PA,SCHNEIDER ELECTRIC SE
2017-07-31,56.775,SU.PA,SCHNEIDER ELECTRIC SE
2017-08-31,61.7207,SU.PA,SCHNEIDER ELECTRIC SE
2017-09-30,63.2463,SU.PA,SCHNEIDER ELECTRIC SE
2017-10-31,60.5304,SU.PA,SCHNEIDER ELECTRIC SE
2017-11-30,59.3988,SU.PA,SCHNEIDER ELECTRIC SE
2017-12-31,63.2715,SU.PA,SCHNEIDER ELECTRIC SE
2018-01-31,60.0023,SU.PA,SCHNEIDER ELECTRIC SE
2018-02-28,59.8011,SU.PA,SCHNEIDER ELECTRIC SE
2018-03-31,63.1038,SU.PA,SCHNEIDER ELECTRIC SE
2018-04-30,62.0029,SU.PA,SCHNEIDER ELECTRIC SE
2018-05-31,60.0197,SU.PA,SCHNEIDER ELECTRIC SE
2018-06-30,57.8515,SU.PA,SCHNEIDER ELECTRIC SE
2018-07-31,59.028,SU.PA,SCHNEIDER ELECTRIC SE
2018-08-31,58.2381,SU.PA,SCHNEIDER ELECTRIC SE
2018-09-30,53.7504,SU.PA,SCHNEIDER ELECTRIC SE
2018-10-31,54.0194,SU.PA,SCHNEIDER ELECTRIC SE
2018-11-30,50.1873,SU.PA,SCHNEIDER ELECTRIC SE
2018-12-31,52.1705,SU.PA,SCHNEIDER ELECTRIC SE
2019-01-31,57.4985,SU.PA,SCHNEIDER ELECTRIC SE
2019-02-28,58.7759,SU.PA,SCHNEIDER ELECTRIC SE
2019-03-31,65.4175,SU.PA,SCHNEIDER ELECTRIC SE
2019-04-30,61.3777,SU.PA,SCHNEIDER ELECTRIC SE
2019-05-31,69.1453,SU.PA,SCHNEIDER ELECTRIC SE
2019-06-30,67.6889,SU.PA,SCHNEIDER ELECTRIC SE
2019-07-31,66.0244,SU.PA,SCHNEIDER ELECTRIC SE
2019-08-31,69.7868,SU.PA,SCHNEIDER ELECTRIC SE
2019-09-30,72.1795,SU.PA,SCHNEIDER ELECTRIC SE
2019-10-31,75.9419,SU.PA,SCHNEIDER ELECTRIC SE
2019-11-30,79.3229,SU.PA,SCHNEIDER ELECTRIC SE
2019-12-31,78.4733,SU.PA,SCHNEIDER ELECTRIC SE
2020-01-31,78.4559,SU.PA,SCHNEIDER ELECTRIC SE
2020-02-29,68.1223,SU.PA,SCHNEIDER ELECTRIC SE
2020-03-31,72.3528,SU.PA,SCHNEIDER ELECTRIC SE
2020-04-30,79.8932,SU.PA,SCHNEIDER ELECTRIC SE
2020-05-31,88.5235,SU.PA,SCHNEIDER ELECTRIC SE
2020-06-30,87.9505,SU.PA,SCHNEIDER ELECTRIC SE
2020-07-31,92.8834,SU.PA,SCHNEIDER ELECTRIC SE
2020-08-31,94.9425,SU.PA,SCHNEIDER ELECTRIC SE
2020-09-30,93.2863,SU.PA,SCHNEIDER ELECTRIC SE
2020-10-31,104.4323,SU.PA,SCHNEIDER ELECTRIC SE
2020-11-30,105.9095,SU.PA,SCHNEIDER ELECTRIC SE
2020-12-31,108.2819,SU.PA,SCHNEIDER ELECTRIC SE
2021-01-31,109.9829,SU.PA,SCHNEIDER ELECTRIC SE
2021-02-28,116.6078,SU.PA,SCHNEIDER ELECTRIC SE
2021-03-31,119.0877,SU.PA,SCHNEIDER ELECTRIC SE
2021-04-30,118.1225,SU.PA,SCHNEIDER ELECTRIC SE
2021-05-31,121.1166,SU.PA,SCHNEIDER ELECTRIC SE
2021-06-30,128.9854,SU.PA,SCHNEIDER ELECTRIC SE
2021-07-31,138.1138,SU.PA,SCHNEIDER ELECTRIC SE
2021-08-31,131.3588,SU.PA,SCHNEIDER ELECTRIC SE
2021-09-30,135.923,SU.PA,SCHNEIDER ELECTRIC SE
2021-10-31,142.6051,SU.PA,SCHNEIDER ELECTRIC SE
2021-11-30,157.4297,SU.PA,SCHNEIDER ELECTRIC SE
2021-12-31,136.3429,SU.PA,SCHNEIDER ELECTRIC SE
2022-01-31,127.5978,SU.PA,SCHNEIDER ELECTRIC SE
2022-02-28,138.8989,SU.PA,SCHNEIDER ELECTRIC SE
2022-03-31,125.6991,SU.PA,SCHNEIDER ELECTRIC SE
2022-04-30,120.5328,SU.PA,SCHNEIDER ELECTRIC SE
2022-05-31,105.4569,SU.PA,SCHNEIDER ELECTRIC SE
2022-06-30,125.6702,SU.PA,SCHNEIDER ELECTRIC SE
2022-07-31,110.9492,SU.PA,SCHNEIDER ELECTRIC SE
2022-08-31,109.2305,SU.PA,SCHNEIDER ELECTRIC SE
2022-09-30,119.8042,SU.PA,SCHNEIDER ELECTRIC SE
2022-10-31,129.7615,SU.PA,SCHNEIDER ELECTRIC SE
2022-11-30,122.1021,SU.PA,SCHNEIDER ELECTRIC SE
2022-12-31,138.5418,SU.PA,SCHNEIDER ELECTRIC SE
2023-01-31,142.0912,SU.PA,SCHNEIDER ELECTRIC SE
2023-02-28,143.5484,SU.PA,SCHNEIDER ELECTRIC SE
2023-03-31,147.4154,SU.PA,SCHNEIDER ELECTRIC SE
2023-04-30,153.7533,SU.PA,SCHNEIDER ELECTRIC SE
2023-05-31,158.6325,SU.PA,SCHNEIDER ELECTRIC SE
2023-06-30,154.4204,SU.PA,SCHNEIDER ELECTRIC SE
2023-07-31,151.1231,SU.PA,SCHNEIDER ELECTRIC SE
2023-08-31,149.5983,SU.PA,SCHNEIDER ELECTRIC SE
2023-09-30,138.1626,SU.PA,SCHNEIDER ELECTRIC SE
2023-10-31,160.6909,SU.PA,SCHNEIDER ELECTRIC SE
2023-11-30,173.2321,SU.PA,SCHNEIDER ELECTRIC SE
2023-12-31,174.2994,SU.PA,SCHNEIDER ELECTRIC SE
2024-01-31,199.9345,SU.PA,SCHNEIDER ELECTRIC SE
2024-02-29,199.7916,SU.PA,SCHNEIDER ELECTRIC SE
2024-03-31,204.9853,SU.PA,SCHNEIDER ELECTRIC SE
2024-04-30,219.9945,SU.PA,SCHNEIDER ELECTRIC SE
2024-05-31,216.9478,SU.PA,SCHNEIDER ELECTRIC SE
2024-06-30,215.5453,SU.PA,SCHNEIDER ELECTRIC SE
2024-07-31,222.1708,SU.PA,SCHNEIDER ELECTRIC SE
2024-08-31,228.4577,SU.PA,SCHNEIDER ELECTRIC SE
2024-09-30,229.4249,SU.PA,SCHNEIDER ELECTRIC SE
2024-10-31,235.5184,SU.PA,SCHNEIDER ELECTRIC SE
2024-11-30,233.0037,SU.PA,SCHNEIDER ELECTRIC SE
2024-12-31,237.3078,SU.PA,SCHNEIDER ELECTRIC SE
2025-01-31,226.2815,SU.PA,SCHNEIDER ELECTRIC SE
2025-02-28,203.8419,SU.PA,SCHNEIDER ELECTRIC SE
2025-03-31,197.5066,SU.PA,SCHNEIDER ELECTRIC SE
2025-04-30,217.9396,SU.PA,SCHNEIDER ELECTRIC SE
2025-05-31,222.3211,SU.PA,SCHNEIDER ELECTRIC SE
2025-06-30,224.7333,SU.PA,SCHNEIDER ELECTRIC SE
2025-07-31,206.8137,SU.PA,SCHNEIDER ELECTRIC SE
2025-08-31,233.9393,SU.PA,SCHNEIDER ELECTRIC SE
2025-09-30,242.3083,SU.PA,SCHNEIDER ELECTRIC SE
2025-10-31,227.4409,SU.PA,SCHNEIDER ELECTRIC SE
2025-11-30,231.2808,SU.PA,SCHNEIDER ELECTRIC SE
2025-12-31,238.5668,SU.PA,SCHNEIDER ELECTRIC SE
2026-01-31,272.4368,SU.PA,SCHNEIDER ELECTRIC SE
2026-02-28,225.5702,SU.PA,SCHNEIDER ELECTRIC SE
2026-03-31,264.4616,SU.PA,SCHNEIDER ELECTRIC SE
2026-04-30,269.95,SU.PA,SCHNEIDER ELECTRIC SE
2026-05-31,285.4,SU.PA,SCHNEIDER ELECTRIC SE
2026-06-30,,SU.PA,SCHNEIDER ELECTRIC SE
2001-08-31,7.7838,AIR.PA,AIRBUS SE
2001-09-30,8.7012,AIR.PA,AIRBUS SE
2001-10-31,8.998,AIR.PA,AIRBUS SE
2001-11-30,9.2003,AIR.PA,AIRBUS SE
2001-12-31,8.7686,AIR.PA,AIRBUS SE
2002-01-31,9.8276,AIR.PA,AIRBUS SE
2002-02-28,10.8056,AIR.PA,AIRBUS SE
2002-03-31,11.2103,AIR.PA,AIRBUS SE
2002-04-30,12.0731,AIR.PA,AIRBUS SE
2002-05-31,10.8095,AIR.PA,AIRBUS SE
2002-06-30,11.1428,AIR.PA,AIRBUS SE
2002-07-31,9.4627,AIR.PA,AIRBUS SE
2002-08-31,7.4632,AIR.PA,AIRBUS SE
2002-09-30,7.7479,AIR.PA,AIRBUS SE
2002-10-31,8.8795,AIR.PA,AIRBUS SE
2002-11-30,6.8384,AIR.PA,AIRBUS SE
2002-12-31,6.7343,AIR.PA,AIRBUS SE
2003-01-31,5.6026,AIR.PA,AIRBUS SE
2003-02-28,4.7904,AIR.PA,AIRBUS SE
2003-03-31,5.7831,AIR.PA,AIRBUS SE
2003-04-30,6.8157,AIR.PA,AIRBUS SE
2003-05-31,7.6866,AIR.PA,AIRBUS SE
2003-06-30,10.1984,AIR.PA,AIRBUS SE
2003-07-31,10.3639,AIR.PA,AIRBUS SE
2003-08-31,9.529,AIR.PA,AIRBUS SE
2003-09-30,12.595,AIR.PA,AIRBUS SE
2003-10-31,13.0988,AIR.PA,AIRBUS SE
2003-11-30,13.5667,AIR.PA,AIRBUS SE
2003-12-31,12.5662,AIR.PA,AIRBUS SE
2004-01-31,13.3939,AIR.PA,AIRBUS SE
2004-02-29,12.631,AIR.PA,AIRBUS SE
2004-03-31,15.186,AIR.PA,AIRBUS SE
2004-04-30,14.9471,AIR.PA,AIRBUS SE
2004-05-31,16.8054,AIR.PA,AIRBUS SE
2004-06-30,16.8201,AIR.PA,AIRBUS SE
2004-07-31,15.7771,AIR.PA,AIRBUS SE
2004-08-31,15.6669,AIR.PA,AIRBUS SE
2004-09-30,16.4161,AIR.PA,AIRBUS SE
2004-10-31,16.7099,AIR.PA,AIRBUS SE
2004-11-30,15.711,AIR.PA,AIRBUS SE
2004-12-31,17.2241,AIR.PA,AIRBUS SE
2005-01-31,17.4371,AIR.PA,AIRBUS SE
2005-02-28,16.9376,AIR.PA,AIRBUS SE
2005-03-31,16.1297,AIR.PA,AIRBUS SE
2005-04-30,18.0594,AIR.PA,AIRBUS SE
2005-05-31,19.803,AIR.PA,AIRBUS SE
2005-06-30,20.8401,AIR.PA,AIRBUS SE
2005-07-31,20.562,AIR.PA,AIRBUS SE
2005-08-31,22.1703,AIR.PA,AIRBUS SE
2005-09-30,21.7194,AIR.PA,AIRBUS SE
2005-10-31,23.6208,AIR.PA,AIRBUS SE
2005-11-30,23.974,AIR.PA,AIRBUS SE
2005-12-31,24.2371,AIR.PA,AIRBUS SE
2006-01-31,23.1173,AIR.PA,AIRBUS SE
2006-02-28,26.1309,AIR.PA,AIRBUS SE
2006-03-31,23.5081,AIR.PA,AIRBUS SE
2006-04-30,21.3348,AIR.PA,AIRBUS SE
2006-05-31,17.2367,AIR.PA,AIRBUS SE
2006-06-30,17.3057,AIR.PA,AIRBUS SE
2006-07-31,18.0655,AIR.PA,AIRBUS SE
2006-08-31,17.4055,AIR.PA,AIRBUS SE
2006-09-30,16.3081,AIR.PA,AIRBUS SE
2006-10-31,17.0448,AIR.PA,AIRBUS SE
2006-11-30,20.0301,AIR.PA,AIRBUS SE
2006-12-31,19.539,AIR.PA,AIRBUS SE
2007-01-31,19.8843,AIR.PA,AIRBUS SE
2007-02-28,17.8199,AIR.PA,AIRBUS SE
2007-03-31,18.2036,AIR.PA,AIRBUS SE
2007-04-30,18.0282,AIR.PA,AIRBUS SE
2007-05-31,18.6068,AIR.PA,AIRBUS SE
2007-06-30,17.1796,AIR.PA,AIRBUS SE
2007-07-31,16.8016,AIR.PA,AIRBUS SE
2007-08-31,16.6319,AIR.PA,AIRBUS SE
2007-09-30,18.0822,AIR.PA,AIRBUS SE
2007-10-31,16.9251,AIR.PA,AIRBUS SE
2007-11-30,16.8402,AIR.PA,AIRBUS SE
2007-12-31,13.1451,AIR.PA,AIRBUS SE
2008-01-31,13.4459,AIR.PA,AIRBUS SE
2008-02-29,11.5791,AIR.PA,AIRBUS SE
2008-03-31,12.4585,AIR.PA,AIRBUS SE
2008-04-30,11.684,AIR.PA,AIRBUS SE
2008-05-31,9.3658,AIR.PA,AIRBUS SE
2008-06-30,9.4825,AIR.PA,AIRBUS SE
2008-07-31,11.9251,AIR.PA,AIRBUS SE
2008-08-31,9.3347,AIR.PA,AIRBUS SE
2008-09-30,10.0659,AIR.PA,AIRBUS SE
2008-10-31,9.6926,AIR.PA,AIRBUS SE
2008-11-30,9.3581,AIR.PA,AIRBUS SE
2008-12-31,10.661,AIR.PA,AIRBUS SE
2009-01-31,9.0702,AIR.PA,AIRBUS SE
2009-02-28,6.8143,AIR.PA,AIRBUS SE
2009-03-31,8.5568,AIR.PA,AIRBUS SE
2009-04-30,8.9108,AIR.PA,AIRBUS SE
2009-05-31,9.1054,AIR.PA,AIRBUS SE
2009-06-30,10.5847,AIR.PA,AIRBUS SE
2009-07-31,11.4391,AIR.PA,AIRBUS SE
2009-08-31,12.1392,AIR.PA,AIRBUS SE
2009-09-30,10.114,AIR.PA,AIRBUS SE
2009-10-31,9.4258,AIR.PA,AIRBUS SE
2009-11-30,11.1424,AIR.PA,AIRBUS SE
2009-12-31,11.2334,AIR.PA,AIRBUS SE
2010-01-31,11.9889,AIR.PA,AIRBUS SE
2010-02-28,11.7832,AIR.PA,AIRBUS SE
2010-03-31,11.0989,AIR.PA,AIRBUS SE
2010-04-30,12.8868,AIR.PA,AIRBUS SE
2010-05-31,13.3456,AIR.PA,AIRBUS SE
2010-06-30,14.3819,AIR.PA,AIRBUS SE
2010-07-31,13.7372,AIR.PA,AIRBUS SE
2010-08-31,14.4729,AIR.PA,AIRBUS SE
2010-09-30,14.9396,AIR.PA,AIRBUS SE
2010-10-31,13.6541,AIR.PA,AIRBUS SE
2010-11-30,13.7965,AIR.PA,AIRBUS SE
2010-12-31,16.6523,AIR.PA,AIRBUS SE
2011-01-31,16.5811,AIR.PA,AIRBUS SE
2011-02-28,16.2489,AIR.PA,AIRBUS SE
2011-03-31,16.5257,AIR.PA,AIRBUS SE
2011-04-30,18.1,AIR.PA,AIRBUS SE
2011-05-31,18.4355,AIR.PA,AIRBUS SE
2011-06-30,19.3301,AIR.PA,AIRBUS SE
2011-07-31,17.6846,AIR.PA,AIRBUS SE
2011-08-31,16.9378,AIR.PA,AIRBUS SE
2011-09-30,17.0696,AIR.PA,AIRBUS SE
2011-10-31,17.7286,AIR.PA,AIRBUS SE
2011-11-30,19.2902,AIR.PA,AIRBUS SE
2011-12-31,20.5123,AIR.PA,AIRBUS SE
2012-01-31,21.7783,AIR.PA,AIRBUS SE
2012-02-29,24.5261,AIR.PA,AIRBUS SE
2012-03-31,23.8231,AIR.PA,AIRBUS SE
2012-04-30,21.6226,AIR.PA,AIRBUS SE
2012-05-31,22.7082,AIR.PA,AIRBUS SE
2012-06-30,23.7811,AIR.PA,AIRBUS SE
2012-07-31,24.6426,AIR.PA,AIRBUS SE
2012-08-31,20.0465,AIR.PA,AIRBUS SE
2012-09-30,22.2775,AIR.PA,AIRBUS SE
2012-10-31,21.0421,AIR.PA,AIRBUS SE
2012-11-30,23.9761,AIR.PA,AIRBUS SE
2012-12-31,28.1252,AIR.PA,AIRBUS SE
2013-01-31,31.8436,AIR.PA,AIRBUS SE
2013-02-28,32.2662,AIR.PA,AIRBUS SE
2013-03-31,32.5954,AIR.PA,AIRBUS SE
2013-04-30,36.6234,AIR.PA,AIRBUS SE
2013-05-31,33.8344,AIR.PA,AIRBUS SE
2013-06-30,36.9818,AIR.PA,AIRBUS SE
2013-07-31,35.9272,AIR.PA,AIRBUS SE
2013-08-31,38.8027,AIR.PA,AIRBUS SE
2013-09-30,41.6988,AIR.PA,AIRBUS SE
2013-10-31,43.0582,AIR.PA,AIRBUS SE
2013-11-30,45.9832,AIR.PA,AIRBUS SE
2013-12-31,43.3466,AIR.PA,AIRBUS SE
2014-01-31,43.9893,AIR.PA,AIRBUS SE
2014-02-28,42.8358,AIR.PA,AIRBUS SE
2014-03-31,40.776,AIR.PA,AIRBUS SE
2014-04-30,43.9674,AIR.PA,AIRBUS SE
2014-05-31,40.9003,AIR.PA,AIRBUS SE
2014-06-30,36.237,AIR.PA,AIRBUS SE
2014-07-31,39.116,AIR.PA,AIRBUS SE
2014-08-31,41.6357,AIR.PA,AIRBUS SE
2014-09-30,39.7804,AIR.PA,AIRBUS SE
2014-10-31,40.9463,AIR.PA,AIRBUS SE
2014-11-30,34.5572,AIR.PA,AIRBUS SE
2014-12-31,39.4461,AIR.PA,AIRBUS SE
2015-01-31,46.2406,AIR.PA,AIRBUS SE
2015-02-28,50.5111,AIR.PA,AIRBUS SE
2015-03-31,51.8148,AIR.PA,AIRBUS SE
2015-04-30,51.8148,AIR.PA,AIRBUS SE
2015-05-31,49.5991,AIR.PA,AIRBUS SE
2015-06-30,55.0533,AIR.PA,AIRBUS SE
2015-07-31,49.5053,AIR.PA,AIRBUS SE
2015-08-31,45.0908,AIR.PA,AIRBUS SE
2015-09-30,53.9965,AIR.PA,AIRBUS SE
2015-10-31,58.3258,AIR.PA,AIRBUS SE
2015-11-30,52.8375,AIR.PA,AIRBUS SE
2015-12-31,49.2752,AIR.PA,AIRBUS SE
2016-01-31,50.9456,AIR.PA,AIRBUS SE
2016-02-29,49.7269,AIR.PA,AIRBUS SE
2016-03-31,46.5396,AIR.PA,AIRBUS SE
2016-04-30,48.9054,AIR.PA,AIRBUS SE
2016-05-31,45.1603,AIR.PA,AIRBUS SE
2016-06-30,45.946,AIR.PA,AIRBUS SE
2016-07-31,45.6491,AIR.PA,AIRBUS SE
2016-08-31,47.0023,AIR.PA,AIRBUS SE
2016-09-30,47.2729,AIR.PA,AIRBUS SE
2016-10-31,52.6157,AIR.PA,AIRBUS SE
2016-11-30,54.8593,AIR.PA,AIRBUS SE
2016-12-31,54.7894,AIR.PA,AIRBUS SE
2017-01-31,60.5163,AIR.PA,AIRBUS SE
2017-02-28,62.2711,AIR.PA,AIRBUS SE
2017-03-31,66.0529,AIR.PA,AIRBUS SE
2017-04-30,65.0207,AIR.PA,AIRBUS SE
2017-05-31,64.0685,AIR.PA,AIRBUS SE
2017-06-30,62.8228,AIR.PA,AIRBUS SE
2017-07-31,62.8317,AIR.PA,AIRBUS SE
2017-08-31,71.5521,AIR.PA,AIRBUS SE
2017-09-30,78.0835,AIR.PA,AIRBUS SE
2017-10-31,77.6742,AIR.PA,AIRBUS SE
2017-11-30,73.8568,AIR.PA,AIRBUS SE
2017-12-31,82.3103,AIR.PA,AIRBUS SE
2018-01-31,87.5069,AIR.PA,AIRBUS SE
2018-02-28,83.4671,AIR.PA,AIRBUS SE
2018-03-31,88.115,AIR.PA,AIRBUS SE
2018-04-30,88.0336,AIR.PA,AIRBUS SE
2018-05-31,90.7024,AIR.PA,AIRBUS SE
2018-06-30,95.8952,AIR.PA,AIRBUS SE
2018-07-31,96.1304,AIR.PA,AIRBUS SE
2018-08-31,97.8673,AIR.PA,AIRBUS SE
2018-09-30,88.3954,AIR.PA,AIRBUS SE
2018-10-31,85.6,AIR.PA,AIRBUS SE
2018-11-30,75.9562,AIR.PA,AIRBUS SE
2018-12-31,90.6662,AIR.PA,AIRBUS SE
2019-01-31,102.7707,AIR.PA,AIRBUS SE
2019-02-28,106.6608,AIR.PA,AIRBUS SE
2019-03-31,111.817,AIR.PA,AIRBUS SE
2019-04-30,105.3766,AIR.PA,AIRBUS SE
2019-05-31,114.3858,AIR.PA,AIRBUS SE
2019-06-30,117.4867,AIR.PA,AIRBUS SE
2019-07-31,114.9913,AIR.PA,AIRBUS SE
2019-08-31,109.3583,AIR.PA,AIRBUS SE
2019-09-30,117.817,AIR.PA,AIRBUS SE
2019-10-31,122.3858,AIR.PA,AIRBUS SE
2019-11-30,119.7069,AIR.PA,AIRBUS SE
2019-12-31,122.2391,AIR.PA,AIRBUS SE
2020-01-31,99.1747,AIR.PA,AIRBUS SE
2020-02-29,54.4406,AIR.PA,AIRBUS SE
2020-03-31,53.1011,AIR.PA,AIRBUS SE
2020-04-30,52.0186,AIR.PA,AIRBUS SE
2020-05-31,58.2755,AIR.PA,AIRBUS SE
2020-06-30,56.8902,AIR.PA,AIRBUS SE
2020-07-31,63.1562,AIR.PA,AIRBUS SE
2020-08-31,56.9452,AIR.PA,AIRBUS SE
2020-09-30,57.4223,AIR.PA,AIRBUS SE
2020-10-31,80.4866,AIR.PA,AIRBUS SE
2020-11-30,82.3673,AIR.PA,AIRBUS SE
2020-12-31,76.3306,AIR.PA,AIRBUS SE
2021-01-31,87.9912,AIR.PA,AIRBUS SE
2021-02-28,88.5692,AIR.PA,AIRBUS SE
2021-03-31,91.6885,AIR.PA,AIRBUS SE
2021-04-30,97.8536,AIR.PA,AIRBUS SE
2021-05-31,99.4867,AIR.PA,AIRBUS SE
2021-06-30,106.1472,AIR.PA,AIRBUS SE
2021-07-31,106.1472,AIR.PA,AIRBUS SE
2021-08-31,105.5968,AIR.PA,AIRBUS SE
2021-09-30,101.4683,AIR.PA,AIRBUS SE
2021-10-31,90.5692,AIR.PA,AIRBUS SE
2021-11-30,103.083,AIR.PA,AIRBUS SE
2021-12-31,102.8628,AIR.PA,AIRBUS SE
2022-01-31,105.4133,AIR.PA,AIRBUS SE
2022-02-28,101.2481,AIR.PA,AIRBUS SE
2022-03-31,98.2144,AIR.PA,AIRBUS SE
2022-04-30,101.2295,AIR.PA,AIRBUS SE
2022-05-31,86.0329,AIR.PA,AIRBUS SE
2022-06-30,97.6002,AIR.PA,AIRBUS SE
2022-07-31,91.0953,AIR.PA,AIRBUS SE
2022-08-31,82.72,AIR.PA,AIRBUS SE
2022-09-30,101.9739,AIR.PA,AIRBUS SE
2022-10-31,101.6203,AIR.PA,AIRBUS SE
2022-11-30,103.314,AIR.PA,AIRBUS SE
2022-12-31,106.8688,AIR.PA,AIRBUS SE
2023-01-31,115.4116,AIR.PA,AIRBUS SE
2023-02-28,114.723,AIR.PA,AIRBUS SE
2023-03-31,119.9994,AIR.PA,AIRBUS SE
2023-04-30,115.6578,AIR.PA,AIRBUS SE
2023-05-31,124.9262,AIR.PA,AIRBUS SE
2023-06-30,126.4552,AIR.PA,AIRBUS SE
2023-07-31,127.7766,AIR.PA,AIRBUS SE
2023-08-31,119.8484,AIR.PA,AIRBUS SE
2023-09-30,119.1877,AIR.PA,AIRBUS SE
2023-10-31,128.5506,AIR.PA,AIRBUS SE
2023-11-30,131.9295,AIR.PA,AIRBUS SE
2023-12-31,139.4991,AIR.PA,AIRBUS SE
2024-01-31,144.3504,AIR.PA,AIRBUS SE
2024-02-29,161.1318,AIR.PA,AIRBUS SE
2024-03-31,148.5348,AIR.PA,AIRBUS SE
2024-04-30,149.7064,AIR.PA,AIRBUS SE
2024-05-31,123.1645,AIR.PA,AIRBUS SE
2024-06-30,134.3996,AIR.PA,AIRBUS SE
2024-07-31,133.3049,AIR.PA,AIRBUS SE
2024-08-31,126.0069,AIR.PA,AIRBUS SE
2024-09-30,134.5917,AIR.PA,AIRBUS SE
2024-10-31,141.6977,AIR.PA,AIRBUS SE
2024-11-30,148.6309,AIR.PA,AIRBUS SE
2024-12-31,160.4806,AIR.PA,AIRBUS SE
2025-01-31,159.117,AIR.PA,AIRBUS SE
2025-02-28,156.313,AIR.PA,AIRBUS SE
2025-03-31,144.4705,AIR.PA,AIRBUS SE
2025-04-30,159.1395,AIR.PA,AIRBUS SE
2025-05-31,174.044,AIR.PA,AIRBUS SE
2025-06-30,172.8462,AIR.PA,AIRBUS SE
2025-07-31,175.8114,AIR.PA,AIRBUS SE
2025-08-31,193.8186,AIR.PA,AIRBUS SE
2025-09-30,209.5284,AIR.PA,AIRBUS SE
2025-10-31,200.7407,AIR.PA,AIRBUS SE
2025-11-30,194.8005,AIR.PA,AIRBUS SE
2025-12-31,189.8912,AIR.PA,AIRBUS SE
2026-01-31,180.8974,AIR.PA,AIRBUS SE
2026-02-28,157.9023,AIR.PA,AIRBUS SE
2026-03-31,174.88,AIR.PA,AIRBUS SE
2026-04-30,179.7,AIR.PA,AIRBUS SE
2026-05-31,194.54,AIR.PA,AIRBUS SE
2026-06-30,,AIR.PA,AIRBUS SE
1999-12-31,15.1399,SAN.PA,SANOFI
2000-01-31,15.7258,SAN.PA,SANOFI
2000-02-29,15.6708,SAN.PA,SANOFI
2000-03-31,16.1427,SAN.PA,SANOFI
2000-04-30,18.3842,SAN.PA,SANOFI
2000-05-31,19.7628,SAN.PA,SANOFI
2000-06-30,22.7926,SAN.PA,SANOFI
2000-07-31,21.743,SAN.PA,SANOFI
2000-08-31,24.1193,SAN.PA,SANOFI
2000-09-30,24.555,SAN.PA,SANOFI
2000-10-31,27.7234,SAN.PA,SANOFI
2000-11-30,28.1194,SAN.PA,SANOFI
2000-12-31,24.5154,SAN.PA,SANOFI
2001-01-31,23.3668,SAN.PA,SANOFI
2001-02-28,25.0302,SAN.PA,SANOFI
2001-03-31,26.7729,SAN.PA,SANOFI
2001-04-30,28.7135,SAN.PA,SANOFI
2001-05-31,30.8822,SAN.PA,SANOFI
2001-06-30,28.6108,SAN.PA,SANOFI
2001-07-31,28.7105,SAN.PA,SANOFI
2001-08-31,28.4913,SAN.PA,SANOFI
2001-09-30,29.1886,SAN.PA,SANOFI
2001-10-31,30.8423,SAN.PA,SANOFI
2001-11-30,33.3926,SAN.PA,SANOFI
2001-12-31,31.0017,SAN.PA,SANOFI
2002-01-31,30.2446,SAN.PA,SANOFI
2002-02-28,28.2921,SAN.PA,SANOFI
2002-03-31,28.312,SAN.PA,SANOFI
2002-04-30,25.8813,SAN.PA,SANOFI
2002-05-31,24.7997,SAN.PA,SANOFI
2002-06-30,24.2361,SAN.PA,SANOFI
2002-07-31,24.6186,SAN.PA,SANOFI
2002-08-31,22.9679,SAN.PA,SANOFI
2002-09-30,24.8601,SAN.PA,SANOFI
2002-10-31,23.914,SAN.PA,SANOFI
2002-11-30,23.4511,SAN.PA,SANOFI
2002-12-31,19.5862,SAN.PA,SANOFI
2003-01-31,19.9767,SAN.PA,SANOFI
2003-02-28,18.5636,SAN.PA,SANOFI
2003-03-31,21.5186,SAN.PA,SANOFI
2003-04-30,21.8809,SAN.PA,SANOFI
2003-05-31,20.8563,SAN.PA,SANOFI
2003-06-30,20.4883,SAN.PA,SANOFI
2003-07-31,20.9381,SAN.PA,SANOFI
2003-08-31,21.3471,SAN.PA,SANOFI
2003-09-30,21.7765,SAN.PA,SANOFI
2003-10-31,23.1056,SAN.PA,SANOFI
2003-11-30,24.4142,SAN.PA,SANOFI
2003-12-31,23.3918,SAN.PA,SANOFI
2004-01-31,22.4921,SAN.PA,SANOFI
2004-02-29,21.7356,SAN.PA,SANOFI
2004-03-31,21.6742,SAN.PA,SANOFI
2004-04-30,22.7824,SAN.PA,SANOFI
2004-05-31,21.9199,SAN.PA,SANOFI
2004-06-30,23.1821,SAN.PA,SANOFI
2004-07-31,24.5705,SAN.PA,SANOFI
2004-08-31,24.6017,SAN.PA,SANOFI
2004-09-30,24.1383,SAN.PA,SANOFI
2004-10-31,23.8645,SAN.PA,SANOFI
2004-11-30,24.7702,SAN.PA,SANOFI
2004-12-31,24.1173,SAN.PA,SANOFI
2005-01-31,25.4443,SAN.PA,SANOFI
2005-02-28,27.4031,SAN.PA,SANOFI
2005-03-31,28.8144,SAN.PA,SANOFI
2005-04-30,30.8785,SAN.PA,SANOFI
2005-05-31,29.0912,SAN.PA,SANOFI
2005-06-30,30.5693,SAN.PA,SANOFI
2005-07-31,29.6482,SAN.PA,SANOFI
2005-08-31,29.4554,SAN.PA,SANOFI
2005-09-30,28.6199,SAN.PA,SANOFI
2005-10-31,29.5117,SAN.PA,SANOFI
2005-11-30,31.8348,SAN.PA,SANOFI
2005-12-31,32.4586,SAN.PA,SANOFI
2006-01-31,30.7163,SAN.PA,SANOFI
2006-02-28,33.7707,SAN.PA,SANOFI
2006-03-31,32.1574,SAN.PA,SANOFI
2006-04-30,31.6412,SAN.PA,SANOFI
2006-05-31,33.5306,SAN.PA,SANOFI
2006-06-30,32.7176,SAN.PA,SANOFI
2006-07-31,30.784,SAN.PA,SANOFI
2006-08-31,30.8499,SAN.PA,SANOFI
2006-09-30,29.2679,SAN.PA,SANOFI
2006-10-31,29.276,SAN.PA,SANOFI
2006-11-30,30.8877,SAN.PA,SANOFI
2006-12-31,29.7838,SAN.PA,SANOFI
2007-01-31,28.3752,SAN.PA,SANOFI
2007-02-28,28.7461,SAN.PA,SANOFI
2007-03-31,29.797,SAN.PA,SANOFI
2007-04-30,31.6428,SAN.PA,SANOFI
2007-05-31,27.245,SAN.PA,SANOFI
2007-06-30,27.8797,SAN.PA,SANOFI
2007-07-31,27.1634,SAN.PA,SANOFI
2007-08-31,26.9186,SAN.PA,SANOFI
2007-09-30,27.4445,SAN.PA,SANOFI
2007-10-31,29.4708,SAN.PA,SANOFI
2007-11-30,28.5506,SAN.PA,SANOFI
2007-12-31,24.6384,SAN.PA,SANOFI
2008-01-31,22.1179,SAN.PA,SANOFI
2008-02-29,21.5421,SAN.PA,SANOFI
2008-03-31,22.7344,SAN.PA,SANOFI
2008-04-30,22.6928,SAN.PA,SANOFI
2008-05-31,20.0971,SAN.PA,SANOFI
2008-06-30,21.3476,SAN.PA,SANOFI
2008-07-31,23.0243,SAN.PA,SANOFI
2008-08-31,22.0486,SAN.PA,SANOFI
2008-09-30,23.4127,SAN.PA,SANOFI
2008-10-31,20.5803,SAN.PA,SANOFI
2008-11-30,21.5039,SAN.PA,SANOFI
2008-12-31,20.881,SAN.PA,SANOFI
2009-01-31,19.3796,SAN.PA,SANOFI
2009-02-28,20.0735,SAN.PA,SANOFI
2009-03-31,21.8675,SAN.PA,SANOFI
2009-04-30,22.457,SAN.PA,SANOFI
2009-05-31,20.9182,SAN.PA,SANOFI
2009-06-30,22.9616,SAN.PA,SANOFI
2009-07-31,23.641,SAN.PA,SANOFI
2009-08-31,25.0549,SAN.PA,SANOFI
2009-09-30,24.8526,SAN.PA,SANOFI
2009-10-31,25.1398,SAN.PA,SANOFI
2009-11-30,27.5079,SAN.PA,SANOFI
2009-12-31,26.7785,SAN.PA,SANOFI
2010-01-31,26.8385,SAN.PA,SANOFI
2010-02-28,27.5729,SAN.PA,SANOFI
2010-03-31,25.8093,SAN.PA,SANOFI
2010-04-30,25.948,SAN.PA,SANOFI
2010-05-31,25.99,SAN.PA,SANOFI
2010-06-30,23.3873,SAN.PA,SANOFI
2010-07-31,23.7547,SAN.PA,SANOFI
2010-08-31,25.6463,SAN.PA,SANOFI
2010-09-30,26.3311,SAN.PA,SANOFI
2010-10-31,24.4421,SAN.PA,SANOFI
2010-11-30,25.1085,SAN.PA,SANOFI
2010-12-31,26.171,SAN.PA,SANOFI
2011-01-31,26.2366,SAN.PA,SANOFI
2011-02-28,25.9612,SAN.PA,SANOFI
2011-03-31,28.0207,SAN.PA,SANOFI
2011-04-30,30.2211,SAN.PA,SANOFI
2011-05-31,30.4518,SAN.PA,SANOFI
2011-06-30,29.8201,SAN.PA,SANOFI
2011-07-31,27.5021,SAN.PA,SANOFI
2011-08-31,27.1067,SAN.PA,SANOFI
2011-09-30,28.5403,SAN.PA,SANOFI
2011-10-31,28.6117,SAN.PA,SANOFI
2011-11-30,31.1713,SAN.PA,SANOFI
2011-12-31,31.0175,SAN.PA,SANOFI
2012-01-31,30.4902,SAN.PA,SANOFI
2012-02-29,31.9842,SAN.PA,SANOFI
2012-03-31,31.6711,SAN.PA,SANOFI
2012-04-30,31.6621,SAN.PA,SANOFI
2012-05-31,34.3908,SAN.PA,SANOFI
2012-06-30,38.2651,SAN.PA,SANOFI
2012-07-31,37.4476,SAN.PA,SANOFI
2012-08-31,38.196,SAN.PA,SANOFI
2012-09-30,39.0422,SAN.PA,SANOFI
2012-10-31,39.5258,SAN.PA,SANOFI
2012-11-30,41.0974,SAN.PA,SANOFI
2012-12-31,41.368,SAN.PA,SANOFI
2013-01-31,41.7825,SAN.PA,SANOFI
2013-02-28,45.6337,SAN.PA,SANOFI
2013-03-31,47.9076,SAN.PA,SANOFI
2013-04-30,49.082,SAN.PA,SANOFI
2013-05-31,47.3628,SAN.PA,SANOFI
2013-06-30,47.69,SAN.PA,SANOFI
2013-07-31,43.2405,SAN.PA,SANOFI
2013-08-31,44.5967,SAN.PA,SANOFI
2013-09-30,46.7204,SAN.PA,SANOFI
2013-10-31,46.304,SAN.PA,SANOFI
2013-11-30,45.8757,SAN.PA,SANOFI
2013-12-31,43.3059,SAN.PA,SANOFI
2014-01-31,44.8109,SAN.PA,SANOFI
2014-02-28,45.0191,SAN.PA,SANOFI
2014-03-31,46.4111,SAN.PA,SANOFI
2014-04-30,48.3993,SAN.PA,SANOFI
2014-05-31,47.8687,SAN.PA,SANOFI
2014-06-30,48.5104,SAN.PA,SANOFI
2014-07-31,51.5215,SAN.PA,SANOFI
2014-08-31,55.2607,SAN.PA,SANOFI
2014-09-30,45.45,SAN.PA,SANOFI
2014-10-31,48.0415,SAN.PA,SANOFI
2014-11-30,46.684,SAN.PA,SANOFI
2014-12-31,50.5959,SAN.PA,SANOFI
2015-01-31,54.113,SAN.PA,SANOFI
2015-02-28,56.723,SAN.PA,SANOFI
2015-03-31,56.2726,SAN.PA,SANOFI
2015-04-30,56.7823,SAN.PA,SANOFI
2015-05-31,56.2027,SAN.PA,SANOFI
2015-06-30,62.4,SAN.PA,SANOFI
2015-07-31,56.1581,SAN.PA,SANOFI
2015-08-31,54.069,SAN.PA,SANOFI
2015-09-30,58.502,SAN.PA,SANOFI
2015-10-31,53.7441,SAN.PA,SANOFI
2015-11-30,50.0627,SAN.PA,SANOFI
2015-12-31,48.7569,SAN.PA,SANOFI
2016-01-31,46.6169,SAN.PA,SANOFI
2016-02-29,45.1328,SAN.PA,SANOFI
2016-03-31,45.929,SAN.PA,SANOFI
2016-04-30,48.9432,SAN.PA,SANOFI
2016-05-31,49.7602,SAN.PA,SANOFI
2016-06-30,50.5771,SAN.PA,SANOFI
2016-07-31,45.8747,SAN.PA,SANOFI
2016-08-31,44.925,SAN.PA,SANOFI
2016-09-30,47.13,SAN.PA,SANOFI
2016-10-31,50.5505,SAN.PA,SANOFI
2016-11-30,51.0752,SAN.PA,SANOFI
2016-12-31,49.4746,SAN.PA,SANOFI
2017-01-31,54.0176,SAN.PA,SANOFI
2017-02-28,56.2027,SAN.PA,SANOFI
2017-03-31,57.5244,SAN.PA,SANOFI
2017-04-30,60.4972,SAN.PA,SANOFI
2017-05-31,57.4713,SAN.PA,SANOFI
2017-06-30,55.3854,SAN.PA,SANOFI
2017-07-31,56.0304,SAN.PA,SANOFI
2017-08-31,57.6428,SAN.PA,SANOFI
2017-09-30,55.7765,SAN.PA,SANOFI
2017-10-31,52.5585,SAN.PA,SANOFI
2017-11-30,49.2993,SAN.PA,SANOFI
2017-12-31,48.7984,SAN.PA,SANOFI
2018-01-31,44.6198,SAN.PA,SANOFI
2018-02-28,44.8257,SAN.PA,SANOFI
2018-03-31,45.1413,SAN.PA,SANOFI
2018-04-30,47.2063,SAN.PA,SANOFI
2018-05-31,49.3785,SAN.PA,SANOFI
2018-06-30,53.4928,SAN.PA,SANOFI
2018-07-31,53.2195,SAN.PA,SANOFI
2018-08-31,55.068,SAN.PA,SANOFI
2018-09-30,56.708,SAN.PA,SANOFI
2018-10-31,57.4057,SAN.PA,SANOFI
2018-11-30,54.4206,SAN.PA,SANOFI
2018-12-31,54.5357,SAN.PA,SANOFI
2019-01-31,52.867,SAN.PA,SANOFI
2019-02-28,56.636,SAN.PA,SANOFI
2019-03-31,55.7369,SAN.PA,SANOFI
2019-04-30,54.1506,SAN.PA,SANOFI
2019-05-31,56.9016,SAN.PA,SANOFI
2019-06-30,56.5642,SAN.PA,SANOFI
2019-07-31,58.5581,SAN.PA,SANOFI
2019-08-31,63.7603,SAN.PA,SANOFI
2019-09-30,61.9313,SAN.PA,SANOFI
2019-10-31,63.348,SAN.PA,SANOFI
2019-11-30,67.1785,SAN.PA,SANOFI
2019-12-31,65.1771,SAN.PA,SANOFI
2020-01-31,62.9133,SAN.PA,SANOFI
2020-02-29,60.0723,SAN.PA,SANOFI
2020-03-31,66.8561,SAN.PA,SANOFI
2020-04-30,68.0275,SAN.PA,SANOFI
2020-05-31,70.4524,SAN.PA,SANOFI
2020-06-30,68.8203,SAN.PA,SANOFI
2020-07-31,65.9602,SAN.PA,SANOFI
2020-08-31,66.3177,SAN.PA,SANOFI
2020-09-30,60.1313,SAN.PA,SANOFI
2020-10-31,65.8359,SAN.PA,SANOFI
2020-11-30,61.1649,SAN.PA,SANOFI
2020-12-31,59.9603,SAN.PA,SANOFI
2021-01-31,58.9111,SAN.PA,SANOFI
2021-02-28,65.4783,SAN.PA,SANOFI
2021-03-31,67.8255,SAN.PA,SANOFI
2021-04-30,70.1927,SAN.PA,SANOFI
2021-05-31,71.3146,SAN.PA,SANOFI
2021-06-30,70.12,SAN.PA,SANOFI
2021-07-31,70.7173,SAN.PA,SANOFI
2021-08-31,67.0531,SAN.PA,SANOFI
2021-09-30,69.7569,SAN.PA,SANOFI
2021-10-31,67.6826,SAN.PA,SANOFI
2021-11-30,71.4921,SAN.PA,SANOFI
2021-12-31,74.8577,SAN.PA,SANOFI
2022-01-31,75.4388,SAN.PA,SANOFI
2022-02-28,74.664,SAN.PA,SANOFI
2022-03-31,81.6615,SAN.PA,SANOFI
2022-04-30,83.44,SAN.PA,SANOFI
2022-05-31,80.8876,SAN.PA,SANOFI
2022-06-30,81.6181,SAN.PA,SANOFI
2022-07-31,68.9988,SAN.PA,SANOFI
2022-08-31,65.8251,SAN.PA,SANOFI
2022-09-30,73.3228,SAN.PA,SANOFI
2022-10-31,72.6091,SAN.PA,SANOFI
2022-11-30,75.4302,SAN.PA,SANOFI
2022-12-31,75.2875,SAN.PA,SANOFI
2023-01-31,74.6326,SAN.PA,SANOFI
2023-02-28,84.1621,SAN.PA,SANOFI
2023-03-31,83.9606,SAN.PA,SANOFI
2023-04-30,82.6348,SAN.PA,SANOFI
2023-05-31,85.5264,SAN.PA,SANOFI
2023-06-30,84.5596,SAN.PA,SANOFI
2023-07-31,85.9096,SAN.PA,SANOFI
2023-08-31,88.383,SAN.PA,SANOFI
2023-09-30,74.6396,SAN.PA,SANOFI
2023-10-31,74.4306,SAN.PA,SANOFI
2023-11-30,78.1756,SAN.PA,SANOFI
2023-12-31,81.311,SAN.PA,SANOFI
2024-01-31,76.547,SAN.PA,SANOFI
2024-02-29,79.2207,SAN.PA,SANOFI
2024-03-31,81.0671,SAN.PA,SANOFI
2024-04-30,81.4211,SAN.PA,SANOFI
2024-05-31,81.5843,SAN.PA,SANOFI
2024-06-30,86.4736,SAN.PA,SANOFI
2024-07-31,91.7983,SAN.PA,SANOFI
2024-08-31,93.3403,SAN.PA,SANOFI
2024-09-30,88.0882,SAN.PA,SANOFI
2024-10-31,83.5346,SAN.PA,SANOFI
2024-11-30,85.0313,SAN.PA,SANOFI
2024-12-31,94.701,SAN.PA,SANOFI
2025-01-31,94.6647,SAN.PA,SANOFI
2025-02-28,92.4514,SAN.PA,SANOFI
2025-03-31,86.9906,SAN.PA,SANOFI
2025-04-30,82.8859,SAN.PA,SANOFI
2025-05-31,77.857,SAN.PA,SANOFI
2025-06-30,74.6655,SAN.PA,SANOFI
2025-07-31,80.0163,SAN.PA,SANOFI
2025-08-31,74.3908,SAN.PA,SANOFI
2025-09-30,82.9616,SAN.PA,SANOFI
2025-10-31,81.2191,SAN.PA,SANOFI
2025-11-30,78.34,SAN.PA,SANOFI
2025-12-31,75.0064,SAN.PA,SANOFI
2026-01-31,77.8475,SAN.PA,SANOFI
2026-02-28,78.34,SAN.PA,SANOFI
2026-03-31,75.5936,SAN.PA,SANOFI
2026-04-30,75.29,SAN.PA,SANOFI
2026-05-31,75.08,SAN.PA,SANOFI
2026-06-30,,SAN.PA,SANOFI
1999-12-31,8.094,TTE.PA,TOTALENERGIES
2000-01-31,8.7494,TTE.PA,TOTALENERGIES
2000-02-29,10.0285,TTE.PA,TOTALENERGIES
2000-03-31,10.6202,TTE.PA,TOTALENERGIES
2000-04-30,10.7475,TTE.PA,TOTALENERGIES
2000-05-31,10.3674,TTE.PA,TOTALENERGIES
2000-06-30,10.3222,TTE.PA,TOTALENERGIES
2000-07-31,10.787,TTE.PA,TOTALENERGIES
2000-08-31,10.703,TTE.PA,TOTALENERGIES
2000-09-30,10.8838,TTE.PA,TOTALENERGIES
2000-10-31,10.6062,TTE.PA,TOTALENERGIES
2000-11-30,10.2253,TTE.PA,TOTALENERGIES
2000-12-31,10.2318,TTE.PA,TOTALENERGIES
2001-01-31,9.909,TTE.PA,TOTALENERGIES
2001-02-28,9.909,TTE.PA,TOTALENERGIES
2001-03-31,10.8451,TTE.PA,TOTALENERGIES
2001-04-30,11.3089,TTE.PA,TOTALENERGIES
2001-05-31,10.8812,TTE.PA,TOTALENERGIES
2001-06-30,10.697,TTE.PA,TOTALENERGIES
2001-07-31,10.7036,TTE.PA,TOTALENERGIES
2001-08-31,9.7036,TTE.PA,TOTALENERGIES
2001-09-30,10.2628,TTE.PA,TOTALENERGIES
2001-10-31,9.3747,TTE.PA,TOTALENERGIES
2001-11-30,10.5523,TTE.PA,TOTALENERGIES
2001-12-31,10.7168,TTE.PA,TOTALENERGIES
2002-01-31,11.1773,TTE.PA,TOTALENERGIES
2002-02-28,11.5194,TTE.PA,TOTALENERGIES
2002-03-31,11.0655,TTE.PA,TOTALENERGIES
2002-04-30,11.2255,TTE.PA,TOTALENERGIES
2002-05-31,11.0574,TTE.PA,TOTALENERGIES
2002-06-30,9.9207,TTE.PA,TOTALENERGIES
2002-07-31,9.7794,TTE.PA,TOTALENERGIES
2002-08-31,8.9589,TTE.PA,TOTALENERGIES
2002-09-30,9.3557,TTE.PA,TOTALENERGIES
2002-10-31,9.0867,TTE.PA,TOTALENERGIES
2002-11-30,9.1539,TTE.PA,TOTALENERGIES
2002-12-31,8.4477,TTE.PA,TOTALENERGIES
2003-01-31,8.2459,TTE.PA,TOTALENERGIES
2003-02-28,7.802,TTE.PA,TOTALENERGIES
2003-03-31,7.9029,TTE.PA,TOTALENERGIES
2003-04-30,8.6542,TTE.PA,TOTALENERGIES
2003-05-31,9.1478,TTE.PA,TOTALENERGIES
2003-06-30,9.1617,TTE.PA,TOTALENERGIES
2003-07-31,9.7108,TTE.PA,TOTALENERGIES
2003-08-31,9.0087,TTE.PA,TOTALENERGIES
2003-09-30,9.2937,TTE.PA,TOTALENERGIES
2003-10-31,9.3702,TTE.PA,TOTALENERGIES
2003-11-30,10.246,TTE.PA,TOTALENERGIES
2003-12-31,9.8359,TTE.PA,TOTALENERGIES
2004-01-31,10.2182,TTE.PA,TOTALENERGIES
2004-02-29,10.3851,TTE.PA,TOTALENERGIES
2004-03-31,10.7257,TTE.PA,TOTALENERGIES
2004-04-30,11.1614,TTE.PA,TOTALENERGIES
2004-05-31,11.2766,TTE.PA,TOTALENERGIES
2004-06-30,11.6076,TTE.PA,TOTALENERGIES
2004-07-31,11.5212,TTE.PA,TOTALENERGIES
2004-08-31,11.8019,TTE.PA,TOTALENERGIES
2004-09-30,11.7299,TTE.PA,TOTALENERGIES
2004-10-31,12.1173,TTE.PA,TOTALENERGIES
2004-11-30,11.823,TTE.PA,TOTALENERGIES
2004-12-31,12.1026,TTE.PA,TOTALENERGIES
2005-01-31,13.1914,TTE.PA,TOTALENERGIES
2005-02-28,13.2797,TTE.PA,TOTALENERGIES
2005-03-31,12.6911,TTE.PA,TOTALENERGIES
2005-04-30,13.4905,TTE.PA,TOTALENERGIES
2005-05-31,14.6028,TTE.PA,TOTALENERGIES
2005-06-30,15.5573,TTE.PA,TOTALENERGIES
2005-07-31,16.0157,TTE.PA,TOTALENERGIES
2005-08-31,17.0679,TTE.PA,TOTALENERGIES
2005-09-30,15.7376,TTE.PA,TOTALENERGIES
2005-10-31,16.1852,TTE.PA,TOTALENERGIES
2005-11-30,16.17,TTE.PA,TOTALENERGIES
2005-12-31,17.313,TTE.PA,TOTALENERGIES
2006-01-31,16.0785,TTE.PA,TOTALENERGIES
2006-02-28,16.5891,TTE.PA,TOTALENERGIES
2006-03-31,16.7034,TTE.PA,TOTALENERGIES
2006-04-30,16.5181,TTE.PA,TOTALENERGIES
2006-05-31,16.7956,TTE.PA,TOTALENERGIES
2006-06-30,17.3832,TTE.PA,TOTALENERGIES
2006-07-31,17.2037,TTE.PA,TOTALENERGIES
2006-08-31,16.8935,TTE.PA,TOTALENERGIES
2006-09-30,17.3179,TTE.PA,TOTALENERGIES
2006-10-31,17.7588,TTE.PA,TOTALENERGIES
2006-11-30,18.1236,TTE.PA,TOTALENERGIES
2006-12-31,17.1784,TTE.PA,TOTALENERGIES
2007-01-31,16.9197,TTE.PA,TOTALENERGIES
2007-02-28,17.394,TTE.PA,TOTALENERGIES
2007-03-31,18.0605,TTE.PA,TOTALENERGIES
2007-04-30,18.9177,TTE.PA,TOTALENERGIES
2007-05-31,20.3568,TTE.PA,TOTALENERGIES
2007-06-30,19.6879,TTE.PA,TOTALENERGIES
2007-07-31,18.6644,TTE.PA,TOTALENERGIES
2007-08-31,19.2623,TTE.PA,TOTALENERGIES
2007-09-30,18.7995,TTE.PA,TOTALENERGIES
2007-10-31,19.0057,TTE.PA,TOTALENERGIES
2007-11-30,19.5563,TTE.PA,TOTALENERGIES
2007-12-31,16.762,TTE.PA,TOTALENERGIES
2008-01-31,17.2025,TTE.PA,TOTALENERGIES
2008-02-29,16.1874,TTE.PA,TOTALENERGIES
2008-03-31,18.5618,TTE.PA,TOTALENERGIES
2008-04-30,19.67,TTE.PA,TOTALENERGIES
2008-05-31,19.0072,TTE.PA,TOTALENERGIES
2008-06-30,17.3239,TTE.PA,TOTALENERGIES
2008-07-31,17.1995,TTE.PA,TOTALENERGIES
2008-08-31,14.9323,TTE.PA,TOTALENERGIES
2008-09-30,15.0147,TTE.PA,TOTALENERGIES
2008-10-31,14.8252,TTE.PA,TOTALENERGIES
2008-11-30,14.0523,TTE.PA,TOTALENERGIES
2008-12-31,14.148,TTE.PA,TOTALENERGIES
2009-01-31,13.5359,TTE.PA,TOTALENERGIES
2009-02-28,13.516,TTE.PA,TOTALENERGIES
2009-03-31,13.8482,TTE.PA,TOTALENERGIES
2009-04-30,15.1279,TTE.PA,TOTALENERGIES
2009-05-31,14.2852,TTE.PA,TOTALENERGIES
2009-06-30,14.4448,TTE.PA,TOTALENERGIES
2009-07-31,14.8383,TTE.PA,TOTALENERGIES
2009-08-31,15.0741,TTE.PA,TOTALENERGIES
2009-09-30,15.0852,TTE.PA,TOTALENERGIES
2009-10-31,15.7154,TTE.PA,TOTALENERGIES
2009-11-30,17.1626,TTE.PA,TOTALENERGIES
2009-12-31,16.0357,TTE.PA,TOTALENERGIES
2010-01-31,15.6277,TTE.PA,TOTALENERGIES
2010-02-28,16.3904,TTE.PA,TOTALENERGIES
2010-03-31,15.6238,TTE.PA,TOTALENERGIES
2010-04-30,14.8382,TTE.PA,TOTALENERGIES
2010-05-31,14.5374,TTE.PA,TOTALENERGIES
2010-06-30,15.2236,TTE.PA,TOTALENERGIES
2010-07-31,14.5,TTE.PA,TOTALENERGIES
2010-08-31,14.8677,TTE.PA,TOTALENERGIES
2010-09-30,15.3554,TTE.PA,TOTALENERGIES
2010-10-31,15.0965,TTE.PA,TOTALENERGIES
2010-11-30,16.0411,TTE.PA,TOTALENERGIES
2010-12-31,17.2811,TTE.PA,TOTALENERGIES
2011-01-31,17.9669,TTE.PA,TOTALENERGIES
2011-02-28,17.3782,TTE.PA,TOTALENERGIES
2011-03-31,17.4854,TTE.PA,TOTALENERGIES
2011-04-30,16.6572,TTE.PA,TOTALENERGIES
2011-05-31,16.5948,TTE.PA,TOTALENERGIES
2011-06-30,15.721,TTE.PA,TOTALENERGIES
2011-07-31,14.1293,TTE.PA,TOTALENERGIES
2011-08-31,14.0733,TTE.PA,TOTALENERGIES
2011-09-30,16.0127,TTE.PA,TOTALENERGIES
2011-10-31,16.2329,TTE.PA,TOTALENERGIES
2011-11-30,16.989,TTE.PA,TOTALENERGIES
2011-12-31,17.3782,TTE.PA,TOTALENERGIES
2012-01-31,18.06,TTE.PA,TOTALENERGIES
2012-02-29,16.6705,TTE.PA,TOTALENERGIES
2012-03-31,15.7245,TTE.PA,TOTALENERGIES
2012-04-30,15.1556,TTE.PA,TOTALENERGIES
2012-05-31,15.7291,TTE.PA,TOTALENERGIES
2012-06-30,16.6617,TTE.PA,TOTALENERGIES
2012-07-31,17.5922,TTE.PA,TOTALENERGIES
2012-08-31,17.3449,TTE.PA,TOTALENERGIES
2012-09-30,17.4438,TTE.PA,TOTALENERGIES
2012-10-31,17.2887,TTE.PA,TOTALENERGIES
2012-11-30,17.7952,TTE.PA,TOTALENERGIES
2012-12-31,18.2149,TTE.PA,TOTALENERGIES
2013-01-31,17.469,TTE.PA,TOTALENERGIES
2013-02-28,17.3009,TTE.PA,TOTALENERGIES
2013-03-31,17.7247,TTE.PA,TOTALENERGIES
2013-04-30,17.8706,TTE.PA,TOTALENERGIES
2013-05-31,17.6557,TTE.PA,TOTALENERGIES
2013-06-30,18.8773,TTE.PA,TOTALENERGIES
2013-07-31,19.7317,TTE.PA,TOTALENERGIES
2013-08-31,20.4759,TTE.PA,TOTALENERGIES
2013-09-30,21.6073,TTE.PA,TOTALENERGIES
2013-10-31,21.2874,TTE.PA,TOTALENERGIES
2013-11-30,21.5625,TTE.PA,TOTALENERGIES
2013-12-31,20.5021,TTE.PA,TOTALENERGIES
2014-01-31,22.7731,TTE.PA,TOTALENERGIES
2014-02-28,23.3386,TTE.PA,TOTALENERGIES
2014-03-31,25.241,TTE.PA,TOTALENERGIES
2014-04-30,25.241,TTE.PA,TOTALENERGIES
2014-05-31,26.1887,TTE.PA,TOTALENERGIES
2014-06-30,23.8616,TTE.PA,TOTALENERGIES
2014-07-31,24.9036,TTE.PA,TOTALENERGIES
2014-08-31,25.8432,TTE.PA,TOTALENERGIES
2014-09-30,23.819,TTE.PA,TOTALENERGIES
2014-10-31,22.5984,TTE.PA,TOTALENERGIES
2014-11-30,21.6792,TTE.PA,TOTALENERGIES
2014-12-31,23.1986,TTE.PA,TOTALENERGIES
2015-01-31,24.593,TTE.PA,TOTALENERGIES
2015-02-28,23.8998,TTE.PA,TOTALENERGIES
2015-03-31,25.0412,TTE.PA,TOTALENERGIES
2015-04-30,23.7448,TTE.PA,TOTALENERGIES
2015-05-31,22.8081,TTE.PA,TOTALENERGIES
2015-06-30,23.5959,TTE.PA,TOTALENERGIES
2015-07-31,21.3607,TTE.PA,TOTALENERGIES
2015-08-31,21.3667,TTE.PA,TOTALENERGIES
2015-09-30,23.4635,TTE.PA,TOTALENERGIES
2015-10-31,24.981,TTE.PA,TOTALENERGIES
2015-11-30,22.2559,TTE.PA,TOTALENERGIES
2015-12-31,22.0699,TTE.PA,TOTALENERGIES
2016-01-31,22.3153,TTE.PA,TOTALENERGIES
2016-02-29,21.9177,TTE.PA,TOTALENERGIES
2016-03-31,24.0351,TTE.PA,TOTALENERGIES
2016-04-30,23.8956,TTE.PA,TOTALENERGIES
2016-05-31,24.0815,TTE.PA,TOTALENERGIES
2016-06-30,23.7373,TTE.PA,TOTALENERGIES
2016-07-31,23.7318,TTE.PA,TOTALENERGIES
2016-08-31,23.7571,TTE.PA,TOTALENERGIES
2016-09-30,24.6303,TTE.PA,TOTALENERGIES
2016-10-31,25.3261,TTE.PA,TOTALENERGIES
2016-11-30,27.7984,TTE.PA,TOTALENERGIES
2016-12-31,26.623,TTE.PA,TOTALENERGIES
2017-01-31,26.8456,TTE.PA,TOTALENERGIES
2017-02-28,27.4068,TTE.PA,TOTALENERGIES
2017-03-31,27.2652,TTE.PA,TOTALENERGIES
2017-04-30,27.323,TTE.PA,TOTALENERGIES
2017-05-31,25.3555,TTE.PA,TOTALENERGIES
2017-06-30,25.1651,TTE.PA,TOTALENERGIES
2017-07-31,25.4492,TTE.PA,TOTALENERGIES
2017-08-31,26.985,TTE.PA,TOTALENERGIES
2017-09-30,28.425,TTE.PA,TOTALENERGIES
2017-10-31,28.1489,TTE.PA,TOTALENERGIES
2017-11-30,27.704,TTE.PA,TOTALENERGIES
2017-12-31,28.059,TTE.PA,TOTALENERGIES
2018-01-31,28.2605,TTE.PA,TOTALENERGIES
2018-02-28,28.12,TTE.PA,TOTALENERGIES
2018-03-31,31.8995,TTE.PA,TOTALENERGIES
2018-04-30,31.7288,TTE.PA,TOTALENERGIES
2018-05-31,32.2023,TTE.PA,TOTALENERGIES
2018-06-30,34.4536,TTE.PA,TOTALENERGIES
2018-07-31,33.2262,TTE.PA,TOTALENERGIES
2018-08-31,34.8428,TTE.PA,TOTALENERGIES
2018-09-30,32.4218,TTE.PA,TOTALENERGIES
2018-10-31,30.6778,TTE.PA,TOTALENERGIES
2018-11-30,29.1996,TTE.PA,TOTALENERGIES
2018-12-31,30.3377,TTE.PA,TOTALENERGIES
2019-01-31,31.6087,TTE.PA,TOTALENERGIES
2019-02-28,31.6996,TTE.PA,TOTALENERGIES
2019-03-31,31.7156,TTE.PA,TOTALENERGIES
2019-04-30,29.856,TTE.PA,TOTALENERGIES
2019-05-31,31.9668,TTE.PA,TOTALENERGIES
2019-06-30,30.5136,TTE.PA,TOTALENERGIES
2019-07-31,29.4464,TTE.PA,TOTALENERGIES
2019-08-31,31.5039,TTE.PA,TOTALENERGIES
2019-09-30,31.0105,TTE.PA,TOTALENERGIES
2019-10-31,31.3427,TTE.PA,TOTALENERGIES
2019-11-30,32.369,TTE.PA,TOTALENERGIES
2019-12-31,29.4288,TTE.PA,TOTALENERGIES
2020-01-31,25.5857,TTE.PA,TOTALENERGIES
2020-02-29,24.1006,TTE.PA,TOTALENERGIES
2020-03-31,22.3708,TTE.PA,TOTALENERGIES
2020-04-30,22.8986,TTE.PA,TOTALENERGIES
2020-05-31,23.5935,TTE.PA,TOTALENERGIES
2020-06-30,21.7358,TTE.PA,TOTALENERGIES
2020-07-31,22.9858,TTE.PA,TOTALENERGIES
2020-08-31,20.7493,TTE.PA,TOTALENERGIES
2020-09-30,18.3475,TTE.PA,TOTALENERGIES
2020-10-31,25.457,TTE.PA,TOTALENERGIES
2020-11-30,25.084,TTE.PA,TOTALENERGIES
2020-12-31,25.2686,TTE.PA,TOTALENERGIES
2021-01-31,27.7886,TTE.PA,TOTALENERGIES
2021-02-28,29.2848,TTE.PA,TOTALENERGIES
2021-03-31,27.1128,TTE.PA,TOTALENERGIES
2021-04-30,27.908,TTE.PA,TOTALENERGIES
2021-05-31,28.5629,TTE.PA,TOTALENERGIES
2021-06-30,27.4737,TTE.PA,TOTALENERGIES
2021-07-31,27.9565,TTE.PA,TOTALENERGIES
2021-08-31,31.4926,TTE.PA,TOTALENERGIES
2021-09-30,33.0431,TTE.PA,TOTALENERGIES
2021-10-31,30.9403,TTE.PA,TOTALENERGIES
2021-11-30,34.0031,TTE.PA,TOTALENERGIES
2021-12-31,38.8363,TTE.PA,TOTALENERGIES
2022-01-31,35.2558,TTE.PA,TOTALENERGIES
2022-02-28,36.1169,TTE.PA,TOTALENERGIES
2022-03-31,37.0545,TTE.PA,TOTALENERGIES
2022-04-30,43.618,TTE.PA,TOTALENERGIES
2022-05-31,40.0482,TTE.PA,TOTALENERGIES
2022-06-30,39.5632,TTE.PA,TOTALENERGIES
2022-07-31,40.3026,TTE.PA,TOTALENERGIES
2022-08-31,38.9322,TTE.PA,TOTALENERGIES
2022-09-30,44.4363,TTE.PA,TOTALENERGIES
2022-10-31,48.638,TTE.PA,TOTALENERGIES
2022-11-30,48.1182,TTE.PA,TOTALENERGIES
2022-12-31,47.3046,TTE.PA,TOTALENERGIES
2023-01-31,48.6246,TTE.PA,TOTALENERGIES
2023-02-28,45.7006,TTE.PA,TOTALENERGIES
2023-03-31,48.7103,TTE.PA,TOTALENERGIES
2023-04-30,44.6245,TTE.PA,TOTALENERGIES
2023-05-31,44.8026,TTE.PA,TOTALENERGIES
2023-06-30,47.1131,TTE.PA,TOTALENERGIES
2023-07-31,49.5088,TTE.PA,TOTALENERGIES
2023-08-31,53.7547,TTE.PA,TOTALENERGIES
2023-09-30,54.5225,TTE.PA,TOTALENERGIES
2023-10-31,53.7116,TTE.PA,TOTALENERGIES
2023-11-30,53.1422,TTE.PA,TOTALENERGIES
2023-12-31,52.4786,TTE.PA,TOTALENERGIES
2024-01-31,51.5093,TTE.PA,TOTALENERGIES
2024-02-29,56.0665,TTE.PA,TOTALENERGIES
2024-03-31,60.5892,TTE.PA,TOTALENERGIES
2024-04-30,59.1935,TTE.PA,TOTALENERGIES
2024-05-31,55.7602,TTE.PA,TOTALENERGIES
2024-06-30,55.8944,TTE.PA,TOTALENERGIES
2024-07-31,55.635,TTE.PA,TOTALENERGIES
2024-08-31,53.0017,TTE.PA,TOTALENERGIES
2024-09-30,52.0051,TTE.PA,TOTALENERGIES
2024-10-31,49.8035,TTE.PA,TOTALENERGIES
2024-11-30,48.3539,TTE.PA,TOTALENERGIES
2024-12-31,51.8576,TTE.PA,TOTALENERGIES
2025-01-31,53.1359,TTE.PA,TOTALENERGIES
2025-02-28,55.605,TTE.PA,TOTALENERGIES
2025-03-31,47.6827,TTE.PA,TOTALENERGIES
2025-04-30,48.1487,TTE.PA,TOTALENERGIES
2025-05-31,49.3267,TTE.PA,TOTALENERGIES
2025-06-30,49.251,TTE.PA,TOTALENERGIES
2025-07-31,50.6522,TTE.PA,TOTALENERGIES
2025-08-31,48.9764,TTE.PA,TOTALENERGIES
2025-09-30,51.9315,TTE.PA,TOTALENERGIES
2025-10-31,54.6749,TTE.PA,TOTALENERGIES
2025-11-30,54.329,TTE.PA,TOTALENERGIES
2025-12-31,59.7628,TTE.PA,TOTALENERGIES
2026-01-31,65.7538,TTE.PA,TOTALENERGIES
2026-02-28,79.913,TTE.PA,TOTALENERGIES
2026-03-31,78.313,TTE.PA,TOTALENERGIES
2026-04-30,74.2536,TTE.PA,TOTALENERGIES
2026-05-31,68.03,TTE.PA,TOTALENERGIES
2026-06-30,,TTE.PA,TOTALENERGIES
1996-11-30,51.9139,ALV.DE,Allianz SE                    v
1996-12-31,56.4022,ALV.DE,Allianz SE                    v
1997-01-31,60.8721,ALV.DE,Allianz SE                    v
1997-02-28,63.0979,ALV.DE,Allianz SE                    v
1997-03-31,62.3188,ALV.DE,Allianz SE                    v
1997-04-30,67.2522,ALV.DE,Allianz SE                    v
1997-05-31,67.4564,ALV.DE,Allianz SE                    v
1997-06-30,86.9867,ALV.DE,Allianz SE                    v
1997-07-31,73.6326,ALV.DE,Allianz SE                    v
1997-08-31,79.0576,ALV.DE,Allianz SE                    v
1997-09-30,72.0561,ALV.DE,Allianz SE                    v
1997-10-31,77.6204,ALV.DE,Allianz SE                    v
1997-11-30,86.0591,ALV.DE,Allianz SE                    v
1997-12-31,102.1954,ALV.DE,Allianz SE                    v
1998-01-31,104.792,ALV.DE,Allianz SE                    v
1998-02-28,104.1427,ALV.DE,Allianz SE                    v
1998-03-31,107.8337,ALV.DE,Allianz SE                    v
1998-04-30,105.2556,ALV.DE,Allianz SE                    v
1998-05-31,109.8923,ALV.DE,Allianz SE                    v
1998-06-30,119.7226,ALV.DE,Allianz SE                    v
1998-07-31,92.7363,ALV.DE,Allianz SE                    v
1998-08-31,94.9618,ALV.DE,Allianz SE                    v
1998-09-30,100.1738,ALV.DE,Allianz SE                    v
1998-10-31,112.8785,ALV.DE,Allianz SE                    v
1998-11-30,114.8076,ALV.DE,Allianz SE                    v
1998-12-31,117.8946,ALV.DE,Allianz SE                    v
1999-01-31,99.3943,ALV.DE,Allianz SE                    v
1999-02-28,101.5708,ALV.DE,Allianz SE                    v
1999-03-31,106.4679,ALV.DE,Allianz SE                    v
1999-04-30,95.2589,ALV.DE,Allianz SE                    v
1999-05-31,99.2129,ALV.DE,Allianz SE                    v
1999-06-30,88.1489,ALV.DE,Allianz SE                    v
1999-07-31,92.248,ALV.DE,Allianz SE                    v
1999-08-31,97.0364,ALV.DE,Allianz SE                    v
1999-09-30,105.2346,ALV.DE,Allianz SE                    v
1999-10-31,105.1076,ALV.DE,Allianz SE                    v
1999-11-30,121.5222,ALV.DE,Allianz SE                    v
1999-12-31,121.8124,ALV.DE,Allianz SE                    v
2000-01-31,130.2283,ALV.DE,Allianz SE                    v
2000-02-29,155.0768,ALV.DE,Allianz SE                    v
2000-03-31,153.5533,ALV.DE,Allianz SE                    v
2000-04-30,139.152,ALV.DE,Allianz SE                    v
2000-05-31,136.5039,ALV.DE,Allianz SE                    v
2000-06-30,145.6075,ALV.DE,Allianz SE                    v
2000-07-31,138.1417,ALV.DE,Allianz SE                    v
2000-08-31,135.8994,ALV.DE,Allianz SE                    v
2000-09-30,143.3507,ALV.DE,Allianz SE                    v
2000-10-31,144.3663,ALV.DE,Allianz SE                    v
2000-11-30,145.0943,ALV.DE,Allianz SE                    v
2000-12-31,134.3014,ALV.DE,Allianz SE                    v
2001-01-31,131.0836,ALV.DE,Allianz SE                    v
2001-02-28,119.0312,ALV.DE,Allianz SE                    v
2001-03-31,118.1212,ALV.DE,Allianz SE                    v
2001-04-30,120.196,ALV.DE,Allianz SE                    v
2001-05-31,125.4924,ALV.DE,Allianz SE                    v
2001-06-30,117.3831,ALV.DE,Allianz SE                    v
2001-07-31,112.7425,ALV.DE,Allianz SE                    v
2001-08-31,90.6913,ALV.DE,Allianz SE                    v
2001-09-30,95.7379,ALV.DE,Allianz SE                    v
2001-10-31,96.5387,ALV.DE,Allianz SE                    v
2001-11-30,97.2738,ALV.DE,Allianz SE                    v
2001-12-31,95.6282,ALV.DE,Allianz SE                    v
2002-01-31,95.0687,ALV.DE,Allianz SE                    v
2002-02-28,99.8336,ALV.DE,Allianz SE                    v
2002-03-31,95.6099,ALV.DE,Allianz SE                    v
2002-04-30,88.0584,ALV.DE,Allianz SE                    v
2002-05-31,75.2811,ALV.DE,Allianz SE                    v
2002-06-30,53.5013,ALV.DE,Allianz SE                    v
2002-07-31,48.2322,ALV.DE,Allianz SE                    v
2002-08-31,31.9056,ALV.DE,Allianz SE                    v
2002-09-30,39.06,ALV.DE,Allianz SE                    v
2002-10-31,41.3135,ALV.DE,Allianz SE                    v
2002-11-30,33.3785,ALV.DE,Allianz SE                    v
2002-12-31,27.2072,ALV.DE,Allianz SE                    v
2003-01-31,24.4714,ALV.DE,Allianz SE                    v
2003-02-28,16.7169,ALV.DE,Allianz SE                    v
2003-03-31,23.9045,ALV.DE,Allianz SE                    v
2003-04-30,24.3007,ALV.DE,Allianz SE                    v
2003-05-31,27.3119,ALV.DE,Allianz SE                    v
2003-06-30,35.8474,ALV.DE,Allianz SE                    v
2003-07-31,30.6438,ALV.DE,Allianz SE                    v
2003-08-31,28.6024,ALV.DE,Allianz SE                    v
2003-09-30,34.7984,ALV.DE,Allianz SE                    v
2003-10-31,35.4247,ALV.DE,Allianz SE                    v
2003-11-30,37.7642,ALV.DE,Allianz SE                    v
2003-12-31,38.8472,ALV.DE,Allianz SE                    v
2004-01-31,37.8322,ALV.DE,Allianz SE                    v
2004-02-29,33.4361,ALV.DE,Allianz SE                    v
2004-03-31,33.3984,ALV.DE,Allianz SE                    v
2004-04-30,32.9306,ALV.DE,Allianz SE                    v
2004-05-31,34.1584,ALV.DE,Allianz SE                    v
2004-06-30,30.8089,ALV.DE,Allianz SE                    v
2004-07-31,30.383,ALV.DE,Allianz SE                    v
2004-08-31,31.112,ALV.DE,Allianz SE                    v
2004-09-30,31.9906,ALV.DE,Allianz SE                    v
2004-10-31,36.0691,ALV.DE,Allianz SE                    v
2004-11-30,37.4464,ALV.DE,Allianz SE                    v
2004-12-31,34.895,ALV.DE,Allianz SE                    v
2005-01-31,36.6868,ALV.DE,Allianz SE                    v
2005-02-28,37.5807,ALV.DE,Allianz SE                    v
2005-03-31,35.3899,ALV.DE,Allianz SE                    v
2005-04-30,37.423,ALV.DE,Allianz SE                    v
2005-05-31,37.122,ALV.DE,Allianz SE                    v
2005-06-30,40.9722,ALV.DE,Allianz SE                    v
2005-07-31,41.0034,ALV.DE,Allianz SE                    v
2005-08-31,43.9116,ALV.DE,Allianz SE                    v
2005-09-30,46.0575,ALV.DE,Allianz SE                    v
2005-10-31,48.2699,ALV.DE,Allianz SE                    v
2005-11-30,50.0094,ALV.DE,Allianz SE                    v
2005-12-31,51.8504,ALV.DE,Allianz SE                    v
2006-01-31,52.9253,ALV.DE,Allianz SE                    v
2006-02-28,53.8556,ALV.DE,Allianz SE                    v
2006-03-31,51.8699,ALV.DE,Allianz SE                    v
2006-04-30,48.1853,ALV.DE,Allianz SE                    v
2006-05-31,49.0267,ALV.DE,Allianz SE                    v
2006-06-30,48.8124,ALV.DE,Allianz SE                    v
2006-07-31,52.5394,ALV.DE,Allianz SE                    v
2006-08-31,54.1707,ALV.DE,Allianz SE                    v
2006-09-30,57.7192,ALV.DE,Allianz SE                    v
2006-10-31,58.3264,ALV.DE,Allianz SE                    v
2006-11-30,61.4263,ALV.DE,Allianz SE                    v
2006-12-31,60.7278,ALV.DE,Allianz SE                    v
2007-01-31,64.6096,ALV.DE,Allianz SE                    v
2007-02-28,61.0096,ALV.DE,Allianz SE                    v
2007-03-31,66.1655,ALV.DE,Allianz SE                    v
2007-04-30,67.0184,ALV.DE,Allianz SE                    v
2007-05-31,70.5074,ALV.DE,Allianz SE                    v
2007-06-30,63.5213,ALV.DE,Allianz SE                    v
2007-07-31,63.899,ALV.DE,Allianz SE                    v
2007-08-31,66.5513,ALV.DE,Allianz SE                    v
2007-09-30,63.0461,ALV.DE,Allianz SE                    v
2007-10-31,57.2703,ALV.DE,Allianz SE                    v
2007-11-30,60.0932,ALV.DE,Allianz SE                    v
2007-12-31,48.5213,ALV.DE,Allianz SE                    v
2008-01-31,47.7252,ALV.DE,Allianz SE                    v
2008-02-29,50.9665,ALV.DE,Allianz SE                    v
2008-03-31,53.1801,ALV.DE,Allianz SE                    v
2008-04-30,51.7141,ALV.DE,Allianz SE                    v
2008-05-31,47.5536,ALV.DE,Allianz SE                    v
2008-06-30,46.4572,ALV.DE,Allianz SE                    v
2008-07-31,48.4886,ALV.DE,Allianz SE                    v
2008-08-31,40.9157,ALV.DE,Allianz SE                    v
2008-09-30,24.6565,ALV.DE,Allianz SE                    v
2008-10-31,27.712,ALV.DE,Allianz SE                    v
2008-11-30,31.8724,ALV.DE,Allianz SE                    v
2008-12-31,28.0902,ALV.DE,Allianz SE                    v
2009-01-31,22.7909,ALV.DE,Allianz SE                    v
2009-02-28,26.8833,ALV.DE,Allianz SE                    v
2009-03-31,31.1951,ALV.DE,Allianz SE                    v
2009-04-30,31.043,ALV.DE,Allianz SE                    v
2009-05-31,29.3566,ALV.DE,Allianz SE                    v
2009-06-30,30.9535,ALV.DE,Allianz SE                    v
2009-07-31,36.0617,ALV.DE,Allianz SE                    v
2009-08-31,38.1864,ALV.DE,Allianz SE                    v
2009-09-30,34.9077,ALV.DE,Allianz SE                    v
2009-10-31,36.5985,ALV.DE,Allianz SE                    v
2009-11-30,38.9827,ALV.DE,Allianz SE                    v
2009-12-31,35.9723,ALV.DE,Allianz SE                    v
2010-01-31,37.9315,ALV.DE,Allianz SE                    v
2010-02-28,41.5233,ALV.DE,Allianz SE                    v
2010-03-31,38.7008,ALV.DE,Allianz SE                    v
2010-04-30,38.2624,ALV.DE,Allianz SE                    v
2010-05-31,38.4834,ALV.DE,Allianz SE                    v
2010-06-30,41.8921,ALV.DE,Allianz SE                    v
2010-07-31,38.0555,ALV.DE,Allianz SE                    v
2010-08-31,38.9771,ALV.DE,Allianz SE                    v
2010-09-30,42.3341,ALV.DE,Allianz SE                    v
2010-10-31,39.7293,ALV.DE,Allianz SE                    v
2010-11-30,41.8122,ALV.DE,Allianz SE                    v
2010-12-31,47.6987,ALV.DE,Allianz SE                    v
2011-01-31,49.0857,ALV.DE,Allianz SE                    v
2011-02-28,46.5609,ALV.DE,Allianz SE                    v
2011-03-31,49.979,ALV.DE,Allianz SE                    v
2011-04-30,47.2518,ALV.DE,Allianz SE                    v
2011-05-31,47.3255,ALV.DE,Allianz SE                    v
2011-06-30,44.7364,ALV.DE,Allianz SE                    v
2011-07-31,35.2399,ALV.DE,Allianz SE                    v
2011-08-31,34.8125,ALV.DE,Allianz SE                    v
2011-09-30,39.8973,ALV.DE,Allianz SE                    v
2011-10-31,37.8191,ALV.DE,Allianz SE                    v
2011-11-30,36.3109,ALV.DE,Allianz SE                    v
2011-12-31,41.2974,ALV.DE,Allianz SE                    v
2012-01-31,44.7217,ALV.DE,Allianz SE                    v
2012-02-29,43.9553,ALV.DE,Allianz SE                    v
2012-03-31,41.3564,ALV.DE,Allianz SE                    v
2012-04-30,37.9589,ALV.DE,Allianz SE                    v
2012-05-31,41.0741,ALV.DE,Allianz SE                    v
2012-06-30,42.1021,ALV.DE,Allianz SE                    v
2012-07-31,45.3108,ALV.DE,Allianz SE                    v
2012-08-31,48.0729,ALV.DE,Allianz SE                    v
2012-09-30,49.6669,ALV.DE,Allianz SE                    v
2012-10-31,51.8943,ALV.DE,Allianz SE                    v
2012-11-30,54.4124,ALV.DE,Allianz SE                    v
2012-12-31,54.698,ALV.DE,Allianz SE                    v
2013-01-31,54.3605,ALV.DE,Allianz SE                    v
2013-02-28,55.0095,ALV.DE,Allianz SE                    v
2013-03-31,58.1766,ALV.DE,Allianz SE                    v
2013-04-30,64.5823,ALV.DE,Allianz SE                    v
2013-05-31,60.5375,ALV.DE,Allianz SE                    v
2013-06-30,63.207,ALV.DE,Allianz SE                    v
2013-07-31,58.4611,ALV.DE,Allianz SE                    v
2013-08-31,62.6677,ALV.DE,Allianz SE                    v
2013-09-30,66.8204,ALV.DE,Allianz SE                    v
2013-10-31,68.9507,ALV.DE,Allianz SE                    v
2013-11-30,70.299,ALV.DE,Allianz SE                    v
2013-12-31,66.7665,ALV.DE,Allianz SE                    v
2014-01-31,69.9484,ALV.DE,Allianz SE                    v
2014-02-28,66.1732,ALV.DE,Allianz SE                    v
2014-03-31,67.3328,ALV.DE,Allianz SE                    v
2014-04-30,70.0508,ALV.DE,Allianz SE                    v
2014-05-31,68.5303,ALV.DE,Allianz SE                    v
2014-06-30,70.3323,ALV.DE,Allianz SE                    v
2014-07-31,73.0915,ALV.DE,Allianz SE                    v
2014-08-31,72.275,ALV.DE,Allianz SE                    v
2014-09-30,71.3459,ALV.DE,Allianz SE                    v
2014-10-31,77.9624,ALV.DE,Allianz SE                    v
2014-11-30,77.343,ALV.DE,Allianz SE                    v
2014-12-31,82.4391,ALV.DE,Allianz SE                    v
2015-01-31,84.2411,ALV.DE,Allianz SE                    v
2015-02-28,91.1392,ALV.DE,Allianz SE                    v
2015-03-31,85.9304,ALV.DE,Allianz SE                    v
2015-04-30,84.1207,ALV.DE,Allianz SE                    v
2015-05-31,82.3233,ALV.DE,Allianz SE                    v
2015-06-30,87.8626,ALV.DE,Allianz SE                    v
2015-07-31,83.826,ALV.DE,Allianz SE                    v
2015-08-31,82.6475,ALV.DE,Allianz SE                    v
2015-09-30,93.9028,ALV.DE,Allianz SE                    v
2015-10-31,98.7939,ALV.DE,Allianz SE                    v
2015-11-30,96.3778,ALV.DE,Allianz SE                    v
2015-12-31,87.5975,ALV.DE,Allianz SE                    v
2016-01-31,80.8796,ALV.DE,Allianz SE                    v
2016-02-29,84.2385,ALV.DE,Allianz SE                    v
2016-03-31,87.3618,ALV.DE,Allianz SE                    v
2016-04-30,90.8769,ALV.DE,Allianz SE                    v
2016-05-31,79.1689,ALV.DE,Allianz SE                    v
2016-06-30,79.4786,ALV.DE,Allianz SE                    v
2016-07-31,82.7309,ALV.DE,Allianz SE                    v
2016-08-31,81.8326,ALV.DE,Allianz SE                    v
2016-09-30,87.9654,ALV.DE,Allianz SE                    v
2016-10-31,92.7973,ALV.DE,Allianz SE                    v
2016-11-30,97.2575,ALV.DE,Allianz SE                    v
2016-12-31,97.1336,ALV.DE,Allianz SE                    v
2017-01-31,101.7177,ALV.DE,Allianz SE                    v
2017-02-28,107.5718,ALV.DE,Allianz SE                    v
2017-03-31,108.2842,ALV.DE,Allianz SE                    v
2017-04-30,110.6362,ALV.DE,Allianz SE                    v
2017-05-31,111.6073,ALV.DE,Allianz SE                    v
2017-06-30,116.5273,ALV.DE,Allianz SE                    v
2017-07-31,116.3655,ALV.DE,Allianz SE                    v
2017-08-31,122.9687,ALV.DE,Allianz SE                    v
2017-09-30,129.054,ALV.DE,Allianz SE                    v
2017-10-31,128.2771,ALV.DE,Allianz SE                    v
2017-11-30,123.9721,ALV.DE,Allianz SE                    v
2017-12-31,131.7406,ALV.DE,Allianz SE                    v
2018-01-31,124.3088,ALV.DE,Allianz SE                    v
2018-02-28,118.7284,ALV.DE,Allianz SE                    v
2018-03-31,127.1831,ALV.DE,Allianz SE                    v
2018-04-30,118.978,ALV.DE,Allianz SE                    v
2018-05-31,119.4097,ALV.DE,Allianz SE                    v
2018-06-30,127.5853,ALV.DE,Allianz SE                    v
2018-07-31,123.8752,ALV.DE,Allianz SE                    v
2018-08-31,129.5145,ALV.DE,Allianz SE                    v
2018-09-30,124.4149,ALV.DE,Allianz SE                    v
2018-10-31,125.8045,ALV.DE,Allianz SE                    v
2018-11-30,118.1415,ALV.DE,Allianz SE                    v
2018-12-31,124.7386,ALV.DE,Allianz SE                    v
2019-01-31,131.9429,ALV.DE,Allianz SE                    v
2019-02-28,133.7507,ALV.DE,Allianz SE                    v
2019-03-31,144.8943,ALV.DE,Allianz SE                    v
2019-04-30,140.1783,ALV.DE,Allianz SE                    v
2019-05-31,149.4408,ALV.DE,Allianz SE                    v
2019-06-30,148.313,ALV.DE,Allianz SE                    v
2019-07-31,141.3344,ALV.DE,Allianz SE                    v
2019-08-31,150.7449,ALV.DE,Allianz SE                    v
2019-09-30,154.3752,ALV.DE,Allianz SE                    v
2019-10-31,153.2121,ALV.DE,Allianz SE                    v
2019-11-30,153.9522,ALV.DE,Allianz SE                    v
2019-12-31,152.1548,ALV.DE,Allianz SE                    v
2020-01-31,137.3164,ALV.DE,Allianz SE                    v
2020-02-29,110.5862,ALV.DE,Allianz SE                    v
2020-03-31,119.0451,ALV.DE,Allianz SE                    v
2020-04-30,122.0308,ALV.DE,Allianz SE                    v
2020-05-31,136.226,ALV.DE,Allianz SE                    v
2020-06-30,132.0739,ALV.DE,Allianz SE                    v
2020-07-31,136.0462,ALV.DE,Allianz SE                    v
2020-08-31,122.6304,ALV.DE,Allianz SE                    v
2020-09-30,113.2169,ALV.DE,Allianz SE                    v
2020-10-31,148.1428,ALV.DE,Allianz SE                    v
2020-11-30,150.4212,ALV.DE,Allianz SE                    v
2020-12-31,139.7936,ALV.DE,Allianz SE                    v
2021-01-31,149.7467,ALV.DE,Allianz SE                    v
2021-02-28,162.6753,ALV.DE,Allianz SE                    v
2021-03-31,162.1881,ALV.DE,Allianz SE                    v
2021-04-30,168.7917,ALV.DE,Allianz SE                    v
2021-05-31,164.757,ALV.DE,Allianz SE                    v
2021-06-30,164.522,ALV.DE,Allianz SE                    v
2021-07-31,155.8885,ALV.DE,Allianz SE                    v
2021-08-31,152.645,ALV.DE,Allianz SE                    v
2021-09-30,157.5885,ALV.DE,Allianz SE                    v
2021-10-31,150.7648,ALV.DE,Allianz SE                    v
2021-11-30,162.6809,ALV.DE,Allianz SE                    v
2021-12-31,178.1146,ALV.DE,Allianz SE                    v
2022-01-31,159.2729,ALV.DE,Allianz SE                    v
2022-02-28,169.6535,ALV.DE,Allianz SE                    v
2022-03-31,169.3793,ALV.DE,Allianz SE                    v
2022-04-30,160.9246,ALV.DE,Allianz SE                    v
2022-05-31,150.2799,ALV.DE,Allianz SE                    v
2022-06-30,146.3191,ALV.DE,Allianz SE                    v
2022-07-31,139.1071,ALV.DE,Allianz SE                    v
2022-08-31,133.5125,ALV.DE,Allianz SE                    v
2022-09-30,150.3459,ALV.DE,Allianz SE                    v
2022-10-31,168.6234,ALV.DE,Allianz SE                    v
2022-11-30,165.7766,ALV.DE,Allianz SE                    v
2022-12-31,180.8772,ALV.DE,Allianz SE                    v
2023-01-31,183.3114,ALV.DE,Allianz SE                    v
2023-02-28,175.5961,ALV.DE,Allianz SE                    v
2023-03-31,187.6848,ALV.DE,Allianz SE                    v
2023-04-30,173.9948,ALV.DE,Allianz SE                    v
2023-05-31,185.497,ALV.DE,Allianz SE                    v
2023-06-30,189.1512,ALV.DE,Allianz SE                    v
2023-07-31,195.1982,ALV.DE,Allianz SE                    v
2023-08-31,196.3727,ALV.DE,Allianz SE                    v
2023-09-30,192.1964,ALV.DE,Allianz SE                    v
2023-10-31,200.636,ALV.DE,Allianz SE                    v
2023-11-30,210.5112,ALV.DE,Allianz SE                    v
2023-12-31,215.6011,ALV.DE,Allianz SE                    v
2024-01-31,220.865,ALV.DE,Allianz SE                    v
2024-02-29,241.7029,ALV.DE,Allianz SE                    v
2024-03-31,231.9582,ALV.DE,Allianz SE                    v
2024-04-30,245.8897,ALV.DE,Allianz SE                    v
2024-05-31,237.8248,ALV.DE,Allianz SE                    v
2024-06-30,239.0161,ALV.DE,Allianz SE                    v
2024-07-31,257.4373,ALV.DE,Allianz SE                    v
2024-08-31,270.3596,ALV.DE,Allianz SE                    v
2024-09-30,265.2273,ALV.DE,Allianz SE                    v
2024-10-31,267.7934,ALV.DE,Allianz SE                    v
2024-11-30,271.1844,ALV.DE,Allianz SE                    v
2024-12-31,288.1391,ALV.DE,Allianz SE                    v
2025-01-31,302.711,ALV.DE,Allianz SE                    v
2025-02-28,322.6902,ALV.DE,Allianz SE                    v
2025-03-31,333.6878,ALV.DE,Allianz SE                    v
2025-04-30,333.3597,ALV.DE,Allianz SE                    v
2025-05-31,328.9621,ALV.DE,Allianz SE                    v
2025-06-30,331.9257,ALV.DE,Allianz SE                    v
2025-07-31,345.3098,ALV.DE,Allianz SE                    v
2025-08-31,341.677,ALV.DE,Allianz SE                    v
2025-09-30,332.8817,ALV.DE,Allianz SE                    v
2025-10-31,355.9214,ALV.DE,Allianz SE                    v
2025-11-30,373.3208,ALV.DE,Allianz SE                    v
2025-12-31,355.4435,ALV.DE,Allianz SE                    v
2026-01-31,365.386,ALV.DE,Allianz SE                    v
2026-02-28,343.4934,ALV.DE,Allianz SE                    v
2026-03-31,371.8868,ALV.DE,Allianz SE                    v
2026-04-30,381.6,ALV.DE,Allianz SE                    v
2026-05-31,414.1,ALV.DE,Allianz SE                    v
2026-06-30,,ALV.DE,Allianz SE                    v
1999-12-31,8.681,EL.PA,ESSILORLUXOTTICA
2000-01-31,8.5504,EL.PA,ESSILORLUXOTTICA
2000-02-29,8.6934,EL.PA,ESSILORLUXOTTICA
2000-03-31,9.0976,EL.PA,ESSILORLUXOTTICA
2000-04-30,9.3899,EL.PA,ESSILORLUXOTTICA
2000-05-31,9.7213,EL.PA,ESSILORLUXOTTICA
2000-06-30,10.4008,EL.PA,ESSILORLUXOTTICA
2000-07-31,9.6835,EL.PA,ESSILORLUXOTTICA
2000-08-31,9.1235,EL.PA,ESSILORLUXOTTICA
2000-09-30,8.8089,EL.PA,ESSILORLUXOTTICA
2000-10-31,10.319,EL.PA,ESSILORLUXOTTICA
2000-11-30,10.4449,EL.PA,ESSILORLUXOTTICA
2000-12-31,10.2247,EL.PA,ESSILORLUXOTTICA
2001-01-31,10.4637,EL.PA,ESSILORLUXOTTICA
2001-02-28,10.0233,EL.PA,ESSILORLUXOTTICA
2001-03-31,10.2813,EL.PA,ESSILORLUXOTTICA
2001-04-30,10.1964,EL.PA,ESSILORLUXOTTICA
2001-05-31,10.7314,EL.PA,ESSILORLUXOTTICA
2001-06-30,10.7505,EL.PA,ESSILORLUXOTTICA
2001-07-31,10.6677,EL.PA,ESSILORLUXOTTICA
2001-08-31,9.585,EL.PA,ESSILORLUXOTTICA
2001-09-30,9.9034,EL.PA,ESSILORLUXOTTICA
2001-10-31,10.4129,EL.PA,ESSILORLUXOTTICA
2001-11-30,10.8269,EL.PA,ESSILORLUXOTTICA
2001-12-31,11.3364,EL.PA,ESSILORLUXOTTICA
2002-01-31,12.3873,EL.PA,ESSILORLUXOTTICA
2002-02-28,13.0241,EL.PA,ESSILORLUXOTTICA
2002-03-31,14.3934,EL.PA,ESSILORLUXOTTICA
2002-04-30,14.0493,EL.PA,ESSILORLUXOTTICA
2002-05-31,13.3989,EL.PA,ESSILORLUXOTTICA
2002-06-30,12.3582,EL.PA,ESSILORLUXOTTICA
2002-07-31,13.0411,EL.PA,ESSILORLUXOTTICA
2002-08-31,13.3338,EL.PA,ESSILORLUXOTTICA
2002-09-30,13.2363,EL.PA,ESSILORLUXOTTICA
2002-10-31,13.0086,EL.PA,ESSILORLUXOTTICA
2002-11-30,12.781,EL.PA,ESSILORLUXOTTICA
2002-12-31,11.2199,EL.PA,ESSILORLUXOTTICA
2003-01-31,11.7078,EL.PA,ESSILORLUXOTTICA
2003-02-28,11.5777,EL.PA,ESSILORLUXOTTICA
2003-03-31,11.9354,EL.PA,ESSILORLUXOTTICA
2003-04-30,11.5161,EL.PA,ESSILORLUXOTTICA
2003-05-31,11.6825,EL.PA,ESSILORLUXOTTICA
2003-06-30,11.9488,EL.PA,ESSILORLUXOTTICA
2003-07-31,12.3149,EL.PA,ESSILORLUXOTTICA
2003-08-31,12.3482,EL.PA,ESSILORLUXOTTICA
2003-09-30,13.7793,EL.PA,ESSILORLUXOTTICA
2003-10-31,13.8459,EL.PA,ESSILORLUXOTTICA
2003-11-30,13.6462,EL.PA,ESSILORLUXOTTICA
2003-12-31,14.8111,EL.PA,ESSILORLUXOTTICA
2004-01-31,15.3769,EL.PA,ESSILORLUXOTTICA
2004-02-29,16.4753,EL.PA,ESSILORLUXOTTICA
2004-03-31,16.2423,EL.PA,ESSILORLUXOTTICA
2004-04-30,17.8098,EL.PA,ESSILORLUXOTTICA
2004-05-31,18.1823,EL.PA,ESSILORLUXOTTICA
2004-06-30,17.3019,EL.PA,ESSILORLUXOTTICA
2004-07-31,17.0649,EL.PA,ESSILORLUXOTTICA
2004-08-31,17.539,EL.PA,ESSILORLUXOTTICA
2004-09-30,18.013,EL.PA,ESSILORLUXOTTICA
2004-10-31,17.4035,EL.PA,ESSILORLUXOTTICA
2004-11-30,19.5366,EL.PA,ESSILORLUXOTTICA
2004-12-31,18.4531,EL.PA,ESSILORLUXOTTICA
2005-01-31,17.9453,EL.PA,ESSILORLUXOTTICA
2005-02-28,18.8933,EL.PA,ESSILORLUXOTTICA
2005-03-31,18.724,EL.PA,ESSILORLUXOTTICA
2005-04-30,19.3313,EL.PA,ESSILORLUXOTTICA
2005-05-31,19.5738,EL.PA,ESSILORLUXOTTICA
2005-06-30,20.7864,EL.PA,ESSILORLUXOTTICA
2005-07-31,21.9296,EL.PA,ESSILORLUXOTTICA
2005-08-31,23.8697,EL.PA,ESSILORLUXOTTICA
2005-09-30,23.8004,EL.PA,ESSILORLUXOTTICA
2005-10-31,24.4586,EL.PA,ESSILORLUXOTTICA
2005-11-30,23.6272,EL.PA,ESSILORLUXOTTICA
2005-12-31,24.909,EL.PA,ESSILORLUXOTTICA
2006-01-31,25.0476,EL.PA,ESSILORLUXOTTICA
2006-02-28,25.498,EL.PA,ESSILORLUXOTTICA
2006-03-31,27.542,EL.PA,ESSILORLUXOTTICA
2006-04-30,27.789,EL.PA,ESSILORLUXOTTICA
2006-05-31,27.8244,EL.PA,ESSILORLUXOTTICA
2006-06-30,27.6829,EL.PA,ESSILORLUXOTTICA
2006-07-31,28.5668,EL.PA,ESSILORLUXOTTICA
2006-08-31,28.5668,EL.PA,ESSILORLUXOTTICA
2006-09-30,29.0618,EL.PA,ESSILORLUXOTTICA
2006-10-31,28.6729,EL.PA,ESSILORLUXOTTICA
2006-11-30,28.779,EL.PA,ESSILORLUXOTTICA
2006-12-31,30.4406,EL.PA,ESSILORLUXOTTICA
2007-01-31,30.476,EL.PA,ESSILORLUXOTTICA
2007-02-28,30.4053,EL.PA,ESSILORLUXOTTICA
2007-03-31,31.3245,EL.PA,ESSILORLUXOTTICA
2007-04-30,31.9759,EL.PA,ESSILORLUXOTTICA
2007-05-31,31.6536,EL.PA,ESSILORLUXOTTICA
2007-06-30,32.2265,EL.PA,ESSILORLUXOTTICA
2007-07-31,31.9401,EL.PA,ESSILORLUXOTTICA
2007-08-31,31.5104,EL.PA,ESSILORLUXOTTICA
2007-09-30,31.5104,EL.PA,ESSILORLUXOTTICA
2007-10-31,30.651,EL.PA,ESSILORLUXOTTICA
2007-11-30,31.2955,EL.PA,ESSILORLUXOTTICA
2007-12-31,27.722,EL.PA,ESSILORLUXOTTICA
2008-01-31,28.1445,EL.PA,ESSILORLUXOTTICA
2008-02-29,29.6412,EL.PA,ESSILORLUXOTTICA
2008-03-31,28.61,EL.PA,ESSILORLUXOTTICA
2008-04-30,29.4162,EL.PA,ESSILORLUXOTTICA
2008-05-31,29.1989,EL.PA,ESSILORLUXOTTICA
2008-06-30,23.8764,EL.PA,ESSILORLUXOTTICA
2008-07-31,27.3721,EL.PA,ESSILORLUXOTTICA
2008-08-31,26.3948,EL.PA,ESSILORLUXOTTICA
2008-09-30,26.3572,EL.PA,ESSILORLUXOTTICA
2008-10-31,23.6396,EL.PA,ESSILORLUXOTTICA
2008-11-30,25.2371,EL.PA,ESSILORLUXOTTICA
2008-12-31,22.463,EL.PA,ESSILORLUXOTTICA
2009-01-31,20.5986,EL.PA,ESSILORLUXOTTICA
2009-02-28,21.8767,EL.PA,ESSILORLUXOTTICA
2009-03-31,24.6131,EL.PA,ESSILORLUXOTTICA
2009-04-30,24.9357,EL.PA,ESSILORLUXOTTICA
2009-05-31,26.0592,EL.PA,ESSILORLUXOTTICA
2009-06-30,29.8323,EL.PA,ESSILORLUXOTTICA
2009-07-31,28.889,EL.PA,ESSILORLUXOTTICA
2009-08-31,29.8668,EL.PA,ESSILORLUXOTTICA
2009-09-30,29.2571,EL.PA,ESSILORLUXOTTICA
2009-10-31,29.6291,EL.PA,ESSILORLUXOTTICA
2009-11-30,32.018,EL.PA,ESSILORLUXOTTICA
2009-12-31,32.2902,EL.PA,ESSILORLUXOTTICA
2010-01-31,33.9697,EL.PA,ESSILORLUXOTTICA
2010-02-28,36.2512,EL.PA,ESSILORLUXOTTICA
2010-03-31,35.2274,EL.PA,ESSILORLUXOTTICA
2010-04-30,36.1885,EL.PA,ESSILORLUXOTTICA
2010-05-31,38.1596,EL.PA,ESSILORLUXOTTICA
2010-06-30,37.3961,EL.PA,ESSILORLUXOTTICA
2010-07-31,37.3143,EL.PA,ESSILORLUXOTTICA
2010-08-31,39.3204,EL.PA,ESSILORLUXOTTICA
2010-09-30,37.3805,EL.PA,ESSILORLUXOTTICA
2010-10-31,37.5013,EL.PA,ESSILORLUXOTTICA
2010-11-30,37.5325,EL.PA,ESSILORLUXOTTICA
2010-12-31,38.0389,EL.PA,ESSILORLUXOTTICA
2011-01-31,40.3177,EL.PA,ESSILORLUXOTTICA
2011-02-28,40.8241,EL.PA,ESSILORLUXOTTICA
2011-03-31,44.0339,EL.PA,ESSILORLUXOTTICA
2011-04-30,44.506,EL.PA,ESSILORLUXOTTICA
2011-05-31,44.2371,EL.PA,ESSILORLUXOTTICA
2011-06-30,44.2213,EL.PA,ESSILORLUXOTTICA
2011-07-31,42.2202,EL.PA,ESSILORLUXOTTICA
2011-08-31,42.7027,EL.PA,ESSILORLUXOTTICA
2011-09-30,41.4451,EL.PA,ESSILORLUXOTTICA
2011-10-31,42.0066,EL.PA,ESSILORLUXOTTICA
2011-11-30,43.1456,EL.PA,ESSILORLUXOTTICA
2011-12-31,44.2924,EL.PA,ESSILORLUXOTTICA
2012-01-31,47.2664,EL.PA,ESSILORLUXOTTICA
2012-02-29,52.8583,EL.PA,ESSILORLUXOTTICA
2012-03-31,52.6289,EL.PA,ESSILORLUXOTTICA
2012-04-30,55.3426,EL.PA,ESSILORLUXOTTICA
2012-05-31,58.7234,EL.PA,ESSILORLUXOTTICA
2012-06-30,56.7526,EL.PA,ESSILORLUXOTTICA
2012-07-31,55.5909,EL.PA,ESSILORLUXOTTICA
2012-08-31,58.3789,EL.PA,ESSILORLUXOTTICA
2012-09-30,55.7191,EL.PA,ESSILORLUXOTTICA
2012-10-31,59.4844,EL.PA,ESSILORLUXOTTICA
2012-11-30,60.9024,EL.PA,ESSILORLUXOTTICA
2012-12-31,60.1574,EL.PA,ESSILORLUXOTTICA
2013-01-31,63.3299,EL.PA,ESSILORLUXOTTICA
2013-02-28,69.4987,EL.PA,ESSILORLUXOTTICA
2013-03-31,68.4492,EL.PA,ESSILORLUXOTTICA
2013-04-30,68.9139,EL.PA,ESSILORLUXOTTICA
2013-05-31,66.1696,EL.PA,ESSILORLUXOTTICA
2013-06-30,68.0801,EL.PA,ESSILORLUXOTTICA
2013-07-31,66.1292,EL.PA,ESSILORLUXOTTICA
2013-08-31,64.3563,EL.PA,ESSILORLUXOTTICA
2013-09-30,64.0325,EL.PA,ESSILORLUXOTTICA
2013-10-31,62.5026,EL.PA,ESSILORLUXOTTICA
2013-11-30,62.5592,EL.PA,ESSILORLUXOTTICA
2013-12-31,60.333,EL.PA,ESSILORLUXOTTICA
2014-01-31,61.2478,EL.PA,ESSILORLUXOTTICA
2014-02-28,59.2564,EL.PA,ESSILORLUXOTTICA
2014-03-31,62.4054,EL.PA,ESSILORLUXOTTICA
2014-04-30,63.159,EL.PA,ESSILORLUXOTTICA
2014-05-31,63.4786,EL.PA,ESSILORLUXOTTICA
2014-06-30,59.8068,EL.PA,ESSILORLUXOTTICA
2014-07-31,66.1587,EL.PA,ESSILORLUXOTTICA
2014-08-31,71.2567,EL.PA,ESSILORLUXOTTICA
2014-09-30,72.2074,EL.PA,ESSILORLUXOTTICA
2014-10-31,74.0106,EL.PA,ESSILORLUXOTTICA
2014-11-30,75.9612,EL.PA,ESSILORLUXOTTICA
2014-12-31,81.1985,EL.PA,ESSILORLUXOTTICA
2015-01-31,85.608,EL.PA,ESSILORLUXOTTICA
2015-02-28,87.5341,EL.PA,ESSILORLUXOTTICA
2015-03-31,89.1323,EL.PA,ESSILORLUXOTTICA
2015-04-30,91.9798,EL.PA,ESSILORLUXOTTICA
2015-05-31,88.5456,EL.PA,ESSILORLUXOTTICA
2015-06-30,96.4898,EL.PA,ESSILORLUXOTTICA
2015-07-31,88.049,EL.PA,ESSILORLUXOTTICA
2015-08-31,90.1178,EL.PA,ESSILORLUXOTTICA
2015-09-30,98.9724,EL.PA,ESSILORLUXOTTICA
2015-10-31,102.2412,EL.PA,ESSILORLUXOTTICA
2015-11-30,95.2072,EL.PA,ESSILORLUXOTTICA
2015-12-31,94.6279,EL.PA,ESSILORLUXOTTICA
2016-01-31,90.7385,EL.PA,ESSILORLUXOTTICA
2016-02-29,89.8282,EL.PA,ESSILORLUXOTTICA
2016-03-31,93.5521,EL.PA,ESSILORLUXOTTICA
2016-04-30,98.0939,EL.PA,ESSILORLUXOTTICA
2016-05-31,99.3477,EL.PA,ESSILORLUXOTTICA
2016-06-30,95.7533,EL.PA,ESSILORLUXOTTICA
2016-07-31,95.1682,EL.PA,ESSILORLUXOTTICA
2016-08-31,95.9623,EL.PA,ESSILORLUXOTTICA
2016-09-30,85.597,EL.PA,ESSILORLUXOTTICA
2016-10-31,83.6745,EL.PA,ESSILORLUXOTTICA
2016-11-30,89.7348,EL.PA,ESSILORLUXOTTICA
2016-12-31,90.6125,EL.PA,ESSILORLUXOTTICA
2017-01-31,90.4035,EL.PA,ESSILORLUXOTTICA
2017-02-28,95.21,EL.PA,ESSILORLUXOTTICA
2017-03-31,99.4313,EL.PA,ESSILORLUXOTTICA
2017-04-30,100.1997,EL.PA,ESSILORLUXOTTICA
2017-05-31,94.3156,EL.PA,ESSILORLUXOTTICA
2017-06-30,90.675,EL.PA,ESSILORLUXOTTICA
2017-07-31,89.786,EL.PA,ESSILORLUXOTTICA
2017-08-31,88.6854,EL.PA,ESSILORLUXOTTICA
2017-09-30,92.0296,EL.PA,ESSILORLUXOTTICA
2017-10-31,91.4793,EL.PA,ESSILORLUXOTTICA
2017-11-30,97.3211,EL.PA,ESSILORLUXOTTICA
2017-12-31,96.8555,EL.PA,ESSILORLUXOTTICA
2018-01-31,91.31,EL.PA,ESSILORLUXOTTICA
2018-02-28,92.7916,EL.PA,ESSILORLUXOTTICA
2018-03-31,97.0506,EL.PA,ESSILORLUXOTTICA
2018-04-30,100.3558,EL.PA,ESSILORLUXOTTICA
2018-05-31,103.7897,EL.PA,ESSILORLUXOTTICA
2018-06-30,108.3396,EL.PA,ESSILORLUXOTTICA
2018-07-31,106.5368,EL.PA,ESSILORLUXOTTICA
2018-08-31,109.4127,EL.PA,ESSILORLUXOTTICA
2018-09-30,103.6609,EL.PA,ESSILORLUXOTTICA
2018-10-31,96.278,EL.PA,ESSILORLUXOTTICA
2018-11-30,94.8186,EL.PA,ESSILORLUXOTTICA
2018-12-31,94.9903,EL.PA,ESSILORLUXOTTICA
2019-01-31,91.3847,EL.PA,ESSILORLUXOTTICA
2019-02-28,83.5983,EL.PA,ESSILORLUXOTTICA
2019-03-31,93.1446,EL.PA,ESSILORLUXOTTICA
2019-04-30,90.2873,EL.PA,ESSILORLUXOTTICA
2019-05-31,100.4408,EL.PA,ESSILORLUXOTTICA
2019-06-30,107.3557,EL.PA,ESSILORLUXOTTICA
2019-07-31,117.5092,EL.PA,ESSILORLUXOTTICA
2019-08-31,115.7586,EL.PA,ESSILORLUXOTTICA
2019-09-30,119.7412,EL.PA,ESSILORLUXOTTICA
2019-10-31,123.4175,EL.PA,ESSILORLUXOTTICA
2019-11-30,118.8659,EL.PA,ESSILORLUXOTTICA
2019-12-31,117.5092,EL.PA,ESSILORLUXOTTICA
2020-01-31,107.7496,EL.PA,ESSILORLUXOTTICA
2020-02-29,86.0246,EL.PA,ESSILORLUXOTTICA
2020-03-31,98.6027,EL.PA,ESSILORLUXOTTICA
2020-04-30,101.3161,EL.PA,ESSILORLUXOTTICA
2020-05-31,100.0032,EL.PA,ESSILORLUXOTTICA
2020-06-30,98.2088,EL.PA,ESSILORLUXOTTICA
2020-07-31,98.1213,EL.PA,ESSILORLUXOTTICA
2020-08-31,101.6662,EL.PA,ESSILORLUXOTTICA
2020-09-30,92.957,EL.PA,ESSILORLUXOTTICA
2020-10-31,106.2178,EL.PA,ESSILORLUXOTTICA
2020-11-30,112.676,EL.PA,ESSILORLUXOTTICA
2020-12-31,103.3562,EL.PA,ESSILORLUXOTTICA
2021-01-31,119.2572,EL.PA,ESSILORLUXOTTICA
2021-02-28,122.6583,EL.PA,ESSILORLUXOTTICA
2021-03-31,122.2607,EL.PA,ESSILORLUXOTTICA
2021-04-30,126.3129,EL.PA,ESSILORLUXOTTICA
2021-05-31,138.5632,EL.PA,ESSILORLUXOTTICA
2021-06-30,141.697,EL.PA,ESSILORLUXOTTICA
2021-07-31,148.018,EL.PA,ESSILORLUXOTTICA
2021-08-31,147.3414,EL.PA,ESSILORLUXOTTICA
2021-09-30,159.2711,EL.PA,ESSILORLUXOTTICA
2021-10-31,157.5974,EL.PA,ESSILORLUXOTTICA
2021-11-30,166.6961,EL.PA,ESSILORLUXOTTICA
2021-12-31,148.5165,EL.PA,ESSILORLUXOTTICA
2022-01-31,139.5247,EL.PA,ESSILORLUXOTTICA
2022-02-28,148.0536,EL.PA,ESSILORLUXOTTICA
2022-03-31,145.8279,EL.PA,ESSILORLUXOTTICA
2022-04-30,135.8689,EL.PA,ESSILORLUXOTTICA
2022-05-31,129.3946,EL.PA,ESSILORLUXOTTICA
2022-06-30,138.042,EL.PA,ESSILORLUXOTTICA
2022-07-31,135.1445,EL.PA,ESSILORLUXOTTICA
2022-08-31,127.0856,EL.PA,ESSILORLUXOTTICA
2022-09-30,145.1954,EL.PA,ESSILORLUXOTTICA
2022-10-31,160.5435,EL.PA,ESSILORLUXOTTICA
2022-11-30,153.209,EL.PA,ESSILORLUXOTTICA
2022-12-31,152.0319,EL.PA,ESSILORLUXOTTICA
2023-01-31,148.8626,EL.PA,ESSILORLUXOTTICA
2023-02-28,150.3114,EL.PA,ESSILORLUXOTTICA
2023-03-31,162.445,EL.PA,ESSILORLUXOTTICA
2023-04-30,155.3159,EL.PA,ESSILORLUXOTTICA
2023-05-31,159.1518,EL.PA,ESSILORLUXOTTICA
2023-06-30,168.6861,EL.PA,ESSILORLUXOTTICA
2023-07-31,160.3505,EL.PA,ESSILORLUXOTTICA
2023-08-31,152.2915,EL.PA,ESSILORLUXOTTICA
2023-09-30,157.3445,EL.PA,ESSILORLUXOTTICA
2023-10-31,161.4754,EL.PA,ESSILORLUXOTTICA
2023-11-30,167.4505,EL.PA,ESSILORLUXOTTICA
2023-12-31,168.096,EL.PA,ESSILORLUXOTTICA
2024-01-31,180.8761,EL.PA,ESSILORLUXOTTICA
2024-02-29,193.3611,EL.PA,ESSILORLUXOTTICA
2024-03-31,185.1545,EL.PA,ESSILORLUXOTTICA
2024-04-30,197.4,EL.PA,ESSILORLUXOTTICA
2024-05-31,193.4578,EL.PA,ESSILORLUXOTTICA
2024-06-30,203.5537,EL.PA,ESSILORLUXOTTICA
2024-07-31,205.9576,EL.PA,ESSILORLUXOTTICA
2024-08-31,204.4191,EL.PA,ESSILORLUXOTTICA
2024-09-30,207.1114,EL.PA,ESSILORLUXOTTICA
2024-10-31,220.9573,EL.PA,ESSILORLUXOTTICA
2024-11-30,226.5341,EL.PA,ESSILORLUXOTTICA
2024-12-31,255.4758,EL.PA,ESSILORLUXOTTICA
2025-01-31,275.86,EL.PA,ESSILORLUXOTTICA
2025-02-28,255.1874,EL.PA,ESSILORLUXOTTICA
2025-03-31,242.9761,EL.PA,ESSILORLUXOTTICA
2025-04-30,239.0504,EL.PA,ESSILORLUXOTTICA
2025-05-31,227.5228,EL.PA,ESSILORLUXOTTICA
2025-06-30,254.5833,EL.PA,ESSILORLUXOTTICA
2025-07-31,254.1925,EL.PA,ESSILORLUXOTTICA
2025-08-31,269.6277,EL.PA,ESSILORLUXOTTICA
2025-09-30,309.9742,EL.PA,ESSILORLUXOTTICA
2025-10-31,301.5727,EL.PA,ESSILORLUXOTTICA
2025-11-30,263.6685,EL.PA,ESSILORLUXOTTICA
2025-12-31,251.9456,EL.PA,ESSILORLUXOTTICA
2026-01-31,220.0006,EL.PA,ESSILORLUXOTTICA
2026-02-28,193.8193,EL.PA,ESSILORLUXOTTICA
2026-03-31,177.0653,EL.PA,ESSILORLUXOTTICA
2026-04-30,175.15,EL.PA,ESSILORLUXOTTICA
2026-05-31,164.05,EL.PA,ESSILORLUXOTTICA
2026-06-30,,EL.PA,ESSILORLUXOTTICA
1999-12-31,37.4804,SAF.PA,SAFRAN
2000-01-31,52.2008,SAF.PA,SAFRAN
2000-02-29,61.1305,SAF.PA,SAFRAN
2000-03-31,61.0368,SAF.PA,SAFRAN
2000-04-30,56.1737,SAF.PA,SAFRAN
2000-05-31,54.7963,SAF.PA,SAFRAN
2000-06-30,40.1831,SAF.PA,SAFRAN
2000-07-31,41.5345,SAF.PA,SAFRAN
2000-08-31,32.4012,SAF.PA,SAFRAN
2000-09-30,27.5888,SAF.PA,SAFRAN
2000-10-31,17.025,SAF.PA,SAFRAN
2000-11-30,19.0716,SAF.PA,SAFRAN
2000-12-31,16.6111,SAF.PA,SAFRAN
2001-01-31,15.2048,SAF.PA,SAFRAN
2001-02-28,11.7907,SAF.PA,SAFRAN
2001-03-31,12.3211,SAF.PA,SAFRAN
2001-04-30,11.3058,SAF.PA,SAFRAN
2001-05-31,7.7658,SAF.PA,SAFRAN
2001-06-30,7.5574,SAF.PA,SAFRAN
2001-07-31,6.9252,SAF.PA,SAFRAN
2001-08-31,5.5269,SAF.PA,SAFRAN
2001-09-30,7.0037,SAF.PA,SAFRAN
2001-10-31,8.3154,SAF.PA,SAFRAN
2001-11-30,9.3104,SAF.PA,SAFRAN
2001-12-31,9.5946,SAF.PA,SAFRAN
2002-01-31,9.4444,SAF.PA,SAFRAN
2002-02-28,9.2075,SAF.PA,SAFRAN
2002-03-31,8.5997,SAF.PA,SAFRAN
2002-04-30,9.6812,SAF.PA,SAFRAN
2002-05-31,9.2848,SAF.PA,SAFRAN
2002-06-30,8.504,SAF.PA,SAFRAN
2002-07-31,9.3722,SAF.PA,SAFRAN
2002-08-31,7.9075,SAF.PA,SAFRAN
2002-09-30,10.1448,SAF.PA,SAFRAN
2002-10-31,9.9059,SAF.PA,SAFRAN
2002-11-30,8.8071,SAF.PA,SAFRAN
2002-12-31,8.9736,SAF.PA,SAFRAN
2003-01-31,8.2092,SAF.PA,SAFRAN
2003-02-28,8.3921,SAF.PA,SAFRAN
2003-03-31,9.8977,SAF.PA,SAFRAN
2003-04-30,9.7707,SAF.PA,SAFRAN
2003-05-31,9.6715,SAF.PA,SAFRAN
2003-06-30,11.154,SAF.PA,SAFRAN
2003-07-31,11.3405,SAF.PA,SAFRAN
2003-08-31,11.1139,SAF.PA,SAFRAN
2003-09-30,12.1294,SAF.PA,SAFRAN
2003-10-31,12.8465,SAF.PA,SAFRAN
2003-11-30,11.737,SAF.PA,SAFRAN
2003-12-31,12.9114,SAF.PA,SAFRAN
2004-01-31,12.4555,SAF.PA,SAFRAN
2004-02-29,12.5038,SAF.PA,SAFRAN
2004-03-31,12.5729,SAF.PA,SAFRAN
2004-04-30,12.5544,SAF.PA,SAFRAN
2004-05-31,12.8057,SAF.PA,SAFRAN
2004-06-30,11.3673,SAF.PA,SAFRAN
2004-07-31,10.7529,SAF.PA,SAFRAN
2004-08-31,10.7599,SAF.PA,SAFRAN
2004-09-30,9.9639,SAF.PA,SAFRAN
2004-10-31,9.6567,SAF.PA,SAFRAN
2004-11-30,10.9484,SAF.PA,SAFRAN
2004-12-31,10.7878,SAF.PA,SAFRAN
2005-01-31,12.4287,SAF.PA,SAFRAN
2005-02-28,12.1871,SAF.PA,SAFRAN
2005-03-31,11.1685,SAF.PA,SAFRAN
2005-04-30,10.9056,SAF.PA,SAFRAN
2005-05-31,12.1228,SAF.PA,SAFRAN
2005-06-30,12.965,SAF.PA,SAFRAN
2005-07-31,11.8822,SAF.PA,SAFRAN
2005-08-31,12.7102,SAF.PA,SAFRAN
2005-09-30,11.7477,SAF.PA,SAFRAN
2005-10-31,12.8234,SAF.PA,SAFRAN
2005-11-30,14.2954,SAF.PA,SAFRAN
2005-12-31,15.3853,SAF.PA,SAFRAN
2006-01-31,15.1164,SAF.PA,SAFRAN
2006-02-28,14.805,SAF.PA,SAFRAN
2006-03-31,14.4016,SAF.PA,SAFRAN
2006-04-30,12.4074,SAF.PA,SAFRAN
2006-05-31,12.299,SAF.PA,SAFRAN
2006-06-30,11.0055,SAF.PA,SAFRAN
2006-07-31,12.3062,SAF.PA,SAFRAN
2006-08-31,11.5186,SAF.PA,SAFRAN
2006-09-30,12.8121,SAF.PA,SAFRAN
2006-10-31,11.7281,SAF.PA,SAFRAN
2006-11-30,12.7037,SAF.PA,SAFRAN
2006-12-31,13.1517,SAF.PA,SAFRAN
2007-01-31,12.5302,SAF.PA,SAFRAN
2007-02-28,13.2023,SAF.PA,SAFRAN
2007-03-31,12.8626,SAF.PA,SAFRAN
2007-04-30,13.9825,SAF.PA,SAFRAN
2007-05-31,13.8802,SAF.PA,SAFRAN
2007-06-30,13.4782,SAF.PA,SAFRAN
2007-07-31,12.6669,SAF.PA,SAFRAN
2007-08-31,12.3745,SAF.PA,SAFRAN
2007-09-30,12.7984,SAF.PA,SAFRAN
2007-10-31,9.714,SAF.PA,SAFRAN
2007-11-30,10.2548,SAF.PA,SAFRAN
2007-12-31,8.0109,SAF.PA,SAFRAN
2008-01-31,9.7286,SAF.PA,SAFRAN
2008-02-29,9.4801,SAF.PA,SAFRAN
2008-03-31,9.8821,SAF.PA,SAFRAN
2008-04-30,10.2548,SAF.PA,SAFRAN
2008-05-31,9.2803,SAF.PA,SAFRAN
2008-06-30,8.2032,SAF.PA,SAFRAN
2008-07-31,9.1447,SAF.PA,SAFRAN
2008-08-31,9.2653,SAF.PA,SAFRAN
2008-09-30,7.4574,SAF.PA,SAFRAN
2008-10-31,7.6759,SAF.PA,SAFRAN
2008-11-30,7.3889,SAF.PA,SAFRAN
2008-12-31,7.4345,SAF.PA,SAFRAN
2009-01-31,6.1435,SAF.PA,SAFRAN
2009-02-28,5.3234,SAF.PA,SAFRAN
2009-03-31,6.8984,SAF.PA,SAFRAN
2009-04-30,7.0328,SAF.PA,SAFRAN
2009-05-31,7.2674,SAF.PA,SAFRAN
2009-06-30,8.3885,SAF.PA,SAFRAN
2009-07-31,9.9077,SAF.PA,SAFRAN
2009-08-31,9.9,SAF.PA,SAFRAN
2009-09-30,8.5045,SAF.PA,SAFRAN
2009-10-31,8.6166,SAF.PA,SAFRAN
2009-11-30,10.5842,SAF.PA,SAFRAN
2009-12-31,10.9669,SAF.PA,SAFRAN
2010-01-31,13.3597,SAF.PA,SAFRAN
2010-02-28,14.9215,SAF.PA,SAFRAN
2010-03-31,14.8673,SAF.PA,SAFRAN
2010-04-30,17.1751,SAF.PA,SAFRAN
2010-05-31,18.064,SAF.PA,SAFRAN
2010-06-30,16.2902,SAF.PA,SAFRAN
2010-07-31,15.2519,SAF.PA,SAFRAN
2010-08-31,16.2194,SAF.PA,SAFRAN
2010-09-30,17.9185,SAF.PA,SAFRAN
2010-10-31,18.9843,SAF.PA,SAFRAN
2010-11-30,20.8446,SAF.PA,SAFRAN
2010-12-31,20.7659,SAF.PA,SAFRAN
2011-01-31,20.2782,SAF.PA,SAFRAN
2011-02-28,19.6175,SAF.PA,SAFRAN
2011-03-31,21.0369,SAF.PA,SAFRAN
2011-04-30,22.683,SAF.PA,SAFRAN
2011-05-31,23.6465,SAF.PA,SAFRAN
2011-06-30,23.3093,SAF.PA,SAFRAN
2011-07-31,22.43,SAF.PA,SAFRAN
2011-08-31,18.6041,SAF.PA,SAFRAN
2011-09-30,19.0055,SAF.PA,SAFRAN
2011-10-31,17.6084,SAF.PA,SAFRAN
2011-11-30,18.8489,SAF.PA,SAFRAN
2011-12-31,19.3484,SAF.PA,SAFRAN
2012-01-31,20.4328,SAF.PA,SAFRAN
2012-02-29,22.3823,SAF.PA,SAFRAN
2012-03-31,22.7437,SAF.PA,SAFRAN
2012-04-30,22.561,SAF.PA,SAFRAN
2012-05-31,24.0519,SAF.PA,SAFRAN
2012-06-30,22.7299,SAF.PA,SAFRAN
2012-07-31,22.9441,SAF.PA,SAFRAN
2012-08-31,23.0511,SAF.PA,SAFRAN
2012-09-30,25.2834,SAF.PA,SAFRAN
2012-10-31,25.9382,SAF.PA,SAFRAN
2012-11-30,27.106,SAF.PA,SAFRAN
2012-12-31,28.1205,SAF.PA,SAFRAN
2013-01-31,29.1725,SAF.PA,SAFRAN
2013-02-28,28.9355,SAF.PA,SAFRAN
2013-03-31,31.0103,SAF.PA,SAFRAN
2013-04-30,34.1746,SAF.PA,SAFRAN
2013-05-31,33.9042,SAF.PA,SAFRAN
2013-06-30,37.2967,SAF.PA,SAFRAN
2013-07-31,35.5012,SAF.PA,SAFRAN
2013-08-31,38.4754,SAF.PA,SAFRAN
2013-09-30,39.7767,SAF.PA,SAFRAN
2013-10-31,40.9427,SAF.PA,SAFRAN
2013-11-30,43.1087,SAF.PA,SAFRAN
2013-12-31,45.029,SAF.PA,SAFRAN
2014-01-31,43.5354,SAF.PA,SAFRAN
2014-02-28,42.921,SAF.PA,SAFRAN
2014-03-31,41.3463,SAF.PA,SAFRAN
2014-04-30,43.0446,SAF.PA,SAFRAN
2014-05-31,41.3413,SAF.PA,SAFRAN
2014-06-30,37.952,SAF.PA,SAFRAN
2014-07-31,43.131,SAF.PA,SAFRAN
2014-08-31,44.4236,SAF.PA,SAFRAN
2014-09-30,43.6628,SAF.PA,SAFRAN
2014-10-31,44.9856,SAF.PA,SAFRAN
2014-11-30,44.8164,SAF.PA,SAFRAN
2014-12-31,51.7596,SAF.PA,SAFRAN
2015-01-31,55.0039,SAF.PA,SAFRAN
2015-02-28,56.8403,SAF.PA,SAFRAN
2015-03-31,57.5944,SAF.PA,SAFRAN
2015-04-30,56.853,SAF.PA,SAFRAN
2015-05-31,53.6577,SAF.PA,SAFRAN
2015-06-30,60.7809,SAF.PA,SAFRAN
2015-07-31,61.4517,SAF.PA,SAFRAN
2015-08-31,59.4039,SAF.PA,SAFRAN
2015-09-30,61.0015,SAF.PA,SAFRAN
2015-10-31,61.6812,SAF.PA,SAFRAN
2015-11-30,56.4686,SAF.PA,SAFRAN
2015-12-31,53.1627,SAF.PA,SAFRAN
2016-01-31,51.0686,SAF.PA,SAFRAN
2016-02-29,54.7845,SAF.PA,SAFRAN
2016-03-31,53.6171,SAF.PA,SAFRAN
2016-04-30,56.8786,SAF.PA,SAFRAN
2016-05-31,55.0007,SAF.PA,SAFRAN
2016-06-30,54.8924,SAF.PA,SAFRAN
2016-07-31,56.5897,SAF.PA,SAFRAN
2016-08-31,57.7814,SAF.PA,SAFRAN
2016-09-30,56.5445,SAF.PA,SAFRAN
2016-10-31,58.4766,SAF.PA,SAFRAN
2016-11-30,62.3995,SAF.PA,SAFRAN
2016-12-31,57.1828,SAF.PA,SAFRAN
2017-01-31,61.2504,SAF.PA,SAFRAN
2017-02-28,63.8678,SAF.PA,SAFRAN
2017-03-31,69.3307,SAF.PA,SAFRAN
2017-04-30,71.8661,SAF.PA,SAFRAN
2017-05-31,73.9446,SAF.PA,SAFRAN
2017-06-30,73.6589,SAF.PA,SAFRAN
2017-07-31,75.1887,SAF.PA,SAFRAN
2017-08-31,79.6582,SAF.PA,SAFRAN
2017-09-30,83.3351,SAF.PA,SAFRAN
2017-10-31,82.5057,SAF.PA,SAFRAN
2017-11-30,79.1697,SAF.PA,SAFRAN
2017-12-31,83.8051,SAF.PA,SAFRAN
2018-01-31,83.7682,SAF.PA,SAFRAN
2018-02-28,79.2343,SAF.PA,SAFRAN
2018-03-31,89.8136,SAF.PA,SAFRAN
2018-04-30,95.647,SAF.PA,SAFRAN
2018-05-31,97.4261,SAF.PA,SAFRAN
2018-06-30,99.2988,SAF.PA,SAFRAN
2018-07-31,105.1509,SAF.PA,SAFRAN
2018-08-31,113.0161,SAF.PA,SAFRAN
2018-09-30,106.7895,SAF.PA,SAFRAN
2018-10-31,103.325,SAF.PA,SAFRAN
2018-11-30,98.6902,SAF.PA,SAFRAN
2018-12-31,107.2108,SAF.PA,SAFRAN
2019-01-31,112.2671,SAF.PA,SAFRAN
2019-02-28,114.4675,SAF.PA,SAFRAN
2019-03-31,121.6304,SAF.PA,SAFRAN
2019-04-30,111.8775,SAF.PA,SAFRAN
2019-05-31,122.4759,SAF.PA,SAFRAN
2019-06-30,123.4264,SAF.PA,SAFRAN
2019-07-31,125.6126,SAF.PA,SAFRAN
2019-08-31,137.3042,SAF.PA,SAFRAN
2019-09-30,134.8328,SAF.PA,SAFRAN
2019-10-31,141.1063,SAF.PA,SAFRAN
2019-11-30,130.8405,SAF.PA,SAFRAN
2019-12-31,138.73,SAF.PA,SAFRAN
2020-01-31,117.9609,SAF.PA,SAFRAN
2020-02-29,76.1755,SAF.PA,SAFRAN
2020-03-31,80.0537,SAF.PA,SAFRAN
2020-04-30,81.6126,SAF.PA,SAFRAN
2020-05-31,84.8064,SAF.PA,SAFRAN
2020-06-30,85.0155,SAF.PA,SAFRAN
2020-07-31,92.2205,SAF.PA,SAFRAN
2020-08-31,80.2628,SAF.PA,SAFRAN
2020-09-30,86.042,SAF.PA,SAFRAN
2020-10-31,116.2499,SAF.PA,SAFRAN
2020-11-30,110.2141,SAF.PA,SAFRAN
2020-12-31,98.9503,SAF.PA,SAFRAN
2021-01-31,107.6476,SAF.PA,SAFRAN
2021-02-28,110.3091,SAF.PA,SAFRAN
2021-03-31,118.0369,SAF.PA,SAFRAN
2021-04-30,116.7113,SAF.PA,SAFRAN
2021-05-31,111.5224,SAF.PA,SAFRAN
2021-06-30,105.208,SAF.PA,SAFRAN
2021-07-31,101.3545,SAF.PA,SAFRAN
2021-08-31,104.5976,SAF.PA,SAFRAN
2021-09-30,110.6831,SAF.PA,SAFRAN
2021-10-31,94.2198,SAF.PA,SAFRAN
2021-11-30,102.6899,SAF.PA,SAFRAN
2021-12-31,101.6979,SAF.PA,SAFRAN
2022-01-31,109.4049,SAF.PA,SAFRAN
2022-02-28,102.3084,SAF.PA,SAFRAN
2022-03-31,98.4167,SAF.PA,SAFRAN
2022-04-30,92.2684,SAF.PA,SAFRAN
2022-05-31,90.3128,SAF.PA,SAFRAN
2022-06-30,102.5545,SAF.PA,SAFRAN
2022-07-31,97.6847,SAF.PA,SAFRAN
2022-08-31,90.1211,SAF.PA,SAFRAN
2022-09-30,108.0571,SAF.PA,SAFRAN
2022-10-31,112.5627,SAF.PA,SAFRAN
2022-11-30,112.0833,SAF.PA,SAFRAN
2022-12-31,126.3478,SAF.PA,SAFRAN
2023-01-31,128.4185,SAF.PA,SAFRAN
2023-02-28,130.8917,SAF.PA,SAFRAN
2023-03-31,135.1097,SAF.PA,SAFRAN
2023-04-30,131.1089,SAF.PA,SAFRAN
2023-05-31,138.8725,SAF.PA,SAFRAN
2023-06-30,146.1327,SAF.PA,SAFRAN
2023-07-31,143.5577,SAF.PA,SAFRAN
2023-08-31,143.8868,SAF.PA,SAFRAN
2023-09-30,142.3186,SAF.PA,SAFRAN
2023-10-31,155.871,SAF.PA,SAFRAN
2023-11-30,154.3608,SAF.PA,SAFRAN
2023-12-31,167.8744,SAF.PA,SAFRAN
2024-01-31,187.5059,SAF.PA,SAFRAN
2024-02-29,203.3331,SAF.PA,SAFRAN
2024-03-31,197.6702,SAF.PA,SAFRAN
2024-04-30,209.3596,SAF.PA,SAFRAN
2024-05-31,193.0294,SAF.PA,SAFRAN
2024-06-30,198.6032,SAF.PA,SAFRAN
2024-07-31,193.5672,SAF.PA,SAFRAN
2024-08-31,206.426,SAF.PA,SAFRAN
2024-09-30,203.1991,SAF.PA,SAFRAN
2024-10-31,215.6179,SAF.PA,SAFRAN
2024-11-30,207.4039,SAF.PA,SAFRAN
2024-12-31,234.5884,SAF.PA,SAFRAN
2025-01-31,244.5625,SAF.PA,SAFRAN
2025-02-28,236.6419,SAF.PA,SAFRAN
2025-03-31,227.8411,SAF.PA,SAFRAN
2025-04-30,258.4955,SAF.PA,SAFRAN
2025-05-31,272.8344,SAF.PA,SAFRAN
2025-06-30,286.2833,SAF.PA,SAFRAN
2025-07-31,281.7344,SAF.PA,SAFRAN
2025-08-31,296.7656,SAF.PA,SAFRAN
2025-09-30,304.4789,SAF.PA,SAFRAN
2025-10-31,287.0744,SAF.PA,SAFRAN
2025-11-30,294.0956,SAF.PA,SAFRAN
2025-12-31,297.6555,SAF.PA,SAFRAN
2026-01-31,336.2222,SAF.PA,SAFRAN
2026-02-28,276.2955,SAF.PA,SAFRAN
2026-03-31,269.9666,SAF.PA,SAFRAN
2026-04-30,305.7,SAF.PA,SAFRAN
2026-05-31,345.0,SAF.PA,SAFRAN
2026-06-30,,SAF.PA,SAFRAN
1999-12-31,13.6184,AI.PA,AIR LIQUIDE
2000-01-31,12.1457,AI.PA,AIR LIQUIDE
2000-02-29,12.5702,AI.PA,AIR LIQUIDE
2000-03-31,12.4229,AI.PA,AIR LIQUIDE
2000-04-30,13.2452,AI.PA,AIR LIQUIDE
2000-05-31,13.2558,AI.PA,AIR LIQUIDE
2000-06-30,13.3432,AI.PA,AIR LIQUIDE
2000-07-31,13.9254,AI.PA,AIR LIQUIDE
2000-08-31,12.8968,AI.PA,AIR LIQUIDE
2000-09-30,13.5178,AI.PA,AIR LIQUIDE
2000-10-31,14.5853,AI.PA,AIR LIQUIDE
2000-11-30,15.4198,AI.PA,AIR LIQUIDE
2000-12-31,14.1583,AI.PA,AIR LIQUIDE
2001-01-31,14.43,AI.PA,AIR LIQUIDE
2001-02-28,15.4684,AI.PA,AIR LIQUIDE
2001-03-31,16.4776,AI.PA,AIR LIQUIDE
2001-04-30,16.2162,AI.PA,AIR LIQUIDE
2001-05-31,16.7835,AI.PA,AIR LIQUIDE
2001-06-30,15.9231,AI.PA,AIR LIQUIDE
2001-07-31,15.3791,AI.PA,AIR LIQUIDE
2001-08-31,15.2308,AI.PA,AIR LIQUIDE
2001-09-30,14.8154,AI.PA,AIR LIQUIDE
2001-10-31,15.6758,AI.PA,AIR LIQUIDE
2001-11-30,15.567,AI.PA,AIR LIQUIDE
2001-12-31,15.6758,AI.PA,AIR LIQUIDE
2002-01-31,16.1505,AI.PA,AIR LIQUIDE
2002-02-28,16.289,AI.PA,AIR LIQUIDE
2002-03-31,16.9912,AI.PA,AIR LIQUIDE
2002-04-30,17.0492,AI.PA,AIR LIQUIDE
2002-05-31,17.6405,AI.PA,AIR LIQUIDE
2002-06-30,16.2139,AI.PA,AIR LIQUIDE
2002-07-31,15.9987,AI.PA,AIR LIQUIDE
2002-08-31,14.1532,AI.PA,AIR LIQUIDE
2002-09-30,14.6514,AI.PA,AIR LIQUIDE
2002-10-31,15.2968,AI.PA,AIR LIQUIDE
2002-11-30,14.2324,AI.PA,AIR LIQUIDE
2002-12-31,13.2134,AI.PA,AIR LIQUIDE
2003-01-31,13.4851,AI.PA,AIR LIQUIDE
2003-02-28,13.7569,AI.PA,AIR LIQUIDE
2003-03-31,15.3647,AI.PA,AIR LIQUIDE
2003-04-30,15.0355,AI.PA,AIR LIQUIDE
2003-05-31,14.9544,AI.PA,AIR LIQUIDE
2003-06-30,16.0896,AI.PA,AIR LIQUIDE
2003-07-31,15.1513,AI.PA,AIR LIQUIDE
2003-08-31,14.0509,AI.PA,AIR LIQUIDE
2003-09-30,14.769,AI.PA,AIR LIQUIDE
2003-10-31,15.522,AI.PA,AIR LIQUIDE
2003-11-30,16.217,AI.PA,AIR LIQUIDE
2003-12-31,15.6031,AI.PA,AIR LIQUIDE
2004-01-31,16.5182,AI.PA,AIR LIQUIDE
2004-02-29,16.0432,AI.PA,AIR LIQUIDE
2004-03-31,16.9236,AI.PA,AIR LIQUIDE
2004-04-30,17.296,AI.PA,AIR LIQUIDE
2004-05-31,17.8562,AI.PA,AIR LIQUIDE
2004-06-30,17.6723,AI.PA,AIR LIQUIDE
2004-07-31,17.1599,AI.PA,AIR LIQUIDE
2004-08-31,16.5949,AI.PA,AIR LIQUIDE
2004-09-30,16.6343,AI.PA,AIR LIQUIDE
2004-10-31,17.0942,AI.PA,AIR LIQUIDE
2004-11-30,17.8694,AI.PA,AIR LIQUIDE
2004-12-31,17.3307,AI.PA,AIR LIQUIDE
2005-01-31,17.83,AI.PA,AIR LIQUIDE
2005-02-28,18.6446,AI.PA,AIR LIQUIDE
2005-03-31,18.1322,AI.PA,AIR LIQUIDE
2005-04-30,19.0056,AI.PA,AIR LIQUIDE
2005-05-31,19.0206,AI.PA,AIR LIQUIDE
2005-06-30,19.7766,AI.PA,AIR LIQUIDE
2005-07-31,19.0206,AI.PA,AIR LIQUIDE
2005-08-31,20.654,AI.PA,AIR LIQUIDE
2005-09-30,20.4785,AI.PA,AIR LIQUIDE
2005-10-31,20.708,AI.PA,AIR LIQUIDE
2005-11-30,21.9364,AI.PA,AIR LIQUIDE
2005-12-31,22.8409,AI.PA,AIR LIQUIDE
2006-01-31,22.3549,AI.PA,AIR LIQUIDE
2006-02-28,23.1919,AI.PA,AIR LIQUIDE
2006-03-31,23.1514,AI.PA,AIR LIQUIDE
2006-04-30,22.3576,AI.PA,AIR LIQUIDE
2006-05-31,23.1653,AI.PA,AIR LIQUIDE
2006-06-30,24.0323,AI.PA,AIR LIQUIDE
2006-07-31,25.0514,AI.PA,AIR LIQUIDE
2006-08-31,24.4734,AI.PA,AIR LIQUIDE
2006-09-30,25.3708,AI.PA,AIR LIQUIDE
2006-10-31,25.9944,AI.PA,AIR LIQUIDE
2006-11-30,27.3634,AI.PA,AIR LIQUIDE
2006-12-31,27.1808,AI.PA,AIR LIQUIDE
2007-01-31,26.3549,AI.PA,AIR LIQUIDE
2007-02-28,27.7589,AI.PA,AIR LIQUIDE
2007-03-31,27.7954,AI.PA,AIR LIQUIDE
2007-04-30,27.3947,AI.PA,AIR LIQUIDE
2007-05-31,30.344,AI.PA,AIR LIQUIDE
2007-06-30,29.8052,AI.PA,AIR LIQUIDE
2007-07-31,29.1326,AI.PA,AIR LIQUIDE
2007-08-31,29.2291,AI.PA,AIR LIQUIDE
2007-09-30,29.581,AI.PA,AIR LIQUIDE
2007-10-31,30.892,AI.PA,AIR LIQUIDE
2007-11-30,31.6986,AI.PA,AIR LIQUIDE
2007-12-31,28.9426,AI.PA,AIR LIQUIDE
2008-01-31,29.2571,AI.PA,AIR LIQUIDE
2008-02-29,30.073,AI.PA,AIR LIQUIDE
2008-03-31,30.1197,AI.PA,AIR LIQUIDE
2008-04-30,30.0768,AI.PA,AIR LIQUIDE
2008-05-31,29.529,AI.PA,AIR LIQUIDE
2008-06-30,29.6698,AI.PA,AIR LIQUIDE
2008-07-31,29.2261,AI.PA,AIR LIQUIDE
2008-08-31,27.2563,AI.PA,AIR LIQUIDE
2008-09-30,23.6967,AI.PA,AIR LIQUIDE
2008-10-31,23.5365,AI.PA,AIR LIQUIDE
2008-11-30,23.0436,AI.PA,AIR LIQUIDE
2008-12-31,20.0809,AI.PA,AIR LIQUIDE
2009-01-31,20.477,AI.PA,AIR LIQUIDE
2009-02-28,21.5631,AI.PA,AIR LIQUIDE
2009-03-31,21.7779,AI.PA,AIR LIQUIDE
2009-04-30,23.8294,AI.PA,AIR LIQUIDE
2009-05-31,23.6658,AI.PA,AIR LIQUIDE
2009-06-30,26.6281,AI.PA,AIR LIQUIDE
2009-07-31,27.0606,AI.PA,AIR LIQUIDE
2009-08-31,28.2601,AI.PA,AIR LIQUIDE
2009-09-30,26.679,AI.PA,AIR LIQUIDE
2009-10-31,28.1329,AI.PA,AIR LIQUIDE
2009-11-30,30.1793,AI.PA,AIR LIQUIDE
2009-12-31,27.9839,AI.PA,AIR LIQUIDE
2010-01-31,31.8803,AI.PA,AIR LIQUIDE
2010-02-28,32.3056,AI.PA,AIR LIQUIDE
2010-03-31,31.9239,AI.PA,AIR LIQUIDE
2010-04-30,31.7395,AI.PA,AIR LIQUIDE
2010-05-31,33.1911,AI.PA,AIR LIQUIDE
2010-06-30,34.3484,AI.PA,AIR LIQUIDE
2010-07-31,32.6343,AI.PA,AIR LIQUIDE
2010-08-31,35.5891,AI.PA,AIR LIQUIDE
2010-09-30,36.9612,AI.PA,AIR LIQUIDE
2010-10-31,35.8715,AI.PA,AIR LIQUIDE
2010-11-30,37.6373,AI.PA,AIR LIQUIDE
2010-12-31,36.2811,AI.PA,AIR LIQUIDE
2011-01-31,37.3072,AI.PA,AIR LIQUIDE
2011-02-28,37.2873,AI.PA,AIR LIQUIDE
2011-03-31,39.7211,AI.PA,AIR LIQUIDE
2011-04-30,39.2333,AI.PA,AIR LIQUIDE
2011-05-31,40.1722,AI.PA,AIR LIQUIDE
2011-06-30,38.9976,AI.PA,AIR LIQUIDE
2011-07-31,36.5793,AI.PA,AIR LIQUIDE
2011-08-31,35.7583,AI.PA,AIR LIQUIDE
2011-09-30,38.1034,AI.PA,AIR LIQUIDE
2011-10-31,38.1888,AI.PA,AIR LIQUIDE
2011-11-30,38.8512,AI.PA,AIR LIQUIDE
2011-12-31,39.1073,AI.PA,AIR LIQUIDE
2012-01-31,39.6397,AI.PA,AIR LIQUIDE
2012-02-29,40.6274,AI.PA,AIR LIQUIDE
2012-03-31,39.4934,AI.PA,AIR LIQUIDE
2012-04-30,40.1387,AI.PA,AIR LIQUIDE
2012-05-31,41.3226,AI.PA,AIR LIQUIDE
2012-06-30,41.7494,AI.PA,AIR LIQUIDE
2012-07-31,42.9287,AI.PA,AIR LIQUIDE
2012-08-31,44.2595,AI.PA,AIR LIQUIDE
2012-09-30,41.7586,AI.PA,AIR LIQUIDE
2012-10-31,43.0939,AI.PA,AIR LIQUIDE
2012-11-30,43.617,AI.PA,AIR LIQUIDE
2012-12-31,43.1995,AI.PA,AIR LIQUIDE
2013-01-31,42.7681,AI.PA,AIR LIQUIDE
2013-02-28,43.4931,AI.PA,AIR LIQUIDE
2013-03-31,44.108,AI.PA,AIR LIQUIDE
2013-04-30,46.674,AI.PA,AIR LIQUIDE
2013-05-31,44.5693,AI.PA,AIR LIQUIDE
2013-06-30,46.876,AI.PA,AIR LIQUIDE
2013-07-31,46.7492,AI.PA,AIR LIQUIDE
2013-08-31,48.3653,AI.PA,AIR LIQUIDE
2013-09-30,47.1203,AI.PA,AIR LIQUIDE
2013-10-31,48.2008,AI.PA,AIR LIQUIDE
2013-11-30,48.2948,AI.PA,AIR LIQUIDE
2013-12-31,43.7848,AI.PA,AIR LIQUIDE
2014-01-31,46.8666,AI.PA,AIR LIQUIDE
2014-02-28,46.1901,AI.PA,AIR LIQUIDE
2014-03-31,48.4357,AI.PA,AIR LIQUIDE
2014-04-30,51.316,AI.PA,AIR LIQUIDE
2014-05-31,52.0892,AI.PA,AIR LIQUIDE
2014-06-30,50.198,AI.PA,AIR LIQUIDE
2014-07-31,51.3708,AI.PA,AIR LIQUIDE
2014-08-31,51.0168,AI.PA,AIR LIQUIDE
2014-09-30,50.8478,AI.PA,AIR LIQUIDE
2014-10-31,53.4628,AI.PA,AIR LIQUIDE
2014-11-30,54.3345,AI.PA,AIR LIQUIDE
2014-12-31,59.1683,AI.PA,AIR LIQUIDE
2015-01-31,62.3909,AI.PA,AIR LIQUIDE
2015-02-28,63.289,AI.PA,AIR LIQUIDE
2015-03-31,61.7041,AI.PA,AIR LIQUIDE
2015-04-30,63.2176,AI.PA,AIR LIQUIDE
2015-05-31,61.1427,AI.PA,AIR LIQUIDE
2015-06-30,63.8913,AI.PA,AIR LIQUIDE
2015-07-31,57.5857,AI.PA,AIR LIQUIDE
2015-08-31,56.9389,AI.PA,AIR LIQUIDE
2015-09-30,63.5409,AI.PA,AIR LIQUIDE
2015-10-31,62.2475,AI.PA,AIR LIQUIDE
2015-11-30,55.8611,AI.PA,AIR LIQUIDE
2015-12-31,51.3178,AI.PA,AIR LIQUIDE
2016-01-31,51.8352,AI.PA,AIR LIQUIDE
2016-02-29,53.2957,AI.PA,AIR LIQUIDE
2016-03-31,53.355,AI.PA,AIR LIQUIDE
2016-04-30,53.3208,AI.PA,AIR LIQUIDE
2016-05-31,51.9565,AI.PA,AIR LIQUIDE
2016-06-30,52.6911,AI.PA,AIR LIQUIDE
2016-07-31,54.3151,AI.PA,AIR LIQUIDE
2016-08-31,54.1309,AI.PA,AIR LIQUIDE
2016-09-30,52.56,AI.PA,AIR LIQUIDE
2016-10-31,54.4882,AI.PA,AIR LIQUIDE
2016-11-30,59.9155,AI.PA,AIR LIQUIDE
2016-12-31,56.7113,AI.PA,AIR LIQUIDE
2017-01-31,57.7888,AI.PA,AIR LIQUIDE
2017-02-28,60.7378,AI.PA,AIR LIQUIDE
2017-03-31,62.7227,AI.PA,AIR LIQUIDE
2017-04-30,62.831,AI.PA,AIR LIQUIDE
2017-05-31,62.6573,AI.PA,AIR LIQUIDE
2017-06-30,60.0514,AI.PA,AIR LIQUIDE
2017-07-31,59.3854,AI.PA,AIR LIQUIDE
2017-08-31,65.3501,AI.PA,AIR LIQUIDE
2017-09-30,69.6237,AI.PA,AIR LIQUIDE
2017-10-31,66.9802,AI.PA,AIR LIQUIDE
2017-11-30,66.9165,AI.PA,AIR LIQUIDE
2017-12-31,69.146,AI.PA,AIR LIQUIDE
2018-01-31,65.7062,AI.PA,AIR LIQUIDE
2018-02-28,63.3684,AI.PA,AIR LIQUIDE
2018-03-31,68.8275,AI.PA,AIR LIQUIDE
2018-04-30,68.6235,AI.PA,AIR LIQUIDE
2018-05-31,70.1209,AI.PA,AIR LIQUIDE
2018-06-30,71.2929,AI.PA,AIR LIQUIDE
2018-07-31,70.6418,AI.PA,AIR LIQUIDE
2018-08-31,73.767,AI.PA,AIR LIQUIDE
2018-09-30,69.6652,AI.PA,AIR LIQUIDE
2018-10-31,69.5024,AI.PA,AIR LIQUIDE
2018-11-30,70.6092,AI.PA,AIR LIQUIDE
2018-12-31,68.9815,AI.PA,AIR LIQUIDE
2019-01-31,71.3905,AI.PA,AIR LIQUIDE
2019-02-28,73.7995,AI.PA,AIR LIQUIDE
2019-03-31,77.1851,AI.PA,AIR LIQUIDE
2019-04-30,74.1067,AI.PA,AIR LIQUIDE
2019-05-31,81.7832,AI.PA,AIR LIQUIDE
2019-06-30,83.0793,AI.PA,AIR LIQUIDE
2019-07-31,84.1759,AI.PA,AIR LIQUIDE
2019-08-31,86.8012,AI.PA,AIR LIQUIDE
2019-09-30,87.0737,AI.PA,AIR LIQUIDE
2019-10-31,89.9616,AI.PA,AIR LIQUIDE
2019-11-30,92.2645,AI.PA,AIR LIQUIDE
2019-12-31,95.591,AI.PA,AIR LIQUIDE
2020-01-31,89.8519,AI.PA,AIR LIQUIDE
2020-02-29,85.2825,AI.PA,AIR LIQUIDE
2020-03-31,84.8804,AI.PA,AIR LIQUIDE
2020-04-30,91.1326,AI.PA,AIR LIQUIDE
2020-05-31,95.8348,AI.PA,AIR LIQUIDE
2020-06-30,104.1942,AI.PA,AIR LIQUIDE
2020-07-31,103.7837,AI.PA,AIR LIQUIDE
2020-08-31,101.1341,AI.PA,AIR LIQUIDE
2020-09-30,93.6703,AI.PA,AIR LIQUIDE
2020-10-31,102.7388,AI.PA,AIR LIQUIDE
2020-11-30,100.2011,AI.PA,AIR LIQUIDE
2020-12-31,100.7609,AI.PA,AIR LIQUIDE
2021-01-31,93.0732,AI.PA,AIR LIQUIDE
2021-02-28,103.9703,AI.PA,AIR LIQUIDE
2021-03-31,104.5824,AI.PA,AIR LIQUIDE
2021-04-30,105.6651,AI.PA,AIR LIQUIDE
2021-05-31,112.1837,AI.PA,AIR LIQUIDE
2021-06-30,111.3632,AI.PA,AIR LIQUIDE
2021-07-31,115.3442,AI.PA,AIR LIQUIDE
2021-08-31,105.2852,AI.PA,AIR LIQUIDE
2021-09-30,109.5854,AI.PA,AIR LIQUIDE
2021-10-31,110.7858,AI.PA,AIR LIQUIDE
2021-11-30,116.4839,AI.PA,AIR LIQUIDE
2021-12-31,115.01,AI.PA,AIR LIQUIDE
2022-01-31,112.9739,AI.PA,AIR LIQUIDE
2022-02-28,120.7384,AI.PA,AIR LIQUIDE
2022-03-31,125.616,AI.PA,AIR LIQUIDE
2022-04-30,125.7581,AI.PA,AIR LIQUIDE
2022-05-31,108.839,AI.PA,AIR LIQUIDE
2022-06-30,113.9361,AI.PA,AIR LIQUIDE
2022-07-31,106.3585,AI.PA,AIR LIQUIDE
2022-08-31,99.8682,AI.PA,AIR LIQUIDE
2022-09-30,112.39,AI.PA,AIR LIQUIDE
2022-10-31,117.4191,AI.PA,AIR LIQUIDE
2022-11-30,112.4749,AI.PA,AIR LIQUIDE
2022-12-31,124.0792,AI.PA,AIR LIQUIDE
2023-01-31,127.902,AI.PA,AIR LIQUIDE
2023-02-28,130.9942,AI.PA,AIR LIQUIDE
2023-03-31,138.6228,AI.PA,AIR LIQUIDE
2023-04-30,135.2833,AI.PA,AIR LIQUIDE
2023-05-31,141.8125,AI.PA,AIR LIQUIDE
2023-06-30,141.0871,AI.PA,AIR LIQUIDE
2023-07-31,144.1099,AI.PA,AIR LIQUIDE
2023-08-31,138.047,AI.PA,AIR LIQUIDE
2023-09-30,139.6361,AI.PA,AIR LIQUIDE
2023-10-31,150.1037,AI.PA,AIR LIQUIDE
2023-11-30,152.1073,AI.PA,AIR LIQUIDE
2023-12-31,150.0,AI.PA,AIR LIQUIDE
2024-01-31,162.2812,AI.PA,AIR LIQUIDE
2024-02-29,166.5477,AI.PA,AIR LIQUIDE
2024-03-31,158.8093,AI.PA,AIR LIQUIDE
2024-04-30,158.3368,AI.PA,AIR LIQUIDE
2024-05-31,155.659,AI.PA,AIR LIQUIDE
2024-06-30,162.8976,AI.PA,AIR LIQUIDE
2024-07-31,162.8397,AI.PA,AIR LIQUIDE
2024-08-31,167.2215,AI.PA,AIR LIQUIDE
2024-09-30,158.9212,AI.PA,AIR LIQUIDE
2024-10-31,151.7984,AI.PA,AIR LIQUIDE
2024-11-30,151.4509,AI.PA,AIR LIQUIDE
2024-12-31,162.7239,AI.PA,AIR LIQUIDE
2025-01-31,170.4644,AI.PA,AIR LIQUIDE
2025-02-28,169.0359,AI.PA,AIR LIQUIDE
2025-03-31,174.267,AI.PA,AIR LIQUIDE
2025-04-30,178.9188,AI.PA,AIR LIQUIDE
2025-05-31,171.7974,AI.PA,AIR LIQUIDE
2025-06-30,169.502,AI.PA,AIR LIQUIDE
2025-07-31,172.8568,AI.PA,AIR LIQUIDE
2025-08-31,173.4845,AI.PA,AIR LIQUIDE
2025-09-30,164.7152,AI.PA,AIR LIQUIDE
2025-10-31,161.9686,AI.PA,AIR LIQUIDE
2025-11-30,157.2014,AI.PA,AIR LIQUIDE
2025-12-31,154.9256,AI.PA,AIR LIQUIDE
2026-01-31,174.8382,AI.PA,AIR LIQUIDE
2026-02-28,174.5243,AI.PA,AIR LIQUIDE
2026-03-31,179.5858,AI.PA,AIR LIQUIDE
2026-04-30,178.08,AI.PA,AIR LIQUIDE
2026-05-31,173.28,AI.PA,AIR LIQUIDE
2026-06-30,,AI.PA,AIR LIQUIDE
2000-11-30,-3.6858,ABI.BR,AB INBEV
2000-12-31,-2.9689,ABI.BR,AB INBEV
2001-01-31,-3.0096,ABI.BR,AB INBEV
2001-02-28,-2.8785,ABI.BR,AB INBEV
2001-03-31,-2.9998,ABI.BR,AB INBEV
2001-04-30,-2.9198,ABI.BR,AB INBEV
2001-05-31,-3.1598,ABI.BR,AB INBEV
2001-06-30,-2.9998,ABI.BR,AB INBEV
2001-07-31,-2.7668,ABI.BR,AB INBEV
2001-08-31,-2.7868,ABI.BR,AB INBEV
2001-09-30,-2.8838,ABI.BR,AB INBEV
2001-10-31,-2.9398,ABI.BR,AB INBEV
2001-11-30,-3.0748,ABI.BR,AB INBEV
2001-12-31,-2.9998,ABI.BR,AB INBEV
2002-01-31,-3.1248,ABI.BR,AB INBEV
2002-02-28,-3.1438,ABI.BR,AB INBEV
2002-03-31,-3.3028,ABI.BR,AB INBEV
2002-04-30,-3.2736,ABI.BR,AB INBEV
2002-05-31,-2.9326,ABI.BR,AB INBEV
2002-06-30,-2.8942,ABI.BR,AB INBEV
2002-07-31,-2.7449,ABI.BR,AB INBEV
2002-08-31,-2.4191,ABI.BR,AB INBEV
2002-09-30,-2.295,ABI.BR,AB INBEV
2002-10-31,-2.1185,ABI.BR,AB INBEV
2002-11-30,-2.2698,ABI.BR,AB INBEV
2002-12-31,-1.8733,ABI.BR,AB INBEV
2003-01-31,-1.607,ABI.BR,AB INBEV
2003-02-28,-1.8723,ABI.BR,AB INBEV
2003-03-31,-2.0503,ABI.BR,AB INBEV
2003-04-30,-1.8371,ABI.BR,AB INBEV
2003-05-31,-1.9837,ABI.BR,AB INBEV
2003-06-30,-2.0319,ABI.BR,AB INBEV
2003-07-31,-2.3046,ABI.BR,AB INBEV
2003-08-31,-2.1918,ABI.BR,AB INBEV
2003-09-30,-2.0647,ABI.BR,AB INBEV
2003-10-31,-2.1119,ABI.BR,AB INBEV
2003-11-30,-2.1693,ABI.BR,AB INBEV
2003-12-31,-2.2113,ABI.BR,AB INBEV
2004-01-31,-2.4809,ABI.BR,AB INBEV
2004-02-29,-2.2954,ABI.BR,AB INBEV
2004-03-31,-2.6066,ABI.BR,AB INBEV
2004-04-30,-2.6055,ABI.BR,AB INBEV
2004-05-31,-2.72,ABI.BR,AB INBEV
2004-06-30,-2.616,ABI.BR,AB INBEV
2004-07-31,-2.7428,ABI.BR,AB INBEV
2004-08-31,-2.7917,ABI.BR,AB INBEV
2004-09-30,-2.8968,ABI.BR,AB INBEV
2004-10-31,-2.8729,ABI.BR,AB INBEV
2004-11-30,-2.9686,ABI.BR,AB INBEV
2004-12-31,-2.9592,ABI.BR,AB INBEV
2005-01-31,-3.0029,ABI.BR,AB INBEV
2005-02-28,-2.8094,ABI.BR,AB INBEV
2005-03-31,-2.6083,ABI.BR,AB INBEV
2005-04-30,-2.8343,ABI.BR,AB INBEV
2005-05-31,-2.9536,ABI.BR,AB INBEV
2005-06-30,-3.2366,ABI.BR,AB INBEV
2005-07-31,-3.3411,ABI.BR,AB INBEV
2005-08-31,-3.4752,ABI.BR,AB INBEV
2005-09-30,-3.5217,ABI.BR,AB INBEV
2005-10-31,-3.791,ABI.BR,AB INBEV
2005-11-30,-3.8829,ABI.BR,AB INBEV
2005-12-31,-4.0941,ABI.BR,AB INBEV
2006-01-31,-4.0962,ABI.BR,AB INBEV
2006-02-28,-4.0867,ABI.BR,AB INBEV
2006-03-31,-4.2734,ABI.BR,AB INBEV
2006-04-30,-4.0104,ABI.BR,AB INBEV
2006-05-31,-4.0992,ABI.BR,AB INBEV
2006-06-30,-4.3931,ABI.BR,AB INBEV
2006-07-31,-4.3322,ABI.BR,AB INBEV
2006-08-31,-4.6411,ABI.BR,AB INBEV
2006-09-30,-4.718,ABI.BR,AB INBEV
2006-10-31,-5.2963,ABI.BR,AB INBEV
2006-11-30,-5.338,ABI.BR,AB INBEV
2006-12-31,-5.2771,ABI.BR,AB INBEV
2007-01-31,-5.3562,ABI.BR,AB INBEV
2007-02-28,-5.7773,ABI.BR,AB INBEV
2007-03-31,-6.215,ABI.BR,AB INBEV
2007-04-30,-6.7791,ABI.BR,AB INBEV
2007-05-31,-6.3698,ABI.BR,AB INBEV
2007-06-30,-6.4283,ABI.BR,AB INBEV
2007-07-31,-6.5181,ABI.BR,AB INBEV
2007-08-31,-6.8819,ABI.BR,AB INBEV
2007-09-30,-7.0552,ABI.BR,AB INBEV
2007-10-31,-6.4824,ABI.BR,AB INBEV
2007-11-30,-6.1717,ABI.BR,AB INBEV
2007-12-31,-5.9389,ABI.BR,AB INBEV
2008-01-31,-6.4965,ABI.BR,AB INBEV
2008-02-29,-6.0352,ABI.BR,AB INBEV
2008-03-31,-5.9853,ABI.BR,AB INBEV
2008-04-30,-5.6225,ABI.BR,AB INBEV
2008-05-31,-4.9968,ABI.BR,AB INBEV
2008-06-30,-4.9027,ABI.BR,AB INBEV
2008-07-31,-5.3743,ABI.BR,AB INBEV
2008-08-31,-4.7423,ABI.BR,AB INBEV
2008-09-30,-3.5679,ABI.BR,AB INBEV
2008-10-31,8.8487,ABI.BR,AB INBEV
2008-11-30,11.3818,ABI.BR,AB INBEV
2008-12-31,13.6678,ABI.BR,AB INBEV
2009-01-31,14.9653,ABI.BR,AB INBEV
2009-02-28,14.241,ABI.BR,AB INBEV
2009-03-31,16.2034,ABI.BR,AB INBEV
2009-04-30,17.2007,ABI.BR,AB INBEV
2009-05-31,17.8887,ABI.BR,AB INBEV
2009-06-30,19.4003,ABI.BR,AB INBEV
2009-07-31,20.9293,ABI.BR,AB INBEV
2009-08-31,21.6868,ABI.BR,AB INBEV
2009-09-30,22.2428,ABI.BR,AB INBEV
2009-10-31,23.1011,ABI.BR,AB INBEV
2009-11-30,25.2937,ABI.BR,AB INBEV
2009-12-31,25.1234,ABI.BR,AB INBEV
2010-01-31,25.5474,ABI.BR,AB INBEV
2010-02-28,25.9192,ABI.BR,AB INBEV
2010-03-31,25.7069,ABI.BR,AB INBEV
2010-04-30,27.5928,ABI.BR,AB INBEV
2010-05-31,27.9124,ABI.BR,AB INBEV
2010-06-30,28.541,ABI.BR,AB INBEV
2010-07-31,28.829,ABI.BR,AB INBEV
2010-08-31,30.3075,ABI.BR,AB INBEV
2010-09-30,31.6315,ABI.BR,AB INBEV
2010-10-31,29.4471,ABI.BR,AB INBEV
2010-11-30,30.0617,ABI.BR,AB INBEV
2010-12-31,28.3865,ABI.BR,AB INBEV
2011-01-31,28.3865,ABI.BR,AB INBEV
2011-02-28,28.232,ABI.BR,AB INBEV
2011-03-31,30.8016,ABI.BR,AB INBEV
2011-04-30,29.9931,ABI.BR,AB INBEV
2011-05-31,28.6194,ABI.BR,AB INBEV
2011-06-30,28.7625,ABI.BR,AB INBEV
2011-07-31,28.0684,ABI.BR,AB INBEV
2011-08-31,28.4584,ABI.BR,AB INBEV
2011-09-30,28.7732,ABI.BR,AB INBEV
2011-10-31,31.6959,ABI.BR,AB INBEV
2011-11-30,33.846,ABI.BR,AB INBEV
2011-12-31,33.1663,ABI.BR,AB INBEV
2012-01-31,36.0747,ABI.BR,AB INBEV
2012-02-29,39.1942,ABI.BR,AB INBEV
2012-03-31,39.812,ABI.BR,AB INBEV
2012-04-30,40.0313,ABI.BR,AB INBEV
2012-05-31,44.8205,ABI.BR,AB INBEV
2012-06-30,46.9189,ABI.BR,AB INBEV
2012-07-31,48.8272,ABI.BR,AB INBEV
2012-08-31,48.3812,ABI.BR,AB INBEV
2012-09-30,47.1675,ABI.BR,AB INBEV
2012-10-31,49.2733,ABI.BR,AB INBEV
2012-11-30,48.0668,ABI.BR,AB INBEV
2012-12-31,46.7215,ABI.BR,AB INBEV
2013-01-31,52.4684,ABI.BR,AB INBEV
2013-02-28,56.4825,ABI.BR,AB INBEV
2013-03-31,54.0403,ABI.BR,AB INBEV
2013-04-30,53.2026,ABI.BR,AB INBEV
2013-05-31,51.1532,ABI.BR,AB INBEV
2013-06-30,54.1375,ABI.BR,AB INBEV
2013-07-31,52.6416,ABI.BR,AB INBEV
2013-08-31,55.0351,ABI.BR,AB INBEV
2013-09-30,57.2939,ABI.BR,AB INBEV
2013-10-31,56.6483,ABI.BR,AB INBEV
2013-11-30,58.2388,ABI.BR,AB INBEV
2013-12-31,53.5577,ABI.BR,AB INBEV
2014-01-31,57.2513,ABI.BR,AB INBEV
2014-02-28,57.3644,ABI.BR,AB INBEV
2014-03-31,59.1283,ABI.BR,AB INBEV
2014-04-30,61.8424,ABI.BR,AB INBEV
2014-05-31,64.4464,ABI.BR,AB INBEV
2014-06-30,62.2034,ABI.BR,AB INBEV
2014-07-31,64.9457,ABI.BR,AB INBEV
2014-08-31,67.6879,ABI.BR,AB INBEV
2014-09-30,67.6802,ABI.BR,AB INBEV
2014-10-31,73.3758,ABI.BR,AB INBEV
2014-11-30,72.9097,ABI.BR,AB INBEV
2014-12-31,83.9712,ABI.BR,AB INBEV
2015-01-31,88.3213,ABI.BR,AB INBEV
2015-02-28,88.3989,ABI.BR,AB INBEV
2015-03-31,84.5927,ABI.BR,AB INBEV
2015-04-30,86.6105,ABI.BR,AB INBEV
2015-05-31,85.0675,ABI.BR,AB INBEV
2015-06-30,85.7401,ABI.BR,AB INBEV
2015-07-31,77.1226,ABI.BR,AB INBEV
2015-08-31,75.1126,ABI.BR,AB INBEV
2015-09-30,86.0171,ABI.BR,AB INBEV
2015-10-31,97.8807,ABI.BR,AB INBEV
2015-11-30,91.8209,ABI.BR,AB INBEV
2015-12-31,92.9847,ABI.BR,AB INBEV
2016-01-31,83.1525,ABI.BR,AB INBEV
2016-02-29,87.6873,ABI.BR,AB INBEV
2016-03-31,88.3333,ABI.BR,AB INBEV
2016-04-30,93.0318,ABI.BR,AB INBEV
2016-05-31,96.0961,ABI.BR,AB INBEV
2016-06-30,94.2167,ABI.BR,AB INBEV
2016-07-31,90.7439,ABI.BR,AB INBEV
2016-08-31,95.279,ABI.BR,AB INBEV
2016-09-30,85.4324,ABI.BR,AB INBEV
2016-10-31,81.4537,ABI.BR,AB INBEV
2016-11-30,83.5391,ABI.BR,AB INBEV
2016-12-31,79.8835,ABI.BR,AB INBEV
2017-01-31,85.7823,ABI.BR,AB INBEV
2017-02-28,85.4915,ABI.BR,AB INBEV
2017-03-31,85.9069,ABI.BR,AB INBEV
2017-04-30,87.9826,ABI.BR,AB INBEV
2017-05-31,81.9335,ABI.BR,AB INBEV
2017-06-30,86.2458,ABI.BR,AB INBEV
2017-07-31,84.3142,ABI.BR,AB INBEV
2017-08-31,85.8222,ABI.BR,AB INBEV
2017-09-30,88.9993,ABI.BR,AB INBEV
2017-10-31,83.2505,ABI.BR,AB INBEV
2017-11-30,80.177,ABI.BR,AB INBEV
2017-12-31,78.4638,ABI.BR,AB INBEV
2018-01-31,75.3128,ABI.BR,AB INBEV
2018-02-28,76.8625,ABI.BR,AB INBEV
2018-03-31,72.9478,ABI.BR,AB INBEV
2018-04-30,70.7431,ABI.BR,AB INBEV
2018-05-31,76.2812,ABI.BR,AB INBEV
2018-06-30,76.3606,ABI.BR,AB INBEV
2018-07-31,71.2017,ABI.BR,AB INBEV
2018-08-31,66.3338,ABI.BR,AB INBEV
2018-09-30,57.4446,ABI.BR,AB INBEV
2018-10-31,60.3669,ABI.BR,AB INBEV
2018-11-30,51.4957,ABI.BR,AB INBEV
2018-12-31,59.4476,ABI.BR,AB INBEV
2019-01-31,61.179,ABI.BR,AB INBEV
2019-02-28,66.7213,ABI.BR,AB INBEV
2019-03-31,70.7374,ABI.BR,AB INBEV
2019-04-30,65.6381,ABI.BR,AB INBEV
2019-05-31,70.3659,ABI.BR,AB INBEV
2019-06-30,82.3256,ABI.BR,AB INBEV
2019-07-31,77.9232,ABI.BR,AB INBEV
2019-08-31,79.026,ABI.BR,AB INBEV
2019-09-30,65.1228,ABI.BR,AB INBEV
2019-10-31,65.694,ABI.BR,AB INBEV
2019-11-30,66.4618,ABI.BR,AB INBEV
2019-12-31,62.5405,ABI.BR,AB INBEV
2020-01-31,46.3706,ABI.BR,AB INBEV
2020-02-29,36.9923,ABI.BR,AB INBEV
2020-03-31,38.2812,ABI.BR,AB INBEV
2020-04-30,38.3086,ABI.BR,AB INBEV
2020-05-31,40.4949,ABI.BR,AB INBEV
2020-06-30,42.5767,ABI.BR,AB INBEV
2020-07-31,45.0554,ABI.BR,AB INBEV
2020-08-31,42.6736,ABI.BR,AB INBEV
2020-09-30,41.1365,ABI.BR,AB INBEV
2020-10-31,51.5868,ABI.BR,AB INBEV
2020-11-30,52.63,ABI.BR,AB INBEV
2020-12-31,47.9865,ABI.BR,AB INBEV
2021-01-31,43.8137,ABI.BR,AB INBEV
2021-02-28,49.6205,ABI.BR,AB INBEV
2021-03-31,54.3102,ABI.BR,AB INBEV
2021-04-30,57.3149,ABI.BR,AB INBEV
2021-05-31,56.6166,ABI.BR,AB INBEV
2021-06-30,49.7176,ABI.BR,AB INBEV
2021-07-31,48.4048,ABI.BR,AB INBEV
2021-08-31,45.756,ABI.BR,AB INBEV
2021-09-30,49.131,ABI.BR,AB INBEV
2021-10-31,45.8584,ABI.BR,AB INBEV
2021-11-30,49.5034,ABI.BR,AB INBEV
2021-12-31,51.8776,ABI.BR,AB INBEV
2022-01-31,51.3376,ABI.BR,AB INBEV
2022-02-28,50.5183,ABI.BR,AB INBEV
2022-03-31,51.5796,ABI.BR,AB INBEV
2022-04-30,49.0291,ABI.BR,AB INBEV
2022-05-31,48.2678,ABI.BR,AB INBEV
2022-06-30,49.123,ABI.BR,AB INBEV
2022-07-31,45.4344,ABI.BR,AB INBEV
2022-08-31,43.9307,ABI.BR,AB INBEV
2022-09-30,47.5536,ABI.BR,AB INBEV
2022-10-31,52.6755,ABI.BR,AB INBEV
2022-11-30,52.8822,ABI.BR,AB INBEV
2022-12-31,51.7733,ABI.BR,AB INBEV
2023-01-31,53.7844,ABI.BR,AB INBEV
2023-02-28,57.6376,ABI.BR,AB INBEV
2023-03-31,55.5418,ABI.BR,AB INBEV
2023-04-30,47.5164,ABI.BR,AB INBEV
2023-05-31,49.3443,ABI.BR,AB INBEV
2023-06-30,49.5538,ABI.BR,AB INBEV
2023-07-31,49.9822,ABI.BR,AB INBEV
2023-08-31,49.9917,ABI.BR,AB INBEV
2023-09-30,51.058,ABI.BR,AB INBEV
2023-10-31,54.8471,ABI.BR,AB INBEV
2023-11-30,55.6183,ABI.BR,AB INBEV
2023-12-31,54.7519,ABI.BR,AB INBEV
2024-01-31,53.0478,ABI.BR,AB INBEV
2024-02-29,53.7523,ABI.BR,AB INBEV
2024-03-31,53.4667,ABI.BR,AB INBEV
2024-04-30,55.6721,ABI.BR,AB INBEV
2024-05-31,52.2905,ABI.BR,AB INBEV
2024-06-30,53.1021,ABI.BR,AB INBEV
2024-07-31,53.4306,ABI.BR,AB INBEV
2024-08-31,57.3726,ABI.BR,AB INBEV
2024-09-30,53.1214,ABI.BR,AB INBEV
2024-10-31,49.218,ABI.BR,AB INBEV
2024-11-30,46.6189,ABI.BR,AB INBEV
2024-12-31,46.0778,ABI.BR,AB INBEV
2025-01-31,55.6915,ABI.BR,AB INBEV
2025-02-28,54.9958,ABI.BR,AB INBEV
2025-03-31,55.6528,ABI.BR,AB INBEV
2025-04-30,60.9881,ABI.BR,AB INBEV
2025-05-31,57.2525,ABI.BR,AB INBEV
2025-06-30,50.5285,ABI.BR,AB INBEV
2025-07-31,52.6322,ABI.BR,AB INBEV
2025-08-31,49.9387,ABI.BR,AB INBEV
2025-09-30,52.0031,ABI.BR,AB INBEV
2025-10-31,52.2664,ABI.BR,AB INBEV
2025-11-30,54.1197,ABI.BR,AB INBEV
2025-12-31,59.2261,ABI.BR,AB INBEV
2026-01-31,67.8419,ABI.BR,AB INBEV
2026-02-28,58.8712,ABI.BR,AB INBEV
2026-03-31,63.4847,ABI.BR,AB INBEV
2026-04-30,69.0,ABI.BR,AB INBEV
2026-05-31,72.66,ABI.BR,AB INBEV
2026-06-30,,ABI.BR,AB INBEV
2019-08-31,30.4731,PRX.AS,PROSUS
2019-09-30,27.9755,PRX.AS,PROSUS
2019-10-31,27.9936,PRX.AS,PROSUS
2019-11-30,30.1021,PRX.AS,PROSUS
2019-12-31,29.5139,PRX.AS,PROSUS
2020-01-31,28.808,PRX.AS,PROSUS
2020-02-29,28.5728,PRX.AS,PROSUS
2020-03-31,31.3011,PRX.AS,PROSUS
2020-04-30,33.7534,PRX.AS,PROSUS
2020-05-31,37.4364,PRX.AS,PROSUS
2020-06-30,37.1468,PRX.AS,PROSUS
2020-07-31,37.9341,PRX.AS,PROSUS
2020-08-31,35.6085,PRX.AS,PROSUS
2020-09-30,38.8646,PRX.AS,PROSUS
2020-10-31,41.1571,PRX.AS,PROSUS
2020-11-30,40.0335,PRX.AS,PROSUS
2020-12-31,43.4134,PRX.AS,PROSUS
2021-01-31,44.4283,PRX.AS,PROSUS
2021-02-28,42.9513,PRX.AS,PROSUS
2021-03-31,40.8807,PRX.AS,PROSUS
2021-04-30,38.4704,PRX.AS,PROSUS
2021-05-31,37.3649,PRX.AS,PROSUS
2021-06-30,33.9125,PRX.AS,PROSUS
2021-07-31,33.9351,PRX.AS,PROSUS
2021-08-31,31.2575,PRX.AS,PROSUS
2021-09-30,34.5924,PRX.AS,PROSUS
2021-10-31,32.1912,PRX.AS,PROSUS
2021-11-30,33.3759,PRX.AS,PROSUS
2021-12-31,33.3351,PRX.AS,PROSUS
2022-01-31,25.1556,PRX.AS,PROSUS
2022-02-28,22.0486,PRX.AS,PROSUS
2022-03-31,21.1476,PRX.AS,PROSUS
2022-04-30,21.9147,PRX.AS,PROSUS
2022-05-31,28.3602,PRX.AS,PROSUS
2022-06-30,28.8731,PRX.AS,PROSUS
2022-07-31,28.0289,PRX.AS,PROSUS
2022-08-31,24.5531,PRX.AS,PROSUS
2022-09-30,20.0356,PRX.AS,PROSUS
2022-10-31,28.4292,PRX.AS,PROSUS
2022-11-30,29.3209,PRX.AS,PROSUS
2022-12-31,33.5837,PRX.AS,PROSUS
2023-01-31,30.8995,PRX.AS,PROSUS
2023-02-28,32.7284,PRX.AS,PROSUS
2023-03-31,30.8768,PRX.AS,PROSUS
2023-04-30,28.0107,PRX.AS,PROSUS
2023-05-31,30.531,PRX.AS,PROSUS
2023-06-30,32.7693,PRX.AS,PROSUS
2023-07-31,29.0161,PRX.AS,PROSUS
2023-08-31,27.6851,PRX.AS,PROSUS
2023-09-30,26.2077,PRX.AS,PROSUS
2023-10-31,30.2235,PRX.AS,PROSUS
2023-11-30,26.8284,PRX.AS,PROSUS
2023-12-31,27.3702,PRX.AS,PROSUS
2024-01-31,26.8333,PRX.AS,PROSUS
2024-02-29,28.9062,PRX.AS,PROSUS
2024-03-31,31.3271,PRX.AS,PROSUS
2024-04-30,33.1863,PRX.AS,PROSUS
2024-05-31,33.0669,PRX.AS,PROSUS
2024-06-30,31.9286,PRX.AS,PROSUS
2024-07-31,33.3354,PRX.AS,PROSUS
2024-08-31,39.0321,PRX.AS,PROSUS
2024-09-30,38.6189,PRX.AS,PROSUS
2024-10-31,38.4245,PRX.AS,PROSUS
2024-11-30,38.2252,PRX.AS,PROSUS
2024-12-31,36.8597,PRX.AS,PROSUS
2025-01-31,41.8534,PRX.AS,PROSUS
2025-02-28,42.4365,PRX.AS,PROSUS
2025-03-31,40.7918,PRX.AS,PROSUS
2025-04-30,45.0529,PRX.AS,PROSUS
2025-05-31,47.3155,PRX.AS,PROSUS
2025-06-30,50.0765,PRX.AS,PROSUS
2025-07-31,52.6381,PRX.AS,PROSUS
2025-08-31,59.7449,PRX.AS,PROSUS
2025-09-30,59.93,PRX.AS,PROSUS
2025-10-31,54.26,PRX.AS,PROSUS
2025-11-30,52.85,PRX.AS,PROSUS
2025-12-31,48.455,PRX.AS,PROSUS
2026-01-31,43.51,PRX.AS,PROSUS
2026-02-28,38.98,PRX.AS,PROSUS
2026-03-31,41.07,PRX.AS,PROSUS
2026-04-30,39.02,PRX.AS,PROSUS
2026-05-31,37.99,PRX.AS,PROSUS
2026-06-30,,PRX.AS,PROSUS
1999-12-31,0.9371,IBE.MC,ACCIONES IBERDROLA
2000-01-31,1.033,IBE.MC,ACCIONES IBERDROLA
2000-02-29,1.0805,IBE.MC,ACCIONES IBERDROLA
2000-03-31,1.1186,IBE.MC,ACCIONES IBERDROLA
2000-04-30,1.0861,IBE.MC,ACCIONES IBERDROLA
2000-05-31,1.0702,IBE.MC,ACCIONES IBERDROLA
2000-06-30,1.0082,IBE.MC,ACCIONES IBERDROLA
2000-07-31,1.0487,IBE.MC,ACCIONES IBERDROLA
2000-08-31,1.1661,IBE.MC,ACCIONES IBERDROLA
2000-09-30,1.1661,IBE.MC,ACCIONES IBERDROLA
2000-10-31,1.1232,IBE.MC,ACCIONES IBERDROLA
2000-11-30,1.0811,IBE.MC,ACCIONES IBERDROLA
2000-12-31,1.2072,IBE.MC,ACCIONES IBERDROLA
2001-01-31,1.3514,IBE.MC,ACCIONES IBERDROLA
2001-02-28,1.325,IBE.MC,ACCIONES IBERDROLA
2001-03-31,1.3703,IBE.MC,ACCIONES IBERDROLA
2001-04-30,1.2607,IBE.MC,ACCIONES IBERDROLA
2001-05-31,1.2484,IBE.MC,ACCIONES IBERDROLA
2001-06-30,1.264,IBE.MC,ACCIONES IBERDROLA
2001-07-31,1.269,IBE.MC,ACCIONES IBERDROLA
2001-08-31,1.2034,IBE.MC,ACCIONES IBERDROLA
2001-09-30,1.285,IBE.MC,ACCIONES IBERDROLA
2001-10-31,1.2068,IBE.MC,ACCIONES IBERDROLA
2001-11-30,1.2303,IBE.MC,ACCIONES IBERDROLA
2001-12-31,1.1812,IBE.MC,ACCIONES IBERDROLA
2002-01-31,1.2454,IBE.MC,ACCIONES IBERDROLA
2002-02-28,1.2754,IBE.MC,ACCIONES IBERDROLA
2002-03-31,1.3028,IBE.MC,ACCIONES IBERDROLA
2002-04-30,1.2754,IBE.MC,ACCIONES IBERDROLA
2002-05-31,1.2625,IBE.MC,ACCIONES IBERDROLA
2002-06-30,1.0653,IBE.MC,ACCIONES IBERDROLA
2002-07-31,1.152,IBE.MC,ACCIONES IBERDROLA
2002-08-31,1.1477,IBE.MC,ACCIONES IBERDROLA
2002-09-30,1.0513,IBE.MC,ACCIONES IBERDROLA
2002-10-31,1.1406,IBE.MC,ACCIONES IBERDROLA
2002-11-30,1.1696,IBE.MC,ACCIONES IBERDROLA
2002-12-31,1.2214,IBE.MC,ACCIONES IBERDROLA
2003-01-31,1.2705,IBE.MC,ACCIONES IBERDROLA
2003-02-28,1.334,IBE.MC,ACCIONES IBERDROLA
2003-03-31,1.2893,IBE.MC,ACCIONES IBERDROLA
2003-04-30,1.3277,IBE.MC,ACCIONES IBERDROLA
2003-05-31,1.3474,IBE.MC,ACCIONES IBERDROLA
2003-06-30,1.3913,IBE.MC,ACCIONES IBERDROLA
2003-07-31,1.416,IBE.MC,ACCIONES IBERDROLA
2003-08-31,1.3218,IBE.MC,ACCIONES IBERDROLA
2003-09-30,1.3126,IBE.MC,ACCIONES IBERDROLA
2003-10-31,1.3163,IBE.MC,ACCIONES IBERDROLA
2003-11-30,1.4334,IBE.MC,ACCIONES IBERDROLA
2003-12-31,1.4377,IBE.MC,ACCIONES IBERDROLA
2004-01-31,1.5467,IBE.MC,ACCIONES IBERDROLA
2004-02-29,1.5653,IBE.MC,ACCIONES IBERDROLA
2004-03-31,1.5327,IBE.MC,ACCIONES IBERDROLA
2004-04-30,1.5448,IBE.MC,ACCIONES IBERDROLA
2004-05-31,1.6166,IBE.MC,ACCIONES IBERDROLA
2004-06-30,1.6201,IBE.MC,ACCIONES IBERDROLA
2004-07-31,1.6001,IBE.MC,ACCIONES IBERDROLA
2004-08-31,1.5915,IBE.MC,ACCIONES IBERDROLA
2004-09-30,1.6353,IBE.MC,ACCIONES IBERDROLA
2004-10-31,1.6849,IBE.MC,ACCIONES IBERDROLA
2004-11-30,1.7821,IBE.MC,ACCIONES IBERDROLA
2004-12-31,1.8428,IBE.MC,ACCIONES IBERDROLA
2005-01-31,1.932,IBE.MC,ACCIONES IBERDROLA
2005-02-28,1.9572,IBE.MC,ACCIONES IBERDROLA
2005-03-31,1.9563,IBE.MC,ACCIONES IBERDROLA
2005-04-30,2.0125,IBE.MC,ACCIONES IBERDROLA
2005-05-31,2.1163,IBE.MC,ACCIONES IBERDROLA
2005-06-30,2.0819,IBE.MC,ACCIONES IBERDROLA
2005-07-31,2.065,IBE.MC,ACCIONES IBERDROLA
2005-08-31,2.3016,IBE.MC,ACCIONES IBERDROLA
2005-09-30,2.2116,IBE.MC,ACCIONES IBERDROLA
2005-10-31,2.2125,IBE.MC,ACCIONES IBERDROLA
2005-11-30,2.2858,IBE.MC,ACCIONES IBERDROLA
2005-12-31,2.3569,IBE.MC,ACCIONES IBERDROLA
2006-01-31,2.6627,IBE.MC,ACCIONES IBERDROLA
2006-02-28,2.6798,IBE.MC,ACCIONES IBERDROLA
2006-03-31,2.5973,IBE.MC,ACCIONES IBERDROLA
2006-04-30,2.5199,IBE.MC,ACCIONES IBERDROLA
2006-05-31,2.709,IBE.MC,ACCIONES IBERDROLA
2006-06-30,2.8514,IBE.MC,ACCIONES IBERDROLA
2006-07-31,2.9724,IBE.MC,ACCIONES IBERDROLA
2006-08-31,3.6206,IBE.MC,ACCIONES IBERDROLA
2006-09-30,3.6873,IBE.MC,ACCIONES IBERDROLA
2006-10-31,3.436,IBE.MC,ACCIONES IBERDROLA
2006-11-30,3.397,IBE.MC,ACCIONES IBERDROLA
2006-12-31,3.4105,IBE.MC,ACCIONES IBERDROLA
2007-01-31,3.449,IBE.MC,ACCIONES IBERDROLA
2007-02-28,3.6798,IBE.MC,ACCIONES IBERDROLA
2007-03-31,3.7953,IBE.MC,ACCIONES IBERDROLA
2007-04-30,4.4607,IBE.MC,ACCIONES IBERDROLA
2007-05-31,4.3183,IBE.MC,ACCIONES IBERDROLA
2007-06-30,4.3492,IBE.MC,ACCIONES IBERDROLA
2007-07-31,4.2933,IBE.MC,ACCIONES IBERDROLA
2007-08-31,4.346,IBE.MC,ACCIONES IBERDROLA
2007-09-30,4.6878,IBE.MC,ACCIONES IBERDROLA
2007-10-31,4.7553,IBE.MC,ACCIONES IBERDROLA
2007-11-30,4.3882,IBE.MC,ACCIONES IBERDROLA
2007-12-31,4.3434,IBE.MC,ACCIONES IBERDROLA
2008-01-31,4.0959,IBE.MC,ACCIONES IBERDROLA
2008-02-29,4.1898,IBE.MC,ACCIONES IBERDROLA
2008-03-31,4.0149,IBE.MC,ACCIONES IBERDROLA
2008-04-30,3.9594,IBE.MC,ACCIONES IBERDROLA
2008-05-31,3.6309,IBE.MC,ACCIONES IBERDROLA
2008-06-30,3.8073,IBE.MC,ACCIONES IBERDROLA
2008-07-31,3.5813,IBE.MC,ACCIONES IBERDROLA
2008-08-31,3.1032,IBE.MC,ACCIONES IBERDROLA
2008-09-30,2.447,IBE.MC,ACCIONES IBERDROLA
2008-10-31,2.5295,IBE.MC,ACCIONES IBERDROLA
2008-11-30,2.7555,IBE.MC,ACCIONES IBERDROLA
2008-12-31,2.7016,IBE.MC,ACCIONES IBERDROLA
2009-01-31,2.3106,IBE.MC,ACCIONES IBERDROLA
2009-02-28,2.3461,IBE.MC,ACCIONES IBERDROLA
2009-03-31,2.6661,IBE.MC,ACCIONES IBERDROLA
2009-04-30,2.6794,IBE.MC,ACCIONES IBERDROLA
2009-05-31,2.5683,IBE.MC,ACCIONES IBERDROLA
2009-06-30,2.7629,IBE.MC,ACCIONES IBERDROLA
2009-07-31,2.9648,IBE.MC,ACCIONES IBERDROLA
2009-08-31,3.0773,IBE.MC,ACCIONES IBERDROLA
2009-09-30,2.8363,IBE.MC,ACCIONES IBERDROLA
2009-10-31,2.9006,IBE.MC,ACCIONES IBERDROLA
2009-11-30,3.1267,IBE.MC,ACCIONES IBERDROLA
2009-12-31,2.897,IBE.MC,ACCIONES IBERDROLA
2010-01-31,2.7723,IBE.MC,ACCIONES IBERDROLA
2010-02-28,2.9415,IBE.MC,ACCIONES IBERDROLA
2010-03-31,2.8079,IBE.MC,ACCIONES IBERDROLA
2010-04-30,2.5276,IBE.MC,ACCIONES IBERDROLA
2010-05-31,2.2505,IBE.MC,ACCIONES IBERDROLA
2010-06-30,2.6309,IBE.MC,ACCIONES IBERDROLA
2010-07-31,2.7013,IBE.MC,ACCIONES IBERDROLA
2010-08-31,2.7417,IBE.MC,ACCIONES IBERDROLA
2010-09-30,2.9443,IBE.MC,ACCIONES IBERDROLA
2010-10-31,2.5726,IBE.MC,ACCIONES IBERDROLA
2010-11-30,2.8792,IBE.MC,ACCIONES IBERDROLA
2010-12-31,3.1248,IBE.MC,ACCIONES IBERDROLA
2011-01-31,3.1563,IBE.MC,ACCIONES IBERDROLA
2011-02-28,3.0629,IBE.MC,ACCIONES IBERDROLA
2011-03-31,3.1298,IBE.MC,ACCIONES IBERDROLA
2011-04-30,3.0699,IBE.MC,ACCIONES IBERDROLA
2011-05-31,3.0634,IBE.MC,ACCIONES IBERDROLA
2011-06-30,2.8448,IBE.MC,ACCIONES IBERDROLA
2011-07-31,2.5763,IBE.MC,ACCIONES IBERDROLA
2011-08-31,2.5447,IBE.MC,ACCIONES IBERDROLA
2011-09-30,2.6385,IBE.MC,ACCIONES IBERDROLA
2011-10-31,2.4875,IBE.MC,ACCIONES IBERDROLA
2011-11-30,2.4283,IBE.MC,ACCIONES IBERDROLA
2011-12-31,2.3276,IBE.MC,ACCIONES IBERDROLA
2012-01-31,2.2966,IBE.MC,ACCIONES IBERDROLA
2012-02-29,2.201,IBE.MC,ACCIONES IBERDROLA
2012-03-31,1.8184,IBE.MC,ACCIONES IBERDROLA
2012-04-30,1.5899,IBE.MC,ACCIONES IBERDROLA
2012-05-31,1.9228,IBE.MC,ACCIONES IBERDROLA
2012-06-30,1.6066,IBE.MC,ACCIONES IBERDROLA
2012-07-31,1.7177,IBE.MC,ACCIONES IBERDROLA
2012-08-31,1.9214,IBE.MC,ACCIONES IBERDROLA
2012-09-30,2.173,IBE.MC,ACCIONES IBERDROLA
2012-10-31,2.0804,IBE.MC,ACCIONES IBERDROLA
2012-11-30,2.2846,IBE.MC,ACCIONES IBERDROLA
2012-12-31,2.2378,IBE.MC,ACCIONES IBERDROLA
2013-01-31,2.1352,IBE.MC,ACCIONES IBERDROLA
2013-02-28,2.0468,IBE.MC,ACCIONES IBERDROLA
2013-03-31,2.3043,IBE.MC,ACCIONES IBERDROLA
2013-04-30,2.351,IBE.MC,ACCIONES IBERDROLA
2013-05-31,2.2851,IBE.MC,ACCIONES IBERDROLA
2013-06-30,2.4349,IBE.MC,ACCIONES IBERDROLA
2013-07-31,2.354,IBE.MC,ACCIONES IBERDROLA
2013-08-31,2.52,IBE.MC,ACCIONES IBERDROLA
2013-09-30,2.7154,IBE.MC,ACCIONES IBERDROLA
2013-10-31,2.7506,IBE.MC,ACCIONES IBERDROLA
2013-11-30,2.7195,IBE.MC,ACCIONES IBERDROLA
2013-12-31,2.7586,IBE.MC,ACCIONES IBERDROLA
2014-01-31,2.9032,IBE.MC,ACCIONES IBERDROLA
2014-02-28,3.0593,IBE.MC,ACCIONES IBERDROLA
2014-03-31,3.0346,IBE.MC,ACCIONES IBERDROLA
2014-04-30,3.1817,IBE.MC,ACCIONES IBERDROLA
2014-05-31,3.3649,IBE.MC,ACCIONES IBERDROLA
2014-06-30,3.4432,IBE.MC,ACCIONES IBERDROLA
2014-07-31,3.455,IBE.MC,ACCIONES IBERDROLA
2014-08-31,3.5075,IBE.MC,ACCIONES IBERDROLA
2014-09-30,3.4896,IBE.MC,ACCIONES IBERDROLA
2014-10-31,3.6783,IBE.MC,ACCIONES IBERDROLA
2014-11-30,3.538,IBE.MC,ACCIONES IBERDROLA
2014-12-31,3.8737,IBE.MC,ACCIONES IBERDROLA
2015-01-31,3.8604,IBE.MC,ACCIONES IBERDROLA
2015-02-28,3.794,IBE.MC,ACCIONES IBERDROLA
2015-03-31,3.7782,IBE.MC,ACCIONES IBERDROLA
2015-04-30,3.9799,IBE.MC,ACCIONES IBERDROLA
2015-05-31,3.8193,IBE.MC,ACCIONES IBERDROLA
2015-06-30,4.158,IBE.MC,ACCIONES IBERDROLA
2015-07-31,3.9192,IBE.MC,ACCIONES IBERDROLA
2015-08-31,3.8493,IBE.MC,ACCIONES IBERDROLA
2015-09-30,4.2052,IBE.MC,ACCIONES IBERDROLA
2015-10-31,4.292,IBE.MC,ACCIONES IBERDROLA
2015-11-30,4.2396,IBE.MC,ACCIONES IBERDROLA
2015-12-31,4.2578,IBE.MC,ACCIONES IBERDROLA
2016-01-31,3.9382,IBE.MC,ACCIONES IBERDROLA
2016-02-29,3.8702,IBE.MC,ACCIONES IBERDROLA
2016-03-31,4.0967,IBE.MC,ACCIONES IBERDROLA
2016-04-30,4.0254,IBE.MC,ACCIONES IBERDROLA
2016-05-31,4.0194,IBE.MC,ACCIONES IBERDROLA
2016-06-30,4.0777,IBE.MC,ACCIONES IBERDROLA
2016-07-31,3.9152,IBE.MC,ACCIONES IBERDROLA
2016-08-31,4.016,IBE.MC,ACCIONES IBERDROLA
2016-09-30,4.1202,IBE.MC,ACCIONES IBERDROLA
2016-10-31,3.7803,IBE.MC,ACCIONES IBERDROLA
2016-11-30,4.1368,IBE.MC,ACCIONES IBERDROLA
2016-12-31,3.9583,IBE.MC,ACCIONES IBERDROLA
2017-01-31,4.2568,IBE.MC,ACCIONES IBERDROLA
2017-02-28,4.5493,IBE.MC,ACCIONES IBERDROLA
2017-03-31,4.4794,IBE.MC,ACCIONES IBERDROLA
2017-04-30,4.8159,IBE.MC,ACCIONES IBERDROLA
2017-05-31,4.704,IBE.MC,ACCIONES IBERDROLA
2017-06-30,4.6401,IBE.MC,ACCIONES IBERDROLA
2017-07-31,4.7773,IBE.MC,ACCIONES IBERDROLA
2017-08-31,4.5761,IBE.MC,ACCIONES IBERDROLA
2017-09-30,4.8309,IBE.MC,ACCIONES IBERDROLA
2017-10-31,4.6457,IBE.MC,ACCIONES IBERDROLA
2017-11-30,4.4981,IBE.MC,ACCIONES IBERDROLA
2017-12-31,4.6663,IBE.MC,ACCIONES IBERDROLA
2018-01-31,4.3234,IBE.MC,ACCIONES IBERDROLA
2018-02-28,4.2494,IBE.MC,ACCIONES IBERDROLA
2018-03-31,4.5653,IBE.MC,ACCIONES IBERDROLA
2018-04-30,4.3205,IBE.MC,ACCIONES IBERDROLA
2018-05-31,4.7133,IBE.MC,ACCIONES IBERDROLA
2018-06-30,4.8616,IBE.MC,ACCIONES IBERDROLA
2018-07-31,4.6949,IBE.MC,ACCIONES IBERDROLA
2018-08-31,4.6335,IBE.MC,ACCIONES IBERDROLA
2018-09-30,4.5736,IBE.MC,ACCIONES IBERDROLA
2018-10-31,4.8177,IBE.MC,ACCIONES IBERDROLA
2018-11-30,5.1306,IBE.MC,ACCIONES IBERDROLA
2018-12-31,5.3782,IBE.MC,ACCIONES IBERDROLA
2019-01-31,5.4918,IBE.MC,ACCIONES IBERDROLA
2019-02-28,5.8458,IBE.MC,ACCIONES IBERDROLA
2019-03-31,6.049,IBE.MC,ACCIONES IBERDROLA
2019-04-30,6.2104,IBE.MC,ACCIONES IBERDROLA
2019-05-31,6.548,IBE.MC,ACCIONES IBERDROLA
2019-06-30,6.5471,IBE.MC,ACCIONES IBERDROLA
2019-07-31,7.1445,IBE.MC,ACCIONES IBERDROLA
2019-08-31,7.285,IBE.MC,ACCIONES IBERDROLA
2019-09-30,7.0345,IBE.MC,ACCIONES IBERDROLA
2019-10-31,6.8205,IBE.MC,ACCIONES IBERDROLA
2019-11-30,7.0131,IBE.MC,ACCIONES IBERDROLA
2019-12-31,7.6839,IBE.MC,ACCIONES IBERDROLA
2020-01-31,8.0342,IBE.MC,ACCIONES IBERDROLA
2020-02-29,6.9941,IBE.MC,ACCIONES IBERDROLA
2020-03-31,7.1156,IBE.MC,ACCIONES IBERDROLA
2020-04-30,7.5422,IBE.MC,ACCIONES IBERDROLA
2020-05-31,8.0342,IBE.MC,ACCIONES IBERDROLA
2020-06-30,8.6873,IBE.MC,ACCIONES IBERDROLA
2020-07-31,8.393,IBE.MC,ACCIONES IBERDROLA
2020-08-31,8.3611,IBE.MC,ACCIONES IBERDROLA
2020-09-30,8.0549,IBE.MC,ACCIONES IBERDROLA
2020-10-31,9.105,IBE.MC,ACCIONES IBERDROLA
2020-11-30,9.3078,IBE.MC,ACCIONES IBERDROLA
2020-12-31,9.0203,IBE.MC,ACCIONES IBERDROLA
2021-01-31,8.4073,IBE.MC,ACCIONES IBERDROLA
2021-02-28,8.859,IBE.MC,ACCIONES IBERDROLA
2021-03-31,9.0606,IBE.MC,ACCIONES IBERDROLA
2021-04-30,8.867,IBE.MC,ACCIONES IBERDROLA
2021-05-31,8.2904,IBE.MC,ACCIONES IBERDROLA
2021-06-30,8.3932,IBE.MC,ACCIONES IBERDROLA
2021-07-31,8.67,IBE.MC,ACCIONES IBERDROLA
2021-08-31,7.1739,IBE.MC,ACCIONES IBERDROLA
2021-09-30,8.4387,IBE.MC,ACCIONES IBERDROLA
2021-10-31,8.1818,IBE.MC,ACCIONES IBERDROLA
2021-11-30,8.5998,IBE.MC,ACCIONES IBERDROLA
2021-12-31,8.5347,IBE.MC,ACCIONES IBERDROLA
2022-01-31,8.5515,IBE.MC,ACCIONES IBERDROLA
2022-02-28,8.3331,IBE.MC,ACCIONES IBERDROLA
2022-03-31,9.2488,IBE.MC,ACCIONES IBERDROLA
2022-04-30,9.2698,IBE.MC,ACCIONES IBERDROLA
2022-05-31,8.3168,IBE.MC,ACCIONES IBERDROLA
2022-06-30,9.0041,IBE.MC,ACCIONES IBERDROLA
2022-07-31,8.9653,IBE.MC,ACCIONES IBERDROLA
2022-08-31,8.272,IBE.MC,ACCIONES IBERDROLA
2022-09-30,8.8703,IBE.MC,ACCIONES IBERDROLA
2022-10-31,9.3063,IBE.MC,ACCIONES IBERDROLA
2022-11-30,9.4357,IBE.MC,ACCIONES IBERDROLA
2022-12-31,9.4296,IBE.MC,ACCIONES IBERDROLA
2023-01-31,9.5349,IBE.MC,ACCIONES IBERDROLA
2023-02-28,10.079,IBE.MC,ACCIONES IBERDROLA
2023-03-31,10.3423,IBE.MC,ACCIONES IBERDROLA
2023-04-30,10.0087,IBE.MC,ACCIONES IBERDROLA
2023-05-31,10.4915,IBE.MC,ACCIONES IBERDROLA
2023-06-30,10.2462,IBE.MC,ACCIONES IBERDROLA
2023-07-31,9.8898,IBE.MC,ACCIONES IBERDROLA
2023-08-31,9.5605,IBE.MC,ACCIONES IBERDROLA
2023-09-30,9.4747,IBE.MC,ACCIONES IBERDROLA
2023-10-31,10.2372,IBE.MC,ACCIONES IBERDROLA
2023-11-30,10.711,IBE.MC,ACCIONES IBERDROLA
2023-12-31,10.2565,IBE.MC,ACCIONES IBERDROLA
2024-01-31,9.7472,IBE.MC,ACCIONES IBERDROLA
2024-02-29,10.5502,IBE.MC,ACCIONES IBERDROLA
2024-03-31,10.564,IBE.MC,ACCIONES IBERDROLA
2024-04-30,11.1102,IBE.MC,ACCIONES IBERDROLA
2024-05-31,11.1239,IBE.MC,ACCIONES IBERDROLA
2024-06-30,11.5127,IBE.MC,ACCIONES IBERDROLA
2024-07-31,12.1176,IBE.MC,ACCIONES IBERDROLA
2024-08-31,13.129,IBE.MC,ACCIONES IBERDROLA
2024-09-30,12.8974,IBE.MC,ACCIONES IBERDROLA
2024-10-31,12.7509,IBE.MC,ACCIONES IBERDROLA
2024-11-30,12.5713,IBE.MC,ACCIONES IBERDROLA
2024-12-31,13.1132,IBE.MC,ACCIONES IBERDROLA
2025-01-31,13.4112,IBE.MC,ACCIONES IBERDROLA
2025-02-28,14.3629,IBE.MC,ACCIONES IBERDROLA
2025-03-31,15.2811,IBE.MC,ACCIONES IBERDROLA
2025-04-30,15.4637,IBE.MC,ACCIONES IBERDROLA
2025-05-31,15.6657,IBE.MC,ACCIONES IBERDROLA
2025-06-30,15.1456,IBE.MC,ACCIONES IBERDROLA
2025-07-31,15.8558,IBE.MC,ACCIONES IBERDROLA
2025-08-31,15.8854,IBE.MC,ACCIONES IBERDROLA
2025-09-30,17.3255,IBE.MC,ACCIONES IBERDROLA
2025-10-31,17.937,IBE.MC,ACCIONES IBERDROLA
2025-11-30,18.2132,IBE.MC,ACCIONES IBERDROLA
2025-12-31,18.9202,IBE.MC,ACCIONES IBERDROLA
2026-01-31,20.0449,IBE.MC,ACCIONES IBERDROLA
2026-02-28,19.74,IBE.MC,ACCIONES IBERDROLA
2026-03-31,19.9449,IBE.MC,ACCIONES IBERDROLA
2026-04-30,19.5,IBE.MC,ACCIONES IBERDROLA
2026-05-31,21.84,IBE.MC,ACCIONES IBERDROLA
2026-06-30,,IBE.MC,ACCIONES IBERDROLA
1990-07-31,0.0052,CS.PA,AXA
1990-08-31,0.0045,CS.PA,AXA
1990-09-30,0.005,CS.PA,AXA
1990-10-31,0.0052,CS.PA,AXA
1990-11-30,0.0053,CS.PA,AXA
1990-12-31,0.0249,CS.PA,AXA
1991-01-31,0.0258,CS.PA,AXA
1991-02-28,0.0277,CS.PA,AXA
1991-03-31,0.0252,CS.PA,AXA
1991-04-30,0.0257,CS.PA,AXA
1991-05-31,0.0239,CS.PA,AXA
1991-06-30,0.0239,CS.PA,AXA
1991-07-31,0.0205,CS.PA,AXA
1991-08-31,0.0211,CS.PA,AXA
1991-09-30,0.0202,CS.PA,AXA
1991-10-31,0.0181,CS.PA,AXA
1991-11-30,0.0165,CS.PA,AXA
1991-12-31,0.0204,CS.PA,AXA
1992-01-31,0.0212,CS.PA,AXA
1992-02-29,0.0202,CS.PA,AXA
1992-03-31,0.0219,CS.PA,AXA
1992-04-30,0.0228,CS.PA,AXA
1992-05-31,0.1407,CS.PA,AXA
1992-06-30,0.1197,CS.PA,AXA
1992-07-31,0.1107,CS.PA,AXA
1992-08-31,0.1137,CS.PA,AXA
1992-09-30,0.1237,CS.PA,AXA
1992-10-31,0.1417,CS.PA,AXA
1992-11-30,0.1526,CS.PA,AXA
1992-12-31,0.1656,CS.PA,AXA
1993-01-31,0.1796,CS.PA,AXA
1993-02-28,0.2055,CS.PA,AXA
1993-03-31,0.1896,CS.PA,AXA
1993-04-30,0.1905,CS.PA,AXA
1993-05-31,0.6758,CS.PA,AXA
1993-06-30,0.7112,CS.PA,AXA
1993-07-31,0.7981,CS.PA,AXA
1993-08-31,0.7338,CS.PA,AXA
1993-09-30,0.7531,CS.PA,AXA
1993-10-31,0.7273,CS.PA,AXA
1993-11-30,0.7853,CS.PA,AXA
1993-12-31,0.7563,CS.PA,AXA
1994-01-31,0.7498,CS.PA,AXA
1994-02-28,0.634,CS.PA,AXA
1994-03-31,0.6855,CS.PA,AXA
1994-04-30,0.634,CS.PA,AXA
1994-05-31,0.791,CS.PA,AXA
1994-06-30,0.9266,CS.PA,AXA
1994-07-31,0.904,CS.PA,AXA
1994-08-31,0.791,CS.PA,AXA
1994-09-30,0.8588,CS.PA,AXA
1994-10-31,0.904,CS.PA,AXA
1994-11-30,0.8588,CS.PA,AXA
1994-12-31,0.7458,CS.PA,AXA
1995-01-31,0.791,CS.PA,AXA
1995-02-28,0.8588,CS.PA,AXA
1995-03-31,0.8588,CS.PA,AXA
1995-04-30,1.0042,CS.PA,AXA
1995-05-31,1.0042,CS.PA,AXA
1995-06-30,1.0042,CS.PA,AXA
1995-07-31,1.0835,CS.PA,AXA
1995-08-31,1.0042,CS.PA,AXA
1995-09-30,1.057,CS.PA,AXA
1995-10-31,1.1627,CS.PA,AXA
1995-11-30,1.2949,CS.PA,AXA
1995-12-31,1.2949,CS.PA,AXA
1996-01-31,1.3213,CS.PA,AXA
1996-02-29,1.242,CS.PA,AXA
1996-03-31,1.242,CS.PA,AXA
1996-04-30,1.3848,CS.PA,AXA
1996-05-31,1.3233,CS.PA,AXA
1996-06-30,1.2925,CS.PA,AXA
1996-07-31,1.3233,CS.PA,AXA
1996-08-31,1.4464,CS.PA,AXA
1996-09-30,1.4772,CS.PA,AXA
1996-10-31,1.4772,CS.PA,AXA
1996-11-30,1.5387,CS.PA,AXA
1996-12-31,1.7234,CS.PA,AXA
1997-01-31,1.7849,CS.PA,AXA
1997-02-28,1.7541,CS.PA,AXA
1997-03-31,1.6926,CS.PA,AXA
1997-04-30,1.8782,CS.PA,AXA
1997-05-31,1.9845,CS.PA,AXA
1997-06-30,2.1971,CS.PA,AXA
1997-07-31,2.0908,CS.PA,AXA
1997-08-31,2.1617,CS.PA,AXA
1997-09-30,2.1262,CS.PA,AXA
1997-10-31,2.3034,CS.PA,AXA
1997-11-30,2.516,CS.PA,AXA
1997-12-31,2.7641,CS.PA,AXA
1998-01-31,3.1893,CS.PA,AXA
1998-02-28,3.3665,CS.PA,AXA
1998-03-31,3.8272,CS.PA,AXA
1998-04-30,4.0239,CS.PA,AXA
1998-05-31,4.0239,CS.PA,AXA
1998-06-30,4.8364,CS.PA,AXA
1998-07-31,3.9852,CS.PA,AXA
1998-08-31,3.0179,CS.PA,AXA
1998-09-30,3.7144,CS.PA,AXA
1998-10-31,4.3334,CS.PA,AXA
1998-11-30,4.759,CS.PA,AXA
1998-12-31,4.9525,CS.PA,AXA
1999-01-31,4.6043,CS.PA,AXA
1999-02-28,4.759,CS.PA,AXA
1999-03-31,4.7203,CS.PA,AXA
1999-04-30,4.4377,CS.PA,AXA
1999-05-31,4.6341,CS.PA,AXA
1999-06-30,4.3199,CS.PA,AXA
1999-07-31,4.6341,CS.PA,AXA
1999-08-31,4.6734,CS.PA,AXA
1999-09-30,5.2624,CS.PA,AXA
1999-10-31,5.2624,CS.PA,AXA
1999-11-30,5.4195,CS.PA,AXA
1999-12-31,5.0661,CS.PA,AXA
2000-01-31,5.1446,CS.PA,AXA
2000-02-29,5.8122,CS.PA,AXA
2000-03-31,6.4406,CS.PA,AXA
2000-04-30,6.2872,CS.PA,AXA
2000-05-31,6.5657,CS.PA,AXA
2000-06-30,6.5259,CS.PA,AXA
2000-07-31,6.3667,CS.PA,AXA
2000-08-31,5.8892,CS.PA,AXA
2000-09-30,6.2076,CS.PA,AXA
2000-10-31,6.4065,CS.PA,AXA
2000-11-30,6.128,CS.PA,AXA
2000-12-31,5.8892,CS.PA,AXA
2001-01-31,5.4515,CS.PA,AXA
2001-02-28,5.0138,CS.PA,AXA
2001-03-31,5.2923,CS.PA,AXA
2001-04-30,5.4988,CS.PA,AXA
2001-05-31,5.4988,CS.PA,AXA
2001-06-30,5.337,CS.PA,AXA
2001-07-31,4.8518,CS.PA,AXA
2001-08-31,3.558,CS.PA,AXA
2001-09-30,3.8815,CS.PA,AXA
2001-10-31,3.8815,CS.PA,AXA
2001-11-30,3.7958,CS.PA,AXA
2001-12-31,3.3963,CS.PA,AXA
2002-01-31,3.558,CS.PA,AXA
2002-02-28,4.0933,CS.PA,AXA
2002-03-31,3.8815,CS.PA,AXA
2002-04-30,3.6302,CS.PA,AXA
2002-05-31,3.2845,CS.PA,AXA
2002-06-30,2.2473,CS.PA,AXA
2002-07-31,2.4201,CS.PA,AXA
2002-08-31,1.7287,CS.PA,AXA
2002-09-30,2.593,CS.PA,AXA
2002-10-31,2.7659,CS.PA,AXA
2002-11-30,2.2473,CS.PA,AXA
2002-12-31,1.9015,CS.PA,AXA
2003-01-31,1.9015,CS.PA,AXA
2003-02-28,1.9015,CS.PA,AXA
2003-03-31,2.4201,CS.PA,AXA
2003-04-30,2.5267,CS.PA,AXA
2003-05-31,2.7211,CS.PA,AXA
2003-06-30,2.9155,CS.PA,AXA
2003-07-31,3.1098,CS.PA,AXA
2003-08-31,2.7211,CS.PA,AXA
2003-09-30,3.1098,CS.PA,AXA
2003-10-31,3.1098,CS.PA,AXA
2003-11-30,3.3042,CS.PA,AXA
2003-12-31,3.4985,CS.PA,AXA
2004-01-31,3.4985,CS.PA,AXA
2004-02-29,3.3042,CS.PA,AXA
2004-03-31,3.4985,CS.PA,AXA
2004-04-30,3.6991,CS.PA,AXA
2004-05-31,3.9167,CS.PA,AXA
2004-06-30,3.6991,CS.PA,AXA
2004-07-31,3.6991,CS.PA,AXA
2004-08-31,3.4815,CS.PA,AXA
2004-09-30,3.6991,CS.PA,AXA
2004-10-31,3.9167,CS.PA,AXA
2004-11-30,3.9167,CS.PA,AXA
2004-12-31,4.1343,CS.PA,AXA
2005-01-31,4.3519,CS.PA,AXA
2005-02-28,4.5695,CS.PA,AXA
2005-03-31,4.2714,CS.PA,AXA
2005-04-30,4.9409,CS.PA,AXA
2005-05-31,5.188,CS.PA,AXA
2005-06-30,5.6821,CS.PA,AXA
2005-07-31,5.435,CS.PA,AXA
2005-08-31,5.6821,CS.PA,AXA
2005-09-30,5.9291,CS.PA,AXA
2005-10-31,6.4232,CS.PA,AXA
2005-11-30,6.6703,CS.PA,AXA
2005-12-31,6.9173,CS.PA,AXA
2006-01-31,7.4114,CS.PA,AXA
2006-02-28,7.1643,CS.PA,AXA
2006-03-31,7.1643,CS.PA,AXA
2006-04-30,7.5239,CS.PA,AXA
2006-05-31,7.3743,CS.PA,AXA
2006-06-30,7.6579,CS.PA,AXA
2006-07-31,8.2252,CS.PA,AXA
2006-08-31,8.2252,CS.PA,AXA
2006-09-30,8.5088,CS.PA,AXA
2006-10-31,8.2252,CS.PA,AXA
2006-11-30,8.7924,CS.PA,AXA
2006-12-31,9.0761,CS.PA,AXA
2007-01-31,9.0761,CS.PA,AXA
2007-02-28,9.0761,CS.PA,AXA
2007-03-31,9.6433,CS.PA,AXA
2007-04-30,9.3773,CS.PA,AXA
2007-05-31,9.3773,CS.PA,AXA
2007-06-30,8.4981,CS.PA,AXA
2007-07-31,8.4981,CS.PA,AXA
2007-08-31,9.0842,CS.PA,AXA
2007-09-30,9.0842,CS.PA,AXA
2007-10-31,8.2051,CS.PA,AXA
2007-11-30,7.9121,CS.PA,AXA
2007-12-31,6.7047,CS.PA,AXA
2008-01-31,6.5875,CS.PA,AXA
2008-02-29,6.737,CS.PA,AXA
2008-03-31,7.3934,CS.PA,AXA
2008-04-30,8.8425,CS.PA,AXA
2008-05-31,7.3434,CS.PA,AXA
2008-06-30,7.3921,CS.PA,AXA
2008-07-31,8.5115,CS.PA,AXA
2008-08-31,8.9145,CS.PA,AXA
2008-09-30,5.7821,CS.PA,AXA
2008-10-31,5.821,CS.PA,AXA
2008-11-30,6.1695,CS.PA,AXA
2008-12-31,4.7561,CS.PA,AXA
2009-01-31,2.8568,CS.PA,AXA
2009-02-28,3.5238,CS.PA,AXA
2009-03-31,4.9625,CS.PA,AXA
2009-04-30,5.2612,CS.PA,AXA
2009-05-31,5.3735,CS.PA,AXA
2009-06-30,5.9514,CS.PA,AXA
2009-07-31,6.3728,CS.PA,AXA
2009-08-31,7.4242,CS.PA,AXA
2009-09-30,6.8283,CS.PA,AXA
2009-10-31,6.5182,CS.PA,AXA
2009-11-30,6.7934,CS.PA,AXA
2009-12-31,6.1609,CS.PA,AXA
2010-01-31,6.0726,CS.PA,AXA
2010-02-28,6.7646,CS.PA,AXA
2010-03-31,6.2019,CS.PA,AXA
2010-04-30,5.7352,CS.PA,AXA
2010-05-31,5.4326,CS.PA,AXA
2010-06-30,6.0293,CS.PA,AXA
2010-07-31,5.228,CS.PA,AXA
2010-08-31,5.4667,CS.PA,AXA
2010-09-30,5.5753,CS.PA,AXA
2010-10-31,4.7143,CS.PA,AXA
2010-11-30,5.3068,CS.PA,AXA
2010-12-31,6.5898,CS.PA,AXA
2011-01-31,6.4875,CS.PA,AXA
2011-02-28,6.285,CS.PA,AXA
2011-03-31,6.7547,CS.PA,AXA
2011-04-30,6.6165,CS.PA,AXA
2011-05-31,6.9866,CS.PA,AXA
2011-06-30,5.8452,CS.PA,AXA
2011-07-31,4.9758,CS.PA,AXA
2011-08-31,4.414,CS.PA,AXA
2011-09-30,5.2477,CS.PA,AXA
2011-10-31,4.7796,CS.PA,AXA
2011-11-30,4.4786,CS.PA,AXA
2011-12-31,5.1742,CS.PA,AXA
2012-01-31,5.3971,CS.PA,AXA
2012-02-29,5.542,CS.PA,AXA
2012-03-31,4.7707,CS.PA,AXA
2012-04-30,4.3326,CS.PA,AXA
2012-05-31,5.0001,CS.PA,AXA
2012-06-30,4.7472,CS.PA,AXA
2012-07-31,5.4915,CS.PA,AXA
2012-08-31,5.5297,CS.PA,AXA
2012-09-30,5.8517,CS.PA,AXA
2012-10-31,6.0282,CS.PA,AXA
2012-11-30,6.3694,CS.PA,AXA
2012-12-31,6.5077,CS.PA,AXA
2013-01-31,6.3479,CS.PA,AXA
2013-02-28,6.398,CS.PA,AXA
2013-03-31,6.7821,CS.PA,AXA
2013-04-30,7.8329,CS.PA,AXA
2013-05-31,7.5648,CS.PA,AXA
2013-06-30,8.3065,CS.PA,AXA
2013-07-31,8.2614,CS.PA,AXA
2013-08-31,8.5821,CS.PA,AXA
2013-09-30,9.2211,CS.PA,AXA
2013-10-31,9.6646,CS.PA,AXA
2013-11-30,10.1281,CS.PA,AXA
2013-12-31,9.7723,CS.PA,AXA
2014-01-31,9.4917,CS.PA,AXA
2014-02-28,9.4541,CS.PA,AXA
2014-03-31,9.409,CS.PA,AXA
2014-04-30,9.4849,CS.PA,AXA
2014-05-31,9.1419,CS.PA,AXA
2014-06-30,9.0031,CS.PA,AXA
2014-07-31,9.8725,CS.PA,AXA
2014-08-31,10.2182,CS.PA,AXA
2014-09-30,9.6421,CS.PA,AXA
2014-10-31,10.1684,CS.PA,AXA
2014-11-30,10.0584,CS.PA,AXA
2014-12-31,10.9226,CS.PA,AXA
2015-01-31,11.8837,CS.PA,AXA
2015-02-28,12.2843,CS.PA,AXA
2015-03-31,11.8444,CS.PA,AXA
2015-04-30,12.5083,CS.PA,AXA
2015-05-31,12.3528,CS.PA,AXA
2015-06-30,13.1006,CS.PA,AXA
2015-07-31,12.2682,CS.PA,AXA
2015-08-31,11.8096,CS.PA,AXA
2015-09-30,13.278,CS.PA,AXA
2015-10-31,13.9794,CS.PA,AXA
2015-11-30,13.772,CS.PA,AXA
2015-12-31,12.4292,CS.PA,AXA
2016-01-31,11.0782,CS.PA,AXA
2016-02-29,11.2938,CS.PA,AXA
2016-03-31,12.0171,CS.PA,AXA
2016-04-30,12.9854,CS.PA,AXA
2016-05-31,10.2394,CS.PA,AXA
2016-06-30,10.4838,CS.PA,AXA
2016-07-31,10.8231,CS.PA,AXA
2016-08-31,10.8921,CS.PA,AXA
2016-09-30,11.8094,CS.PA,AXA
2016-10-31,12.7841,CS.PA,AXA
2016-11-30,13.7934,CS.PA,AXA
2016-12-31,13.0659,CS.PA,AXA
2017-01-31,12.8071,CS.PA,AXA
2017-02-28,13.9487,CS.PA,AXA
2017-03-31,14.0953,CS.PA,AXA
2017-04-30,14.2952,CS.PA,AXA
2017-05-31,14.4217,CS.PA,AXA
2017-06-30,15.0299,CS.PA,AXA
2017-07-31,14.6776,CS.PA,AXA
2017-08-31,15.4092,CS.PA,AXA
2017-09-30,15.614,CS.PA,AXA
2017-10-31,15.2647,CS.PA,AXA
2017-11-30,14.8944,CS.PA,AXA
2017-12-31,15.9542,CS.PA,AXA
2018-01-31,15.5718,CS.PA,AXA
2018-02-28,13.0066,CS.PA,AXA
2018-03-31,14.2832,CS.PA,AXA
2018-04-30,13.5574,CS.PA,AXA
2018-05-31,13.3603,CS.PA,AXA
2018-06-30,13.7322,CS.PA,AXA
2018-07-31,13.8244,CS.PA,AXA
2018-08-31,14.7177,CS.PA,AXA
2018-09-30,14.0755,CS.PA,AXA
2018-10-31,13.6782,CS.PA,AXA
2018-11-30,11.989,CS.PA,AXA
2018-12-31,12.8708,CS.PA,AXA
2019-01-31,14.1741,CS.PA,AXA
2019-02-28,14.2599,CS.PA,AXA
2019-03-31,15.0959,CS.PA,AXA
2019-04-30,14.877,CS.PA,AXA
2019-05-31,15.5642,CS.PA,AXA
2019-06-30,15.4294,CS.PA,AXA
2019-07-31,14.0617,CS.PA,AXA
2019-08-31,15.7865,CS.PA,AXA
2019-09-30,15.9584,CS.PA,AXA
2019-10-31,16.6389,CS.PA,AXA
2019-11-30,16.9185,CS.PA,AXA
2019-12-31,16.2245,CS.PA,AXA
2020-01-31,14.119,CS.PA,AXA
2020-02-29,10.6376,CS.PA,AXA
2020-03-31,10.9125,CS.PA,AXA
2020-04-30,11.0364,CS.PA,AXA
2020-05-31,12.5403,CS.PA,AXA
2020-06-30,11.8111,CS.PA,AXA
2020-07-31,11.9596,CS.PA,AXA
2020-08-31,11.0491,CS.PA,AXA
2020-09-30,9.6652,CS.PA,AXA
2020-10-31,13.8058,CS.PA,AXA
2020-11-30,13.6657,CS.PA,AXA
2020-12-31,12.8168,CS.PA,AXA
2021-01-31,14.5678,CS.PA,AXA
2021-02-28,16.028,CS.PA,AXA
2021-03-31,16.4763,CS.PA,AXA
2021-04-30,16.8094,CS.PA,AXA
2021-05-31,15.9198,CS.PA,AXA
2021-06-30,16.2882,CS.PA,AXA
2021-07-31,17.7027,CS.PA,AXA
2021-08-31,17.9297,CS.PA,AXA
2021-09-30,18.73,CS.PA,AXA
2021-10-31,18.127,CS.PA,AXA
2021-11-30,19.493,CS.PA,AXA
2021-12-31,20.8107,CS.PA,AXA
2022-01-31,18.0712,CS.PA,AXA
2022-02-28,19.7759,CS.PA,AXA
2022-03-31,18.9533,CS.PA,AXA
2022-04-30,18.6667,CS.PA,AXA
2022-05-31,17.1978,CS.PA,AXA
2022-06-30,17.8251,CS.PA,AXA
2022-07-31,18.6786,CS.PA,AXA
2022-08-31,17.8449,CS.PA,AXA
2022-09-30,19.8497,CS.PA,AXA
2022-10-31,21.4536,CS.PA,AXA
2022-11-30,20.6874,CS.PA,AXA
2022-12-31,22.72,CS.PA,AXA
2023-01-31,23.7006,CS.PA,AXA
2023-02-28,22.3627,CS.PA,AXA
2023-03-31,23.4783,CS.PA,AXA
2023-04-30,22.286,CS.PA,AXA
2023-05-31,22.8006,CS.PA,AXA
2023-06-30,23.5979,CS.PA,AXA
2023-07-31,23.4334,CS.PA,AXA
2023-08-31,23.7751,CS.PA,AXA
2023-09-30,23.5853,CS.PA,AXA
2023-10-31,24.1252,CS.PA,AXA
2023-11-30,24.8803,CS.PA,AXA
2023-12-31,26.2893,CS.PA,AXA
2024-01-31,27.7404,CS.PA,AXA
2024-02-29,29.373,CS.PA,AXA
2024-03-31,29.0516,CS.PA,AXA
2024-04-30,29.5979,CS.PA,AXA
2024-05-31,27.377,CS.PA,AXA
2024-06-30,29.0964,CS.PA,AXA
2024-07-31,30.8069,CS.PA,AXA
2024-08-31,30.9233,CS.PA,AXA
2024-09-30,30.9144,CS.PA,AXA
2024-10-31,29.5352,CS.PA,AXA
2024-11-30,30.7353,CS.PA,AXA
2024-12-31,32.8219,CS.PA,AXA
2025-01-31,33.5294,CS.PA,AXA
2025-02-28,35.2847,CS.PA,AXA
2025-03-31,37.228,CS.PA,AXA
2025-04-30,39.1634,CS.PA,AXA
2025-05-31,39.3144,CS.PA,AXA
2025-06-30,40.2673,CS.PA,AXA
2025-07-31,37.5407,CS.PA,AXA
2025-08-31,38.3426,CS.PA,AXA
2025-09-30,35.5028,CS.PA,AXA
2025-10-31,36.701,CS.PA,AXA
2025-11-30,38.6445,CS.PA,AXA
2025-12-31,36.2575,CS.PA,AXA
2026-01-31,39.1163,CS.PA,AXA
2026-02-28,37.0218,CS.PA,AXA
2026-03-31,38.6257,CS.PA,AXA
2026-04-30,39.73,CS.PA,AXA
2026-05-31,43.85,CS.PA,AXA
2026-06-30,,CS.PA,AXA
1999-12-31,2.3084,SAN.MC,BANCO SANTANDER S.A.
2000-01-31,2.4986,SAN.MC,BANCO SANTANDER S.A.
2000-02-29,2.5743,SAN.MC,BANCO SANTANDER S.A.
2000-03-31,2.6293,SAN.MC,BANCO SANTANDER S.A.
2000-04-30,2.4355,SAN.MC,BANCO SANTANDER S.A.
2000-05-31,2.5607,SAN.MC,BANCO SANTANDER S.A.
2000-06-30,2.5971,SAN.MC,BANCO SANTANDER S.A.
2000-07-31,2.8378,SAN.MC,BANCO SANTANDER S.A.
2000-08-31,2.9176,SAN.MC,BANCO SANTANDER S.A.
2000-09-30,2.6023,SAN.MC,BANCO SANTANDER S.A.
2000-10-31,2.4258,SAN.MC,BANCO SANTANDER S.A.
2000-11-30,2.7058,SAN.MC,BANCO SANTANDER S.A.
2000-12-31,2.8169,SAN.MC,BANCO SANTANDER S.A.
2001-01-31,2.6522,SAN.MC,BANCO SANTANDER S.A.
2001-02-28,2.4708,SAN.MC,BANCO SANTANDER S.A.
2001-03-31,2.6921,SAN.MC,BANCO SANTANDER S.A.
2001-04-30,2.7224,SAN.MC,BANCO SANTANDER S.A.
2001-05-31,2.5893,SAN.MC,BANCO SANTANDER S.A.
2001-06-30,2.4508,SAN.MC,BANCO SANTANDER S.A.
2001-07-31,2.446,SAN.MC,BANCO SANTANDER S.A.
2001-08-31,2.0412,SAN.MC,BANCO SANTANDER S.A.
2001-09-30,2.104,SAN.MC,BANCO SANTANDER S.A.
2001-10-31,2.3427,SAN.MC,BANCO SANTANDER S.A.
2001-11-30,2.3156,SAN.MC,BANCO SANTANDER S.A.
2001-12-31,2.2383,SAN.MC,BANCO SANTANDER S.A.
2002-01-31,2.2879,SAN.MC,BANCO SANTANDER S.A.
2002-02-28,2.3623,SAN.MC,BANCO SANTANDER S.A.
2002-03-31,2.5671,SAN.MC,BANCO SANTANDER S.A.
2002-04-30,2.4697,SAN.MC,BANCO SANTANDER S.A.
2002-05-31,2.0077,SAN.MC,BANCO SANTANDER S.A.
2002-06-30,1.5682,SAN.MC,BANCO SANTANDER S.A.
2002-07-31,1.7218,SAN.MC,BANCO SANTANDER S.A.
2002-08-31,1.3072,SAN.MC,BANCO SANTANDER S.A.
2002-09-30,1.5651,SAN.MC,BANCO SANTANDER S.A.
2002-10-31,1.8428,SAN.MC,BANCO SANTANDER S.A.
2002-11-30,1.6739,SAN.MC,BANCO SANTANDER S.A.
2002-12-31,1.4717,SAN.MC,BANCO SANTANDER S.A.
2003-01-31,1.543,SAN.MC,BANCO SANTANDER S.A.
2003-02-28,1.5171,SAN.MC,BANCO SANTANDER S.A.
2003-03-31,1.8257,SAN.MC,BANCO SANTANDER S.A.
2003-04-30,1.7997,SAN.MC,BANCO SANTANDER S.A.
2003-05-31,1.9959,SAN.MC,BANCO SANTANDER S.A.
2003-06-30,2.0927,SAN.MC,BANCO SANTANDER S.A.
2003-07-31,2.0524,SAN.MC,BANCO SANTANDER S.A.
2003-08-31,1.923,SAN.MC,BANCO SANTANDER S.A.
2003-09-30,2.1792,SAN.MC,BANCO SANTANDER S.A.
2003-10-31,2.3126,SAN.MC,BANCO SANTANDER S.A.
2003-11-30,2.5046,SAN.MC,BANCO SANTANDER S.A.
2003-12-31,2.4646,SAN.MC,BANCO SANTANDER S.A.
2004-01-31,2.5063,SAN.MC,BANCO SANTANDER S.A.
2004-02-29,2.3799,SAN.MC,BANCO SANTANDER S.A.
2004-03-31,2.4095,SAN.MC,BANCO SANTANDER S.A.
2004-04-30,2.3527,SAN.MC,BANCO SANTANDER S.A.
2004-05-31,2.312,SAN.MC,BANCO SANTANDER S.A.
2004-06-30,2.1413,SAN.MC,BANCO SANTANDER S.A.
2004-07-31,2.2024,SAN.MC,BANCO SANTANDER S.A.
2004-08-31,2.1531,SAN.MC,BANCO SANTANDER S.A.
2004-09-30,2.3969,SAN.MC,BANCO SANTANDER S.A.
2004-10-31,2.5239,SAN.MC,BANCO SANTANDER S.A.
2004-11-30,2.5491,SAN.MC,BANCO SANTANDER S.A.
2004-12-31,2.5435,SAN.MC,BANCO SANTANDER S.A.
2005-01-31,2.6373,SAN.MC,BANCO SANTANDER S.A.
2005-02-28,2.6458,SAN.MC,BANCO SANTANDER S.A.
2005-03-31,2.5415,SAN.MC,BANCO SANTANDER S.A.
2005-04-30,2.6366,SAN.MC,BANCO SANTANDER S.A.
2005-05-31,2.7276,SAN.MC,BANCO SANTANDER S.A.
2005-06-30,2.9068,SAN.MC,BANCO SANTANDER S.A.
2005-07-31,2.8416,SAN.MC,BANCO SANTANDER S.A.
2005-08-31,3.1372,SAN.MC,BANCO SANTANDER S.A.
2005-09-30,3.054,SAN.MC,BANCO SANTANDER S.A.
2005-10-31,3.1273,SAN.MC,BANCO SANTANDER S.A.
2005-11-30,3.2286,SAN.MC,BANCO SANTANDER S.A.
2005-12-31,3.4284,SAN.MC,BANCO SANTANDER S.A.
2006-01-31,3.5752,SAN.MC,BANCO SANTANDER S.A.
2006-02-28,3.5168,SAN.MC,BANCO SANTANDER S.A.
2006-03-31,3.5869,SAN.MC,BANCO SANTANDER S.A.
2006-04-30,3.3264,SAN.MC,BANCO SANTANDER S.A.
2006-05-31,3.3707,SAN.MC,BANCO SANTANDER S.A.
2006-06-30,3.5006,SAN.MC,BANCO SANTANDER S.A.
2006-07-31,3.6069,SAN.MC,BANCO SANTANDER S.A.
2006-08-31,3.7141,SAN.MC,BANCO SANTANDER S.A.
2006-09-30,4.0387,SAN.MC,BANCO SANTANDER S.A.
2006-10-31,4.1159,SAN.MC,BANCO SANTANDER S.A.
2006-11-30,4.245,SAN.MC,BANCO SANTANDER S.A.
2006-12-31,4.38,SAN.MC,BANCO SANTANDER S.A.
2007-01-31,4.237,SAN.MC,BANCO SANTANDER S.A.
2007-02-28,4.0404,SAN.MC,BANCO SANTANDER S.A.
2007-03-31,3.989,SAN.MC,BANCO SANTANDER S.A.
2007-04-30,4.3851,SAN.MC,BANCO SANTANDER S.A.
2007-05-31,4.2039,SAN.MC,BANCO SANTANDER S.A.
2007-06-30,4.2745,SAN.MC,BANCO SANTANDER S.A.
2007-07-31,4.1515,SAN.MC,BANCO SANTANDER S.A.
2007-08-31,4.2228,SAN.MC,BANCO SANTANDER S.A.
2007-09-30,4.6472,SAN.MC,BANCO SANTANDER S.A.
2007-10-31,4.5732,SAN.MC,BANCO SANTANDER S.A.
2007-11-30,4.62,SAN.MC,BANCO SANTANDER S.A.
2007-12-31,3.6954,SAN.MC,BANCO SANTANDER S.A.
2008-01-31,3.7658,SAN.MC,BANCO SANTANDER S.A.
2008-02-29,3.9836,SAN.MC,BANCO SANTANDER S.A.
2008-03-31,4.3718,SAN.MC,BANCO SANTANDER S.A.
2008-04-30,4.3145,SAN.MC,BANCO SANTANDER S.A.
2008-05-31,3.7603,SAN.MC,BANCO SANTANDER S.A.
2008-06-30,4.0212,SAN.MC,BANCO SANTANDER S.A.
2008-07-31,3.7917,SAN.MC,BANCO SANTANDER S.A.
2008-08-31,3.4203,SAN.MC,BANCO SANTANDER S.A.
2008-09-30,2.7265,SAN.MC,BANCO SANTANDER S.A.
2008-10-31,2.2834,SAN.MC,BANCO SANTANDER S.A.
2008-11-30,2.3544,SAN.MC,BANCO SANTANDER S.A.
2008-12-31,2.2443,SAN.MC,BANCO SANTANDER S.A.
2009-01-31,1.7746,SAN.MC,BANCO SANTANDER S.A.
2009-02-28,1.8796,SAN.MC,BANCO SANTANDER S.A.
2009-03-31,2.7153,SAN.MC,BANCO SANTANDER S.A.
2009-04-30,2.7974,SAN.MC,BANCO SANTANDER S.A.
2009-05-31,3.197,SAN.MC,BANCO SANTANDER S.A.
2009-06-30,3.7946,SAN.MC,BANCO SANTANDER S.A.
2009-07-31,4.0635,SAN.MC,BANCO SANTANDER S.A.
2009-08-31,4.1638,SAN.MC,BANCO SANTANDER S.A.
2009-09-30,4.1619,SAN.MC,BANCO SANTANDER S.A.
2009-10-31,4.3679,SAN.MC,BANCO SANTANDER S.A.
2009-11-30,4.4215,SAN.MC,BANCO SANTANDER S.A.
2009-12-31,3.943,SAN.MC,BANCO SANTANDER S.A.
2010-01-31,3.6997,SAN.MC,BANCO SANTANDER S.A.
2010-02-28,3.8124,SAN.MC,BANCO SANTANDER S.A.
2010-03-31,3.7,SAN.MC,BANCO SANTANDER S.A.
2010-04-30,3.3021,SAN.MC,BANCO SANTANDER S.A.
2010-05-31,3.4667,SAN.MC,BANCO SANTANDER S.A.
2010-06-30,3.9542,SAN.MC,BANCO SANTANDER S.A.
2010-07-31,3.7183,SAN.MC,BANCO SANTANDER S.A.
2010-08-31,3.7464,SAN.MC,BANCO SANTANDER S.A.
2010-09-30,3.7588,SAN.MC,BANCO SANTANDER S.A.
2010-10-31,2.9725,SAN.MC,BANCO SANTANDER S.A.
2010-11-30,3.2282,SAN.MC,BANCO SANTANDER S.A.
2010-12-31,3.7522,SAN.MC,BANCO SANTANDER S.A.
2011-01-31,3.7459,SAN.MC,BANCO SANTANDER S.A.
2011-02-28,3.4344,SAN.MC,BANCO SANTANDER S.A.
2011-03-31,3.6146,SAN.MC,BANCO SANTANDER S.A.
2011-04-30,3.559,SAN.MC,BANCO SANTANDER S.A.
2011-05-31,3.4294,SAN.MC,BANCO SANTANDER S.A.
2011-06-30,3.1546,SAN.MC,BANCO SANTANDER S.A.
2011-07-31,2.8169,SAN.MC,BANCO SANTANDER S.A.
2011-08-31,2.7309,SAN.MC,BANCO SANTANDER S.A.
2011-09-30,2.7662,SAN.MC,BANCO SANTANDER S.A.
2011-10-31,2.5073,SAN.MC,BANCO SANTANDER S.A.
2011-11-30,2.6287,SAN.MC,BANCO SANTANDER S.A.
2011-12-31,2.7208,SAN.MC,BANCO SANTANDER S.A.
2012-01-31,2.8475,SAN.MC,BANCO SANTANDER S.A.
2012-02-29,2.6385,SAN.MC,BANCO SANTANDER S.A.
2012-03-31,2.2532,SAN.MC,BANCO SANTANDER S.A.
2012-04-30,2.0503,SAN.MC,BANCO SANTANDER S.A.
2012-05-31,2.4923,SAN.MC,BANCO SANTANDER S.A.
2012-06-30,2.4406,SAN.MC,BANCO SANTANDER S.A.
2012-07-31,2.7955,SAN.MC,BANCO SANTANDER S.A.
2012-08-31,2.8572,SAN.MC,BANCO SANTANDER S.A.
2012-09-30,2.9267,SAN.MC,BANCO SANTANDER S.A.
2012-10-31,2.9899,SAN.MC,BANCO SANTANDER S.A.
2012-11-30,3.0839,SAN.MC,BANCO SANTANDER S.A.
2012-12-31,3.1972,SAN.MC,BANCO SANTANDER S.A.
2013-01-31,3.0068,SAN.MC,BANCO SANTANDER S.A.
2013-02-28,2.7124,SAN.MC,BANCO SANTANDER S.A.
2013-03-31,2.9203,SAN.MC,BANCO SANTANDER S.A.
2013-04-30,2.9464,SAN.MC,BANCO SANTANDER S.A.
2013-05-31,2.6071,SAN.MC,BANCO SANTANDER S.A.
2013-06-30,3.0117,SAN.MC,BANCO SANTANDER S.A.
2013-07-31,2.9273,SAN.MC,BANCO SANTANDER S.A.
2013-08-31,3.3045,SAN.MC,BANCO SANTANDER S.A.
2013-09-30,3.6682,SAN.MC,BANCO SANTANDER S.A.
2013-10-31,3.6704,SAN.MC,BANCO SANTANDER S.A.
2013-11-30,3.6497,SAN.MC,BANCO SANTANDER S.A.
2013-12-31,3.6779,SAN.MC,BANCO SANTANDER S.A.
2014-01-31,3.7674,SAN.MC,BANCO SANTANDER S.A.
2014-02-28,3.9711,SAN.MC,BANCO SANTANDER S.A.
2014-03-31,4.1808,SAN.MC,BANCO SANTANDER S.A.
2014-04-30,4.3891,SAN.MC,BANCO SANTANDER S.A.
2014-05-31,4.4509,SAN.MC,BANCO SANTANDER S.A.
2014-06-30,4.4932,SAN.MC,BANCO SANTANDER S.A.
2014-07-31,4.5188,SAN.MC,BANCO SANTANDER S.A.
2014-08-31,4.5313,SAN.MC,BANCO SANTANDER S.A.
2014-09-30,4.2769,SAN.MC,BANCO SANTANDER S.A.
2014-10-31,4.4114,SAN.MC,BANCO SANTANDER S.A.
2014-11-30,4.2574,SAN.MC,BANCO SANTANDER S.A.
2014-12-31,3.7152,SAN.MC,BANCO SANTANDER S.A.
2015-01-31,4.0724,SAN.MC,BANCO SANTANDER S.A.
2015-02-28,4.3741,SAN.MC,BANCO SANTANDER S.A.
2015-03-31,4.3022,SAN.MC,BANCO SANTANDER S.A.
2015-04-30,4.129,SAN.MC,BANCO SANTANDER S.A.
2015-05-31,3.9889,SAN.MC,BANCO SANTANDER S.A.
2015-06-30,4.0016,SAN.MC,BANCO SANTANDER S.A.
2015-07-31,3.5048,SAN.MC,BANCO SANTANDER S.A.
2015-08-31,3.0452,SAN.MC,BANCO SANTANDER S.A.
2015-09-30,3.3058,SAN.MC,BANCO SANTANDER S.A.
2015-10-31,3.3499,SAN.MC,BANCO SANTANDER S.A.
2015-11-30,2.9545,SAN.MC,BANCO SANTANDER S.A.
2015-12-31,2.5507,SAN.MC,BANCO SANTANDER S.A.
2016-01-31,2.464,SAN.MC,BANCO SANTANDER S.A.
2016-02-29,2.5434,SAN.MC,BANCO SANTANDER S.A.
2016-03-31,2.9345,SAN.MC,BANCO SANTANDER S.A.
2016-04-30,2.8482,SAN.MC,BANCO SANTANDER S.A.
2016-05-31,2.276,SAN.MC,BANCO SANTANDER S.A.
2016-06-30,2.5557,SAN.MC,BANCO SANTANDER S.A.
2016-07-31,2.708,SAN.MC,BANCO SANTANDER S.A.
2016-08-31,2.6588,SAN.MC,BANCO SANTANDER S.A.
2016-09-30,3.0498,SAN.MC,BANCO SANTANDER S.A.
2016-10-31,2.9381,SAN.MC,BANCO SANTANDER S.A.
2016-11-30,3.3782,SAN.MC,BANCO SANTANDER S.A.
2016-12-31,3.544,SAN.MC,BANCO SANTANDER S.A.
2017-01-31,3.5474,SAN.MC,BANCO SANTANDER S.A.
2017-02-28,3.9542,SAN.MC,BANCO SANTANDER S.A.
2017-03-31,4.1586,SAN.MC,BANCO SANTANDER S.A.
2017-04-30,4.0155,SAN.MC,BANCO SANTANDER S.A.
2017-05-31,4.0231,SAN.MC,BANCO SANTANDER S.A.
2017-06-30,4.0777,SAN.MC,BANCO SANTANDER S.A.
2017-07-31,3.8954,SAN.MC,BANCO SANTANDER S.A.
2017-08-31,4.215,SAN.MC,BANCO SANTANDER S.A.
2017-09-30,4.1848,SAN.MC,BANCO SANTANDER S.A.
2017-10-31,4.0555,SAN.MC,BANCO SANTANDER S.A.
2017-11-30,3.9376,SAN.MC,BANCO SANTANDER S.A.
2017-12-31,4.3429,SAN.MC,BANCO SANTANDER S.A.
2018-01-31,4.1135,SAN.MC,BANCO SANTANDER S.A.
2018-02-28,3.8435,SAN.MC,BANCO SANTANDER S.A.
2018-03-31,3.9443,SAN.MC,BANCO SANTANDER S.A.
2018-04-30,3.3768,SAN.MC,BANCO SANTANDER S.A.
2018-05-31,3.371,SAN.MC,BANCO SANTANDER S.A.
2018-06-30,3.5864,SAN.MC,BANCO SANTANDER S.A.
2018-07-31,3.1909,SAN.MC,BANCO SANTANDER S.A.
2018-08-31,3.2262,SAN.MC,BANCO SANTANDER S.A.
2018-09-30,3.1475,SAN.MC,BANCO SANTANDER S.A.
2018-10-31,3.14,SAN.MC,BANCO SANTANDER S.A.
2018-11-30,2.9809,SAN.MC,BANCO SANTANDER S.A.
2018-12-31,3.1474,SAN.MC,BANCO SANTANDER S.A.
2019-01-31,3.2723,SAN.MC,BANCO SANTANDER S.A.
2019-02-28,3.1569,SAN.MC,BANCO SANTANDER S.A.
2019-03-31,3.487,SAN.MC,BANCO SANTANDER S.A.
2019-04-30,3.0545,SAN.MC,BANCO SANTANDER S.A.
2019-05-31,3.1538,SAN.MC,BANCO SANTANDER S.A.
2019-06-30,2.9857,SAN.MC,BANCO SANTANDER S.A.
2019-07-31,2.6588,SAN.MC,BANCO SANTANDER S.A.
2019-08-31,2.888,SAN.MC,BANCO SANTANDER S.A.
2019-09-30,2.8497,SAN.MC,BANCO SANTANDER S.A.
2019-10-31,2.8045,SAN.MC,BANCO SANTANDER S.A.
2019-11-30,2.9575,SAN.MC,BANCO SANTANDER S.A.
2019-12-31,2.8179,SAN.MC,BANCO SANTANDER S.A.
2020-01-31,2.638,SAN.MC,BANCO SANTANDER S.A.
2020-02-29,1.7586,SAN.MC,BANCO SANTANDER S.A.
2020-03-31,1.6155,SAN.MC,BANCO SANTANDER S.A.
2020-04-30,1.6155,SAN.MC,BANCO SANTANDER S.A.
2020-05-31,1.7241,SAN.MC,BANCO SANTANDER S.A.
2020-06-30,1.434,SAN.MC,BANCO SANTANDER S.A.
2020-07-31,1.477,SAN.MC,BANCO SANTANDER S.A.
2020-08-31,1.2683,SAN.MC,BANCO SANTANDER S.A.
2020-09-30,1.3565,SAN.MC,BANCO SANTANDER S.A.
2020-10-31,2.0002,SAN.MC,BANCO SANTANDER S.A.
2020-11-30,2.0999,SAN.MC,BANCO SANTANDER S.A.
2020-12-31,1.9981,SAN.MC,BANCO SANTANDER S.A.
2021-01-31,2.3973,SAN.MC,BANCO SANTANDER S.A.
2021-02-28,2.3969,SAN.MC,BANCO SANTANDER S.A.
2021-03-31,2.6831,SAN.MC,BANCO SANTANDER S.A.
2021-04-30,2.8575,SAN.MC,BANCO SANTANDER S.A.
2021-05-31,2.6868,SAN.MC,BANCO SANTANDER S.A.
2021-06-30,2.5767,SAN.MC,BANCO SANTANDER S.A.
2021-07-31,2.61,SAN.MC,BANCO SANTANDER S.A.
2021-08-31,2.6175,SAN.MC,BANCO SANTANDER S.A.
2021-09-30,2.7754,SAN.MC,BANCO SANTANDER S.A.
2021-10-31,2.3294,SAN.MC,BANCO SANTANDER S.A.
2021-11-30,2.4908,SAN.MC,BANCO SANTANDER S.A.
2021-12-31,2.6212,SAN.MC,BANCO SANTANDER S.A.
2022-01-31,2.5281,SAN.MC,BANCO SANTANDER S.A.
2022-02-28,2.6259,SAN.MC,BANCO SANTANDER S.A.
2022-03-31,2.4302,SAN.MC,BANCO SANTANDER S.A.
2022-04-30,2.601,SAN.MC,BANCO SANTANDER S.A.
2022-05-31,2.3193,SAN.MC,BANCO SANTANDER S.A.
2022-06-30,2.1053,SAN.MC,BANCO SANTANDER S.A.
2022-07-31,2.0855,SAN.MC,BANCO SANTANDER S.A.
2022-08-31,2.0687,SAN.MC,BANCO SANTANDER S.A.
2022-09-30,2.3131,SAN.MC,BANCO SANTANDER S.A.
2022-10-31,2.5147,SAN.MC,BANCO SANTANDER S.A.
2022-11-30,2.4724,SAN.MC,BANCO SANTANDER S.A.
2022-12-31,2.8257,SAN.MC,BANCO SANTANDER S.A.
2023-01-31,3.284,SAN.MC,BANCO SANTANDER S.A.
2023-02-28,3.0224,SAN.MC,BANCO SANTANDER S.A.
2023-03-31,2.8628,SAN.MC,BANCO SANTANDER S.A.
2023-04-30,2.7357,SAN.MC,BANCO SANTANDER S.A.
2023-05-31,3.0412,SAN.MC,BANCO SANTANDER S.A.
2023-06-30,3.3093,SAN.MC,BANCO SANTANDER S.A.
2023-07-31,3.2361,SAN.MC,BANCO SANTANDER S.A.
2023-08-31,3.2509,SAN.MC,BANCO SANTANDER S.A.
2023-09-30,3.1862,SAN.MC,BANCO SANTANDER S.A.
2023-10-31,3.4942,SAN.MC,BANCO SANTANDER S.A.
2023-11-30,3.4744,SAN.MC,BANCO SANTANDER S.A.
2023-12-31,3.434,SAN.MC,BANCO SANTANDER S.A.
2024-01-31,3.5351,SAN.MC,BANCO SANTANDER S.A.
2024-02-29,4.1565,SAN.MC,BANCO SANTANDER S.A.
2024-03-31,4.2879,SAN.MC,BANCO SANTANDER S.A.
2024-04-30,4.5331,SAN.MC,BANCO SANTANDER S.A.
2024-05-31,4.0605,SAN.MC,BANCO SANTANDER S.A.
2024-06-30,4.1772,SAN.MC,BANCO SANTANDER S.A.
2024-07-31,4.2157,SAN.MC,BANCO SANTANDER S.A.
2024-08-31,4.3137,SAN.MC,BANCO SANTANDER S.A.
2024-09-30,4.3078,SAN.MC,BANCO SANTANDER S.A.
2024-10-31,4.1961,SAN.MC,BANCO SANTANDER S.A.
2024-11-30,4.2814,SAN.MC,BANCO SANTANDER S.A.
2024-12-31,4.7604,SAN.MC,BANCO SANTANDER S.A.
2025-01-31,5.9669,SAN.MC,BANCO SANTANDER S.A.
2025-02-28,5.9419,SAN.MC,BANCO SANTANDER S.A.
2025-03-31,6.03,SAN.MC,BANCO SANTANDER S.A.
2025-04-30,6.8581,SAN.MC,BANCO SANTANDER S.A.
2025-05-31,6.8542,SAN.MC,BANCO SANTANDER S.A.
2025-06-30,7.3507,SAN.MC,BANCO SANTANDER S.A.
2025-07-31,7.9594,SAN.MC,BANCO SANTANDER S.A.
2025-08-31,8.6558,SAN.MC,BANCO SANTANDER S.A.
2025-09-30,8.7207,SAN.MC,BANCO SANTANDER S.A.
2025-10-31,9.1327,SAN.MC,BANCO SANTANDER S.A.
2025-11-30,9.9498,SAN.MC,BANCO SANTANDER S.A.
2025-12-31,10.6513,SAN.MC,BANCO SANTANDER S.A.
2026-01-31,10.6612,SAN.MC,BANCO SANTANDER S.A.
2026-02-28,9.3767,SAN.MC,BANCO SANTANDER S.A.
2026-03-31,10.38,SAN.MC,BANCO SANTANDER S.A.
2026-04-30,10.728,SAN.MC,BANCO SANTANDER S.A.
2026-05-31,12.084,SAN.MC,BANCO SANTANDER S.A.
2026-06-30,,SAN.MC,BANCO SANTANDER S.A.
1995-02-28,0.199,ISP.MI,INTESA SANPAOLO
1995-03-31,0.1916,ISP.MI,INTESA SANPAOLO
1995-04-30,0.2139,ISP.MI,INTESA SANPAOLO
1995-05-31,0.2012,ISP.MI,INTESA SANPAOLO
1995-06-30,0.175,ISP.MI,INTESA SANPAOLO
1995-07-31,0.1566,ISP.MI,INTESA SANPAOLO
1995-08-31,0.1559,ISP.MI,INTESA SANPAOLO
1995-09-30,0.1544,ISP.MI,INTESA SANPAOLO
1995-10-31,0.1469,ISP.MI,INTESA SANPAOLO
1995-11-30,0.1609,ISP.MI,INTESA SANPAOLO
1995-12-31,0.1748,ISP.MI,INTESA SANPAOLO
1996-01-31,0.1681,ISP.MI,INTESA SANPAOLO
1996-02-29,0.154,ISP.MI,INTESA SANPAOLO
1996-03-31,0.1756,ISP.MI,INTESA SANPAOLO
1996-04-30,0.1614,ISP.MI,INTESA SANPAOLO
1996-05-31,0.1531,ISP.MI,INTESA SANPAOLO
1996-06-30,0.1395,ISP.MI,INTESA SANPAOLO
1996-07-31,0.1246,ISP.MI,INTESA SANPAOLO
1996-08-31,0.1261,ISP.MI,INTESA SANPAOLO
1996-09-30,0.1134,ISP.MI,INTESA SANPAOLO
1996-10-31,0.1254,ISP.MI,INTESA SANPAOLO
1996-11-30,0.1358,ISP.MI,INTESA SANPAOLO
1996-12-31,0.1643,ISP.MI,INTESA SANPAOLO
1997-01-31,0.1599,ISP.MI,INTESA SANPAOLO
1997-02-28,0.1413,ISP.MI,INTESA SANPAOLO
1997-03-31,0.1594,ISP.MI,INTESA SANPAOLO
1997-04-30,0.1553,ISP.MI,INTESA SANPAOLO
1997-05-31,0.1823,ISP.MI,INTESA SANPAOLO
1997-06-30,0.3813,ISP.MI,INTESA SANPAOLO
1997-07-31,0.3906,ISP.MI,INTESA SANPAOLO
1997-08-31,0.4514,ISP.MI,INTESA SANPAOLO
1997-09-30,0.44,ISP.MI,INTESA SANPAOLO
1997-10-31,0.4951,ISP.MI,INTESA SANPAOLO
1997-11-30,0.5921,ISP.MI,INTESA SANPAOLO
1997-12-31,0.7303,ISP.MI,INTESA SANPAOLO
1998-01-31,0.7168,ISP.MI,INTESA SANPAOLO
1998-02-28,0.9796,ISP.MI,INTESA SANPAOLO
1998-03-31,0.8747,ISP.MI,INTESA SANPAOLO
1998-04-30,0.9586,ISP.MI,INTESA SANPAOLO
1998-05-31,0.8698,ISP.MI,INTESA SANPAOLO
1998-06-30,0.9118,ISP.MI,INTESA SANPAOLO
1998-07-31,0.7207,ISP.MI,INTESA SANPAOLO
1998-08-31,0.6079,ISP.MI,INTESA SANPAOLO
1998-09-30,0.7242,ISP.MI,INTESA SANPAOLO
1998-10-31,0.82,ISP.MI,INTESA SANPAOLO
1998-11-30,0.8672,ISP.MI,INTESA SANPAOLO
1998-12-31,0.7621,ISP.MI,INTESA SANPAOLO
1999-01-31,0.8519,ISP.MI,INTESA SANPAOLO
1999-02-28,0.9247,ISP.MI,INTESA SANPAOLO
1999-03-31,0.8536,ISP.MI,INTESA SANPAOLO
1999-04-30,0.8398,ISP.MI,INTESA SANPAOLO
1999-05-31,0.7954,ISP.MI,INTESA SANPAOLO
1999-06-30,0.6486,ISP.MI,INTESA SANPAOLO
1999-07-31,0.6828,ISP.MI,INTESA SANPAOLO
1999-08-31,0.6708,ISP.MI,INTESA SANPAOLO
1999-09-30,0.693,ISP.MI,INTESA SANPAOLO
1999-10-31,0.7237,ISP.MI,INTESA SANPAOLO
1999-11-30,0.6879,ISP.MI,INTESA SANPAOLO
1999-12-31,0.5633,ISP.MI,INTESA SANPAOLO
2000-01-31,0.6503,ISP.MI,INTESA SANPAOLO
2000-02-29,0.6162,ISP.MI,INTESA SANPAOLO
2000-03-31,0.6913,ISP.MI,INTESA SANPAOLO
2000-04-30,0.7247,ISP.MI,INTESA SANPAOLO
2000-05-31,0.8035,ISP.MI,INTESA SANPAOLO
2000-06-30,0.8155,ISP.MI,INTESA SANPAOLO
2000-07-31,0.8223,ISP.MI,INTESA SANPAOLO
2000-08-31,0.7531,ISP.MI,INTESA SANPAOLO
2000-09-30,0.8438,ISP.MI,INTESA SANPAOLO
2000-10-31,0.8583,ISP.MI,INTESA SANPAOLO
2000-11-30,0.8772,ISP.MI,INTESA SANPAOLO
2000-12-31,0.8981,ISP.MI,INTESA SANPAOLO
2001-01-31,0.7871,ISP.MI,INTESA SANPAOLO
2001-02-28,0.7324,ISP.MI,INTESA SANPAOLO
2001-03-31,0.7288,ISP.MI,INTESA SANPAOLO
2001-04-30,0.7468,ISP.MI,INTESA SANPAOLO
2001-05-31,0.7163,ISP.MI,INTESA SANPAOLO
2001-06-30,0.6212,ISP.MI,INTESA SANPAOLO
2001-07-31,0.6279,ISP.MI,INTESA SANPAOLO
2001-08-31,0.4583,ISP.MI,INTESA SANPAOLO
2001-09-30,0.4453,ISP.MI,INTESA SANPAOLO
2001-10-31,0.4679,ISP.MI,INTESA SANPAOLO
2001-11-30,0.5175,ISP.MI,INTESA SANPAOLO
2001-12-31,0.5183,ISP.MI,INTESA SANPAOLO
2002-01-31,0.4609,ISP.MI,INTESA SANPAOLO
2002-02-28,0.5783,ISP.MI,INTESA SANPAOLO
2002-03-31,0.615,ISP.MI,INTESA SANPAOLO
2002-04-30,0.551,ISP.MI,INTESA SANPAOLO
2002-05-31,0.5338,ISP.MI,INTESA SANPAOLO
2002-06-30,0.3972,ISP.MI,INTESA SANPAOLO
2002-07-31,0.4328,ISP.MI,INTESA SANPAOLO
2002-08-31,0.2955,ISP.MI,INTESA SANPAOLO
2002-09-30,0.2981,ISP.MI,INTESA SANPAOLO
2002-10-31,0.3805,ISP.MI,INTESA SANPAOLO
2002-11-30,0.3756,ISP.MI,INTESA SANPAOLO
2002-12-31,0.3345,ISP.MI,INTESA SANPAOLO
2003-01-31,0.3729,ISP.MI,INTESA SANPAOLO
2003-02-28,0.3541,ISP.MI,INTESA SANPAOLO
2003-03-31,0.6354,ISP.MI,INTESA SANPAOLO
2003-04-30,0.7455,ISP.MI,INTESA SANPAOLO
2003-05-31,0.7608,ISP.MI,INTESA SANPAOLO
2003-06-30,0.8151,ISP.MI,INTESA SANPAOLO
2003-07-31,0.7471,ISP.MI,INTESA SANPAOLO
2003-08-31,0.7102,ISP.MI,INTESA SANPAOLO
2003-09-30,0.7922,ISP.MI,INTESA SANPAOLO
2003-10-31,0.8577,ISP.MI,INTESA SANPAOLO
2003-11-30,0.8881,ISP.MI,INTESA SANPAOLO
2003-12-31,0.855,ISP.MI,INTESA SANPAOLO
2004-01-31,0.8168,ISP.MI,INTESA SANPAOLO
2004-02-29,0.7348,ISP.MI,INTESA SANPAOLO
2004-03-31,0.8037,ISP.MI,INTESA SANPAOLO
2004-04-30,0.8664,ISP.MI,INTESA SANPAOLO
2004-05-31,0.9348,ISP.MI,INTESA SANPAOLO
2004-06-30,0.8969,ISP.MI,INTESA SANPAOLO
2004-07-31,0.8766,ISP.MI,INTESA SANPAOLO
2004-08-31,0.8911,ISP.MI,INTESA SANPAOLO
2004-09-30,0.9348,ISP.MI,INTESA SANPAOLO
2004-10-31,0.9697,ISP.MI,INTESA SANPAOLO
2004-11-30,1.0309,ISP.MI,INTESA SANPAOLO
2004-12-31,1.0374,ISP.MI,INTESA SANPAOLO
2005-01-31,1.0775,ISP.MI,INTESA SANPAOLO
2005-02-28,1.1416,ISP.MI,INTESA SANPAOLO
2005-03-31,1.1045,ISP.MI,INTESA SANPAOLO
2005-04-30,1.1375,ISP.MI,INTESA SANPAOLO
2005-05-31,1.1337,ISP.MI,INTESA SANPAOLO
2005-06-30,1.2011,ISP.MI,INTESA SANPAOLO
2005-07-31,1.1697,ISP.MI,INTESA SANPAOLO
2005-08-31,1.1614,ISP.MI,INTESA SANPAOLO
2005-09-30,1.1667,ISP.MI,INTESA SANPAOLO
2005-10-31,1.2281,ISP.MI,INTESA SANPAOLO
2005-11-30,1.3404,ISP.MI,INTESA SANPAOLO
2005-12-31,1.4026,ISP.MI,INTESA SANPAOLO
2006-01-31,1.4857,ISP.MI,INTESA SANPAOLO
2006-02-28,1.4767,ISP.MI,INTESA SANPAOLO
2006-03-31,1.4725,ISP.MI,INTESA SANPAOLO
2006-04-30,1.4153,ISP.MI,INTESA SANPAOLO
2006-05-31,1.4349,ISP.MI,INTESA SANPAOLO
2006-06-30,1.4184,ISP.MI,INTESA SANPAOLO
2006-07-31,1.6385,ISP.MI,INTESA SANPAOLO
2006-08-31,1.626,ISP.MI,INTESA SANPAOLO
2006-09-30,1.6777,ISP.MI,INTESA SANPAOLO
2006-10-31,1.6714,ISP.MI,INTESA SANPAOLO
2006-11-30,1.8327,ISP.MI,INTESA SANPAOLO
2006-12-31,1.8124,ISP.MI,INTESA SANPAOLO
2007-01-31,1.7247,ISP.MI,INTESA SANPAOLO
2007-02-28,1.7811,ISP.MI,INTESA SANPAOLO
2007-03-31,1.9361,ISP.MI,INTESA SANPAOLO
2007-04-30,1.8946,ISP.MI,INTESA SANPAOLO
2007-05-31,1.8478,ISP.MI,INTESA SANPAOLO
2007-06-30,1.8662,ISP.MI,INTESA SANPAOLO
2007-07-31,1.8478,ISP.MI,INTESA SANPAOLO
2007-08-31,1.8094,ISP.MI,INTESA SANPAOLO
2007-09-30,1.8244,ISP.MI,INTESA SANPAOLO
2007-10-31,1.8211,ISP.MI,INTESA SANPAOLO
2007-11-30,1.8077,ISP.MI,INTESA SANPAOLO
2007-12-31,1.588,ISP.MI,INTESA SANPAOLO
2008-01-31,1.4869,ISP.MI,INTESA SANPAOLO
2008-02-29,1.4919,ISP.MI,INTESA SANPAOLO
2008-03-31,1.6047,ISP.MI,INTESA SANPAOLO
2008-04-30,1.5343,ISP.MI,INTESA SANPAOLO
2008-05-31,1.3205,ISP.MI,INTESA SANPAOLO
2008-06-30,1.3186,ISP.MI,INTESA SANPAOLO
2008-07-31,1.3368,ISP.MI,INTESA SANPAOLO
2008-08-31,1.3996,ISP.MI,INTESA SANPAOLO
2008-09-30,1.0347,ISP.MI,INTESA SANPAOLO
2008-10-31,0.8591,ISP.MI,INTESA SANPAOLO
2008-11-30,0.9237,ISP.MI,INTESA SANPAOLO
2008-12-31,0.9,ISP.MI,INTESA SANPAOLO
2009-01-31,0.7047,ISP.MI,INTESA SANPAOLO
2009-02-28,0.7544,ISP.MI,INTESA SANPAOLO
2009-03-31,0.8873,ISP.MI,INTESA SANPAOLO
2009-04-30,0.9128,ISP.MI,INTESA SANPAOLO
2009-05-31,0.8354,ISP.MI,INTESA SANPAOLO
2009-06-30,0.951,ISP.MI,INTESA SANPAOLO
2009-07-31,1.1002,ISP.MI,INTESA SANPAOLO
2009-08-31,1.1002,ISP.MI,INTESA SANPAOLO
2009-09-30,1.0465,ISP.MI,INTESA SANPAOLO
2009-10-31,1.0502,ISP.MI,INTESA SANPAOLO
2009-11-30,1.1467,ISP.MI,INTESA SANPAOLO
2009-12-31,1.0111,ISP.MI,INTESA SANPAOLO
2010-01-31,0.9401,ISP.MI,INTESA SANPAOLO
2010-02-28,1.0038,ISP.MI,INTESA SANPAOLO
2010-03-31,0.9091,ISP.MI,INTESA SANPAOLO
2010-04-30,0.8208,ISP.MI,INTESA SANPAOLO
2010-05-31,0.8256,ISP.MI,INTESA SANPAOLO
2010-06-30,0.9597,ISP.MI,INTESA SANPAOLO
2010-07-31,0.8369,ISP.MI,INTESA SANPAOLO
2010-08-31,0.9002,ISP.MI,INTESA SANPAOLO
2010-09-30,0.955,ISP.MI,INTESA SANPAOLO
2010-10-31,0.7576,ISP.MI,INTESA SANPAOLO
2010-11-30,0.767,ISP.MI,INTESA SANPAOLO
2010-12-31,0.9181,ISP.MI,INTESA SANPAOLO
2011-01-31,0.9234,ISP.MI,INTESA SANPAOLO
2011-02-28,0.7889,ISP.MI,INTESA SANPAOLO
2011-03-31,0.8471,ISP.MI,INTESA SANPAOLO
2011-04-30,0.7625,ISP.MI,INTESA SANPAOLO
2011-05-31,0.7764,ISP.MI,INTESA SANPAOLO
2011-06-30,0.6834,ISP.MI,INTESA SANPAOLO
2011-07-31,0.4795,ISP.MI,INTESA SANPAOLO
2011-08-31,0.5032,ISP.MI,INTESA SANPAOLO
2011-09-30,0.5459,ISP.MI,INTESA SANPAOLO
2011-10-31,0.5193,ISP.MI,INTESA SANPAOLO
2011-11-30,0.5472,ISP.MI,INTESA SANPAOLO
2011-12-31,0.6174,ISP.MI,INTESA SANPAOLO
2012-01-31,0.6178,ISP.MI,INTESA SANPAOLO
2012-02-29,0.5684,ISP.MI,INTESA SANPAOLO
2012-03-31,0.4834,ISP.MI,INTESA SANPAOLO
2012-04-30,0.4242,ISP.MI,INTESA SANPAOLO
2012-05-31,0.4962,ISP.MI,INTESA SANPAOLO
2012-06-30,0.4585,ISP.MI,INTESA SANPAOLO
2012-07-31,0.5548,ISP.MI,INTESA SANPAOLO
2012-08-31,0.5251,ISP.MI,INTESA SANPAOLO
2012-09-30,0.5499,ISP.MI,INTESA SANPAOLO
2012-10-31,0.5743,ISP.MI,INTESA SANPAOLO
2012-11-30,0.577,ISP.MI,INTESA SANPAOLO
2012-12-31,0.6666,ISP.MI,INTESA SANPAOLO
2013-01-31,0.5517,ISP.MI,INTESA SANPAOLO
2013-02-28,0.5069,ISP.MI,INTESA SANPAOLO
2013-03-31,0.6112,ISP.MI,INTESA SANPAOLO
2013-04-30,0.6702,ISP.MI,INTESA SANPAOLO
2013-05-31,0.5655,ISP.MI,INTESA SANPAOLO
2013-06-30,0.6551,ISP.MI,INTESA SANPAOLO
2013-07-31,0.6822,ISP.MI,INTESA SANPAOLO
2013-08-31,0.7006,ISP.MI,INTESA SANPAOLO
2013-09-30,0.8411,ISP.MI,INTESA SANPAOLO
2013-10-31,0.8177,ISP.MI,INTESA SANPAOLO
2013-11-30,0.8241,ISP.MI,INTESA SANPAOLO
2013-12-31,0.9234,ISP.MI,INTESA SANPAOLO
2014-01-31,1.0318,ISP.MI,INTESA SANPAOLO
2014-02-28,1.1301,ISP.MI,INTESA SANPAOLO
2014-03-31,1.1301,ISP.MI,INTESA SANPAOLO
2014-04-30,1.1547,ISP.MI,INTESA SANPAOLO
2014-05-31,1.0598,ISP.MI,INTESA SANPAOLO
2014-06-30,1.0476,ISP.MI,INTESA SANPAOLO
2014-07-31,1.0635,ISP.MI,INTESA SANPAOLO
2014-08-31,1.1302,ISP.MI,INTESA SANPAOLO
2014-09-30,1.0983,ISP.MI,INTESA SANPAOLO
2014-10-31,1.1641,ISP.MI,INTESA SANPAOLO
2014-11-30,1.1377,ISP.MI,INTESA SANPAOLO
2014-12-31,1.2204,ISP.MI,INTESA SANPAOLO
2015-01-31,1.4017,ISP.MI,INTESA SANPAOLO
2015-02-28,1.4872,ISP.MI,INTESA SANPAOLO
2015-03-31,1.4168,ISP.MI,INTESA SANPAOLO
2015-04-30,1.5749,ISP.MI,INTESA SANPAOLO
2015-05-31,1.5605,ISP.MI,INTESA SANPAOLO
2015-06-30,1.6805,ISP.MI,INTESA SANPAOLO
2015-07-31,1.5615,ISP.MI,INTESA SANPAOLO
2015-08-31,1.5144,ISP.MI,INTESA SANPAOLO
2015-09-30,1.5202,ISP.MI,INTESA SANPAOLO
2015-10-31,1.5586,ISP.MI,INTESA SANPAOLO
2015-11-30,1.4818,ISP.MI,INTESA SANPAOLO
2015-12-31,1.2563,ISP.MI,INTESA SANPAOLO
2016-01-31,1.1238,ISP.MI,INTESA SANPAOLO
2016-02-29,1.168,ISP.MI,INTESA SANPAOLO
2016-03-31,1.1613,ISP.MI,INTESA SANPAOLO
2016-04-30,1.1788,ISP.MI,INTESA SANPAOLO
2016-05-31,0.8693,ISP.MI,INTESA SANPAOLO
2016-06-30,1.0062,ISP.MI,INTESA SANPAOLO
2016-07-31,1.0879,ISP.MI,INTESA SANPAOLO
2016-08-31,1.0082,ISP.MI,INTESA SANPAOLO
2016-09-30,1.0777,ISP.MI,INTESA SANPAOLO
2016-10-31,1.0706,ISP.MI,INTESA SANPAOLO
2016-11-30,1.2391,ISP.MI,INTESA SANPAOLO
2016-12-31,1.1084,ISP.MI,INTESA SANPAOLO
2017-01-31,1.1237,ISP.MI,INTESA SANPAOLO
2017-02-28,1.3004,ISP.MI,INTESA SANPAOLO
2017-03-31,1.3658,ISP.MI,INTESA SANPAOLO
2017-04-30,1.3898,ISP.MI,INTESA SANPAOLO
2017-05-31,1.5141,ISP.MI,INTESA SANPAOLO
2017-06-30,1.5883,ISP.MI,INTESA SANPAOLO
2017-07-31,1.5469,ISP.MI,INTESA SANPAOLO
2017-08-31,1.6319,ISP.MI,INTESA SANPAOLO
2017-09-30,1.5741,ISP.MI,INTESA SANPAOLO
2017-10-31,1.5392,ISP.MI,INTESA SANPAOLO
2017-11-30,1.5109,ISP.MI,INTESA SANPAOLO
2017-12-31,1.7238,ISP.MI,INTESA SANPAOLO
2018-01-31,1.6887,ISP.MI,INTESA SANPAOLO
2018-02-28,1.6109,ISP.MI,INTESA SANPAOLO
2018-03-31,1.7219,ISP.MI,INTESA SANPAOLO
2018-04-30,1.471,ISP.MI,INTESA SANPAOLO
2018-05-31,1.4547,ISP.MI,INTESA SANPAOLO
2018-06-30,1.5409,ISP.MI,INTESA SANPAOLO
2018-07-31,1.2446,ISP.MI,INTESA SANPAOLO
2018-08-31,1.2876,ISP.MI,INTESA SANPAOLO
2018-09-30,1.1425,ISP.MI,INTESA SANPAOLO
2018-10-31,1.1981,ISP.MI,INTESA SANPAOLO
2018-11-30,1.1348,ISP.MI,INTESA SANPAOLO
2018-12-31,1.167,ISP.MI,INTESA SANPAOLO
2019-01-31,1.2689,ISP.MI,INTESA SANPAOLO
2019-02-28,1.2701,ISP.MI,INTESA SANPAOLO
2019-03-31,1.3672,ISP.MI,INTESA SANPAOLO
2019-04-30,1.1799,ISP.MI,INTESA SANPAOLO
2019-05-31,1.2109,ISP.MI,INTESA SANPAOLO
2019-06-30,1.2614,ISP.MI,INTESA SANPAOLO
2019-07-31,1.2825,ISP.MI,INTESA SANPAOLO
2019-08-31,1.3998,ISP.MI,INTESA SANPAOLO
2019-09-30,1.4451,ISP.MI,INTESA SANPAOLO
2019-10-31,1.4802,ISP.MI,INTESA SANPAOLO
2019-11-30,1.5111,ISP.MI,INTESA SANPAOLO
2019-12-31,1.4448,ISP.MI,INTESA SANPAOLO
2020-01-31,1.4146,ISP.MI,INTESA SANPAOLO
2020-02-29,0.9577,ISP.MI,INTESA SANPAOLO
2020-03-31,0.9156,ISP.MI,INTESA SANPAOLO
2020-04-30,0.9988,ISP.MI,INTESA SANPAOLO
2020-05-31,1.0961,ISP.MI,INTESA SANPAOLO
2020-06-30,1.0984,ISP.MI,INTESA SANPAOLO
2020-07-31,1.1615,ISP.MI,INTESA SANPAOLO
2020-08-31,1.0314,ISP.MI,INTESA SANPAOLO
2020-09-30,0.9134,ISP.MI,INTESA SANPAOLO
2020-10-31,1.2388,ISP.MI,INTESA SANPAOLO
2020-11-30,1.2306,ISP.MI,INTESA SANPAOLO
2020-12-31,1.1615,ISP.MI,INTESA SANPAOLO
2021-01-31,1.3731,ISP.MI,INTESA SANPAOLO
2021-02-28,1.4866,ISP.MI,INTESA SANPAOLO
2021-03-31,1.4934,ISP.MI,INTESA SANPAOLO
2021-04-30,1.5786,ISP.MI,INTESA SANPAOLO
2021-05-31,1.5217,ISP.MI,INTESA SANPAOLO
2021-06-30,1.523,ISP.MI,INTESA SANPAOLO
2021-07-31,1.5662,ISP.MI,INTESA SANPAOLO
2021-08-31,1.6027,ISP.MI,INTESA SANPAOLO
2021-09-30,1.6699,ISP.MI,INTESA SANPAOLO
2021-10-31,1.4824,ISP.MI,INTESA SANPAOLO
2021-11-30,1.5934,ISP.MI,INTESA SANPAOLO
2021-12-31,1.8355,ISP.MI,INTESA SANPAOLO
2022-01-31,1.6071,ISP.MI,INTESA SANPAOLO
2022-02-28,1.4599,ISP.MI,INTESA SANPAOLO
2022-03-31,1.3698,ISP.MI,INTESA SANPAOLO
2022-04-30,1.4818,ISP.MI,INTESA SANPAOLO
2022-05-31,1.299,ISP.MI,INTESA SANPAOLO
2022-06-30,1.2615,ISP.MI,INTESA SANPAOLO
2022-07-31,1.2574,ISP.MI,INTESA SANPAOLO
2022-08-31,1.2426,ISP.MI,INTESA SANPAOLO
2022-09-30,1.4077,ISP.MI,INTESA SANPAOLO
2022-10-31,1.6019,ISP.MI,INTESA SANPAOLO
2022-11-30,1.5687,ISP.MI,INTESA SANPAOLO
2022-12-31,1.8193,ISP.MI,INTESA SANPAOLO
2023-01-31,1.9336,ISP.MI,INTESA SANPAOLO
2023-02-28,1.7872,ISP.MI,INTESA SANPAOLO
2023-03-31,1.8,ISP.MI,INTESA SANPAOLO
2023-04-30,1.6902,ISP.MI,INTESA SANPAOLO
2023-05-31,1.8819,ISP.MI,INTESA SANPAOLO
2023-06-30,2.0615,ISP.MI,INTESA SANPAOLO
2023-07-31,1.9384,ISP.MI,INTESA SANPAOLO
2023-08-31,1.9133,ISP.MI,INTESA SANPAOLO
2023-09-30,1.9262,ISP.MI,INTESA SANPAOLO
2023-10-31,2.1887,ISP.MI,INTESA SANPAOLO
2023-11-30,2.1903,ISP.MI,INTESA SANPAOLO
2023-12-31,2.3722,ISP.MI,INTESA SANPAOLO
2024-01-31,2.4343,ISP.MI,INTESA SANPAOLO
2024-02-29,2.7865,ISP.MI,INTESA SANPAOLO
2024-03-31,2.9215,ISP.MI,INTESA SANPAOLO
2024-04-30,3.1134,ISP.MI,INTESA SANPAOLO
2024-05-31,2.9968,ISP.MI,INTESA SANPAOLO
2024-06-30,3.2381,ISP.MI,INTESA SANPAOLO
2024-07-31,3.2502,ISP.MI,INTESA SANPAOLO
2024-08-31,3.3133,ISP.MI,INTESA SANPAOLO
2024-09-30,3.3992,ISP.MI,INTESA SANPAOLO
2024-10-31,3.2742,ISP.MI,INTESA SANPAOLO
2024-11-30,3.4873,ISP.MI,INTESA SANPAOLO
2024-12-31,3.7852,ISP.MI,INTESA SANPAOLO
2025-01-31,4.2727,ISP.MI,INTESA SANPAOLO
2025-02-28,4.2736,ISP.MI,INTESA SANPAOLO
2025-03-31,4.2266,ISP.MI,INTESA SANPAOLO
2025-04-30,4.5902,ISP.MI,INTESA SANPAOLO
2025-05-31,4.5729,ISP.MI,INTESA SANPAOLO
2025-06-30,4.9501,ISP.MI,INTESA SANPAOLO
2025-07-31,5.0249,ISP.MI,INTESA SANPAOLO
2025-08-31,5.2483,ISP.MI,INTESA SANPAOLO
2025-09-30,5.2128,ISP.MI,INTESA SANPAOLO
2025-10-31,5.4009,ISP.MI,INTESA SANPAOLO
2025-11-30,5.7248,ISP.MI,INTESA SANPAOLO
2025-12-31,5.7683,ISP.MI,INTESA SANPAOLO
2026-01-31,5.6417,ISP.MI,INTESA SANPAOLO
2026-02-28,4.99,ISP.MI,INTESA SANPAOLO
2026-03-31,5.5837,ISP.MI,INTESA SANPAOLO
2026-04-30,5.807,ISP.MI,INTESA SANPAOLO
2026-05-31,5.99,ISP.MI,INTESA SANPAOLO
2026-06-30,,ISP.MI,INTESA SANPAOLO
2015-12-31,33.4667,RACE.MI,FERRARI
2016-01-31,32.5431,RACE.MI,FERRARI
2016-02-29,33.3752,RACE.MI,FERRARI
2016-03-31,35.9538,RACE.MI,FERRARI
2016-04-30,35.2802,RACE.MI,FERRARI
2016-05-31,33.9375,RACE.MI,FERRARI
2016-06-30,37.447,RACE.MI,FERRARI
2016-07-31,40.0028,RACE.MI,FERRARI
2016-08-31,42.8085,RACE.MI,FERRARI
2016-09-30,44.429,RACE.MI,FERRARI
2016-10-31,47.8737,RACE.MI,FERRARI
2016-11-30,51.2072,RACE.MI,FERRARI
2016-12-31,53.4296,RACE.MI,FERRARI
2017-01-31,56.9484,RACE.MI,FERRARI
2017-02-28,64.5878,RACE.MI,FERRARI
2017-03-31,64.5546,RACE.MI,FERRARI
2017-04-30,71.9871,RACE.MI,FERRARI
2017-05-31,70.2575,RACE.MI,FERRARI
2017-06-30,83.2993,RACE.MI,FERRARI
2017-07-31,89.8436,RACE.MI,FERRARI
2017-08-31,87.4129,RACE.MI,FERRARI
2017-09-30,96.2009,RACE.MI,FERRARI
2017-10-31,85.2626,RACE.MI,FERRARI
2017-11-30,81.7567,RACE.MI,FERRARI
2017-12-31,89.7875,RACE.MI,FERRARI
2018-01-31,95.8269,RACE.MI,FERRARI
2018-02-28,91.1898,RACE.MI,FERRARI
2018-03-31,96.0898,RACE.MI,FERRARI
2018-04-30,104.9879,RACE.MI,FERRARI
2018-05-31,109.6959,RACE.MI,FERRARI
2018-06-30,107.1536,RACE.MI,FERRARI
2018-07-31,106.1178,RACE.MI,FERRARI
2018-08-31,111.6732,RACE.MI,FERRARI
2018-09-30,97.4551,RACE.MI,FERRARI
2018-10-31,90.9016,RACE.MI,FERRARI
2018-11-30,81.7117,RACE.MI,FERRARI
2018-12-31,102.2573,RACE.MI,FERRARI
2019-01-31,106.5415,RACE.MI,FERRARI
2019-02-28,112.5207,RACE.MI,FERRARI
2019-03-31,114.657,RACE.MI,FERRARI
2019-04-30,121.1614,RACE.MI,FERRARI
2019-05-31,135.5944,RACE.MI,FERRARI
2019-06-30,138.3006,RACE.MI,FERRARI
2019-07-31,135.9742,RACE.MI,FERRARI
2019-08-31,134.4075,RACE.MI,FERRARI
2019-09-30,136.2116,RACE.MI,FERRARI
2019-10-31,145.6595,RACE.MI,FERRARI
2019-11-30,140.437,RACE.MI,FERRARI
2019-12-31,144.8049,RACE.MI,FERRARI
2020-01-31,134.4075,RACE.MI,FERRARI
2020-02-29,134.4075,RACE.MI,FERRARI
2020-03-31,137.2075,RACE.MI,FERRARI
2020-04-30,145.3404,RACE.MI,FERRARI
2020-05-31,145.2926,RACE.MI,FERRARI
2020-06-30,144.8142,RACE.MI,FERRARI
2020-07-31,156.1524,RACE.MI,FERRARI
2020-08-31,149.8853,RACE.MI,FERRARI
2020-09-30,146.5364,RACE.MI,FERRARI
2020-10-31,169.1651,RACE.MI,FERRARI
2020-11-30,180.5034,RACE.MI,FERRARI
2020-12-31,164.8116,RACE.MI,FERRARI
2021-01-31,154.5258,RACE.MI,FERRARI
2021-02-28,170.6482,RACE.MI,FERRARI
2021-03-31,171.2964,RACE.MI,FERRARI
2021-04-30,166.2964,RACE.MI,FERRARI
2021-05-31,167.306,RACE.MI,FERRARI
2021-06-30,176.7771,RACE.MI,FERRARI
2021-07-31,176.6329,RACE.MI,FERRARI
2021-08-31,173.9886,RACE.MI,FERRARI
2021-09-30,197.1134,RACE.MI,FERRARI
2021-10-31,222.7863,RACE.MI,FERRARI
2021-11-30,218.7478,RACE.MI,FERRARI
2021-12-31,195.0942,RACE.MI,FERRARI
2022-01-31,185.3347,RACE.MI,FERRARI
2022-02-28,191.0558,RACE.MI,FERRARI
2022-03-31,196.4844,RACE.MI,FERRARI
2022-04-30,175.5777,RACE.MI,FERRARI
2022-05-31,169.5767,RACE.MI,FERRARI
2022-06-30,199.5817,RACE.MI,FERRARI
2022-07-31,186.999,RACE.MI,FERRARI
2022-08-31,185.5471,RACE.MI,FERRARI
2022-09-30,193.0968,RACE.MI,FERRARI
2022-10-31,205.0988,RACE.MI,FERRARI
2022-11-30,193.7743,RACE.MI,FERRARI
2022-12-31,221.5531,RACE.MI,FERRARI
2023-01-31,237.4268,RACE.MI,FERRARI
2023-02-28,241.2984,RACE.MI,FERRARI
2023-03-31,245.968,RACE.MI,FERRARI
2023-04-30,259.9091,RACE.MI,FERRARI
2023-05-31,291.9835,RACE.MI,FERRARI
2023-06-30,284.0867,RACE.MI,FERRARI
2023-07-31,285.6466,RACE.MI,FERRARI
2023-08-31,272.6804,RACE.MI,FERRARI
2023-09-30,278.3348,RACE.MI,FERRARI
2023-10-31,322.3029,RACE.MI,FERRARI
2023-11-30,297.5404,RACE.MI,FERRARI
2023-12-31,315.5761,RACE.MI,FERRARI
2024-01-31,380.1147,RACE.MI,FERRARI
2024-02-29,393.8608,RACE.MI,FERRARI
2024-03-31,379.8793,RACE.MI,FERRARI
2024-04-30,370.2646,RACE.MI,FERRARI
2024-05-31,373.5022,RACE.MI,FERRARI
2024-06-30,373.2078,RACE.MI,FERRARI
2024-07-31,438.7449,RACE.MI,FERRARI
2024-08-31,411.7648,RACE.MI,FERRARI
2024-09-30,431.4848,RACE.MI,FERRARI
2024-10-31,403.916,RACE.MI,FERRARI
2024-11-30,404.6028,RACE.MI,FERRARI
2024-12-31,408.7234,RACE.MI,FERRARI
2025-01-31,441.4919,RACE.MI,FERRARI
2025-02-28,384.7848,RACE.MI,FERRARI
2025-03-31,397.0787,RACE.MI,FERRARI
2025-04-30,416.6558,RACE.MI,FERRARI
2025-05-31,411.4155,RACE.MI,FERRARI
2025-06-30,380.9622,RACE.MI,FERRARI
2025-07-31,402.1213,RACE.MI,FERRARI
2025-08-31,406.9661,RACE.MI,FERRARI
2025-09-30,342.599,RACE.MI,FERRARI
2025-10-31,333.997,RACE.MI,FERRARI
2025-11-30,315.112,RACE.MI,FERRARI
2025-12-31,277.6387,RACE.MI,FERRARI
2026-01-31,317.7816,RACE.MI,FERRARI
2026-02-28,285.7464,RACE.MI,FERRARI
2026-03-31,293.35,RACE.MI,FERRARI
2026-04-30,295.2,RACE.MI,FERRARI
2026-05-31,324.35,RACE.MI,FERRARI
2026-06-30,,RACE.MI,FERRARI
1993-09-30,3.4806,BNP.PA,BNP PARIBAS ACT.A
1993-10-31,3.3464,BNP.PA,BNP PARIBAS ACT.A
1993-11-30,3.4569,BNP.PA,BNP PARIBAS ACT.A
1993-12-31,3.4254,BNP.PA,BNP PARIBAS ACT.A
1994-01-31,3.2123,BNP.PA,BNP PARIBAS ACT.A
1994-02-28,2.9913,BNP.PA,BNP PARIBAS ACT.A
1994-03-31,2.9202,BNP.PA,BNP PARIBAS ACT.A
1994-04-30,3.0307,BNP.PA,BNP PARIBAS ACT.A
1994-05-31,2.9124,BNP.PA,BNP PARIBAS ACT.A
1994-06-30,3.3591,BNP.PA,BNP PARIBAS ACT.A
1994-07-31,3.2388,BNP.PA,BNP PARIBAS ACT.A
1994-08-31,3.0326,BNP.PA,BNP PARIBAS ACT.A
1994-09-30,3.3161,BNP.PA,BNP PARIBAS ACT.A
1994-10-31,3.4364,BNP.PA,BNP PARIBAS ACT.A
1994-11-30,3.213,BNP.PA,BNP PARIBAS ACT.A
1994-12-31,3.1014,BNP.PA,BNP PARIBAS ACT.A
1995-01-31,3.067,BNP.PA,BNP PARIBAS ACT.A
1995-02-28,3.3075,BNP.PA,BNP PARIBAS ACT.A
1995-03-31,3.3075,BNP.PA,BNP PARIBAS ACT.A
1995-04-30,3.3075,BNP.PA,BNP PARIBAS ACT.A
1995-05-31,3.6074,BNP.PA,BNP PARIBAS ACT.A
1995-06-30,3.6074,BNP.PA,BNP PARIBAS ACT.A
1995-07-31,2.9609,BNP.PA,BNP PARIBAS ACT.A
1995-08-31,2.7547,BNP.PA,BNP PARIBAS ACT.A
1995-09-30,2.8765,BNP.PA,BNP PARIBAS ACT.A
1995-10-31,3.1576,BNP.PA,BNP PARIBAS ACT.A
1995-11-30,3.1576,BNP.PA,BNP PARIBAS ACT.A
1995-12-31,3.0827,BNP.PA,BNP PARIBAS ACT.A
1996-01-31,2.7828,BNP.PA,BNP PARIBAS ACT.A
1996-02-29,2.8109,BNP.PA,BNP PARIBAS ACT.A
1996-03-31,3.0827,BNP.PA,BNP PARIBAS ACT.A
1996-04-30,2.7641,BNP.PA,BNP PARIBAS ACT.A
1996-05-31,2.939,BNP.PA,BNP PARIBAS ACT.A
1996-06-30,2.9284,BNP.PA,BNP PARIBAS ACT.A
1996-07-31,2.9711,BNP.PA,BNP PARIBAS ACT.A
1996-08-31,3.1849,BNP.PA,BNP PARIBAS ACT.A
1996-09-30,3.1207,BNP.PA,BNP PARIBAS ACT.A
1996-10-31,3.3879,BNP.PA,BNP PARIBAS ACT.A
1996-11-30,3.2704,BNP.PA,BNP PARIBAS ACT.A
1996-12-31,3.6123,BNP.PA,BNP PARIBAS ACT.A
1997-01-31,4.2108,BNP.PA,BNP PARIBAS ACT.A
1997-02-28,4.0719,BNP.PA,BNP PARIBAS ACT.A
1997-03-31,4.0612,BNP.PA,BNP PARIBAS ACT.A
1997-04-30,3.8582,BNP.PA,BNP PARIBAS ACT.A
1997-05-31,4.6755,BNP.PA,BNP PARIBAS ACT.A
1997-06-30,5.7018,BNP.PA,BNP PARIBAS ACT.A
1997-07-31,5.0049,BNP.PA,BNP PARIBAS ACT.A
1997-08-31,5.7778,BNP.PA,BNP PARIBAS ACT.A
1997-09-30,4.9289,BNP.PA,BNP PARIBAS ACT.A
1997-10-31,5.5624,BNP.PA,BNP PARIBAS ACT.A
1997-11-30,6.1833,BNP.PA,BNP PARIBAS ACT.A
1997-12-31,6.1199,BNP.PA,BNP PARIBAS ACT.A
1998-01-31,7.1082,BNP.PA,BNP PARIBAS ACT.A
1998-02-28,9.3256,BNP.PA,BNP PARIBAS ACT.A
1998-03-31,9.7944,BNP.PA,BNP PARIBAS ACT.A
1998-04-30,10.813,BNP.PA,BNP PARIBAS ACT.A
1998-05-31,10.4522,BNP.PA,BNP PARIBAS ACT.A
1998-06-30,11.7014,BNP.PA,BNP PARIBAS ACT.A
1998-07-31,8.1896,BNP.PA,BNP PARIBAS ACT.A
1998-08-31,6.3435,BNP.PA,BNP PARIBAS ACT.A
1998-09-30,7.44,BNP.PA,BNP PARIBAS ACT.A
1998-10-31,9.2029,BNP.PA,BNP PARIBAS ACT.A
1998-11-30,9.7442,BNP.PA,BNP PARIBAS ACT.A
1998-12-31,11.0907,BNP.PA,BNP PARIBAS ACT.A
1999-01-31,10.0913,BNP.PA,BNP PARIBAS ACT.A
1999-02-28,11.1878,BNP.PA,BNP PARIBAS ACT.A
1999-03-31,10.8825,BNP.PA,BNP PARIBAS ACT.A
1999-04-30,11.5277,BNP.PA,BNP PARIBAS ACT.A
1999-05-31,11.4147,BNP.PA,BNP PARIBAS ACT.A
1999-06-30,10.8779,BNP.PA,BNP PARIBAS ACT.A
1999-07-31,10.228,BNP.PA,BNP PARIBAS ACT.A
1999-08-31,10.5812,BNP.PA,BNP PARIBAS ACT.A
1999-09-30,11.7961,BNP.PA,BNP PARIBAS ACT.A
1999-10-31,12.8556,BNP.PA,BNP PARIBAS ACT.A
1999-11-30,12.9404,BNP.PA,BNP PARIBAS ACT.A
1999-12-31,11.4853,BNP.PA,BNP PARIBAS ACT.A
2000-01-31,11.5842,BNP.PA,BNP PARIBAS ACT.A
2000-02-29,11.6548,BNP.PA,BNP PARIBAS ACT.A
2000-03-31,12.559,BNP.PA,BNP PARIBAS ACT.A
2000-04-30,13.9289,BNP.PA,BNP PARIBAS ACT.A
2000-05-31,14.5045,BNP.PA,BNP PARIBAS ACT.A
2000-06-30,15.3247,BNP.PA,BNP PARIBAS ACT.A
2000-07-31,14.893,BNP.PA,BNP PARIBAS ACT.A
2000-08-31,14.375,BNP.PA,BNP PARIBAS ACT.A
2000-09-30,14.6196,BNP.PA,BNP PARIBAS ACT.A
2000-10-31,12.7778,BNP.PA,BNP PARIBAS ACT.A
2000-11-30,13.4541,BNP.PA,BNP PARIBAS ACT.A
2000-12-31,14.303,BNP.PA,BNP PARIBAS ACT.A
2001-01-31,12.7778,BNP.PA,BNP PARIBAS ACT.A
2001-02-28,13.7131,BNP.PA,BNP PARIBAS ACT.A
2001-03-31,14.4182,BNP.PA,BNP PARIBAS ACT.A
2001-04-30,14.7491,BNP.PA,BNP PARIBAS ACT.A
2001-05-31,15.1187,BNP.PA,BNP PARIBAS ACT.A
2001-06-30,14.604,BNP.PA,BNP PARIBAS ACT.A
2001-07-31,14.854,BNP.PA,BNP PARIBAS ACT.A
2001-08-31,13.2068,BNP.PA,BNP PARIBAS ACT.A
2001-09-30,13.5892,BNP.PA,BNP PARIBAS ACT.A
2001-10-31,14.4128,BNP.PA,BNP PARIBAS ACT.A
2001-11-30,14.7805,BNP.PA,BNP PARIBAS ACT.A
2001-12-31,15.8835,BNP.PA,BNP PARIBAS ACT.A
2002-01-31,16.5012,BNP.PA,BNP PARIBAS ACT.A
2002-02-28,16.6336,BNP.PA,BNP PARIBAS ACT.A
2002-03-31,17.0601,BNP.PA,BNP PARIBAS ACT.A
2002-04-30,17.7366,BNP.PA,BNP PARIBAS ACT.A
2002-05-31,16.9091,BNP.PA,BNP PARIBAS ACT.A
2002-06-30,14.4715,BNP.PA,BNP PARIBAS ACT.A
2002-07-31,14.6875,BNP.PA,BNP PARIBAS ACT.A
2002-08-31,10.1825,BNP.PA,BNP PARIBAS ACT.A
2002-09-30,12.435,BNP.PA,BNP PARIBAS ACT.A
2002-10-31,12.651,BNP.PA,BNP PARIBAS ACT.A
2002-11-30,11.9721,BNP.PA,BNP PARIBAS ACT.A
2002-12-31,11.355,BNP.PA,BNP PARIBAS ACT.A
2003-01-31,11.8487,BNP.PA,BNP PARIBAS ACT.A
2003-02-28,11.3242,BNP.PA,BNP PARIBAS ACT.A
2003-03-31,12.9904,BNP.PA,BNP PARIBAS ACT.A
2003-04-30,12.9904,BNP.PA,BNP PARIBAS ACT.A
2003-05-31,14.5762,BNP.PA,BNP PARIBAS ACT.A
2003-06-30,15.8924,BNP.PA,BNP PARIBAS ACT.A
2003-07-31,14.9382,BNP.PA,BNP PARIBAS ACT.A
2003-08-31,13.8524,BNP.PA,BNP PARIBAS ACT.A
2003-09-30,14.8724,BNP.PA,BNP PARIBAS ACT.A
2003-10-31,15.4646,BNP.PA,BNP PARIBAS ACT.A
2003-11-30,16.4188,BNP.PA,BNP PARIBAS ACT.A
2003-12-31,16.4517,BNP.PA,BNP PARIBAS ACT.A
2004-01-31,16.7479,BNP.PA,BNP PARIBAS ACT.A
2004-02-29,16.353,BNP.PA,BNP PARIBAS ACT.A
2004-03-31,16.4846,BNP.PA,BNP PARIBAS ACT.A
2004-04-30,16.6163,BNP.PA,BNP PARIBAS ACT.A
2004-05-31,17.3777,BNP.PA,BNP PARIBAS ACT.A
2004-06-30,16.6221,BNP.PA,BNP PARIBAS ACT.A
2004-07-31,17.1029,BNP.PA,BNP PARIBAS ACT.A
2004-08-31,17.8585,BNP.PA,BNP PARIBAS ACT.A
2004-09-30,18.3393,BNP.PA,BNP PARIBAS ACT.A
2004-10-31,17.9615,BNP.PA,BNP PARIBAS ACT.A
2004-11-30,18.305,BNP.PA,BNP PARIBAS ACT.A
2004-12-31,19.0262,BNP.PA,BNP PARIBAS ACT.A
2005-01-31,18.8201,BNP.PA,BNP PARIBAS ACT.A
2005-02-28,18.7858,BNP.PA,BNP PARIBAS ACT.A
2005-03-31,17.4807,BNP.PA,BNP PARIBAS ACT.A
2005-04-30,19.4701,BNP.PA,BNP PARIBAS ACT.A
2005-05-31,20.9309,BNP.PA,BNP PARIBAS ACT.A
2005-06-30,22.0383,BNP.PA,BNP PARIBAS ACT.A
2005-07-31,21.7799,BNP.PA,BNP PARIBAS ACT.A
2005-08-31,23.3673,BNP.PA,BNP PARIBAS ACT.A
2005-09-30,23.3673,BNP.PA,BNP PARIBAS ACT.A
2005-10-31,24.807,BNP.PA,BNP PARIBAS ACT.A
2005-11-30,25.25,BNP.PA,BNP PARIBAS ACT.A
2005-12-31,27.0957,BNP.PA,BNP PARIBAS ACT.A
2006-01-31,28.6831,BNP.PA,BNP PARIBAS ACT.A
2006-02-28,28.61,BNP.PA,BNP PARIBAS ACT.A
2006-03-31,27.9386,BNP.PA,BNP PARIBAS ACT.A
2006-04-30,28.177,BNP.PA,BNP PARIBAS ACT.A
2006-05-31,30.0683,BNP.PA,BNP PARIBAS ACT.A
2006-06-30,30.5901,BNP.PA,BNP PARIBAS ACT.A
2006-07-31,33.32,BNP.PA,BNP PARIBAS ACT.A
2006-08-31,34.0827,BNP.PA,BNP PARIBAS ACT.A
2006-09-30,34.6046,BNP.PA,BNP PARIBAS ACT.A
2006-10-31,32.6777,BNP.PA,BNP PARIBAS ACT.A
2006-11-30,33.1996,BNP.PA,BNP PARIBAS ACT.A
2006-12-31,34.3637,BNP.PA,BNP PARIBAS ACT.A
2007-01-31,31.6741,BNP.PA,BNP PARIBAS ACT.A
2007-02-28,31.393,BNP.PA,BNP PARIBAS ACT.A
2007-03-31,34.4039,BNP.PA,BNP PARIBAS ACT.A
2007-04-30,37.4412,BNP.PA,BNP PARIBAS ACT.A
2007-05-31,37.1044,BNP.PA,BNP PARIBAS ACT.A
2007-06-30,34.2922,BNP.PA,BNP PARIBAS ACT.A
2007-07-31,32.4874,BNP.PA,BNP PARIBAS ACT.A
2007-08-31,32.1935,BNP.PA,BNP PARIBAS ACT.A
2007-09-30,31.9417,BNP.PA,BNP PARIBAS ACT.A
2007-10-31,32.4034,BNP.PA,BNP PARIBAS ACT.A
2007-11-30,31.1442,BNP.PA,BNP PARIBAS ACT.A
2007-12-31,27.631,BNP.PA,BNP PARIBAS ACT.A
2008-01-31,25.0035,BNP.PA,BNP PARIBAS ACT.A
2008-02-29,26.8167,BNP.PA,BNP PARIBAS ACT.A
2008-03-31,29.0665,BNP.PA,BNP PARIBAS ACT.A
2008-04-30,29.2886,BNP.PA,BNP PARIBAS ACT.A
2008-05-31,25.4035,BNP.PA,BNP PARIBAS ACT.A
2008-06-30,28.1672,BNP.PA,BNP PARIBAS ACT.A
2008-07-31,27.143,BNP.PA,BNP PARIBAS ACT.A
2008-08-31,29.1738,BNP.PA,BNP PARIBAS ACT.A
2008-09-30,24.7236,BNP.PA,BNP PARIBAS ACT.A
2008-10-31,19.1277,BNP.PA,BNP PARIBAS ACT.A
2008-11-30,13.3552,BNP.PA,BNP PARIBAS ACT.A
2008-12-31,13.2492,BNP.PA,BNP PARIBAS ACT.A
2009-01-31,11.4744,BNP.PA,BNP PARIBAS ACT.A
2009-02-28,13.7393,BNP.PA,BNP PARIBAS ACT.A
2009-03-31,17.7701,BNP.PA,BNP PARIBAS ACT.A
2009-04-30,21.9864,BNP.PA,BNP PARIBAS ACT.A
2009-05-31,20.8589,BNP.PA,BNP PARIBAS ACT.A
2009-06-30,23.0688,BNP.PA,BNP PARIBAS ACT.A
2009-07-31,25.3329,BNP.PA,BNP PARIBAS ACT.A
2009-08-31,24.6248,BNP.PA,BNP PARIBAS ACT.A
2009-09-30,23.2041,BNP.PA,BNP PARIBAS ACT.A
2009-10-31,24.8052,BNP.PA,BNP PARIBAS ACT.A
2009-11-30,25.2111,BNP.PA,BNP PARIBAS ACT.A
2009-12-31,23.5198,BNP.PA,BNP PARIBAS ACT.A
2010-01-31,23.9618,BNP.PA,BNP PARIBAS ACT.A
2010-02-28,25.6441,BNP.PA,BNP PARIBAS ACT.A
2010-03-31,23.5108,BNP.PA,BNP PARIBAS ACT.A
2010-04-30,21.5343,BNP.PA,BNP PARIBAS ACT.A
2010-05-31,20.825,BNP.PA,BNP PARIBAS ACT.A
2010-06-30,24.5183,BNP.PA,BNP PARIBAS ACT.A
2010-07-31,22.9647,BNP.PA,BNP PARIBAS ACT.A
2010-08-31,24.2671,BNP.PA,BNP PARIBAS ACT.A
2010-09-30,24.4439,BNP.PA,BNP PARIBAS ACT.A
2010-10-31,21.2111,BNP.PA,BNP PARIBAS ACT.A
2010-11-30,22.146,BNP.PA,BNP PARIBAS ACT.A
2010-12-31,25.3975,BNP.PA,BNP PARIBAS ACT.A
2011-01-31,26.3185,BNP.PA,BNP PARIBAS ACT.A
2011-02-28,24.0066,BNP.PA,BNP PARIBAS ACT.A
2011-03-31,24.8532,BNP.PA,BNP PARIBAS ACT.A
2011-04-30,26.2345,BNP.PA,BNP PARIBAS ACT.A
2011-05-31,25.7555,BNP.PA,BNP PARIBAS ACT.A
2011-06-30,21.9984,BNP.PA,BNP PARIBAS ACT.A
2011-07-31,17.3558,BNP.PA,BNP PARIBAS ACT.A
2011-08-31,14.5398,BNP.PA,BNP PARIBAS ACT.A
2011-09-30,15.8946,BNP.PA,BNP PARIBAS ACT.A
2011-10-31,14.2592,BNP.PA,BNP PARIBAS ACT.A
2011-11-30,14.685,BNP.PA,BNP PARIBAS ACT.A
2011-12-31,15.6623,BNP.PA,BNP PARIBAS ACT.A
2012-01-31,17.726,BNP.PA,BNP PARIBAS ACT.A
2012-02-29,17.2131,BNP.PA,BNP PARIBAS ACT.A
2012-03-31,14.685,BNP.PA,BNP PARIBAS ACT.A
2012-04-30,13.0428,BNP.PA,BNP PARIBAS ACT.A
2012-05-31,15.3801,BNP.PA,BNP PARIBAS ACT.A
2012-06-30,15.2965,BNP.PA,BNP PARIBAS ACT.A
2012-07-31,17.5197,BNP.PA,BNP PARIBAS ACT.A
2012-08-31,18.7492,BNP.PA,BNP PARIBAS ACT.A
2012-09-30,19.677,BNP.PA,BNP PARIBAS ACT.A
2012-10-31,21.7735,BNP.PA,BNP PARIBAS ACT.A
2012-11-30,21.591,BNP.PA,BNP PARIBAS ACT.A
2012-12-31,23.4289,BNP.PA,BNP PARIBAS ACT.A
2013-01-31,21.8546,BNP.PA,BNP PARIBAS ACT.A
2013-02-28,20.3007,BNP.PA,BNP PARIBAS ACT.A
2013-03-31,21.4516,BNP.PA,BNP PARIBAS ACT.A
2013-04-30,23.7427,BNP.PA,BNP PARIBAS ACT.A
2013-05-31,21.9879,BNP.PA,BNP PARIBAS ACT.A
2013-06-30,25.4766,BNP.PA,BNP PARIBAS ACT.A
2013-07-31,24.8375,BNP.PA,BNP PARIBAS ACT.A
2013-08-31,26.1916,BNP.PA,BNP PARIBAS ACT.A
2013-09-30,28.5698,BNP.PA,BNP PARIBAS ACT.A
2013-10-31,28.9418,BNP.PA,BNP PARIBAS ACT.A
2013-11-30,29.6751,BNP.PA,BNP PARIBAS ACT.A
2013-12-31,30.0942,BNP.PA,BNP PARIBAS ACT.A
2014-01-31,31.1471,BNP.PA,BNP PARIBAS ACT.A
2014-02-28,29.3294,BNP.PA,BNP PARIBAS ACT.A
2014-03-31,28.3446,BNP.PA,BNP PARIBAS ACT.A
2014-04-30,27.7054,BNP.PA,BNP PARIBAS ACT.A
2014-05-31,26.7211,BNP.PA,BNP PARIBAS ACT.A
2014-06-30,26.6969,BNP.PA,BNP PARIBAS ACT.A
2014-07-31,27.7108,BNP.PA,BNP PARIBAS ACT.A
2014-08-31,28.3257,BNP.PA,BNP PARIBAS ACT.A
2014-09-30,27.0421,BNP.PA,BNP PARIBAS ACT.A
2014-10-31,27.8079,BNP.PA,BNP PARIBAS ACT.A
2014-11-30,26.5674,BNP.PA,BNP PARIBAS ACT.A
2014-12-31,25.2272,BNP.PA,BNP PARIBAS ACT.A
2015-01-31,28.0937,BNP.PA,BNP PARIBAS ACT.A
2015-02-28,30.5099,BNP.PA,BNP PARIBAS ACT.A
2015-03-31,30.4398,BNP.PA,BNP PARIBAS ACT.A
2015-04-30,30.4203,BNP.PA,BNP PARIBAS ACT.A
2015-05-31,29.9883,BNP.PA,BNP PARIBAS ACT.A
2015-06-30,32.8459,BNP.PA,BNP PARIBAS ACT.A
2015-07-31,31.1624,BNP.PA,BNP PARIBAS ACT.A
2015-08-31,29.0524,BNP.PA,BNP PARIBAS ACT.A
2015-09-30,30.603,BNP.PA,BNP PARIBAS ACT.A
2015-10-31,31.0737,BNP.PA,BNP PARIBAS ACT.A
2015-11-30,28.925,BNP.PA,BNP PARIBAS ACT.A
2015-12-31,24.2149,BNP.PA,BNP PARIBAS ACT.A
2016-01-31,23.8134,BNP.PA,BNP PARIBAS ACT.A
2016-02-29,24.4946,BNP.PA,BNP PARIBAS ACT.A
2016-03-31,25.6077,BNP.PA,BNP PARIBAS ACT.A
2016-04-30,27.5599,BNP.PA,BNP PARIBAS ACT.A
2016-05-31,23.1089,BNP.PA,BNP PARIBAS ACT.A
2016-06-30,25.7828,BNP.PA,BNP PARIBAS ACT.A
2016-07-31,26.5094,BNP.PA,BNP PARIBAS ACT.A
2016-08-31,26.6053,BNP.PA,BNP PARIBAS ACT.A
2016-09-30,30.715,BNP.PA,BNP PARIBAS ACT.A
2016-10-31,31.8426,BNP.PA,BNP PARIBAS ACT.A
2016-11-30,35.1966,BNP.PA,BNP PARIBAS ACT.A
2016-12-31,34.4003,BNP.PA,BNP PARIBAS ACT.A
2017-01-31,32.0461,BNP.PA,BNP PARIBAS ACT.A
2017-02-28,36.2895,BNP.PA,BNP PARIBAS ACT.A
2017-03-31,37.6555,BNP.PA,BNP PARIBAS ACT.A
2017-04-30,38.0652,BNP.PA,BNP PARIBAS ACT.A
2017-05-31,38.2106,BNP.PA,BNP PARIBAS ACT.A
2017-06-30,39.7315,BNP.PA,BNP PARIBAS ACT.A
2017-07-31,38.7256,BNP.PA,BNP PARIBAS ACT.A
2017-08-31,41.3554,BNP.PA,BNP PARIBAS ACT.A
2017-09-30,40.6222,BNP.PA,BNP PARIBAS ACT.A
2017-10-31,38.5257,BNP.PA,BNP PARIBAS ACT.A
2017-11-30,37.7198,BNP.PA,BNP PARIBAS ACT.A
2017-12-31,40.3556,BNP.PA,BNP PARIBAS ACT.A
2018-01-31,39.6103,BNP.PA,BNP PARIBAS ACT.A
2018-02-28,36.4594,BNP.PA,BNP PARIBAS ACT.A
2018-03-31,38.768,BNP.PA,BNP PARIBAS ACT.A
2018-04-30,33.9426,BNP.PA,BNP PARIBAS ACT.A
2018-05-31,34.0258,BNP.PA,BNP PARIBAS ACT.A
2018-06-30,35.6123,BNP.PA,BNP PARIBAS ACT.A
2018-07-31,32.3754,BNP.PA,BNP PARIBAS ACT.A
2018-08-31,33.7187,BNP.PA,BNP PARIBAS ACT.A
2018-09-30,29.5095,BNP.PA,BNP PARIBAS ACT.A
2018-10-31,28.3868,BNP.PA,BNP PARIBAS ACT.A
2018-11-30,25.2523,BNP.PA,BNP PARIBAS ACT.A
2018-12-31,26.2054,BNP.PA,BNP PARIBAS ACT.A
2019-01-31,28.8218,BNP.PA,BNP PARIBAS ACT.A
2019-02-28,27.2577,BNP.PA,BNP PARIBAS ACT.A
2019-03-31,30.3539,BNP.PA,BNP PARIBAS ACT.A
2019-04-30,28.0615,BNP.PA,BNP PARIBAS ACT.A
2019-05-31,28.6725,BNP.PA,BNP PARIBAS ACT.A
2019-06-30,28.9574,BNP.PA,BNP PARIBAS ACT.A
2019-07-31,28.1713,BNP.PA,BNP PARIBAS ACT.A
2019-08-31,30.6668,BNP.PA,BNP PARIBAS ACT.A
2019-09-30,32.136,BNP.PA,BNP PARIBAS ACT.A
2019-10-31,34.9919,BNP.PA,BNP PARIBAS ACT.A
2019-11-30,36.2688,BNP.PA,BNP PARIBAS ACT.A
2019-12-31,32.9838,BNP.PA,BNP PARIBAS ACT.A
2020-01-31,30.0593,BNP.PA,BNP PARIBAS ACT.A
2020-02-29,18.8862,BNP.PA,BNP PARIBAS ACT.A
2020-03-31,19.686,BNP.PA,BNP PARIBAS ACT.A
2020-04-30,22.1437,BNP.PA,BNP PARIBAS ACT.A
2020-05-31,24.2822,BNP.PA,BNP PARIBAS ACT.A
2020-06-30,23.4206,BNP.PA,BNP PARIBAS ACT.A
2020-07-31,25.1026,BNP.PA,BNP PARIBAS ACT.A
2020-08-31,21.2649,BNP.PA,BNP PARIBAS ACT.A
2020-09-30,20.496,BNP.PA,BNP PARIBAS ACT.A
2020-10-31,29.4963,BNP.PA,BNP PARIBAS ACT.A
2020-11-30,29.5924,BNP.PA,BNP PARIBAS ACT.A
2020-12-31,27.3098,BNP.PA,BNP PARIBAS ACT.A
2021-01-31,33.8283,BNP.PA,BNP PARIBAS ACT.A
2021-02-28,35.6166,BNP.PA,BNP PARIBAS ACT.A
2021-03-31,36.6533,BNP.PA,BNP PARIBAS ACT.A
2021-04-30,39.1141,BNP.PA,BNP PARIBAS ACT.A
2021-05-31,37.0271,BNP.PA,BNP PARIBAS ACT.A
2021-06-30,36.0326,BNP.PA,BNP PARIBAS ACT.A
2021-07-31,37.6294,BNP.PA,BNP PARIBAS ACT.A
2021-08-31,39.9222,BNP.PA,BNP PARIBAS ACT.A
2021-09-30,41.6936,BNP.PA,BNP PARIBAS ACT.A
2021-10-31,39.6629,BNP.PA,BNP PARIBAS ACT.A
2021-11-30,43.7603,BNP.PA,BNP PARIBAS ACT.A
2021-12-31,45.3661,BNP.PA,BNP PARIBAS ACT.A
2022-01-31,37.8123,BNP.PA,BNP PARIBAS ACT.A
2022-02-28,37.3946,BNP.PA,BNP PARIBAS ACT.A
2022-03-31,35.7924,BNP.PA,BNP PARIBAS ACT.A
2022-04-30,41.0493,BNP.PA,BNP PARIBAS ACT.A
2022-05-31,35.0631,BNP.PA,BNP PARIBAS ACT.A
2022-06-30,35.5539,BNP.PA,BNP PARIBAS ACT.A
2022-07-31,35.9287,BNP.PA,BNP PARIBAS ACT.A
2022-08-31,33.7027,BNP.PA,BNP PARIBAS ACT.A
2022-09-30,36.7094,BNP.PA,BNP PARIBAS ACT.A
2022-10-31,41.2966,BNP.PA,BNP PARIBAS ACT.A
2022-11-30,41.1575,BNP.PA,BNP PARIBAS ACT.A
2022-12-31,48.616,BNP.PA,BNP PARIBAS ACT.A
2023-01-31,51.128,BNP.PA,BNP PARIBAS ACT.A
2023-02-28,42.6724,BNP.PA,BNP PARIBAS ACT.A
2023-03-31,45.2848,BNP.PA,BNP PARIBAS ACT.A
2023-04-30,44.6547,BNP.PA,BNP PARIBAS ACT.A
2023-05-31,47.7221,BNP.PA,BNP PARIBAS ACT.A
2023-06-30,49.6237,BNP.PA,BNP PARIBAS ACT.A
2023-07-31,49.3674,BNP.PA,BNP PARIBAS ACT.A
2023-08-31,49.9627,BNP.PA,BNP PARIBAS ACT.A
2023-09-30,44.8862,BNP.PA,BNP PARIBAS ACT.A
2023-10-31,47.7634,BNP.PA,BNP PARIBAS ACT.A
2023-11-30,51.7485,BNP.PA,BNP PARIBAS ACT.A
2023-12-31,51.7154,BNP.PA,BNP PARIBAS ACT.A
2024-01-31,45.7874,BNP.PA,BNP PARIBAS ACT.A
2024-02-29,54.4521,BNP.PA,BNP PARIBAS ACT.A
2024-03-31,55.899,BNP.PA,BNP PARIBAS ACT.A
2024-04-30,59.7432,BNP.PA,BNP PARIBAS ACT.A
2024-05-31,52.5334,BNP.PA,BNP PARIBAS ACT.A
2024-06-30,56.0015,BNP.PA,BNP PARIBAS ACT.A
2024-07-31,55.225,BNP.PA,BNP PARIBAS ACT.A
2024-08-31,54.316,BNP.PA,BNP PARIBAS ACT.A
2024-09-30,55.375,BNP.PA,BNP PARIBAS ACT.A
2024-10-31,49.9831,BNP.PA,BNP PARIBAS ACT.A
2024-11-30,52.2599,BNP.PA,BNP PARIBAS ACT.A
2024-12-31,57.9959,BNP.PA,BNP PARIBAS ACT.A
2025-01-31,64.2967,BNP.PA,BNP PARIBAS ACT.A
2025-02-28,67.8708,BNP.PA,BNP PARIBAS ACT.A
2025-03-31,65.5587,BNP.PA,BNP PARIBAS ACT.A
2025-04-30,72.4447,BNP.PA,BNP PARIBAS ACT.A
2025-05-31,71.6746,BNP.PA,BNP PARIBAS ACT.A
2025-06-30,75.1869,BNP.PA,BNP PARIBAS ACT.A
2025-07-31,72.1535,BNP.PA,BNP PARIBAS ACT.A
2025-08-31,75.1032,BNP.PA,BNP PARIBAS ACT.A
2025-09-30,65.129,BNP.PA,BNP PARIBAS ACT.A
2025-10-31,71.5681,BNP.PA,BNP PARIBAS ACT.A
2025-11-30,78.4636,BNP.PA,BNP PARIBAS ACT.A
2025-12-31,88.5738,BNP.PA,BNP PARIBAS ACT.A
2026-01-31,92.75,BNP.PA,BNP PARIBAS ACT.A
2026-02-28,78.6578,BNP.PA,BNP PARIBAS ACT.A
2026-03-31,86.6606,BNP.PA,BNP PARIBAS ACT.A
2026-04-30,92.95,BNP.PA,BNP PARIBAS ACT.A
2026-05-31,102.14,BNP.PA,BNP PARIBAS ACT.A
2026-06-30,,BNP.PA,BNP PARIBAS ACT.A
1998-05-31,84.2889,MUV2.DE,MUENCHENER RUECKVERS.-GES. AG N
1998-06-30,81.2576,MUV2.DE,MUENCHENER RUECKVERS.-GES. AG N
1998-07-31,65.6074,MUV2.DE,MUENCHENER RUECKVERS.-GES. AG N
1998-08-31,70.1092,MUV2.DE,MUENCHENER RUECKVERS.-GES. AG N
1998-09-30,70.8753,MUV2.DE,MUENCHENER RUECKVERS.-GES. AG N
1998-10-31,74.7065,MUV2.DE,MUENCHENER RUECKVERS.-GES. AG N
1998-11-30,77.1968,MUV2.DE,MUENCHENER RUECKVERS.-GES. AG N
1998-12-31,82.0481,MUV2.DE,MUENCHENER RUECKVERS.-GES. AG N
1999-01-31,69.3101,MUV2.DE,MUENCHENER RUECKVERS.-GES. AG N
1999-02-28,70.3216,MUV2.DE,MUENCHENER RUECKVERS.-GES. AG N
1999-03-31,71.3706,MUV2.DE,MUENCHENER RUECKVERS.-GES. AG N
1999-04-30,61.5473,MUV2.DE,MUENCHENER RUECKVERS.-GES. AG N
1999-05-31,68.7106,MUV2.DE,MUENCHENER RUECKVERS.-GES. AG N
1999-06-30,67.0622,MUV2.DE,MUENCHENER RUECKVERS.-GES. AG N
1999-07-31,69.3101,MUV2.DE,MUENCHENER RUECKVERS.-GES. AG N
1999-08-31,71.9326,MUV2.DE,MUENCHENER RUECKVERS.-GES. AG N
1999-09-30,78.6688,MUV2.DE,MUENCHENER RUECKVERS.-GES. AG N
1999-10-31,79.1259,MUV2.DE,MUENCHENER RUECKVERS.-GES. AG N
1999-11-30,93.7372,MUV2.DE,MUENCHENER RUECKVERS.-GES. AG N
1999-12-31,99.7128,MUV2.DE,MUENCHENER RUECKVERS.-GES. AG N
2000-01-31,106.4378,MUV2.DE,MUENCHENER RUECKVERS.-GES. AG N
2000-02-29,121.7609,MUV2.DE,MUENCHENER RUECKVERS.-GES. AG N
2000-03-31,120.8243,MUV2.DE,MUENCHENER RUECKVERS.-GES. AG N
2000-04-30,116.557,MUV2.DE,MUENCHENER RUECKVERS.-GES. AG N
2000-05-31,123.2595,MUV2.DE,MUENCHENER RUECKVERS.-GES. AG N
2000-06-30,134.1358,MUV2.DE,MUENCHENER RUECKVERS.-GES. AG N
2000-07-31,116.0594,MUV2.DE,MUENCHENER RUECKVERS.-GES. AG N
2000-08-31,126.9969,MUV2.DE,MUENCHENER RUECKVERS.-GES. AG N
2000-09-30,136.0182,MUV2.DE,MUENCHENER RUECKVERS.-GES. AG N
2000-10-31,140.4105,MUV2.DE,MUENCHENER RUECKVERS.-GES. AG N
2000-11-30,143.1759,MUV2.DE,MUENCHENER RUECKVERS.-GES. AG N
2000-12-31,131.4681,MUV2.DE,MUENCHENER RUECKVERS.-GES. AG N
2001-01-31,132.4639,MUV2.DE,MUENCHENER RUECKVERS.-GES. AG N
2001-02-28,125.9825,MUV2.DE,MUENCHENER RUECKVERS.-GES. AG N
2001-03-31,120.7523,MUV2.DE,MUENCHENER RUECKVERS.-GES. AG N
2001-04-30,121.4737,MUV2.DE,MUENCHENER RUECKVERS.-GES. AG N
2001-05-31,123.6905,MUV2.DE,MUENCHENER RUECKVERS.-GES. AG N
2001-06-30,123.5288,MUV2.DE,MUENCHENER RUECKVERS.-GES. AG N
2001-07-31,119.0403,MUV2.DE,MUENCHENER RUECKVERS.-GES. AG N
2001-08-31,106.5554,MUV2.DE,MUENCHENER RUECKVERS.-GES. AG N
2001-09-30,110.7044,MUV2.DE,MUENCHENER RUECKVERS.-GES. AG N
2001-10-31,112.6281,MUV2.DE,MUENCHENER RUECKVERS.-GES. AG N
2001-11-30,115.0232,MUV2.DE,MUENCHENER RUECKVERS.-GES. AG N
2001-12-31,104.1037,MUV2.DE,MUENCHENER RUECKVERS.-GES. AG N
2002-01-31,106.3668,MUV2.DE,MUENCHENER RUECKVERS.-GES. AG N
2002-02-28,107.7134,MUV2.DE,MUENCHENER RUECKVERS.-GES. AG N
2002-03-31,103.7303,MUV2.DE,MUENCHENER RUECKVERS.-GES. AG N
2002-04-30,92.8748,MUV2.DE,MUENCHENER RUECKVERS.-GES. AG N
2002-05-31,90.5249,MUV2.DE,MUENCHENER RUECKVERS.-GES. AG N
2002-06-30,74.0458,MUV2.DE,MUENCHENER RUECKVERS.-GES. AG N
2002-07-31,70.4383,MUV2.DE,MUENCHENER RUECKVERS.-GES. AG N
2002-08-31,40.471,MUV2.DE,MUENCHENER RUECKVERS.-GES. AG N
2002-09-30,48.9567,MUV2.DE,MUENCHENER RUECKVERS.-GES. AG N
2002-10-31,53.1066,MUV2.DE,MUENCHENER RUECKVERS.-GES. AG N
2002-11-30,43.244,MUV2.DE,MUENCHENER RUECKVERS.-GES. AG N
2002-12-31,33.7606,MUV2.DE,MUENCHENER RUECKVERS.-GES. AG N
2003-01-31,31.7047,MUV2.DE,MUENCHENER RUECKVERS.-GES. AG N
2003-02-28,19.915,MUV2.DE,MUENCHENER RUECKVERS.-GES. AG N
2003-03-31,33.9503,MUV2.DE,MUENCHENER RUECKVERS.-GES. AG N
2003-04-30,34.7962,MUV2.DE,MUENCHENER RUECKVERS.-GES. AG N
2003-05-31,34.1101,MUV2.DE,MUENCHENER RUECKVERS.-GES. AG N
2003-06-30,38.8436,MUV2.DE,MUENCHENER RUECKVERS.-GES. AG N
2003-07-31,35.8083,MUV2.DE,MUENCHENER RUECKVERS.-GES. AG N
2003-08-31,32.7769,MUV2.DE,MUENCHENER RUECKVERS.-GES. AG N
2003-09-30,39.4161,MUV2.DE,MUENCHENER RUECKVERS.-GES. AG N
2003-10-31,36.4346,MUV2.DE,MUENCHENER RUECKVERS.-GES. AG N
2003-11-30,36.9302,MUV2.DE,MUENCHENER RUECKVERS.-GES. AG N
2003-12-31,36.619,MUV2.DE,MUENCHENER RUECKVERS.-GES. AG N
2004-01-31,36.0581,MUV2.DE,MUENCHENER RUECKVERS.-GES. AG N
2004-02-29,34.721,MUV2.DE,MUENCHENER RUECKVERS.-GES. AG N
2004-03-31,34.6596,MUV2.DE,MUENCHENER RUECKVERS.-GES. AG N
2004-04-30,32.7334,MUV2.DE,MUENCHENER RUECKVERS.-GES. AG N
2004-05-31,34.7456,MUV2.DE,MUENCHENER RUECKVERS.-GES. AG N
2004-06-30,31.1111,MUV2.DE,MUENCHENER RUECKVERS.-GES. AG N
2004-07-31,30.3117,MUV2.DE,MUENCHENER RUECKVERS.-GES. AG N
2004-08-31,30.2454,MUV2.DE,MUENCHENER RUECKVERS.-GES. AG N
2004-09-30,29.9022,MUV2.DE,MUENCHENER RUECKVERS.-GES. AG N
2004-10-31,33.2832,MUV2.DE,MUENCHENER RUECKVERS.-GES. AG N
2004-11-30,35.272,MUV2.DE,MUENCHENER RUECKVERS.-GES. AG N
2004-12-31,34.1879,MUV2.DE,MUENCHENER RUECKVERS.-GES. AG N
2005-01-31,36.3834,MUV2.DE,MUENCHENER RUECKVERS.-GES. AG N
2005-02-28,36.243,MUV2.DE,MUENCHENER RUECKVERS.-GES. AG N
2005-03-31,33.8556,MUV2.DE,MUENCHENER RUECKVERS.-GES. AG N
2005-04-30,35.5005,MUV2.DE,MUENCHENER RUECKVERS.-GES. AG N
2005-05-31,35.1811,MUV2.DE,MUENCHENER RUECKVERS.-GES. AG N
2005-06-30,38.3391,MUV2.DE,MUENCHENER RUECKVERS.-GES. AG N
2005-07-31,36.251,MUV2.DE,MUENCHENER RUECKVERS.-GES. AG N
2005-08-31,37.9279,MUV2.DE,MUENCHENER RUECKVERS.-GES. AG N
2005-09-30,39.1256,MUV2.DE,MUENCHENER RUECKVERS.-GES. AG N
2005-10-31,44.2598,MUV2.DE,MUENCHENER RUECKVERS.-GES. AG N
2005-11-30,45.6651,MUV2.DE,MUENCHENER RUECKVERS.-GES. AG N
2005-12-31,44.6072,MUV2.DE,MUENCHENER RUECKVERS.-GES. AG N
2006-01-31,45.4136,MUV2.DE,MUENCHENER RUECKVERS.-GES. AG N
2006-02-28,46.7112,MUV2.DE,MUENCHENER RUECKVERS.-GES. AG N
2006-03-31,46.0768,MUV2.DE,MUENCHENER RUECKVERS.-GES. AG N
2006-04-30,43.3816,MUV2.DE,MUENCHENER RUECKVERS.-GES. AG N
2006-05-31,43.8165,MUV2.DE,MUENCHENER RUECKVERS.-GES. AG N
2006-06-30,44.2349,MUV2.DE,MUENCHENER RUECKVERS.-GES. AG N
2006-07-31,48.2346,MUV2.DE,MUENCHENER RUECKVERS.-GES. AG N
2006-08-31,51.1596,MUV2.DE,MUENCHENER RUECKVERS.-GES. AG N
2006-09-30,52.1728,MUV2.DE,MUENCHENER RUECKVERS.-GES. AG N
2006-10-31,50.4581,MUV2.DE,MUENCHENER RUECKVERS.-GES. AG N
2006-11-30,53.502,MUV2.DE,MUENCHENER RUECKVERS.-GES. AG N
2006-12-31,49.6376,MUV2.DE,MUENCHENER RUECKVERS.-GES. AG N
2007-01-31,49.4038,MUV2.DE,MUENCHENER RUECKVERS.-GES. AG N
2007-02-28,51.939,MUV2.DE,MUENCHENER RUECKVERS.-GES. AG N
2007-03-31,55.6291,MUV2.DE,MUENCHENER RUECKVERS.-GES. AG N
2007-04-30,59.3677,MUV2.DE,MUENCHENER RUECKVERS.-GES. AG N
2007-05-31,57.7933,MUV2.DE,MUENCHENER RUECKVERS.-GES. AG N
2007-06-30,53.8255,MUV2.DE,MUENCHENER RUECKVERS.-GES. AG N
2007-07-31,53.8001,MUV2.DE,MUENCHENER RUECKVERS.-GES. AG N
2007-08-31,57.1907,MUV2.DE,MUENCHENER RUECKVERS.-GES. AG N
2007-09-30,56.1935,MUV2.DE,MUENCHENER RUECKVERS.-GES. AG N
2007-10-31,52.841,MUV2.DE,MUENCHENER RUECKVERS.-GES. AG N
2007-11-30,56.4141,MUV2.DE,MUENCHENER RUECKVERS.-GES. AG N
2007-12-31,51.0375,MUV2.DE,MUENCHENER RUECKVERS.-GES. AG N
2008-01-31,49.391,MUV2.DE,MUENCHENER RUECKVERS.-GES. AG N
2008-02-29,52.5694,MUV2.DE,MUENCHENER RUECKVERS.-GES. AG N
2008-03-31,55.1226,MUV2.DE,MUENCHENER RUECKVERS.-GES. AG N
2008-04-30,53.4546,MUV2.DE,MUENCHENER RUECKVERS.-GES. AG N
2008-05-31,49.3557,MUV2.DE,MUENCHENER RUECKVERS.-GES. AG N
2008-06-30,47.3772,MUV2.DE,MUENCHENER RUECKVERS.-GES. AG N
2008-07-31,47.1022,MUV2.DE,MUENCHENER RUECKVERS.-GES. AG N
2008-08-31,47.1155,MUV2.DE,MUENCHENER RUECKVERS.-GES. AG N
2008-09-30,45.6472,MUV2.DE,MUENCHENER RUECKVERS.-GES. AG N
2008-10-31,47.4482,MUV2.DE,MUENCHENER RUECKVERS.-GES. AG N
2008-11-30,49.2404,MUV2.DE,MUENCHENER RUECKVERS.-GES. AG N
2008-12-31,46.002,MUV2.DE,MUENCHENER RUECKVERS.-GES. AG N
2009-01-31,43.0121,MUV2.DE,MUENCHENER RUECKVERS.-GES. AG N
2009-02-28,40.7231,MUV2.DE,MUENCHENER RUECKVERS.-GES. AG N
2009-03-31,49.0129,MUV2.DE,MUENCHENER RUECKVERS.-GES. AG N
2009-04-30,46.3756,MUV2.DE,MUENCHENER RUECKVERS.-GES. AG N
2009-05-31,45.0592,MUV2.DE,MUENCHENER RUECKVERS.-GES. AG N
2009-06-30,49.6968,MUV2.DE,MUENCHENER RUECKVERS.-GES. AG N
2009-07-31,48.7318,MUV2.DE,MUENCHENER RUECKVERS.-GES. AG N
2009-08-31,51.074,MUV2.DE,MUENCHENER RUECKVERS.-GES. AG N
2009-09-30,50.4229,MUV2.DE,MUENCHENER RUECKVERS.-GES. AG N
2009-10-31,48.9192,MUV2.DE,MUENCHENER RUECKVERS.-GES. AG N
2009-11-30,50.9054,MUV2.DE,MUENCHENER RUECKVERS.-GES. AG N
2009-12-31,50.8257,MUV2.DE,MUENCHENER RUECKVERS.-GES. AG N
2010-01-31,53.2382,MUV2.DE,MUENCHENER RUECKVERS.-GES. AG N
2010-02-28,56.2831,MUV2.DE,MUENCHENER RUECKVERS.-GES. AG N
2010-03-31,52.4217,MUV2.DE,MUENCHENER RUECKVERS.-GES. AG N
2010-04-30,51.089,MUV2.DE,MUENCHENER RUECKVERS.-GES. AG N
2010-05-31,51.0149,MUV2.DE,MUENCHENER RUECKVERS.-GES. AG N
2010-06-30,52.4711,MUV2.DE,MUENCHENER RUECKVERS.-GES. AG N
2010-07-31,49.7562,MUV2.DE,MUENCHENER RUECKVERS.-GES. AG N
2010-08-31,50.1511,MUV2.DE,MUENCHENER RUECKVERS.-GES. AG N
2010-09-30,55.4574,MUV2.DE,MUENCHENER RUECKVERS.-GES. AG N
2010-10-31,52.8166,MUV2.DE,MUENCHENER RUECKVERS.-GES. AG N
2010-11-30,56.0004,MUV2.DE,MUENCHENER RUECKVERS.-GES. AG N
2010-12-31,56.4693,MUV2.DE,MUENCHENER RUECKVERS.-GES. AG N
2011-01-31,59.7025,MUV2.DE,MUENCHENER RUECKVERS.-GES. AG N
2011-02-28,54.791,MUV2.DE,MUENCHENER RUECKVERS.-GES. AG N
2011-03-31,58.1691,MUV2.DE,MUENCHENER RUECKVERS.-GES. AG N
2011-04-30,55.6377,MUV2.DE,MUENCHENER RUECKVERS.-GES. AG N
2011-05-31,55.0375,MUV2.DE,MUENCHENER RUECKVERS.-GES. AG N
2011-06-30,53.7849,MUV2.DE,MUENCHENER RUECKVERS.-GES. AG N
2011-07-31,47.4277,MUV2.DE,MUENCHENER RUECKVERS.-GES. AG N
2011-08-31,48.8265,MUV2.DE,MUENCHENER RUECKVERS.-GES. AG N
2011-09-30,50.8673,MUV2.DE,MUENCHENER RUECKVERS.-GES. AG N
2011-10-31,48.9309,MUV2.DE,MUENCHENER RUECKVERS.-GES. AG N
2011-11-30,49.4685,MUV2.DE,MUENCHENER RUECKVERS.-GES. AG N
2011-12-31,51.9842,MUV2.DE,MUENCHENER RUECKVERS.-GES. AG N
2012-01-31,57.1252,MUV2.DE,MUENCHENER RUECKVERS.-GES. AG N
2012-02-29,59.0041,MUV2.DE,MUENCHENER RUECKVERS.-GES. AG N
2012-03-31,60.4549,MUV2.DE,MUENCHENER RUECKVERS.-GES. AG N
2012-04-30,55.2722,MUV2.DE,MUENCHENER RUECKVERS.-GES. AG N
2012-05-31,61.2819,MUV2.DE,MUENCHENER RUECKVERS.-GES. AG N
2012-06-30,63.7354,MUV2.DE,MUENCHENER RUECKVERS.-GES. AG N
2012-07-31,64.8932,MUV2.DE,MUENCHENER RUECKVERS.-GES. AG N
2012-08-31,66.9883,MUV2.DE,MUENCHENER RUECKVERS.-GES. AG N
2012-09-30,68.3667,MUV2.DE,MUENCHENER RUECKVERS.-GES. AG N
2012-10-31,72.3639,MUV2.DE,MUENCHENER RUECKVERS.-GES. AG N
2012-11-30,74.9828,MUV2.DE,MUENCHENER RUECKVERS.-GES. AG N
2012-12-31,74.6244,MUV2.DE,MUENCHENER RUECKVERS.-GES. AG N
2013-01-31,75.9201,MUV2.DE,MUENCHENER RUECKVERS.-GES. AG N
2013-02-28,80.4411,MUV2.DE,MUENCHENER RUECKVERS.-GES. AG N
2013-03-31,87.5861,MUV2.DE,MUENCHENER RUECKVERS.-GES. AG N
2013-04-30,83.4332,MUV2.DE,MUENCHENER RUECKVERS.-GES. AG N
2013-05-31,81.5586,MUV2.DE,MUENCHENER RUECKVERS.-GES. AG N
2013-06-30,86.0576,MUV2.DE,MUENCHENER RUECKVERS.-GES. AG N
2013-07-31,79.5398,MUV2.DE,MUENCHENER RUECKVERS.-GES. AG N
2013-08-31,83.3178,MUV2.DE,MUENCHENER RUECKVERS.-GES. AG N
2013-09-30,88.7685,MUV2.DE,MUENCHENER RUECKVERS.-GES. AG N
2013-10-31,92.8637,MUV2.DE,MUENCHENER RUECKVERS.-GES. AG N
2013-11-30,92.3735,MUV2.DE,MUENCHENER RUECKVERS.-GES. AG N
2013-12-31,88.3359,MUV2.DE,MUENCHENER RUECKVERS.-GES. AG N
2014-01-31,91.5083,MUV2.DE,MUENCHENER RUECKVERS.-GES. AG N
2014-02-28,91.4795,MUV2.DE,MUENCHENER RUECKVERS.-GES. AG N
2014-03-31,96.0073,MUV2.DE,MUENCHENER RUECKVERS.-GES. AG N
2014-04-30,98.0577,MUV2.DE,MUENCHENER RUECKVERS.-GES. AG N
2014-05-31,97.6355,MUV2.DE,MUENCHENER RUECKVERS.-GES. AG N
2014-06-30,95.7661,MUV2.DE,MUENCHENER RUECKVERS.-GES. AG N
2014-07-31,92.0271,MUV2.DE,MUENCHENER RUECKVERS.-GES. AG N
2014-08-31,94.4091,MUV2.DE,MUENCHENER RUECKVERS.-GES. AG N
2014-09-30,94.5901,MUV2.DE,MUENCHENER RUECKVERS.-GES. AG N
2014-10-31,99.897,MUV2.DE,MUENCHENER RUECKVERS.-GES. AG N
2014-11-30,99.9573,MUV2.DE,MUENCHENER RUECKVERS.-GES. AG N
2014-12-31,107.3448,MUV2.DE,MUENCHENER RUECKVERS.-GES. AG N
2015-01-31,111.8678,MUV2.DE,MUENCHENER RUECKVERS.-GES. AG N
2015-02-28,121.0644,MUV2.DE,MUENCHENER RUECKVERS.-GES. AG N
2015-03-31,109.9385,MUV2.DE,MUENCHENER RUECKVERS.-GES. AG N
2015-04-30,105.6013,MUV2.DE,MUENCHENER RUECKVERS.-GES. AG N
2015-05-31,99.9441,MUV2.DE,MUENCHENER RUECKVERS.-GES. AG N
2015-06-30,105.1613,MUV2.DE,MUENCHENER RUECKVERS.-GES. AG N
2015-07-31,102.9613,MUV2.DE,MUENCHENER RUECKVERS.-GES. AG N
2015-08-31,104.8156,MUV2.DE,MUENCHENER RUECKVERS.-GES. AG N
2015-09-30,114.0872,MUV2.DE,MUENCHENER RUECKVERS.-GES. AG N
2015-10-31,119.9015,MUV2.DE,MUENCHENER RUECKVERS.-GES. AG N
2015-11-30,116.0043,MUV2.DE,MUENCHENER RUECKVERS.-GES. AG N
2015-12-31,111.1643,MUV2.DE,MUENCHENER RUECKVERS.-GES. AG N
2016-01-31,114.1186,MUV2.DE,MUENCHENER RUECKVERS.-GES. AG N
2016-02-29,112.3586,MUV2.DE,MUENCHENER RUECKVERS.-GES. AG N
2016-03-31,106.8653,MUV2.DE,MUENCHENER RUECKVERS.-GES. AG N
2016-04-30,111.4184,MUV2.DE,MUENCHENER RUECKVERS.-GES. AG N
2016-05-31,99.1449,MUV2.DE,MUENCHENER RUECKVERS.-GES. AG N
2016-06-30,98.452,MUV2.DE,MUENCHENER RUECKVERS.-GES. AG N
2016-07-31,106.9313,MUV2.DE,MUENCHENER RUECKVERS.-GES. AG N
2016-08-31,109.5378,MUV2.DE,MUENCHENER RUECKVERS.-GES. AG N
2016-09-30,116.5324,MUV2.DE,MUENCHENER RUECKVERS.-GES. AG N
2016-10-31,113.398,MUV2.DE,MUENCHENER RUECKVERS.-GES. AG N
2016-11-30,118.5449,MUV2.DE,MUENCHENER RUECKVERS.-GES. AG N
2016-12-31,114.6847,MUV2.DE,MUENCHENER RUECKVERS.-GES. AG N
2017-01-31,117.7201,MUV2.DE,MUENCHENER RUECKVERS.-GES. AG N
2017-02-28,121.0194,MUV2.DE,MUENCHENER RUECKVERS.-GES. AG N
2017-03-31,121.6261,MUV2.DE,MUENCHENER RUECKVERS.-GES. AG N
2017-04-30,121.4878,MUV2.DE,MUENCHENER RUECKVERS.-GES. AG N
2017-05-31,122.0408,MUV2.DE,MUENCHENER RUECKVERS.-GES. AG N
2017-06-30,125.4625,MUV2.DE,MUENCHENER RUECKVERS.-GES. AG N
2017-07-31,119.8634,MUV2.DE,MUENCHENER RUECKVERS.-GES. AG N
2017-08-31,125.0478,MUV2.DE,MUENCHENER RUECKVERS.-GES. AG N
2017-09-30,132.7552,MUV2.DE,MUENCHENER RUECKVERS.-GES. AG N
2017-10-31,129.2298,MUV2.DE,MUENCHENER RUECKVERS.-GES. AG N
2017-11-30,124.9441,MUV2.DE,MUENCHENER RUECKVERS.-GES. AG N
2017-12-31,131.0271,MUV2.DE,MUENCHENER RUECKVERS.-GES. AG N
2018-01-31,127.2598,MUV2.DE,MUENCHENER RUECKVERS.-GES. AG N
2018-02-28,130.5432,MUV2.DE,MUENCHENER RUECKVERS.-GES. AG N
2018-03-31,137.2783,MUV2.DE,MUENCHENER RUECKVERS.-GES. AG N
2018-04-30,127.4133,MUV2.DE,MUENCHENER RUECKVERS.-GES. AG N
2018-05-31,130.8462,MUV2.DE,MUENCHENER RUECKVERS.-GES. AG N
2018-06-30,137.1337,MUV2.DE,MUENCHENER RUECKVERS.-GES. AG N
2018-07-31,134.279,MUV2.DE,MUENCHENER RUECKVERS.-GES. AG N
2018-08-31,137.8564,MUV2.DE,MUENCHENER RUECKVERS.-GES. AG N
2018-09-30,137.2783,MUV2.DE,MUENCHENER RUECKVERS.-GES. AG N
2018-10-31,138.6875,MUV2.DE,MUENCHENER RUECKVERS.-GES. AG N
2018-11-30,137.7119,MUV2.DE,MUENCHENER RUECKVERS.-GES. AG N
2018-12-31,140.5666,MUV2.DE,MUENCHENER RUECKVERS.-GES. AG N
2019-01-31,149.6727,MUV2.DE,MUENCHENER RUECKVERS.-GES. AG N
2019-02-28,152.4912,MUV2.DE,MUENCHENER RUECKVERS.-GES. AG N
2019-03-31,161.1637,MUV2.DE,MUENCHENER RUECKVERS.-GES. AG N
2019-04-30,162.9356,MUV2.DE,MUENCHENER RUECKVERS.-GES. AG N
2019-05-31,166.4039,MUV2.DE,MUENCHENER RUECKVERS.-GES. AG N
2019-06-30,164.2174,MUV2.DE,MUENCHENER RUECKVERS.-GES. AG N
2019-07-31,164.2928,MUV2.DE,MUENCHENER RUECKVERS.-GES. AG N
2019-08-31,178.9954,MUV2.DE,MUENCHENER RUECKVERS.-GES. AG N
2019-09-30,187.7416,MUV2.DE,MUENCHENER RUECKVERS.-GES. AG N
2019-10-31,196.4878,MUV2.DE,MUENCHENER RUECKVERS.-GES. AG N
2019-11-30,198.2974,MUV2.DE,MUENCHENER RUECKVERS.-GES. AG N
2019-12-31,200.7855,MUV2.DE,MUENCHENER RUECKVERS.-GES. AG N
2020-01-31,173.9438,MUV2.DE,MUENCHENER RUECKVERS.-GES. AG N
2020-02-29,138.8082,MUV2.DE,MUENCHENER RUECKVERS.-GES. AG N
2020-03-31,158.4348,MUV2.DE,MUENCHENER RUECKVERS.-GES. AG N
2020-04-30,161.4331,MUV2.DE,MUENCHENER RUECKVERS.-GES. AG N
2020-05-31,182.5788,MUV2.DE,MUENCHENER RUECKVERS.-GES. AG N
2020-06-30,177.3713,MUV2.DE,MUENCHENER RUECKVERS.-GES. AG N
2020-07-31,190.7057,MUV2.DE,MUENCHENER RUECKVERS.-GES. AG N
2020-08-31,170.9013,MUV2.DE,MUENCHENER RUECKVERS.-GES. AG N
2020-09-30,158.4348,MUV2.DE,MUENCHENER RUECKVERS.-GES. AG N
2020-10-31,184.3146,MUV2.DE,MUENCHENER RUECKVERS.-GES. AG N
2020-11-30,191.5736,MUV2.DE,MUENCHENER RUECKVERS.-GES. AG N
2020-12-31,172.6372,MUV2.DE,MUENCHENER RUECKVERS.-GES. AG N
2021-01-31,191.7314,MUV2.DE,MUENCHENER RUECKVERS.-GES. AG N
2021-02-28,207.1962,MUV2.DE,MUENCHENER RUECKVERS.-GES. AG N
2021-03-31,197.3956,MUV2.DE,MUENCHENER RUECKVERS.-GES. AG N
2021-04-30,193.7044,MUV2.DE,MUENCHENER RUECKVERS.-GES. AG N
2021-05-31,189.4391,MUV2.DE,MUENCHENER RUECKVERS.-GES. AG N
2021-06-30,186.9373,MUV2.DE,MUENCHENER RUECKVERS.-GES. AG N
2021-07-31,202.9734,MUV2.DE,MUENCHENER RUECKVERS.-GES. AG N
2021-08-31,194.3196,MUV2.DE,MUENCHENER RUECKVERS.-GES. AG N
2021-09-30,210.1506,MUV2.DE,MUENCHENER RUECKVERS.-GES. AG N
2021-10-31,195.509,MUV2.DE,MUENCHENER RUECKVERS.-GES. AG N
2021-11-30,213.6777,MUV2.DE,MUENCHENER RUECKVERS.-GES. AG N
2021-12-31,228.8935,MUV2.DE,MUENCHENER RUECKVERS.-GES. AG N
2022-01-31,202.7273,MUV2.DE,MUENCHENER RUECKVERS.-GES. AG N
2022-02-28,199.3232,MUV2.DE,MUENCHENER RUECKVERS.-GES. AG N
2022-03-31,195.3543,MUV2.DE,MUENCHENER RUECKVERS.-GES. AG N
2022-04-30,195.6981,MUV2.DE,MUENCHENER RUECKVERS.-GES. AG N
2022-05-31,192.69,MUV2.DE,MUENCHENER RUECKVERS.-GES. AG N
2022-06-30,190.0257,MUV2.DE,MUENCHENER RUECKVERS.-GES. AG N
2022-07-31,204.7224,MUV2.DE,MUENCHENER RUECKVERS.-GES. AG N
2022-08-31,212.7153,MUV2.DE,MUENCHENER RUECKVERS.-GES. AG N
2022-09-30,229.8185,MUV2.DE,MUENCHENER RUECKVERS.-GES. AG N
2022-10-31,258.8681,MUV2.DE,MUENCHENER RUECKVERS.-GES. AG N
2022-11-30,261.2746,MUV2.DE,MUENCHENER RUECKVERS.-GES. AG N
2022-12-31,284.4799,MUV2.DE,MUENCHENER RUECKVERS.-GES. AG N
2023-01-31,280.2685,MUV2.DE,MUENCHENER RUECKVERS.-GES. AG N
2023-02-28,277.1745,MUV2.DE,MUENCHENER RUECKVERS.-GES. AG N
2023-03-31,292.6447,MUV2.DE,MUENCHENER RUECKVERS.-GES. AG N
2023-04-30,297.2569,MUV2.DE,MUENCHENER RUECKVERS.-GES. AG N
2023-05-31,305.8008,MUV2.DE,MUENCHENER RUECKVERS.-GES. AG N
2023-06-30,304.9109,MUV2.DE,MUENCHENER RUECKVERS.-GES. AG N
2023-07-31,318.7947,MUV2.DE,MUENCHENER RUECKVERS.-GES. AG N
2023-08-31,328.4956,MUV2.DE,MUENCHENER RUECKVERS.-GES. AG N
2023-09-30,336.8615,MUV2.DE,MUENCHENER RUECKVERS.-GES. AG N
2023-10-31,347.8084,MUV2.DE,MUENCHENER RUECKVERS.-GES. AG N
2023-11-30,333.8356,MUV2.DE,MUENCHENER RUECKVERS.-GES. AG N
2023-12-31,350.8344,MUV2.DE,MUENCHENER RUECKVERS.-GES. AG N
2024-01-31,383.0521,MUV2.DE,MUENCHENER RUECKVERS.-GES. AG N
2024-02-29,402.5428,MUV2.DE,MUENCHENER RUECKVERS.-GES. AG N
2024-03-31,380.3349,MUV2.DE,MUENCHENER RUECKVERS.-GES. AG N
2024-04-30,422.5021,MUV2.DE,MUENCHENER RUECKVERS.-GES. AG N
2024-05-31,430.8986,MUV2.DE,MUENCHENER RUECKVERS.-GES. AG N
2024-06-30,420.3799,MUV2.DE,MUENCHENER RUECKVERS.-GES. AG N
2024-07-31,451.4747,MUV2.DE,MUENCHENER RUECKVERS.-GES. AG N
2024-08-31,456.0882,MUV2.DE,MUENCHENER RUECKVERS.-GES. AG N
2024-09-30,433.8512,MUV2.DE,MUENCHENER RUECKVERS.-GES. AG N
2024-10-31,456.0882,MUV2.DE,MUENCHENER RUECKVERS.-GES. AG N
2024-11-30,449.4448,MUV2.DE,MUENCHENER RUECKVERS.-GES. AG N
2024-12-31,482.016,MUV2.DE,MUENCHENER RUECKVERS.-GES. AG N
2025-01-31,504.3451,MUV2.DE,MUENCHENER RUECKVERS.-GES. AG N
2025-02-28,537.3776,MUV2.DE,MUENCHENER RUECKVERS.-GES. AG N
2025-03-31,555.0933,MUV2.DE,MUENCHENER RUECKVERS.-GES. AG N
2025-04-30,545.3583,MUV2.DE,MUENCHENER RUECKVERS.-GES. AG N
2025-05-31,525.5062,MUV2.DE,MUENCHENER RUECKVERS.-GES. AG N
2025-06-30,549.3668,MUV2.DE,MUENCHENER RUECKVERS.-GES. AG N
2025-07-31,519.7796,MUV2.DE,MUENCHENER RUECKVERS.-GES. AG N
2025-08-31,518.6343,MUV2.DE,MUENCHENER RUECKVERS.-GES. AG N
2025-09-30,511.9534,MUV2.DE,MUENCHENER RUECKVERS.-GES. AG N
2025-10-31,519.207,MUV2.DE,MUENCHENER RUECKVERS.-GES. AG N
2025-11-30,536.5775,MUV2.DE,MUENCHENER RUECKVERS.-GES. AG N
2025-12-31,489.0472,MUV2.DE,MUENCHENER RUECKVERS.-GES. AG N
2026-01-31,530.2783,MUV2.DE,MUENCHENER RUECKVERS.-GES. AG N
2026-02-28,514.8167,MUV2.DE,MUENCHENER RUECKVERS.-GES. AG N
2026-03-31,510.8,MUV2.DE,MUENCHENER RUECKVERS.-GES. AG N
2026-04-30,452.3,MUV2.DE,MUENCHENER RUECKVERS.-GES. AG N
2026-05-31,488.5,MUV2.DE,MUENCHENER RUECKVERS.-GES. AG N
2026-06-30,,MUV2.DE,MUENCHENER RUECKVERS.-GES. AG N
1999-12-31,118422.7266,UCG.MI,UNICREDIT
2000-01-31,111439.5703,UCG.MI,UNICREDIT
2000-02-29,121041.4453,UCG.MI,UNICREDIT
2000-03-31,129770.3828,UCG.MI,UNICREDIT
2000-04-30,-2711.3213,UCG.MI,UNICREDIT
2000-05-31,-2865.7632,UCG.MI,UNICREDIT
2000-06-30,-3008.7656,UCG.MI,UNICREDIT
2000-07-31,-3329.0903,UCG.MI,UNICREDIT
2000-08-31,-3380.572,UCG.MI,UNICREDIT
2000-09-30,-3432.0515,UCG.MI,UNICREDIT
2000-10-31,-3289.0505,UCG.MI,UNICREDIT
2000-11-30,-3186.0884,UCG.MI,UNICREDIT
2000-12-31,-3208.9688,UCG.MI,UNICREDIT
2001-01-31,-3020.2058,UCG.MI,UNICREDIT
2001-02-28,-2802.8433,UCG.MI,UNICREDIT
2001-03-31,-3043.0857,UCG.MI,UNICREDIT
2001-04-30,65.9172,UCG.MI,UNICREDIT
2001-05-31,64.146,UCG.MI,UNICREDIT
2001-06-30,61.236,UCG.MI,UNICREDIT
2001-07-31,59.9708,UCG.MI,UNICREDIT
2001-08-31,53.0121,UCG.MI,UNICREDIT
2001-09-30,51.8735,UCG.MI,UNICREDIT
2001-10-31,53.2652,UCG.MI,UNICREDIT
2001-11-30,55.9221,UCG.MI,UNICREDIT
2001-12-31,56.3017,UCG.MI,UNICREDIT
2002-01-31,56.9343,UCG.MI,UNICREDIT
2002-02-28,72.1056,UCG.MI,UNICREDIT
2002-03-31,65.1581,UCG.MI,UNICREDIT
2002-04-30,62.1792,UCG.MI,UNICREDIT
2002-05-31,59.5776,UCG.MI,UNICREDIT
2002-06-30,51.3824,UCG.MI,UNICREDIT
2002-07-31,50.2117,UCG.MI,UNICREDIT
2002-08-31,47.61,UCG.MI,UNICREDIT
2002-09-30,49.4312,UCG.MI,UNICREDIT
2002-10-31,52.1629,UCG.MI,UNICREDIT
2002-11-30,49.5613,UCG.MI,UNICREDIT
2002-12-31,43.5775,UCG.MI,UNICREDIT
2003-01-31,48.3905,UCG.MI,UNICREDIT
2003-02-28,45.3986,UCG.MI,UNICREDIT
2003-03-31,50.9922,UCG.MI,UNICREDIT
2003-04-30,52.6721,UCG.MI,UNICREDIT
2003-05-31,56.1926,UCG.MI,UNICREDIT
2003-06-30,56.4634,UCG.MI,UNICREDIT
2003-07-31,57.2758,UCG.MI,UNICREDIT
2003-08-31,54.974,UCG.MI,UNICREDIT
2003-09-30,57.4112,UCG.MI,UNICREDIT
2003-10-31,56.7342,UCG.MI,UNICREDIT
2003-11-30,57.9529,UCG.MI,UNICREDIT
2003-12-31,58.9007,UCG.MI,UNICREDIT
2004-01-31,57.4112,UCG.MI,UNICREDIT
2004-02-29,52.5367,UCG.MI,UNICREDIT
2004-03-31,52.6721,UCG.MI,UNICREDIT
2004-04-30,54.3667,UCG.MI,UNICREDIT
2004-05-31,57.4815,UCG.MI,UNICREDIT
2004-06-30,56.3488,UCG.MI,UNICREDIT
2004-07-31,55.7825,UCG.MI,UNICREDIT
2004-08-31,57.4815,UCG.MI,UNICREDIT
2004-09-30,59.6052,UCG.MI,UNICREDIT
2004-10-31,58.7557,UCG.MI,UNICREDIT
2004-11-30,70.8114,UCG.MI,UNICREDIT
2004-12-31,59.7467,UCG.MI,UNICREDIT
2005-01-31,62.4014,UCG.MI,UNICREDIT
2005-02-28,64.1357,UCG.MI,UNICREDIT
2005-03-31,61.3041,UCG.MI,UNICREDIT
2005-04-30,62.3993,UCG.MI,UNICREDIT
2005-05-31,64.8107,UCG.MI,UNICREDIT
2005-06-30,64.8478,UCG.MI,UNICREDIT
2005-07-31,68.5205,UCG.MI,UNICREDIT
2005-08-31,69.5964,UCG.MI,UNICREDIT
2005-09-30,69.1141,UCG.MI,UNICREDIT
2005-10-31,77.9806,UCG.MI,UNICREDIT
2005-11-30,86.3648,UCG.MI,UNICREDIT
2005-12-31,87.1809,UCG.MI,UNICREDIT
2006-01-31,90.594,UCG.MI,UNICREDIT
2006-02-28,88.5165,UCG.MI,UNICREDIT
2006-03-31,88.5907,UCG.MI,UNICREDIT
2006-04-30,91.5313,UCG.MI,UNICREDIT
2006-05-31,94.1465,UCG.MI,UNICREDIT
2006-06-30,92.6851,UCG.MI,UNICREDIT
2006-07-31,95.6848,UCG.MI,UNICREDIT
2006-08-31,100.6844,UCG.MI,UNICREDIT
2006-09-30,99.9153,UCG.MI,UNICREDIT
2006-10-31,100.2999,UCG.MI,UNICREDIT
2006-11-30,102.1459,UCG.MI,UNICREDIT
2006-12-31,109.2222,UCG.MI,UNICREDIT
2007-01-31,107.6839,UCG.MI,UNICREDIT
2007-02-28,109.6068,UCG.MI,UNICREDIT
2007-03-31,116.6063,UCG.MI,UNICREDIT
2007-04-30,110.8415,UCG.MI,UNICREDIT
2007-05-31,105.359,UCG.MI,UNICREDIT
2007-06-30,99.7176,UCG.MI,UNICREDIT
2007-07-31,99.956,UCG.MI,UNICREDIT
2007-08-31,95.3475,UCG.MI,UNICREDIT
2007-09-30,93.9173,UCG.MI,UNICREDIT
2007-10-31,92.5666,UCG.MI,UNICREDIT
2007-11-30,106.7254,UCG.MI,UNICREDIT
2007-12-31,78.4234,UCG.MI,UNICREDIT
2008-01-31,77.6288,UCG.MI,UNICREDIT
2008-02-29,67.3789,UCG.MI,UNICREDIT
2008-03-31,77.5493,UCG.MI,UNICREDIT
2008-04-30,75.5674,UCG.MI,UNICREDIT
2008-05-31,65.3908,UCG.MI,UNICREDIT
2008-06-30,64.8021,UCG.MI,UNICREDIT
2008-07-31,61.9846,UCG.MI,UNICREDIT
2008-08-31,43.692,UCG.MI,UNICREDIT
2008-09-30,31.7745,UCG.MI,UNICREDIT
2008-10-31,30.0924,UCG.MI,UNICREDIT
2008-11-30,29.3523,UCG.MI,UNICREDIT
2008-12-31,23.2463,UCG.MI,UNICREDIT
2009-01-31,16.989,UCG.MI,UNICREDIT
2009-02-28,20.8914,UCG.MI,UNICREDIT
2009-03-31,31.438,UCG.MI,UNICREDIT
2009-04-30,37.3598,UCG.MI,UNICREDIT
2009-05-31,36.2687,UCG.MI,UNICREDIT
2009-06-30,41.5221,UCG.MI,UNICREDIT
2009-07-31,51.0692,UCG.MI,UNICREDIT
2009-08-31,53.9484,UCG.MI,UNICREDIT
2009-09-30,46.2704,UCG.MI,UNICREDIT
2009-10-31,45.9673,UCG.MI,UNICREDIT
2009-11-30,47.3312,UCG.MI,UNICREDIT
2009-12-31,42.7169,UCG.MI,UNICREDIT
2010-01-31,39.2699,UCG.MI,UNICREDIT
2010-02-28,46.259,UCG.MI,UNICREDIT
2010-03-31,42.1671,UCG.MI,UNICREDIT
2010-04-30,37.4342,UCG.MI,UNICREDIT
2010-05-31,39.5641,UCG.MI,UNICREDIT
2010-06-30,46.2549,UCG.MI,UNICREDIT
2010-07-31,39.8437,UCG.MI,UNICREDIT
2010-08-31,40.2955,UCG.MI,UNICREDIT
2010-09-30,40.2955,UCG.MI,UNICREDIT
2010-10-31,32.0772,UCG.MI,UNICREDIT
2010-11-30,33.3035,UCG.MI,UNICREDIT
2010-12-31,38.9187,UCG.MI,UNICREDIT
2011-01-31,40.0804,UCG.MI,UNICREDIT
2011-02-28,37.5202,UCG.MI,UNICREDIT
2011-03-31,37.3912,UCG.MI,UNICREDIT
2011-04-30,34.6326,UCG.MI,UNICREDIT
2011-05-31,32.0226,UCG.MI,UNICREDIT
2011-06-30,27.4166,UCG.MI,UNICREDIT
2011-07-31,20.6721,UCG.MI,UNICREDIT
2011-08-31,17.6015,UCG.MI,UNICREDIT
2011-09-30,18.5994,UCG.MI,UNICREDIT
2011-10-31,16.9544,UCG.MI,UNICREDIT
2011-11-30,14.0812,UCG.MI,UNICREDIT
2011-12-31,12.6212,UCG.MI,UNICREDIT
2012-01-31,13.0075,UCG.MI,UNICREDIT
2012-02-29,12.508,UCG.MI,UNICREDIT
2012-03-31,10.0104,UCG.MI,UNICREDIT
2012-04-30,8.2521,UCG.MI,UNICREDIT
2012-05-31,9.9238,UCG.MI,UNICREDIT
2012-06-30,9.2178,UCG.MI,UNICREDIT
2012-07-31,10.4832,UCG.MI,UNICREDIT
2012-08-31,10.763,UCG.MI,UNICREDIT
2012-09-30,11.3424,UCG.MI,UNICREDIT
2012-10-31,11.9219,UCG.MI,UNICREDIT
2012-11-30,12.3415,UCG.MI,UNICREDIT
2012-12-31,15.8381,UCG.MI,UNICREDIT
2013-01-31,12.9609,UCG.MI,UNICREDIT
2013-02-28,11.0893,UCG.MI,UNICREDIT
2013-03-31,13.1873,UCG.MI,UNICREDIT
2013-04-30,14.9439,UCG.MI,UNICREDIT
2013-05-31,12.2367,UCG.MI,UNICREDIT
2013-06-30,13.9168,UCG.MI,UNICREDIT
2013-07-31,14.5494,UCG.MI,UNICREDIT
2013-08-31,16.0254,UCG.MI,UNICREDIT
2013-09-30,18.8414,UCG.MI,UNICREDIT
2013-10-31,18.1613,UCG.MI,UNICREDIT
2013-11-30,18.2973,UCG.MI,UNICREDIT
2013-12-31,18.9775,UCG.MI,UNICREDIT
2014-01-31,19.6067,UCG.MI,UNICREDIT
2014-02-28,22.5485,UCG.MI,UNICREDIT
2014-03-31,21.9023,UCG.MI,UNICREDIT
2014-04-30,22.1214,UCG.MI,UNICREDIT
2014-05-31,21.1528,UCG.MI,UNICREDIT
2014-06-30,20.2707,UCG.MI,UNICREDIT
2014-07-31,20.3745,UCG.MI,UNICREDIT
2014-08-31,21.6544,UCG.MI,UNICREDIT
2014-09-30,19.9248,UCG.MI,UNICREDIT
2014-10-31,20.5648,UCG.MI,UNICREDIT
2014-11-30,18.4547,UCG.MI,UNICREDIT
2014-12-31,18.1088,UCG.MI,UNICREDIT
2015-01-31,20.5648,UCG.MI,UNICREDIT
2015-02-28,21.8965,UCG.MI,UNICREDIT
2015-03-31,22.3116,UCG.MI,UNICREDIT
2015-04-30,22.461,UCG.MI,UNICREDIT
2015-05-31,21.2446,UCG.MI,UNICREDIT
2015-06-30,21.2798,UCG.MI,UNICREDIT
2015-07-31,20.557,UCG.MI,UNICREDIT
2015-08-31,19.6402,UCG.MI,UNICREDIT
2015-09-30,20.7333,UCG.MI,UNICREDIT
2015-10-31,19.5873,UCG.MI,UNICREDIT
2015-11-30,18.1064,UCG.MI,UNICREDIT
2015-12-31,12.5105,UCG.MI,UNICREDIT
2016-01-31,12.1156,UCG.MI,UNICREDIT
2016-02-29,11.1776,UCG.MI,UNICREDIT
2016-03-31,12.3275,UCG.MI,UNICREDIT
2016-04-30,10.508,UCG.MI,UNICREDIT
2016-05-31,7.1977,UCG.MI,UNICREDIT
2016-06-30,8.0088,UCG.MI,UNICREDIT
2016-07-31,8.4254,UCG.MI,UNICREDIT
2016-08-31,7.5704,UCG.MI,UNICREDIT
2016-09-30,8.2573,UCG.MI,UNICREDIT
2016-10-31,7.3877,UCG.MI,UNICREDIT
2016-11-30,9.9891,UCG.MI,UNICREDIT
2016-12-31,9.1926,UCG.MI,UNICREDIT
2017-01-31,9.223,UCG.MI,UNICREDIT
2017-02-28,10.5354,UCG.MI,UNICREDIT
2017-03-31,10.8926,UCG.MI,UNICREDIT
2017-04-30,11.352,UCG.MI,UNICREDIT
2017-05-31,11.9207,UCG.MI,UNICREDIT
2017-06-30,12.1321,UCG.MI,UNICREDIT
2017-07-31,12.4602,UCG.MI,UNICREDIT
2017-08-31,13.1382,UCG.MI,UNICREDIT
2017-09-30,11.979,UCG.MI,UNICREDIT
2017-10-31,12.3217,UCG.MI,UNICREDIT
2017-11-30,11.3593,UCG.MI,UNICREDIT
2017-12-31,12.9409,UCG.MI,UNICREDIT
2018-01-31,12.7221,UCG.MI,UNICREDIT
2018-02-28,12.3881,UCG.MI,UNICREDIT
2018-03-31,13.3446,UCG.MI,UNICREDIT
2018-04-30,10.4937,UCG.MI,UNICREDIT
2018-05-31,10.6139,UCG.MI,UNICREDIT
2018-06-30,11.2584,UCG.MI,UNICREDIT
2018-07-31,9.2315,UCG.MI,UNICREDIT
2018-08-31,9.625,UCG.MI,UNICREDIT
2018-09-30,8.4015,UCG.MI,UNICREDIT
2018-10-31,8.4534,UCG.MI,UNICREDIT
2018-11-30,7.3457,UCG.MI,UNICREDIT
2018-12-31,7.4897,UCG.MI,UNICREDIT
2019-01-31,8.8841,UCG.MI,UNICREDIT
2019-02-28,8.4846,UCG.MI,UNICREDIT
2019-03-31,9.3522,UCG.MI,UNICREDIT
2019-04-30,7.7275,UCG.MI,UNICREDIT
2019-05-31,8.2114,UCG.MI,UNICREDIT
2019-06-30,8.0825,UCG.MI,UNICREDIT
2019-07-31,7.6304,UCG.MI,UNICREDIT
2019-08-31,8.2069,UCG.MI,UNICREDIT
2019-09-30,8.6225,UCG.MI,UNICREDIT
2019-10-31,9.5282,UCG.MI,UNICREDIT
2019-11-30,9.8755,UCG.MI,UNICREDIT
2019-12-31,9.1641,UCG.MI,UNICREDIT
2020-01-31,8.7515,UCG.MI,UNICREDIT
2020-02-29,5.4209,UCG.MI,UNICREDIT
2020-03-31,5.3314,UCG.MI,UNICREDIT
2020-04-30,5.8146,UCG.MI,UNICREDIT
2020-05-31,6.2105,UCG.MI,UNICREDIT
2020-06-30,5.8563,UCG.MI,UNICREDIT
2020-07-31,6.2575,UCG.MI,UNICREDIT
2020-08-31,5.3436,UCG.MI,UNICREDIT
2020-09-30,4.8551,UCG.MI,UNICREDIT
2020-10-31,6.5556,UCG.MI,UNICREDIT
2020-11-30,5.8009,UCG.MI,UNICREDIT
2020-12-31,5.7319,UCG.MI,UNICREDIT
2021-01-31,6.4775,UCG.MI,UNICREDIT
2021-02-28,6.8363,UCG.MI,UNICREDIT
2021-03-31,6.587,UCG.MI,UNICREDIT
2021-04-30,8.0779,UCG.MI,UNICREDIT
2021-05-31,7.6548,UCG.MI,UNICREDIT
2021-06-30,7.7764,UCG.MI,UNICREDIT
2021-07-31,8.1303,UCG.MI,UNICREDIT
2021-08-31,8.8473,UCG.MI,UNICREDIT
2021-09-30,8.7888,UCG.MI,UNICREDIT
2021-10-31,8.2241,UCG.MI,UNICREDIT
2021-11-30,10.4198,UCG.MI,UNICREDIT
2021-12-31,10.7629,UCG.MI,UNICREDIT
2022-01-31,8.7611,UCG.MI,UNICREDIT
2022-02-28,7.5817,UCG.MI,UNICREDIT
2022-03-31,7.2574,UCG.MI,UNICREDIT
2022-04-30,8.8832,UCG.MI,UNICREDIT
2022-05-31,7.3878,UCG.MI,UNICREDIT
2022-06-30,7.8075,UCG.MI,UNICREDIT
2022-07-31,7.9851,UCG.MI,UNICREDIT
2022-08-31,8.523,UCG.MI,UNICREDIT
2022-09-30,10.2263,UCG.MI,UNICREDIT
2022-10-31,10.6143,UCG.MI,UNICREDIT
2022-11-30,10.8164,UCG.MI,UNICREDIT
2022-12-31,14.575,UCG.MI,UNICREDIT
2023-01-31,15.7682,UCG.MI,UNICREDIT
2023-02-28,14.1887,UCG.MI,UNICREDIT
2023-03-31,15.3992,UCG.MI,UNICREDIT
2023-04-30,15.3768,UCG.MI,UNICREDIT
2023-05-31,18.2532,UCG.MI,UNICREDIT
2023-06-30,19.7425,UCG.MI,UNICREDIT
2023-07-31,19.3691,UCG.MI,UNICREDIT
2023-08-31,19.5107,UCG.MI,UNICREDIT
2023-09-30,20.279,UCG.MI,UNICREDIT
2023-10-31,21.4464,UCG.MI,UNICREDIT
2023-11-30,21.0859,UCG.MI,UNICREDIT
2023-12-31,23.3133,UCG.MI,UNICREDIT
2024-01-31,26.5322,UCG.MI,UNICREDIT
2024-02-29,30.1932,UCG.MI,UNICREDIT
2024-03-31,31.2812,UCG.MI,UNICREDIT
2024-04-30,32.914,UCG.MI,UNICREDIT
2024-05-31,31.3038,UCG.MI,UNICREDIT
2024-06-30,34.3342,UCG.MI,UNICREDIT
2024-07-31,33.8141,UCG.MI,UNICREDIT
2024-08-31,35.6097,UCG.MI,UNICREDIT
2024-09-30,36.7993,UCG.MI,UNICREDIT
2024-10-31,33.679,UCG.MI,UNICREDIT
2024-11-30,35.6599,UCG.MI,UNICREDIT
2024-12-31,41.1165,UCG.MI,UNICREDIT
2025-01-31,46.8461,UCG.MI,UNICREDIT
2025-02-28,47.6977,UCG.MI,UNICREDIT
2025-03-31,48.6181,UCG.MI,UNICREDIT
2025-04-30,53.9502,UCG.MI,UNICREDIT
2025-05-31,54.284,UCG.MI,UNICREDIT
2025-06-30,61.6478,UCG.MI,UNICREDIT
2025-07-31,62.9927,UCG.MI,UNICREDIT
2025-08-31,61.4952,UCG.MI,UNICREDIT
2025-09-30,61.0755,UCG.MI,UNICREDIT
2025-10-31,62.5542,UCG.MI,UNICREDIT
2025-11-30,69.2205,UCG.MI,UNICREDIT
2025-12-31,71.6899,UCG.MI,UNICREDIT
2026-01-31,70.6748,UCG.MI,UNICREDIT
2026-02-28,59.4016,UCG.MI,UNICREDIT
2026-03-31,65.62,UCG.MI,UNICREDIT
2026-04-30,74.24,UCG.MI,UNICREDIT
2026-05-31,78.26,UCG.MI,UNICREDIT
2026-06-30,,UCG.MI,UNICREDIT
1999-10-31,1.3851,ENEL.MI,ENEL
1999-11-30,1.3118,ENEL.MI,ENEL
1999-12-31,1.3045,ENEL.MI,ENEL
2000-01-31,1.2898,ENEL.MI,ENEL
2000-02-29,1.4767,ENEL.MI,ENEL
2000-03-31,1.4694,ENEL.MI,ENEL
2000-04-30,1.506,ENEL.MI,ENEL
2000-05-31,1.509,ENEL.MI,ENEL
2000-06-30,1.4409,ENEL.MI,ENEL
2000-07-31,1.456,ENEL.MI,ENEL
2000-08-31,1.4258,ENEL.MI,ENEL
2000-09-30,1.4182,ENEL.MI,ENEL
2000-10-31,1.4069,ENEL.MI,ENEL
2000-11-30,1.3426,ENEL.MI,ENEL
2000-12-31,1.2972,ENEL.MI,ENEL
2001-01-31,1.2215,ENEL.MI,ENEL
2001-02-28,1.2064,ENEL.MI,ENEL
2001-03-31,1.2026,ENEL.MI,ENEL
2001-04-30,1.2215,ENEL.MI,ENEL
2001-05-31,1.1762,ENEL.MI,ENEL
2001-06-30,1.4536,ENEL.MI,ENEL
2001-07-31,1.3783,ENEL.MI,ENEL
2001-08-31,1.2026,ENEL.MI,ENEL
2001-09-30,1.1837,ENEL.MI,ENEL
2001-10-31,1.211,ENEL.MI,ENEL
2001-11-30,1.197,ENEL.MI,ENEL
2001-12-31,1.2442,ENEL.MI,ENEL
2002-01-31,1.2234,ENEL.MI,ENEL
2002-02-28,1.2272,ENEL.MI,ENEL
2002-03-31,1.2467,ENEL.MI,ENEL
2002-04-30,1.2064,ENEL.MI,ENEL
2002-05-31,1.1593,ENEL.MI,ENEL
2002-06-30,0.973,ENEL.MI,ENEL
2002-07-31,1.0398,ENEL.MI,ENEL
2002-08-31,0.9816,ENEL.MI,ENEL
2002-09-30,0.9957,ENEL.MI,ENEL
2002-10-31,1.0238,ENEL.MI,ENEL
2002-11-30,0.9957,ENEL.MI,ENEL
2002-12-31,1.0603,ENEL.MI,ENEL
2003-01-31,1.093,ENEL.MI,ENEL
2003-02-28,1.0495,ENEL.MI,ENEL
2003-03-31,1.076,ENEL.MI,ENEL
2003-04-30,1.1898,ENEL.MI,ENEL
2003-05-31,1.1604,ENEL.MI,ENEL
2003-06-30,1.2102,ENEL.MI,ENEL
2003-07-31,1.1852,ENEL.MI,ENEL
2003-08-31,1.1403,ENEL.MI,ENEL
2003-09-30,1.1489,ENEL.MI,ENEL
2003-10-31,1.1382,ENEL.MI,ENEL
2003-11-30,1.151,ENEL.MI,ENEL
2003-12-31,1.2364,ENEL.MI,ENEL
2004-01-31,1.3283,ENEL.MI,ENEL
2004-02-29,1.4051,ENEL.MI,ENEL
2004-03-31,1.4201,ENEL.MI,ENEL
2004-04-30,1.4308,ENEL.MI,ENEL
2004-05-31,1.4861,ENEL.MI,ENEL
2004-06-30,1.477,ENEL.MI,ENEL
2004-07-31,1.4319,ENEL.MI,ENEL
2004-08-31,1.4838,ENEL.MI,ENEL
2004-09-30,1.5988,ENEL.MI,ENEL
2004-10-31,1.5869,ENEL.MI,ENEL
2004-11-30,1.7099,ENEL.MI,ENEL
2004-12-31,1.7051,ENEL.MI,ENEL
2005-01-31,1.7181,ENEL.MI,ENEL
2005-02-28,1.7453,ENEL.MI,ENEL
2005-03-31,1.7359,ENEL.MI,ENEL
2005-04-30,1.7264,ENEL.MI,ENEL
2005-05-31,1.7903,ENEL.MI,ENEL
2005-06-30,1.7567,ENEL.MI,ENEL
2005-07-31,1.789,ENEL.MI,ENEL
2005-08-31,1.7828,ENEL.MI,ENEL
2005-09-30,1.6734,ENEL.MI,ENEL
2005-10-31,1.7082,ENEL.MI,ENEL
2005-11-30,1.6967,ENEL.MI,ENEL
2005-12-31,1.7811,ENEL.MI,ENEL
2006-01-31,1.7824,ENEL.MI,ENEL
2006-02-28,1.785,ENEL.MI,ENEL
2006-03-31,1.7517,ENEL.MI,ENEL
2006-04-30,1.7786,ENEL.MI,ENEL
2006-05-31,1.8396,ENEL.MI,ENEL
2006-06-30,1.8859,ENEL.MI,ENEL
2006-07-31,1.9023,ENEL.MI,ENEL
2006-08-31,1.9637,ENEL.MI,ENEL
2006-09-30,2.0524,ENEL.MI,ENEL
2006-10-31,2.159,ENEL.MI,ENEL
2006-11-30,2.1884,ENEL.MI,ENEL
2006-12-31,2.2738,ENEL.MI,ENEL
2007-01-31,2.2108,ENEL.MI,ENEL
2007-02-28,2.243,ENEL.MI,ENEL
2007-03-31,2.3368,ENEL.MI,ENEL
2007-04-30,2.3676,ENEL.MI,ENEL
2007-05-31,2.3133,ENEL.MI,ENEL
2007-06-30,2.2001,ENEL.MI,ENEL
2007-07-31,2.1987,ENEL.MI,ENEL
2007-08-31,2.3031,ENEL.MI,ENEL
2007-09-30,2.3974,ENEL.MI,ENEL
2007-10-31,2.4348,ENEL.MI,ENEL
2007-11-30,2.4184,ENEL.MI,ENEL
2007-12-31,2.2118,ENEL.MI,ENEL
2008-01-31,2.1212,ENEL.MI,ENEL
2008-02-29,1.9978,ENEL.MI,ENEL
2008-03-31,2.078,ENEL.MI,ENEL
2008-04-30,2.1479,ENEL.MI,ENEL
2008-05-31,1.878,ENEL.MI,ENEL
2008-06-30,1.8485,ENEL.MI,ENEL
2008-07-31,1.9511,ENEL.MI,ENEL
2008-08-31,1.8314,ENEL.MI,ENEL
2008-09-30,1.6231,ENEL.MI,ENEL
2008-10-31,1.5892,ENEL.MI,ENEL
2008-11-30,1.4645,ENEL.MI,ENEL
2008-12-31,1.4232,ENEL.MI,ENEL
2009-01-31,1.2775,ENEL.MI,ENEL
2009-02-28,1.1698,ENEL.MI,ENEL
2009-03-31,1.3382,ENEL.MI,ENEL
2009-04-30,1.3536,ENEL.MI,ENEL
2009-05-31,1.4113,ENEL.MI,ENEL
2009-06-30,1.5506,ENEL.MI,ENEL
2009-07-31,1.6716,ENEL.MI,ENEL
2009-08-31,1.7642,ENEL.MI,ENEL
2009-09-30,1.6493,ENEL.MI,ENEL
2009-10-31,1.6604,ENEL.MI,ENEL
2009-11-30,1.6864,ENEL.MI,ENEL
2009-12-31,1.626,ENEL.MI,ENEL
2010-01-31,1.6594,ENEL.MI,ENEL
2010-02-28,1.725,ENEL.MI,ENEL
2010-03-31,1.6469,ENEL.MI,ENEL
2010-04-30,1.5573,ENEL.MI,ENEL
2010-05-31,1.5113,ENEL.MI,ENEL
2010-06-30,1.6315,ENEL.MI,ENEL
2010-07-31,1.6283,ENEL.MI,ENEL
2010-08-31,1.6932,ENEL.MI,ENEL
2010-09-30,1.7766,ENEL.MI,ENEL
2010-10-31,1.6074,ENEL.MI,ENEL
2010-11-30,1.6607,ENEL.MI,ENEL
2010-12-31,1.8327,ENEL.MI,ENEL
2011-01-31,1.9173,ENEL.MI,ENEL
2011-02-28,1.975,ENEL.MI,ENEL
2011-03-31,2.1376,ENEL.MI,ENEL
2011-04-30,2.1198,ENEL.MI,ENEL
2011-05-31,2.0826,ENEL.MI,ENEL
2011-06-30,1.8588,ENEL.MI,ENEL
2011-07-31,1.5721,ENEL.MI,ENEL
2011-08-31,1.5361,ENEL.MI,ENEL
2011-09-30,1.5767,ENEL.MI,ENEL
2011-10-31,1.505,ENEL.MI,ENEL
2011-11-30,1.5012,ENEL.MI,ENEL
2011-12-31,1.4926,ENEL.MI,ENEL
2012-01-31,1.4381,ENEL.MI,ENEL
2012-02-29,1.2949,ENEL.MI,ENEL
2012-03-31,1.1841,ENEL.MI,ENEL
2012-04-30,1.0991,ENEL.MI,ENEL
2012-05-31,1.2971,ENEL.MI,ENEL
2012-06-30,1.1869,ENEL.MI,ENEL
2012-07-31,1.3369,ENEL.MI,ENEL
2012-08-31,1.4043,ENEL.MI,ENEL
2012-09-30,1.4798,ENEL.MI,ENEL
2012-10-31,1.487,ENEL.MI,ENEL
2012-11-30,1.6013,ENEL.MI,ENEL
2012-12-31,1.639,ENEL.MI,ENEL
2013-01-31,1.4145,ENEL.MI,ENEL
2013-02-28,1.2992,ENEL.MI,ENEL
2013-03-31,1.4982,ENEL.MI,ENEL
2013-04-30,1.489,ENEL.MI,ENEL
2013-05-31,1.3063,ENEL.MI,ENEL
2013-06-30,1.3572,ENEL.MI,ENEL
2013-07-31,1.3561,ENEL.MI,ENEL
2013-08-31,1.535,ENEL.MI,ENEL
2013-09-30,1.7616,ENEL.MI,ENEL
2013-10-31,1.8147,ENEL.MI,ENEL
2013-11-30,1.7204,ENEL.MI,ENEL
2013-12-31,1.8364,ENEL.MI,ENEL
2014-01-31,2.0163,ENEL.MI,ENEL
2014-02-28,2.2266,ENEL.MI,ENEL
2014-03-31,2.2082,ENEL.MI,ENEL
2014-04-30,2.2505,ENEL.MI,ENEL
2014-05-31,2.3754,ENEL.MI,ENEL
2014-06-30,2.3809,ENEL.MI,ENEL
2014-07-31,2.248,ENEL.MI,ENEL
2014-08-31,2.3463,ENEL.MI,ENEL
2014-09-30,2.2726,ENEL.MI,ENEL
2014-10-31,2.1665,ENEL.MI,ENEL
2014-11-30,2.0638,ENEL.MI,ENEL
2014-12-31,2.2369,ENEL.MI,ENEL
2015-01-31,2.2994,ENEL.MI,ENEL
2015-02-28,2.3519,ENEL.MI,ENEL
2015-03-31,2.3653,ENEL.MI,ENEL
2015-04-30,2.4669,ENEL.MI,ENEL
2015-05-31,2.3462,ENEL.MI,ENEL
2015-06-30,2.4744,ENEL.MI,ENEL
2015-07-31,2.3185,ENEL.MI,ENEL
2015-08-31,2.3024,ENEL.MI,ENEL
2015-09-30,2.4224,ENEL.MI,ENEL
2015-10-31,2.4097,ENEL.MI,ENEL
2015-11-30,2.2469,ENEL.MI,ENEL
2015-12-31,2.1753,ENEL.MI,ENEL
2016-01-31,2.1384,ENEL.MI,ENEL
2016-02-29,2.2504,ENEL.MI,ENEL
2016-03-31,2.285,ENEL.MI,ENEL
2016-04-30,2.352,ENEL.MI,ENEL
2016-05-31,2.393,ENEL.MI,ENEL
2016-06-30,2.4759,ENEL.MI,ENEL
2016-07-31,2.3797,ENEL.MI,ENEL
2016-08-31,2.3858,ENEL.MI,ENEL
2016-09-30,2.3569,ENEL.MI,ENEL
2016-10-31,2.2932,ENEL.MI,ENEL
2016-11-30,2.518,ENEL.MI,ENEL
2016-12-31,2.3749,ENEL.MI,ENEL
2017-01-31,2.4904,ENEL.MI,ENEL
2017-02-28,2.7129,ENEL.MI,ENEL
2017-03-31,2.6822,ENEL.MI,ENEL
2017-04-30,2.9243,ENEL.MI,ENEL
2017-05-31,2.885,ENEL.MI,ENEL
2017-06-30,3.0202,ENEL.MI,ENEL
2017-07-31,3.1837,ENEL.MI,ENEL
2017-08-31,3.1899,ENEL.MI,ENEL
2017-09-30,3.3339,ENEL.MI,ENEL
2017-10-31,3.4153,ENEL.MI,ENEL
2017-11-30,3.2118,ENEL.MI,ENEL
2017-12-31,3.2629,ENEL.MI,ENEL
2018-01-31,3.0515,ENEL.MI,ENEL
2018-02-28,3.1735,ENEL.MI,ENEL
2018-03-31,3.3638,ENEL.MI,ENEL
2018-04-30,3.003,ENEL.MI,ENEL
2018-05-31,3.0375,ENEL.MI,ENEL
2018-06-30,3.13,ENEL.MI,ENEL
2018-07-31,2.7953,ENEL.MI,ENEL
2018-08-31,2.8951,ENEL.MI,ENEL
2018-09-30,2.8439,ENEL.MI,ENEL
2018-10-31,3.1431,ENEL.MI,ENEL
2018-11-30,3.3098,ENEL.MI,ENEL
2018-12-31,3.5491,ENEL.MI,ENEL
2019-01-31,3.5855,ENEL.MI,ENEL
2019-02-28,3.8443,ENEL.MI,ENEL
2019-03-31,3.8004,ENEL.MI,ENEL
2019-04-30,3.7539,ENEL.MI,ENEL
2019-05-31,4.1381,ENEL.MI,ENEL
2019-06-30,4.273,ENEL.MI,ENEL
2019-07-31,4.5453,ENEL.MI,ENEL
2019-08-31,4.7224,ENEL.MI,ENEL
2019-09-30,4.7838,ENEL.MI,ENEL
2019-10-31,4.7259,ENEL.MI,ENEL
2019-11-30,4.8748,ENEL.MI,ENEL
2019-12-31,5.529,ENEL.MI,ENEL
2020-01-31,5.3326,ENEL.MI,ENEL
2020-02-29,4.4619,ENEL.MI,ENEL
2020-03-31,4.3894,ENEL.MI,ENEL
2020-04-30,4.8575,ENEL.MI,ENEL
2020-05-31,5.4044,ENEL.MI,ENEL
2020-06-30,5.551,ENEL.MI,ENEL
2020-07-31,5.4504,ENEL.MI,ENEL
2020-08-31,5.3276,ENEL.MI,ENEL
2020-09-30,4.9082,ENEL.MI,ENEL
2020-10-31,6.0113,ENEL.MI,ENEL
2020-11-30,5.9438,ENEL.MI,ENEL
2020-12-31,6.0013,ENEL.MI,ENEL
2021-01-31,5.7471,ENEL.MI,ENEL
2021-02-28,6.2226,ENEL.MI,ENEL
2021-03-31,6.057,ENEL.MI,ENEL
2021-04-30,5.9024,ENEL.MI,ENEL
2021-05-31,5.7383,ENEL.MI,ENEL
2021-06-30,5.8335,ENEL.MI,ENEL
2021-07-31,5.7862,ENEL.MI,ENEL
2021-08-31,4.9869,ENEL.MI,ENEL
2021-09-30,5.4256,ENEL.MI,ENEL
2021-10-31,5.0289,ENEL.MI,ENEL
2021-11-30,5.2831,ENEL.MI,ENEL
2021-12-31,5.2283,ENEL.MI,ENEL
2022-01-31,5.088,ENEL.MI,ENEL
2022-02-28,4.6785,ENEL.MI,ENEL
2022-03-31,4.7942,ENEL.MI,ENEL
2022-04-30,4.66,ENEL.MI,ENEL
2022-05-31,4.0247,ENEL.MI,ENEL
2022-06-30,3.9344,ENEL.MI,ENEL
2022-07-31,3.7633,ENEL.MI,ENEL
2022-08-31,3.3854,ENEL.MI,ENEL
2022-09-30,3.6219,ENEL.MI,ENEL
2022-10-31,4.1148,ENEL.MI,ENEL
2022-11-30,4.0314,ENEL.MI,ENEL
2022-12-31,4.4793,ENEL.MI,ENEL
2023-01-31,4.4178,ENEL.MI,ENEL
2023-02-28,4.6754,ENEL.MI,ENEL
2023-03-31,5.1507,ENEL.MI,ENEL
2023-04-30,4.8673,ENEL.MI,ENEL
2023-05-31,5.1249,ENEL.MI,ENEL
2023-06-30,5.3812,ENEL.MI,ENEL
2023-07-31,5.328,ENEL.MI,ENEL
2023-08-31,4.9934,ENEL.MI,ENEL
2023-09-30,5.1375,ENEL.MI,ENEL
2023-10-31,5.5648,ENEL.MI,ENEL
2023-11-30,5.7741,ENEL.MI,ENEL
2023-12-31,5.6218,ENEL.MI,ENEL
2024-01-31,5.2158,ENEL.MI,ENEL
2024-02-29,5.425,ENEL.MI,ENEL
2024-03-31,5.48,ENEL.MI,ENEL
2024-04-30,5.9011,ENEL.MI,ENEL
2024-05-31,5.7575,ENEL.MI,ENEL
2024-06-30,6.0386,ENEL.MI,ENEL
2024-07-31,6.2858,ENEL.MI,ENEL
2024-08-31,6.5706,ENEL.MI,ENEL
2024-09-30,6.3829,ENEL.MI,ENEL
2024-10-31,6.2364,ENEL.MI,ENEL
2024-11-30,6.306,ENEL.MI,ENEL
2024-12-31,6.4853,ENEL.MI,ENEL
2025-01-31,6.6647,ENEL.MI,ENEL
2025-02-28,7.0782,ENEL.MI,ENEL
2025-03-31,7.217,ENEL.MI,ENEL
2025-04-30,7.6333,ENEL.MI,ENEL
2025-05-31,7.606,ENEL.MI,ENEL
2025-06-30,7.5439,ENEL.MI,ENEL
2025-07-31,7.6912,ENEL.MI,ENEL
2025-08-31,7.8687,ENEL.MI,ENEL
2025-09-30,8.5575,ENEL.MI,ENEL
2025-10-31,8.6902,ENEL.MI,ENEL
2025-11-30,8.6599,ENEL.MI,ENEL
2025-12-31,9.308,ENEL.MI,ENEL
2026-01-31,10.194,ENEL.MI,ENEL
2026-02-28,9.375,ENEL.MI,ENEL
2026-03-31,9.924,ENEL.MI,ENEL
2026-04-30,9.625,ENEL.MI,ENEL
2026-05-31,10.054,ENEL.MI,ENEL
2026-06-30,,ENEL.MI,ENEL
1999-12-31,3.6847,BBVA.MC,BANCO BILBAO VIZCAYA ARGENTARIA
2000-01-31,4.1992,BBVA.MC,BANCO BILBAO VIZCAYA ARGENTARIA
2000-02-29,4.2715,BBVA.MC,BANCO BILBAO VIZCAYA ARGENTARIA
2000-03-31,4.1878,BBVA.MC,BANCO BILBAO VIZCAYA ARGENTARIA
2000-04-30,4.1878,BBVA.MC,BANCO BILBAO VIZCAYA ARGENTARIA
2000-05-31,4.3693,BBVA.MC,BANCO BILBAO VIZCAYA ARGENTARIA
2000-06-30,4.374,BBVA.MC,BANCO BILBAO VIZCAYA ARGENTARIA
2000-07-31,4.6853,BBVA.MC,BANCO BILBAO VIZCAYA ARGENTARIA
2000-08-31,4.8002,BBVA.MC,BANCO BILBAO VIZCAYA ARGENTARIA
2000-09-30,4.2109,BBVA.MC,BANCO BILBAO VIZCAYA ARGENTARIA
2000-10-31,4.3376,BBVA.MC,BANCO BILBAO VIZCAYA ARGENTARIA
2000-11-30,4.4615,BBVA.MC,BANCO BILBAO VIZCAYA ARGENTARIA
2000-12-31,4.86,BBVA.MC,BANCO BILBAO VIZCAYA ARGENTARIA
2001-01-31,4.5718,BBVA.MC,BANCO BILBAO VIZCAYA ARGENTARIA
2001-02-28,4.3656,BBVA.MC,BANCO BILBAO VIZCAYA ARGENTARIA
2001-03-31,4.5598,BBVA.MC,BANCO BILBAO VIZCAYA ARGENTARIA
2001-04-30,4.5826,BBVA.MC,BANCO BILBAO VIZCAYA ARGENTARIA
2001-05-31,4.3492,BBVA.MC,BANCO BILBAO VIZCAYA ARGENTARIA
2001-06-30,4.0055,BBVA.MC,BANCO BILBAO VIZCAYA ARGENTARIA
2001-07-31,4.0657,BBVA.MC,BANCO BILBAO VIZCAYA ARGENTARIA
2001-08-31,3.2067,BBVA.MC,BANCO BILBAO VIZCAYA ARGENTARIA
2001-09-30,3.5855,BBVA.MC,BANCO BILBAO VIZCAYA ARGENTARIA
2001-10-31,3.9634,BBVA.MC,BANCO BILBAO VIZCAYA ARGENTARIA
2001-11-30,4.0095,BBVA.MC,BANCO BILBAO VIZCAYA ARGENTARIA
2001-12-31,3.8325,BBVA.MC,BANCO BILBAO VIZCAYA ARGENTARIA
2002-01-31,3.8732,BBVA.MC,BANCO BILBAO VIZCAYA ARGENTARIA
2002-02-28,3.8499,BBVA.MC,BANCO BILBAO VIZCAYA ARGENTARIA
2002-03-31,3.7945,BBVA.MC,BANCO BILBAO VIZCAYA ARGENTARIA
2002-04-30,3.7857,BBVA.MC,BANCO BILBAO VIZCAYA ARGENTARIA
2002-05-31,3.3576,BBVA.MC,BANCO BILBAO VIZCAYA ARGENTARIA
2002-06-30,2.8519,BBVA.MC,BANCO BILBAO VIZCAYA ARGENTARIA
2002-07-31,2.9583,BBVA.MC,BANCO BILBAO VIZCAYA ARGENTARIA
2002-08-31,2.2342,BBVA.MC,BANCO BILBAO VIZCAYA ARGENTARIA
2002-09-30,2.8788,BBVA.MC,BANCO BILBAO VIZCAYA ARGENTARIA
2002-10-31,3.1392,BBVA.MC,BANCO BILBAO VIZCAYA ARGENTARIA
2002-11-30,2.7292,BBVA.MC,BANCO BILBAO VIZCAYA ARGENTARIA
2002-12-31,2.4373,BBVA.MC,BANCO BILBAO VIZCAYA ARGENTARIA
2003-01-31,2.389,BBVA.MC,BANCO BILBAO VIZCAYA ARGENTARIA
2003-02-28,2.3045,BBVA.MC,BANCO BILBAO VIZCAYA ARGENTARIA
2003-03-31,2.7482,BBVA.MC,BANCO BILBAO VIZCAYA ARGENTARIA
2003-04-30,2.5593,BBVA.MC,BANCO BILBAO VIZCAYA ARGENTARIA
2003-05-31,2.7878,BBVA.MC,BANCO BILBAO VIZCAYA ARGENTARIA
2003-06-30,2.996,BBVA.MC,BANCO BILBAO VIZCAYA ARGENTARIA
2003-07-31,2.9991,BBVA.MC,BANCO BILBAO VIZCAYA ARGENTARIA
2003-08-31,2.7253,BBVA.MC,BANCO BILBAO VIZCAYA ARGENTARIA
2003-09-30,3.0653,BBVA.MC,BANCO BILBAO VIZCAYA ARGENTARIA
2003-10-31,3.1057,BBVA.MC,BANCO BILBAO VIZCAYA ARGENTARIA
2003-11-30,3.4007,BBVA.MC,BANCO BILBAO VIZCAYA ARGENTARIA
2003-12-31,3.3531,BBVA.MC,BANCO BILBAO VIZCAYA ARGENTARIA
2004-01-31,3.4751,BBVA.MC,BANCO BILBAO VIZCAYA ARGENTARIA
2004-02-29,3.3718,BBVA.MC,BANCO BILBAO VIZCAYA ARGENTARIA
2004-03-31,3.4818,BBVA.MC,BANCO BILBAO VIZCAYA ARGENTARIA
2004-04-30,3.4249,BBVA.MC,BANCO BILBAO VIZCAYA ARGENTARIA
2004-05-31,3.4723,BBVA.MC,BANCO BILBAO VIZCAYA ARGENTARIA
2004-06-30,3.5297,BBVA.MC,BANCO BILBAO VIZCAYA ARGENTARIA
2004-07-31,3.4883,BBVA.MC,BANCO BILBAO VIZCAYA ARGENTARIA
2004-08-31,3.5361,BBVA.MC,BANCO BILBAO VIZCAYA ARGENTARIA
2004-09-30,3.959,BBVA.MC,BANCO BILBAO VIZCAYA ARGENTARIA
2004-10-31,3.9847,BBVA.MC,BANCO BILBAO VIZCAYA ARGENTARIA
2004-11-30,4.2004,BBVA.MC,BANCO BILBAO VIZCAYA ARGENTARIA
2004-12-31,4.1905,BBVA.MC,BANCO BILBAO VIZCAYA ARGENTARIA
2005-01-31,4.2391,BBVA.MC,BANCO BILBAO VIZCAYA ARGENTARIA
2005-02-28,4.0737,BBVA.MC,BANCO BILBAO VIZCAYA ARGENTARIA
2005-03-31,3.9192,BBVA.MC,BANCO BILBAO VIZCAYA ARGENTARIA
2005-04-30,4.1783,BBVA.MC,BANCO BILBAO VIZCAYA ARGENTARIA
2005-05-31,4.1849,BBVA.MC,BANCO BILBAO VIZCAYA ARGENTARIA
2005-06-30,4.6033,BBVA.MC,BANCO BILBAO VIZCAYA ARGENTARIA
2005-07-31,4.4511,BBVA.MC,BANCO BILBAO VIZCAYA ARGENTARIA
2005-08-31,4.8283,BBVA.MC,BANCO BILBAO VIZCAYA ARGENTARIA
2005-09-30,4.9069,BBVA.MC,BANCO BILBAO VIZCAYA ARGENTARIA
2005-10-31,5.0103,BBVA.MC,BANCO BILBAO VIZCAYA ARGENTARIA
2005-11-30,5.0304,BBVA.MC,BANCO BILBAO VIZCAYA ARGENTARIA
2005-12-31,5.5856,BBVA.MC,BANCO BILBAO VIZCAYA ARGENTARIA
2006-01-31,5.7402,BBVA.MC,BANCO BILBAO VIZCAYA ARGENTARIA
2006-02-28,5.7872,BBVA.MC,BANCO BILBAO VIZCAYA ARGENTARIA
2006-03-31,5.9494,BBVA.MC,BANCO BILBAO VIZCAYA ARGENTARIA
2006-04-30,5.4941,BBVA.MC,BANCO BILBAO VIZCAYA ARGENTARIA
2006-05-31,5.4635,BBVA.MC,BANCO BILBAO VIZCAYA ARGENTARIA
2006-06-30,5.6984,BBVA.MC,BANCO BILBAO VIZCAYA ARGENTARIA
2006-07-31,6.1094,BBVA.MC,BANCO BILBAO VIZCAYA ARGENTARIA
2006-08-31,6.2498,BBVA.MC,BANCO BILBAO VIZCAYA ARGENTARIA
2006-09-30,6.5247,BBVA.MC,BANCO BILBAO VIZCAYA ARGENTARIA
2006-10-31,6.2937,BBVA.MC,BANCO BILBAO VIZCAYA ARGENTARIA
2006-11-30,6.2902,BBVA.MC,BANCO BILBAO VIZCAYA ARGENTARIA
2006-12-31,6.6161,BBVA.MC,BANCO BILBAO VIZCAYA ARGENTARIA
2007-01-31,6.4008,BBVA.MC,BANCO BILBAO VIZCAYA ARGENTARIA
2007-02-28,6.3835,BBVA.MC,BANCO BILBAO VIZCAYA ARGENTARIA
2007-03-31,6.2095,BBVA.MC,BANCO BILBAO VIZCAYA ARGENTARIA
2007-04-30,6.6071,BBVA.MC,BANCO BILBAO VIZCAYA ARGENTARIA
2007-05-31,6.403,BBVA.MC,BANCO BILBAO VIZCAYA ARGENTARIA
2007-06-30,6.4318,BBVA.MC,BANCO BILBAO VIZCAYA ARGENTARIA
2007-07-31,5.9919,BBVA.MC,BANCO BILBAO VIZCAYA ARGENTARIA
2007-08-31,5.8323,BBVA.MC,BANCO BILBAO VIZCAYA ARGENTARIA
2007-09-30,6.2167,BBVA.MC,BANCO BILBAO VIZCAYA ARGENTARIA
2007-10-31,6.0879,BBVA.MC,BANCO BILBAO VIZCAYA ARGENTARIA
2007-11-30,5.9984,BBVA.MC,BANCO BILBAO VIZCAYA ARGENTARIA
2007-12-31,5.085,BBVA.MC,BANCO BILBAO VIZCAYA ARGENTARIA
2008-01-31,4.973,BBVA.MC,BANCO BILBAO VIZCAYA ARGENTARIA
2008-02-29,5.0416,BBVA.MC,BANCO BILBAO VIZCAYA ARGENTARIA
2008-03-31,5.4416,BBVA.MC,BANCO BILBAO VIZCAYA ARGENTARIA
2008-04-30,5.2795,BBVA.MC,BANCO BILBAO VIZCAYA ARGENTARIA
2008-05-31,4.4837,BBVA.MC,BANCO BILBAO VIZCAYA ARGENTARIA
2008-06-30,4.4194,BBVA.MC,BANCO BILBAO VIZCAYA ARGENTARIA
2008-07-31,4.3186,BBVA.MC,BANCO BILBAO VIZCAYA ARGENTARIA
2008-08-31,4.2812,BBVA.MC,BANCO BILBAO VIZCAYA ARGENTARIA
2008-09-30,3.4116,BBVA.MC,BANCO BILBAO VIZCAYA ARGENTARIA
2008-10-31,3.089,BBVA.MC,BANCO BILBAO VIZCAYA ARGENTARIA
2008-11-30,3.2864,BBVA.MC,BANCO BILBAO VIZCAYA ARGENTARIA
2008-12-31,2.8358,BBVA.MC,BANCO BILBAO VIZCAYA ARGENTARIA
2009-01-31,2.24,BBVA.MC,BANCO BILBAO VIZCAYA ARGENTARIA
2009-02-28,2.3638,BBVA.MC,BANCO BILBAO VIZCAYA ARGENTARIA
2009-03-31,3.2034,BBVA.MC,BANCO BILBAO VIZCAYA ARGENTARIA
2009-04-30,3.3194,BBVA.MC,BANCO BILBAO VIZCAYA ARGENTARIA
2009-05-31,3.4587,BBVA.MC,BANCO BILBAO VIZCAYA ARGENTARIA
2009-06-30,4.5027,BBVA.MC,BANCO BILBAO VIZCAYA ARGENTARIA
2009-07-31,4.8427,BBVA.MC,BANCO BILBAO VIZCAYA ARGENTARIA
2009-08-31,4.7411,BBVA.MC,BANCO BILBAO VIZCAYA ARGENTARIA
2009-09-30,4.8116,BBVA.MC,BANCO BILBAO VIZCAYA ARGENTARIA
2009-10-31,4.9395,BBVA.MC,BANCO BILBAO VIZCAYA ARGENTARIA
2009-11-30,5.0477,BBVA.MC,BANCO BILBAO VIZCAYA ARGENTARIA
2009-12-31,4.4014,BBVA.MC,BANCO BILBAO VIZCAYA ARGENTARIA
2010-01-31,3.7868,BBVA.MC,BANCO BILBAO VIZCAYA ARGENTARIA
2010-02-28,4.0168,BBVA.MC,BANCO BILBAO VIZCAYA ARGENTARIA
2010-03-31,3.9961,BBVA.MC,BANCO BILBAO VIZCAYA ARGENTARIA
2010-04-30,3.4242,BBVA.MC,BANCO BILBAO VIZCAYA ARGENTARIA
2010-05-31,3.4612,BBVA.MC,BANCO BILBAO VIZCAYA ARGENTARIA
2010-06-30,4.1927,BBVA.MC,BANCO BILBAO VIZCAYA ARGENTARIA
2010-07-31,3.8605,BBVA.MC,BANCO BILBAO VIZCAYA ARGENTARIA
2010-08-31,4.0183,BBVA.MC,BANCO BILBAO VIZCAYA ARGENTARIA
2010-09-30,3.8689,BBVA.MC,BANCO BILBAO VIZCAYA ARGENTARIA
2010-10-31,3.0158,BBVA.MC,BANCO BILBAO VIZCAYA ARGENTARIA
2010-11-30,3.2216,BBVA.MC,BANCO BILBAO VIZCAYA ARGENTARIA
2010-12-31,3.8698,BBVA.MC,BANCO BILBAO VIZCAYA ARGENTARIA
2011-01-31,3.8608,BBVA.MC,BANCO BILBAO VIZCAYA ARGENTARIA
2011-02-28,3.6946,BBVA.MC,BANCO BILBAO VIZCAYA ARGENTARIA
2011-03-31,3.804,BBVA.MC,BANCO BILBAO VIZCAYA ARGENTARIA
2011-04-30,3.5646,BBVA.MC,BANCO BILBAO VIZCAYA ARGENTARIA
2011-05-31,3.5536,BBVA.MC,BANCO BILBAO VIZCAYA ARGENTARIA
2011-06-30,3.2694,BBVA.MC,BANCO BILBAO VIZCAYA ARGENTARIA
2011-07-31,2.8197,BBVA.MC,BANCO BILBAO VIZCAYA ARGENTARIA
2011-08-31,2.7938,BBVA.MC,BANCO BILBAO VIZCAYA ARGENTARIA
2011-09-30,2.9665,BBVA.MC,BANCO BILBAO VIZCAYA ARGENTARIA
2011-10-31,2.8363,BBVA.MC,BANCO BILBAO VIZCAYA ARGENTARIA
2011-11-30,3.0198,BBVA.MC,BANCO BILBAO VIZCAYA ARGENTARIA
2011-12-31,3.0677,BBVA.MC,BANCO BILBAO VIZCAYA ARGENTARIA
2012-01-31,3.093,BBVA.MC,BANCO BILBAO VIZCAYA ARGENTARIA
2012-02-29,2.7428,BBVA.MC,BANCO BILBAO VIZCAYA ARGENTARIA
2012-03-31,2.4001,BBVA.MC,BANCO BILBAO VIZCAYA ARGENTARIA
2012-04-30,2.1632,BBVA.MC,BANCO BILBAO VIZCAYA ARGENTARIA
2012-05-31,2.646,BBVA.MC,BANCO BILBAO VIZCAYA ARGENTARIA
2012-06-30,2.5525,BBVA.MC,BANCO BILBAO VIZCAYA ARGENTARIA
2012-07-31,2.9116,BBVA.MC,BANCO BILBAO VIZCAYA ARGENTARIA
2012-08-31,2.9308,BBVA.MC,BANCO BILBAO VIZCAYA ARGENTARIA
2012-09-30,3.137,BBVA.MC,BANCO BILBAO VIZCAYA ARGENTARIA
2012-10-31,3.1794,BBVA.MC,BANCO BILBAO VIZCAYA ARGENTARIA
2012-11-30,3.3918,BBVA.MC,BANCO BILBAO VIZCAYA ARGENTARIA
2012-12-31,3.6167,BBVA.MC,BANCO BILBAO VIZCAYA ARGENTARIA
2013-01-31,3.669,BBVA.MC,BANCO BILBAO VIZCAYA ARGENTARIA
2013-02-28,3.3392,BBVA.MC,BANCO BILBAO VIZCAYA ARGENTARIA
2013-03-31,3.7066,BBVA.MC,BANCO BILBAO VIZCAYA ARGENTARIA
2013-04-30,3.6447,BBVA.MC,BANCO BILBAO VIZCAYA ARGENTARIA
2013-05-31,3.2413,BBVA.MC,BANCO BILBAO VIZCAYA ARGENTARIA
2013-06-30,3.635,BBVA.MC,BANCO BILBAO VIZCAYA ARGENTARIA
2013-07-31,3.6871,BBVA.MC,BANCO BILBAO VIZCAYA ARGENTARIA
2013-08-31,4.2688,BBVA.MC,BANCO BILBAO VIZCAYA ARGENTARIA
2013-09-30,4.4595,BBVA.MC,BANCO BILBAO VIZCAYA ARGENTARIA
2013-10-31,4.5447,BBVA.MC,BANCO BILBAO VIZCAYA ARGENTARIA
2013-11-30,4.6243,BBVA.MC,BANCO BILBAO VIZCAYA ARGENTARIA
2013-12-31,4.5788,BBVA.MC,BANCO BILBAO VIZCAYA ARGENTARIA
2014-01-31,4.6486,BBVA.MC,BANCO BILBAO VIZCAYA ARGENTARIA
2014-02-28,4.5922,BBVA.MC,BANCO BILBAO VIZCAYA ARGENTARIA
2014-03-31,4.6591,BBVA.MC,BANCO BILBAO VIZCAYA ARGENTARIA
2014-04-30,4.9536,BBVA.MC,BANCO BILBAO VIZCAYA ARGENTARIA
2014-05-31,4.9035,BBVA.MC,BANCO BILBAO VIZCAYA ARGENTARIA
2014-06-30,4.8981,BBVA.MC,BANCO BILBAO VIZCAYA ARGENTARIA
2014-07-31,4.8933,BBVA.MC,BANCO BILBAO VIZCAYA ARGENTARIA
2014-08-31,5.1168,BBVA.MC,BANCO BILBAO VIZCAYA ARGENTARIA
2014-09-30,4.7723,BBVA.MC,BANCO BILBAO VIZCAYA ARGENTARIA
2014-10-31,4.6277,BBVA.MC,BANCO BILBAO VIZCAYA ARGENTARIA
2014-11-30,4.2503,BBVA.MC,BANCO BILBAO VIZCAYA ARGENTARIA
2014-12-31,4.1128,BBVA.MC,BANCO BILBAO VIZCAYA ARGENTARIA
2015-01-31,4.8596,BBVA.MC,BANCO BILBAO VIZCAYA ARGENTARIA
2015-02-28,5.1624,BBVA.MC,BANCO BILBAO VIZCAYA ARGENTARIA
2015-03-31,4.9385,BBVA.MC,BANCO BILBAO VIZCAYA ARGENTARIA
2015-04-30,4.9347,BBVA.MC,BANCO BILBAO VIZCAYA ARGENTARIA
2015-05-31,4.8244,BBVA.MC,BANCO BILBAO VIZCAYA ARGENTARIA
2015-06-30,5.0999,BBVA.MC,BANCO BILBAO VIZCAYA ARGENTARIA
2015-07-31,4.5736,BBVA.MC,BANCO BILBAO VIZCAYA ARGENTARIA
2015-08-31,4.1955,BBVA.MC,BANCO BILBAO VIZCAYA ARGENTARIA
2015-09-30,4.3862,BBVA.MC,BANCO BILBAO VIZCAYA ARGENTARIA
2015-10-31,4.3951,BBVA.MC,BANCO BILBAO VIZCAYA ARGENTARIA
2015-11-30,3.7702,BBVA.MC,BANCO BILBAO VIZCAYA ARGENTARIA
2015-12-31,3.3413,BBVA.MC,BANCO BILBAO VIZCAYA ARGENTARIA
2016-01-31,3.318,BBVA.MC,BANCO BILBAO VIZCAYA ARGENTARIA
2016-02-29,3.3107,BBVA.MC,BANCO BILBAO VIZCAYA ARGENTARIA
2016-03-31,3.4684,BBVA.MC,BANCO BILBAO VIZCAYA ARGENTARIA
2016-04-30,3.4556,BBVA.MC,BANCO BILBAO VIZCAYA ARGENTARIA
2016-05-31,2.9356,BBVA.MC,BANCO BILBAO VIZCAYA ARGENTARIA
2016-06-30,3.0784,BBVA.MC,BANCO BILBAO VIZCAYA ARGENTARIA
2016-07-31,3.2864,BBVA.MC,BANCO BILBAO VIZCAYA ARGENTARIA
2016-08-31,3.1709,BBVA.MC,BANCO BILBAO VIZCAYA ARGENTARIA
2016-09-30,3.934,BBVA.MC,BANCO BILBAO VIZCAYA ARGENTARIA
2016-10-31,3.4843,BBVA.MC,BANCO BILBAO VIZCAYA ARGENTARIA
2016-11-30,3.8359,BBVA.MC,BANCO BILBAO VIZCAYA ARGENTARIA
2016-12-31,3.7993,BBVA.MC,BANCO BILBAO VIZCAYA ARGENTARIA
2017-01-31,3.7406,BBVA.MC,BANCO BILBAO VIZCAYA ARGENTARIA
2017-02-28,4.4018,BBVA.MC,BANCO BILBAO VIZCAYA ARGENTARIA
2017-03-31,4.5312,BBVA.MC,BANCO BILBAO VIZCAYA ARGENTARIA
2017-04-30,4.4714,BBVA.MC,BANCO BILBAO VIZCAYA ARGENTARIA
2017-05-31,4.4794,BBVA.MC,BANCO BILBAO VIZCAYA ARGENTARIA
2017-06-30,4.7174,BBVA.MC,BANCO BILBAO VIZCAYA ARGENTARIA
2017-07-31,4.5762,BBVA.MC,BANCO BILBAO VIZCAYA ARGENTARIA
2017-08-31,4.662,BBVA.MC,BANCO BILBAO VIZCAYA ARGENTARIA
2017-09-30,4.6896,BBVA.MC,BANCO BILBAO VIZCAYA ARGENTARIA
2017-10-31,4.483,BBVA.MC,BANCO BILBAO VIZCAYA ARGENTARIA
2017-11-30,4.4393,BBVA.MC,BANCO BILBAO VIZCAYA ARGENTARIA
2017-12-31,4.7239,BBVA.MC,BANCO BILBAO VIZCAYA ARGENTARIA
2018-01-31,4.3007,BBVA.MC,BANCO BILBAO VIZCAYA ARGENTARIA
2018-02-28,4.0129,BBVA.MC,BANCO BILBAO VIZCAYA ARGENTARIA
2018-03-31,4.2999,BBVA.MC,BANCO BILBAO VIZCAYA ARGENTARIA
2018-04-30,3.7306,BBVA.MC,BANCO BILBAO VIZCAYA ARGENTARIA
2018-05-31,3.8808,BBVA.MC,BANCO BILBAO VIZCAYA ARGENTARIA
2018-06-30,4.0162,BBVA.MC,BANCO BILBAO VIZCAYA ARGENTARIA
2018-07-31,3.431,BBVA.MC,BANCO BILBAO VIZCAYA ARGENTARIA
2018-08-31,3.5076,BBVA.MC,BANCO BILBAO VIZCAYA ARGENTARIA
2018-09-30,3.1815,BBVA.MC,BANCO BILBAO VIZCAYA ARGENTARIA
2018-10-31,3.2682,BBVA.MC,BANCO BILBAO VIZCAYA ARGENTARIA
2018-11-30,3.0191,BBVA.MC,BANCO BILBAO VIZCAYA ARGENTARIA
2018-12-31,3.3672,BBVA.MC,BANCO BILBAO VIZCAYA ARGENTARIA
2019-01-31,3.5652,BBVA.MC,BANCO BILBAO VIZCAYA ARGENTARIA
2019-02-28,3.317,BBVA.MC,BANCO BILBAO VIZCAYA ARGENTARIA
2019-03-31,3.6345,BBVA.MC,BANCO BILBAO VIZCAYA ARGENTARIA
2019-04-30,3.2652,BBVA.MC,BANCO BILBAO VIZCAYA ARGENTARIA
2019-05-31,3.2984,BBVA.MC,BANCO BILBAO VIZCAYA ARGENTARIA
2019-06-30,3.0854,BBVA.MC,BANCO BILBAO VIZCAYA ARGENTARIA
2019-07-31,2.8906,BBVA.MC,BANCO BILBAO VIZCAYA ARGENTARIA
2019-08-31,3.2069,BBVA.MC,BANCO BILBAO VIZCAYA ARGENTARIA
2019-09-30,3.2383,BBVA.MC,BANCO BILBAO VIZCAYA ARGENTARIA
2019-10-31,3.2784,BBVA.MC,BANCO BILBAO VIZCAYA ARGENTARIA
2019-11-30,3.4165,BBVA.MC,BANCO BILBAO VIZCAYA ARGENTARIA
2019-12-31,3.2009,BBVA.MC,BANCO BILBAO VIZCAYA ARGENTARIA
2020-01-31,2.9719,BBVA.MC,BANCO BILBAO VIZCAYA ARGENTARIA
2020-02-29,1.999,BBVA.MC,BANCO BILBAO VIZCAYA ARGENTARIA
2020-03-31,2.1646,BBVA.MC,BANCO BILBAO VIZCAYA ARGENTARIA
2020-04-30,2.024,BBVA.MC,BANCO BILBAO VIZCAYA ARGENTARIA
2020-05-31,2.2204,BBVA.MC,BANCO BILBAO VIZCAYA ARGENTARIA
2020-06-30,1.9109,BBVA.MC,BANCO BILBAO VIZCAYA ARGENTARIA
2020-07-31,1.7776,BBVA.MC,BANCO BILBAO VIZCAYA ARGENTARIA
2020-08-31,1.7189,BBVA.MC,BANCO BILBAO VIZCAYA ARGENTARIA
2020-09-30,1.7841,BBVA.MC,BANCO BILBAO VIZCAYA ARGENTARIA
2020-10-31,2.8479,BBVA.MC,BANCO BILBAO VIZCAYA ARGENTARIA
2020-11-30,2.924,BBVA.MC,BANCO BILBAO VIZCAYA ARGENTARIA
2020-12-31,2.7298,BBVA.MC,BANCO BILBAO VIZCAYA ARGENTARIA
2021-01-31,3.3356,BBVA.MC,BANCO BILBAO VIZCAYA ARGENTARIA
2021-02-28,3.2074,BBVA.MC,BANCO BILBAO VIZCAYA ARGENTARIA
2021-03-31,3.4297,BBVA.MC,BANCO BILBAO VIZCAYA ARGENTARIA
2021-04-30,3.7716,BBVA.MC,BANCO BILBAO VIZCAYA ARGENTARIA
2021-05-31,3.8391,BBVA.MC,BANCO BILBAO VIZCAYA ARGENTARIA
2021-06-30,3.9735,BBVA.MC,BANCO BILBAO VIZCAYA ARGENTARIA
2021-07-31,4.0734,BBVA.MC,BANCO BILBAO VIZCAYA ARGENTARIA
2021-08-31,4.1982,BBVA.MC,BANCO BILBAO VIZCAYA ARGENTARIA
2021-09-30,4.5113,BBVA.MC,BANCO BILBAO VIZCAYA ARGENTARIA
2021-10-31,3.4996,BBVA.MC,BANCO BILBAO VIZCAYA ARGENTARIA
2021-11-30,3.907,BBVA.MC,BANCO BILBAO VIZCAYA ARGENTARIA
2021-12-31,4.1928,BBVA.MC,BANCO BILBAO VIZCAYA ARGENTARIA
2022-01-31,3.9368,BBVA.MC,BANCO BILBAO VIZCAYA ARGENTARIA
2022-02-28,3.8773,BBVA.MC,BANCO BILBAO VIZCAYA ARGENTARIA
2022-03-31,3.9374,BBVA.MC,BANCO BILBAO VIZCAYA ARGENTARIA
2022-04-30,3.9529,BBVA.MC,BANCO BILBAO VIZCAYA ARGENTARIA
2022-05-31,3.3704,BBVA.MC,BANCO BILBAO VIZCAYA ARGENTARIA
2022-06-30,3.4377,BBVA.MC,BANCO BILBAO VIZCAYA ARGENTARIA
2022-07-31,3.4957,BBVA.MC,BANCO BILBAO VIZCAYA ARGENTARIA
2022-08-31,3.5961,BBVA.MC,BANCO BILBAO VIZCAYA ARGENTARIA
2022-09-30,4.1581,BBVA.MC,BANCO BILBAO VIZCAYA ARGENTARIA
2022-10-31,4.4798,BBVA.MC,BANCO BILBAO VIZCAYA ARGENTARIA
2022-11-30,4.4973,BBVA.MC,BANCO BILBAO VIZCAYA ARGENTARIA
2022-12-31,5.1591,BBVA.MC,BANCO BILBAO VIZCAYA ARGENTARIA
2023-01-31,5.8855,BBVA.MC,BANCO BILBAO VIZCAYA ARGENTARIA
2023-02-28,5.2453,BBVA.MC,BANCO BILBAO VIZCAYA ARGENTARIA
2023-03-31,5.5712,BBVA.MC,BANCO BILBAO VIZCAYA ARGENTARIA
2023-04-30,5.1272,BBVA.MC,BANCO BILBAO VIZCAYA ARGENTARIA
2023-05-31,5.8912,BBVA.MC,BANCO BILBAO VIZCAYA ARGENTARIA
2023-06-30,6.0403,BBVA.MC,BANCO BILBAO VIZCAYA ARGENTARIA
2023-07-31,6.0873,BBVA.MC,BANCO BILBAO VIZCAYA ARGENTARIA
2023-08-31,6.4592,BBVA.MC,BANCO BILBAO VIZCAYA ARGENTARIA
2023-09-30,6.3503,BBVA.MC,BANCO BILBAO VIZCAYA ARGENTARIA
2023-10-31,7.2778,BBVA.MC,BANCO BILBAO VIZCAYA ARGENTARIA
2023-11-30,7.0382,BBVA.MC,BANCO BILBAO VIZCAYA ARGENTARIA
2023-12-31,7.4232,BBVA.MC,BANCO BILBAO VIZCAYA ARGENTARIA
2024-01-31,7.8596,BBVA.MC,BANCO BILBAO VIZCAYA ARGENTARIA
2024-02-29,9.4459,BBVA.MC,BANCO BILBAO VIZCAYA ARGENTARIA
2024-03-31,9.0257,BBVA.MC,BANCO BILBAO VIZCAYA ARGENTARIA
2024-04-30,8.8172,BBVA.MC,BANCO BILBAO VIZCAYA ARGENTARIA
2024-05-31,8.2956,BBVA.MC,BANCO BILBAO VIZCAYA ARGENTARIA
2024-06-30,8.6079,BBVA.MC,BANCO BILBAO VIZCAYA ARGENTARIA
2024-07-31,8.5067,BBVA.MC,BANCO BILBAO VIZCAYA ARGENTARIA
2024-08-31,8.6114,BBVA.MC,BANCO BILBAO VIZCAYA ARGENTARIA
2024-09-30,8.3679,BBVA.MC,BANCO BILBAO VIZCAYA ARGENTARIA
2024-10-31,8.1721,BBVA.MC,BANCO BILBAO VIZCAYA ARGENTARIA
2024-11-30,8.644,BBVA.MC,BANCO BILBAO VIZCAYA ARGENTARIA
2024-12-31,10.1054,BBVA.MC,BANCO BILBAO VIZCAYA ARGENTARIA
2025-01-31,11.7287,BBVA.MC,BANCO BILBAO VIZCAYA ARGENTARIA
2025-02-28,11.4726,BBVA.MC,BANCO BILBAO VIZCAYA ARGENTARIA
2025-03-31,11.4639,BBVA.MC,BANCO BILBAO VIZCAYA ARGENTARIA
2025-04-30,12.5571,BBVA.MC,BANCO BILBAO VIZCAYA ARGENTARIA
2025-05-31,12.4097,BBVA.MC,BANCO BILBAO VIZCAYA ARGENTARIA
2025-06-30,13.9164,BBVA.MC,BANCO BILBAO VIZCAYA ARGENTARIA
2025-07-31,14.7244,BBVA.MC,BANCO BILBAO VIZCAYA ARGENTARIA
2025-08-31,15.5324,BBVA.MC,BANCO BILBAO VIZCAYA ARGENTARIA
2025-09-30,16.5732,BBVA.MC,BANCO BILBAO VIZCAYA ARGENTARIA
2025-10-31,17.9753,BBVA.MC,BANCO BILBAO VIZCAYA ARGENTARIA
2025-11-30,19.4132,BBVA.MC,BANCO BILBAO VIZCAYA ARGENTARIA
2025-12-31,20.7687,BBVA.MC,BANCO BILBAO VIZCAYA ARGENTARIA
2026-01-31,19.1227,BBVA.MC,BANCO BILBAO VIZCAYA ARGENTARIA
2026-02-28,17.6703,BBVA.MC,BANCO BILBAO VIZCAYA ARGENTARIA
2026-03-31,18.81,BBVA.MC,BANCO BILBAO VIZCAYA ARGENTARIA
2026-04-30,20.11,BBVA.MC,BANCO BILBAO VIZCAYA ARGENTARIA
2026-05-31,21.87,BBVA.MC,BANCO BILBAO VIZCAYA ARGENTARIA
2026-06-30,,BBVA.MC,BANCO BILBAO VIZCAYA ARGENTARIA
1999-12-31,3.9244,DG.PA,VINCI
2000-01-31,3.9334,DG.PA,VINCI
2000-02-29,3.5923,DG.PA,VINCI
2000-03-31,3.8704,DG.PA,VINCI
2000-04-30,4.2475,DG.PA,VINCI
2000-05-31,4.0586,DG.PA,VINCI
2000-06-30,4.3096,DG.PA,VINCI
2000-07-31,5.3181,DG.PA,VINCI
2000-08-31,5.3881,DG.PA,VINCI
2000-09-30,5.5281,DG.PA,VINCI
2000-10-31,5.7893,DG.PA,VINCI
2000-11-30,6.1112,DG.PA,VINCI
2000-12-31,5.5514,DG.PA,VINCI
2001-01-31,6.1112,DG.PA,VINCI
2001-02-28,6.531,DG.PA,VINCI
2001-03-31,6.1578,DG.PA,VINCI
2001-04-30,6.4051,DG.PA,VINCI
2001-05-31,7.1835,DG.PA,VINCI
2001-06-30,6.9973,DG.PA,VINCI
2001-07-31,6.6632,DG.PA,VINCI
2001-08-31,6.1573,DG.PA,VINCI
2001-09-30,6.3959,DG.PA,VINCI
2001-10-31,5.9854,DG.PA,VINCI
2001-11-30,6.2861,DG.PA,VINCI
2001-12-31,6.6155,DG.PA,VINCI
2002-01-31,6.73,DG.PA,VINCI
2002-02-28,7.0498,DG.PA,VINCI
2002-03-31,6.7778,DG.PA,VINCI
2002-04-30,6.3768,DG.PA,VINCI
2002-05-31,6.7235,DG.PA,VINCI
2002-06-30,5.8274,DG.PA,VINCI
2002-07-31,6.0771,DG.PA,VINCI
2002-08-31,6.0037,DG.PA,VINCI
2002-09-30,5.5238,DG.PA,VINCI
2002-10-31,5.6704,DG.PA,VINCI
2002-11-30,5.2727,DG.PA,VINCI
2002-12-31,5.7293,DG.PA,VINCI
2003-01-31,5.4053,DG.PA,VINCI
2003-02-28,5.2531,DG.PA,VINCI
2003-03-31,5.7293,DG.PA,VINCI
2003-04-30,5.7391,DG.PA,VINCI
2003-05-31,5.9441,DG.PA,VINCI
2003-06-30,5.8986,DG.PA,VINCI
2003-07-31,5.9795,DG.PA,VINCI
2003-08-31,6.2578,DG.PA,VINCI
2003-09-30,6.3084,DG.PA,VINCI
2003-10-31,6.7721,DG.PA,VINCI
2003-11-30,6.6605,DG.PA,VINCI
2003-12-31,6.8533,DG.PA,VINCI
2004-01-31,7.4164,DG.PA,VINCI
2004-02-29,7.9237,DG.PA,VINCI
2004-03-31,8.2382,DG.PA,VINCI
2004-04-30,8.3556,DG.PA,VINCI
2004-05-31,8.7798,DG.PA,VINCI
2004-06-30,8.9653,DG.PA,VINCI
2004-07-31,9.3152,DG.PA,VINCI
2004-08-31,9.8242,DG.PA,VINCI
2004-09-30,9.8984,DG.PA,VINCI
2004-10-31,9.9211,DG.PA,VINCI
2004-11-30,10.7199,DG.PA,VINCI
2004-12-31,11.9351,DG.PA,VINCI
2005-01-31,12.0436,DG.PA,VINCI
2005-02-28,12.0653,DG.PA,VINCI
2005-03-31,12.6295,DG.PA,VINCI
2005-04-30,13.4664,DG.PA,VINCI
2005-05-31,15.2258,DG.PA,VINCI
2005-06-30,14.7831,DG.PA,VINCI
2005-07-31,15.9339,DG.PA,VINCI
2005-08-31,15.8565,DG.PA,VINCI
2005-09-30,14.4291,DG.PA,VINCI
2005-10-31,15.0715,DG.PA,VINCI
2005-11-30,16.3531,DG.PA,VINCI
2005-12-31,17.231,DG.PA,VINCI
2006-01-31,17.4448,DG.PA,VINCI
2006-02-28,18.6501,DG.PA,VINCI
2006-03-31,18.054,DG.PA,VINCI
2006-04-30,16.7208,DG.PA,VINCI
2006-05-31,18.7846,DG.PA,VINCI
2006-06-30,18.5514,DG.PA,VINCI
2006-07-31,19.7058,DG.PA,VINCI
2006-08-31,20.4754,DG.PA,VINCI
2006-09-30,20.5803,DG.PA,VINCI
2006-10-31,22.2592,DG.PA,VINCI
2006-11-30,22.9142,DG.PA,VINCI
2006-12-31,24.95,DG.PA,VINCI
2007-01-31,24.7772,DG.PA,VINCI
2007-02-28,27.4639,DG.PA,VINCI
2007-03-31,28.0628,DG.PA,VINCI
2007-04-30,28.2655,DG.PA,VINCI
2007-05-31,26.6695,DG.PA,VINCI
2007-06-30,25.5158,DG.PA,VINCI
2007-07-31,25.112,DG.PA,VINCI
2007-08-31,26.3378,DG.PA,VINCI
2007-09-30,27.2175,DG.PA,VINCI
2007-10-31,26.184,DG.PA,VINCI
2007-11-30,24.5582,DG.PA,VINCI
2007-12-31,22.0224,DG.PA,VINCI
2008-01-31,22.2842,DG.PA,VINCI
2008-02-29,22.2018,DG.PA,VINCI
2008-03-31,22.997,DG.PA,VINCI
2008-04-30,24.0015,DG.PA,VINCI
2008-05-31,19.328,DG.PA,VINCI
2008-06-30,18.0891,DG.PA,VINCI
2008-07-31,19.2537,DG.PA,VINCI
2008-08-31,16.3446,DG.PA,VINCI
2008-09-30,13.8716,DG.PA,VINCI
2008-10-31,15.6508,DG.PA,VINCI
2008-11-30,15.1354,DG.PA,VINCI
2008-12-31,13.5411,DG.PA,VINCI
2009-01-31,12.9887,DG.PA,VINCI
2009-02-28,14.1037,DG.PA,VINCI
2009-03-31,17.2543,DG.PA,VINCI
2009-04-30,18.2416,DG.PA,VINCI
2009-05-31,17.2238,DG.PA,VINCI
2009-06-30,19.2297,DG.PA,VINCI
2009-07-31,20.1532,DG.PA,VINCI
2009-08-31,20.8183,DG.PA,VINCI
2009-09-30,19.1866,DG.PA,VINCI
2009-10-31,19.8301,DG.PA,VINCI
2009-11-30,21.5396,DG.PA,VINCI
2009-12-31,21.1794,DG.PA,VINCI
2010-01-31,20.9829,DG.PA,VINCI
2010-02-28,23.8125,DG.PA,VINCI
2010-03-31,22.9885,DG.PA,VINCI
2010-04-30,20.704,DG.PA,VINCI
2010-05-31,19.2702,DG.PA,VINCI
2010-06-30,20.8471,DG.PA,VINCI
2010-07-31,19.4302,DG.PA,VINCI
2010-08-31,20.6339,DG.PA,VINCI
2010-09-30,21.5373,DG.PA,VINCI
2010-10-31,20.9313,DG.PA,VINCI
2010-11-30,23.1265,DG.PA,VINCI
2010-12-31,24.039,DG.PA,VINCI
2011-01-31,24.7979,DG.PA,VINCI
2011-02-28,25.068,DG.PA,VINCI
2011-03-31,25.6393,DG.PA,VINCI
2011-04-30,25.4887,DG.PA,VINCI
2011-05-31,25.7957,DG.PA,VINCI
2011-06-30,23.6641,DG.PA,VINCI
2011-07-31,21.1149,DG.PA,VINCI
2011-08-31,18.9336,DG.PA,VINCI
2011-09-30,20.8491,DG.PA,VINCI
2011-10-31,19.3336,DG.PA,VINCI
2011-11-30,20.0496,DG.PA,VINCI
2011-12-31,21.0592,DG.PA,VINCI
2012-01-31,23.2121,DG.PA,VINCI
2012-02-29,23.221,DG.PA,VINCI
2012-03-31,20.786,DG.PA,VINCI
2012-04-30,19.9267,DG.PA,VINCI
2012-05-31,22.6901,DG.PA,VINCI
2012-06-30,21.3115,DG.PA,VINCI
2012-07-31,21.3361,DG.PA,VINCI
2012-08-31,20.4448,DG.PA,VINCI
2012-09-30,21.0617,DG.PA,VINCI
2012-10-31,21.2831,DG.PA,VINCI
2012-11-30,22.5597,DG.PA,VINCI
2012-12-31,23.5415,DG.PA,VINCI
2013-01-31,22.2398,DG.PA,VINCI
2013-02-28,22.0484,DG.PA,VINCI
2013-03-31,23.7732,DG.PA,VINCI
2013-04-30,25.8117,DG.PA,VINCI
2013-05-31,25.0704,DG.PA,VINCI
2013-06-30,26.3937,DG.PA,VINCI
2013-07-31,25.4053,DG.PA,VINCI
2013-08-31,27.9413,DG.PA,VINCI
2013-09-30,30.7211,DG.PA,VINCI
2013-10-31,31.1384,DG.PA,VINCI
2013-11-30,31.3983,DG.PA,VINCI
2013-12-31,31.9543,DG.PA,VINCI
2014-01-31,35.6159,DG.PA,VINCI
2014-02-28,35.4712,DG.PA,VINCI
2014-03-31,36.5785,DG.PA,VINCI
2014-04-30,36.5516,DG.PA,VINCI
2014-05-31,36.7535,DG.PA,VINCI
2014-06-30,34.7476,DG.PA,VINCI
2014-07-31,33.4888,DG.PA,VINCI
2014-08-31,30.9679,DG.PA,VINCI
2014-09-30,30.6111,DG.PA,VINCI
2014-10-31,29.9108,DG.PA,VINCI
2014-11-30,31.3109,DG.PA,VINCI
2014-12-31,32.2259,DG.PA,VINCI
2015-01-31,36.4777,DG.PA,VINCI
2015-02-28,36.6222,DG.PA,VINCI
2015-03-31,38.5457,DG.PA,VINCI
2015-04-30,38.0253,DG.PA,VINCI
2015-05-31,36.4785,DG.PA,VINCI
2015-06-30,41.0629,DG.PA,VINCI
2015-07-31,40.3668,DG.PA,VINCI
2015-08-31,39.8746,DG.PA,VINCI
2015-09-30,43.1582,DG.PA,VINCI
2015-10-31,43.6875,DG.PA,VINCI
2015-11-30,41.9701,DG.PA,VINCI
2015-12-31,44.2978,DG.PA,VINCI
2016-01-31,45.2914,DG.PA,VINCI
2016-02-29,46.4623,DG.PA,VINCI
2016-03-31,47.2149,DG.PA,VINCI
2016-04-30,48.9156,DG.PA,VINCI
2016-05-31,46.0931,DG.PA,VINCI
2016-06-30,49.1327,DG.PA,VINCI
2016-07-31,49.2051,DG.PA,VINCI
2016-08-31,49.2992,DG.PA,VINCI
2016-09-30,47.7504,DG.PA,VINCI
2016-10-31,44.7556,DG.PA,VINCI
2016-11-30,47.2919,DG.PA,VINCI
2016-12-31,47.4381,DG.PA,VINCI
2017-01-31,49.7113,DG.PA,VINCI
2017-02-28,54.309,DG.PA,VINCI
2017-03-31,58.1759,DG.PA,VINCI
2017-04-30,57.9004,DG.PA,VINCI
2017-05-31,55.6657,DG.PA,VINCI
2017-06-30,56.418,DG.PA,VINCI
2017-07-31,57.6173,DG.PA,VINCI
2017-08-31,59.8892,DG.PA,VINCI
2017-09-30,62.6081,DG.PA,VINCI
2017-10-31,64.4604,DG.PA,VINCI
2017-11-30,63.9423,DG.PA,VINCI
2017-12-31,65.3315,DG.PA,VINCI
2018-01-31,61.0662,DG.PA,VINCI
2018-02-28,59.9999,DG.PA,VINCI
2018-03-31,63.7283,DG.PA,VINCI
2018-04-30,64.2038,DG.PA,VINCI
2018-05-31,63.1608,DG.PA,VINCI
2018-06-30,65.9523,DG.PA,VINCI
2018-07-31,63.3142,DG.PA,VINCI
2018-08-31,62.9001,DG.PA,VINCI
2018-09-30,60.492,DG.PA,VINCI
2018-10-31,59.6985,DG.PA,VINCI
2018-11-30,55.7651,DG.PA,VINCI
2018-12-31,59.5282,DG.PA,VINCI
2019-01-31,64.9792,DG.PA,VINCI
2019-02-28,67.1473,DG.PA,VINCI
2019-03-31,71.233,DG.PA,VINCI
2019-04-30,69.9986,DG.PA,VINCI
2019-05-31,71.2647,DG.PA,VINCI
2019-06-30,73.781,DG.PA,VINCI
2019-07-31,78.7345,DG.PA,VINCI
2019-08-31,78.1965,DG.PA,VINCI
2019-09-30,79.605,DG.PA,VINCI
2019-10-31,78.932,DG.PA,VINCI
2019-11-30,78.948,DG.PA,VINCI
2019-12-31,79.9049,DG.PA,VINCI
2020-01-31,72.5524,DG.PA,VINCI
2020-02-29,60.1281,DG.PA,VINCI
2020-03-31,59.5698,DG.PA,VINCI
2020-04-30,66.2206,DG.PA,VINCI
2020-05-31,66.3621,DG.PA,VINCI
2020-06-30,58.9166,DG.PA,VINCI
2020-07-31,63.5943,DG.PA,VINCI
2020-08-31,57.8807,DG.PA,VINCI
2020-09-30,54.8863,DG.PA,VINCI
2020-10-31,69.1947,DG.PA,VINCI
2020-11-30,65.8442,DG.PA,VINCI
2020-12-31,61.9758,DG.PA,VINCI
2021-01-31,69.6317,DG.PA,VINCI
2021-02-28,70.7,DG.PA,VINCI
2021-03-31,75.6454,DG.PA,VINCI
2021-04-30,76.9034,DG.PA,VINCI
2021-05-31,74.4784,DG.PA,VINCI
2021-06-30,73.8329,DG.PA,VINCI
2021-07-31,75.2233,DG.PA,VINCI
2021-08-31,74.6108,DG.PA,VINCI
2021-09-30,76.4482,DG.PA,VINCI
2021-10-31,69.7184,DG.PA,VINCI
2021-11-30,77.427,DG.PA,VINCI
2021-12-31,80.552,DG.PA,VINCI
2022-01-31,78.7686,DG.PA,VINCI
2022-02-28,77.4936,DG.PA,VINCI
2022-03-31,79.2639,DG.PA,VINCI
2022-04-30,76.566,DG.PA,VINCI
2022-05-31,72.5362,DG.PA,VINCI
2022-06-30,79.7249,DG.PA,VINCI
2022-07-31,78.7601,DG.PA,VINCI
2022-08-31,71.0079,DG.PA,VINCI
2022-09-30,79.5542,DG.PA,VINCI
2022-10-31,83.3674,DG.PA,VINCI
2022-11-30,80.4941,DG.PA,VINCI
2022-12-31,89.4245,DG.PA,VINCI
2023-01-31,93.0484,DG.PA,VINCI
2023-02-28,91.2192,DG.PA,VINCI
2023-03-31,99.4976,DG.PA,VINCI
2023-04-30,94.2833,DG.PA,VINCI
2023-05-31,94.3365,DG.PA,VINCI
2023-06-30,94.6912,DG.PA,VINCI
2023-07-31,91.3037,DG.PA,VINCI
2023-08-31,93.1304,DG.PA,VINCI
2023-09-30,92.6516,DG.PA,VINCI
2023-10-31,100.5723,DG.PA,VINCI
2023-11-30,101.8261,DG.PA,VINCI
2023-12-31,104.8531,DG.PA,VINCI
2024-01-31,106.0352,DG.PA,VINCI
2024-02-29,106.3576,DG.PA,VINCI
2024-03-31,101.8303,DG.PA,VINCI
2024-04-30,105.7095,DG.PA,VINCI
2024-05-31,90.8668,DG.PA,VINCI
2024-06-30,97.5354,DG.PA,VINCI
2024-07-31,99.8906,DG.PA,VINCI
2024-08-31,96.935,DG.PA,VINCI
2024-09-30,95.7943,DG.PA,VINCI
2024-10-31,93.1452,DG.PA,VINCI
2024-11-30,93.0333,DG.PA,VINCI
2024-12-31,97.4732,DG.PA,VINCI
2025-01-31,103.6294,DG.PA,VINCI
2025-02-28,108.4798,DG.PA,VINCI
2025-03-31,118.0037,DG.PA,VINCI
2025-04-30,121.1319,DG.PA,VINCI
2025-05-31,120.41,DG.PA,VINCI
2025-06-30,117.0412,DG.PA,VINCI
2025-07-31,111.5549,DG.PA,VINCI
2025-08-31,113.528,DG.PA,VINCI
2025-09-30,112.5535,DG.PA,VINCI
2025-10-31,118.7201,DG.PA,VINCI
2025-11-30,116.5836,DG.PA,VINCI
2025-12-31,117.6519,DG.PA,VINCI
2026-01-31,136.6859,DG.PA,VINCI
2026-02-28,124.644,DG.PA,VINCI
2026-03-31,128.5,DG.PA,VINCI
2026-04-30,125.05,DG.PA,VINCI
2026-05-31,127.8,DG.PA,VINCI
2026-06-30,,DG.PA,VINCI
1996-09-30,9.3621,MBG.DE,Mercedes-Benz Group AG        N
1996-10-31,10.5464,MBG.DE,Mercedes-Benz Group AG        N
1996-11-30,11.1062,MBG.DE,Mercedes-Benz Group AG        N
1996-12-31,12.21,MBG.DE,Mercedes-Benz Group AG        N
1997-01-31,12.8064,MBG.DE,Mercedes-Benz Group AG        N
1997-02-28,13.9102,MBG.DE,Mercedes-Benz Group AG        N
1997-03-31,13.4185,MBG.DE,Mercedes-Benz Group AG        N
1997-04-30,13.8265,MBG.DE,Mercedes-Benz Group AG        N
1997-05-31,14.7106,MBG.DE,Mercedes-Benz Group AG        N
1997-06-30,15.9923,MBG.DE,Mercedes-Benz Group AG        N
1997-07-31,13.8108,MBG.DE,Mercedes-Benz Group AG        N
1997-08-31,15.1134,MBG.DE,Mercedes-Benz Group AG        N
1997-09-30,12.1159,MBG.DE,Mercedes-Benz Group AG        N
1997-10-31,13.1307,MBG.DE,Mercedes-Benz Group AG        N
1997-11-30,13.1831,MBG.DE,Mercedes-Benz Group AG        N
1997-12-31,13.3923,MBG.DE,Mercedes-Benz Group AG        N
1998-01-31,15.4692,MBG.DE,Mercedes-Benz Group AG        N
1998-02-28,17.8128,MBG.DE,Mercedes-Benz Group AG        N
1998-03-31,18.608,MBG.DE,Mercedes-Benz Group AG        N
1998-04-30,18.608,MBG.DE,Mercedes-Benz Group AG        N
1998-05-31,18.3621,MBG.DE,Mercedes-Benz Group AG        N
1998-06-30,19.0056,MBG.DE,Mercedes-Benz Group AG        N
1998-07-31,16.6567,MBG.DE,Mercedes-Benz Group AG        N
1998-08-31,14.5432,MBG.DE,Mercedes-Benz Group AG        N
1998-09-30,13.6539,MBG.DE,Mercedes-Benz Group AG        N
1998-10-31,16.5887,MBG.DE,Mercedes-Benz Group AG        N
1998-11-30,17.1066,MBG.DE,Mercedes-Benz Group AG        N
1998-12-31,18.814,MBG.DE,Mercedes-Benz Group AG        N
1999-01-31,17.8031,MBG.DE,Mercedes-Benz Group AG        N
1999-02-28,16.4832,MBG.DE,Mercedes-Benz Group AG        N
1999-03-31,18.9388,MBG.DE,Mercedes-Benz Group AG        N
1999-04-30,17.5788,MBG.DE,Mercedes-Benz Group AG        N
1999-05-31,17.9871,MBG.DE,Mercedes-Benz Group AG        N
1999-06-30,15.6538,MBG.DE,Mercedes-Benz Group AG        N
1999-07-31,15.546,MBG.DE,Mercedes-Benz Group AG        N
1999-08-31,13.8346,MBG.DE,Mercedes-Benz Group AG        N
1999-09-30,15.5586,MBG.DE,Mercedes-Benz Group AG        N
1999-10-31,14.3,MBG.DE,Mercedes-Benz Group AG        N
1999-11-30,16.2038,MBG.DE,Mercedes-Benz Group AG        N
1999-12-31,14.0462,MBG.DE,Mercedes-Benz Group AG        N
2000-01-31,14.8077,MBG.DE,Mercedes-Benz Group AG        N
2000-02-29,14.3888,MBG.DE,Mercedes-Benz Group AG        N
2000-03-31,14.1612,MBG.DE,Mercedes-Benz Group AG        N
2000-04-30,12.8698,MBG.DE,Mercedes-Benz Group AG        N
2000-05-31,12.0596,MBG.DE,Mercedes-Benz Group AG        N
2000-06-30,12.6071,MBG.DE,Mercedes-Benz Group AG        N
2000-07-31,12.7815,MBG.DE,Mercedes-Benz Group AG        N
2000-08-31,11.223,MBG.DE,Mercedes-Benz Group AG        N
2000-09-30,11.4857,MBG.DE,Mercedes-Benz Group AG        N
2000-10-31,9.7153,MBG.DE,Mercedes-Benz Group AG        N
2000-11-30,9.8764,MBG.DE,Mercedes-Benz Group AG        N
2000-12-31,11.2693,MBG.DE,Mercedes-Benz Group AG        N
2001-01-31,11.7793,MBG.DE,Mercedes-Benz Group AG        N
2001-02-28,11.181,MBG.DE,Mercedes-Benz Group AG        N
2001-03-31,13.1307,MBG.DE,Mercedes-Benz Group AG        N
2001-04-30,12.5537,MBG.DE,Mercedes-Benz Group AG        N
2001-05-31,12.6212,MBG.DE,Mercedes-Benz Group AG        N
2001-06-30,13.1958,MBG.DE,Mercedes-Benz Group AG        N
2001-07-31,11.1555,MBG.DE,Mercedes-Benz Group AG        N
2001-08-31,7.6053,MBG.DE,Mercedes-Benz Group AG        N
2001-09-30,9.0151,MBG.DE,Mercedes-Benz Group AG        N
2001-10-31,10.8321,MBG.DE,Mercedes-Benz Group AG        N
2001-11-30,11.2485,MBG.DE,Mercedes-Benz Group AG        N
2001-12-31,10.9228,MBG.DE,Mercedes-Benz Group AG        N
2002-01-31,10.7972,MBG.DE,Mercedes-Benz Group AG        N
2002-02-28,12.1675,MBG.DE,Mercedes-Benz Group AG        N
2002-03-31,12.2602,MBG.DE,Mercedes-Benz Group AG        N
2002-04-30,12.5126,MBG.DE,Mercedes-Benz Group AG        N
2002-05-31,11.7029,MBG.DE,Mercedes-Benz Group AG        N
2002-06-30,10.4455,MBG.DE,Mercedes-Benz Group AG        N
2002-07-31,10.4955,MBG.DE,Mercedes-Benz Group AG        N
2002-08-31,8.0734,MBG.DE,Mercedes-Benz Group AG        N
2002-09-30,8.2759,MBG.DE,Mercedes-Benz Group AG        N
2002-10-31,8.726,MBG.DE,Mercedes-Benz Group AG        N
2002-11-30,6.9898,MBG.DE,Mercedes-Benz Group AG        N
2002-12-31,6.7826,MBG.DE,Mercedes-Benz Group AG        N
2003-01-31,6.7636,MBG.DE,Mercedes-Benz Group AG        N
2003-02-28,6.3802,MBG.DE,Mercedes-Benz Group AG        N
2003-03-31,7.314,MBG.DE,Mercedes-Benz Group AG        N
2003-04-30,6.7699,MBG.DE,Mercedes-Benz Group AG        N
2003-05-31,7.6936,MBG.DE,Mercedes-Benz Group AG        N
2003-06-30,8.1213,MBG.DE,Mercedes-Benz Group AG        N
2003-07-31,8.7793,MBG.DE,Mercedes-Benz Group AG        N
2003-08-31,7.6278,MBG.DE,Mercedes-Benz Group AG        N
2003-09-30,8.1213,MBG.DE,Mercedes-Benz Group AG        N
2003-10-31,8.0429,MBG.DE,Mercedes-Benz Group AG        N
2003-11-30,9.364,MBG.DE,Mercedes-Benz Group AG        N
2003-12-31,9.6803,MBG.DE,Mercedes-Benz Group AG        N
2004-01-31,9.1488,MBG.DE,Mercedes-Benz Group AG        N
2004-02-29,8.5997,MBG.DE,Mercedes-Benz Group AG        N
2004-03-31,9.9709,MBG.DE,Mercedes-Benz Group AG        N
2004-04-30,9.7762,MBG.DE,Mercedes-Benz Group AG        N
2004-05-31,10.2402,MBG.DE,Mercedes-Benz Group AG        N
2004-06-30,9.8962,MBG.DE,Mercedes-Benz Group AG        N
2004-07-31,9.1042,MBG.DE,Mercedes-Benz Group AG        N
2004-08-31,8.8535,MBG.DE,Mercedes-Benz Group AG        N
2004-09-30,8.6349,MBG.DE,Mercedes-Benz Group AG        N
2004-10-31,8.9735,MBG.DE,Mercedes-Benz Group AG        N
2004-11-30,9.4029,MBG.DE,Mercedes-Benz Group AG        N
2004-12-31,9.3016,MBG.DE,Mercedes-Benz Group AG        N
2005-01-31,9.3309,MBG.DE,Mercedes-Benz Group AG        N
2005-02-28,9.2082,MBG.DE,Mercedes-Benz Group AG        N
2005-03-31,8.5387,MBG.DE,Mercedes-Benz Group AG        N
2005-04-30,9.1745,MBG.DE,Mercedes-Benz Group AG        N
2005-05-31,9.4474,MBG.DE,Mercedes-Benz Group AG        N
2005-06-30,11.2874,MBG.DE,Mercedes-Benz Group AG        N
2005-07-31,11.7319,MBG.DE,Mercedes-Benz Group AG        N
2005-08-31,12.4184,MBG.DE,Mercedes-Benz Group AG        N
2005-09-30,11.7573,MBG.DE,Mercedes-Benz Group AG        N
2005-10-31,12.0808,MBG.DE,Mercedes-Benz Group AG        N
2005-11-30,12.1371,MBG.DE,Mercedes-Benz Group AG        N
2005-12-31,13.2962,MBG.DE,Mercedes-Benz Group AG        N
2006-01-31,13.0824,MBG.DE,Mercedes-Benz Group AG        N
2006-02-28,13.3356,MBG.DE,Mercedes-Benz Group AG        N
2006-03-31,12.7103,MBG.DE,Mercedes-Benz Group AG        N
2006-04-30,11.9908,MBG.DE,Mercedes-Benz Group AG        N
2006-05-31,11.2977,MBG.DE,Mercedes-Benz Group AG        N
2006-06-30,11.8183,MBG.DE,Mercedes-Benz Group AG        N
2006-07-31,12.0493,MBG.DE,Mercedes-Benz Group AG        N
2006-08-31,11.5258,MBG.DE,Mercedes-Benz Group AG        N
2006-09-30,13.0729,MBG.DE,Mercedes-Benz Group AG        N
2006-10-31,12.8214,MBG.DE,Mercedes-Benz Group AG        N
2006-11-30,13.6871,MBG.DE,Mercedes-Benz Group AG        N
2006-12-31,13.9386,MBG.DE,Mercedes-Benz Group AG        N
2007-01-31,15.0353,MBG.DE,Mercedes-Benz Group AG        N
2007-02-28,17.957,MBG.DE,Mercedes-Benz Group AG        N
2007-03-31,18.0421,MBG.DE,Mercedes-Benz Group AG        N
2007-04-30,20.5373,MBG.DE,Mercedes-Benz Group AG        N
2007-05-31,20.6699,MBG.DE,Mercedes-Benz Group AG        N
2007-06-30,20.1576,MBG.DE,Mercedes-Benz Group AG        N
2007-07-31,19.6423,MBG.DE,Mercedes-Benz Group AG        N
2007-08-31,21.2876,MBG.DE,Mercedes-Benz Group AG        N
2007-09-30,22.8878,MBG.DE,Mercedes-Benz Group AG        N
2007-10-31,20.9592,MBG.DE,Mercedes-Benz Group AG        N
2007-11-30,20.04,MBG.DE,Mercedes-Benz Group AG        N
2007-12-31,15.7277,MBG.DE,Mercedes-Benz Group AG        N
2008-01-31,16.8125,MBG.DE,Mercedes-Benz Group AG        N
2008-02-29,16.3183,MBG.DE,Mercedes-Benz Group AG        N
2008-03-31,15.7674,MBG.DE,Mercedes-Benz Group AG        N
2008-04-30,15.4485,MBG.DE,Mercedes-Benz Group AG        N
2008-05-31,12.4042,MBG.DE,Mercedes-Benz Group AG        N
2008-06-30,11.7884,MBG.DE,Mercedes-Benz Group AG        N
2008-07-31,12.6,MBG.DE,Mercedes-Benz Group AG        N
2008-08-31,11.179,MBG.DE,Mercedes-Benz Group AG        N
2008-09-30,8.4663,MBG.DE,Mercedes-Benz Group AG        N
2008-10-31,7.7858,MBG.DE,Mercedes-Benz Group AG        N
2008-11-30,8.4316,MBG.DE,Mercedes-Benz Group AG        N
2008-12-31,6.9474,MBG.DE,Mercedes-Benz Group AG        N
2009-01-31,5.6874,MBG.DE,Mercedes-Benz Group AG        N
2009-02-28,6.0253,MBG.DE,Mercedes-Benz Group AG        N
2009-03-31,8.8334,MBG.DE,Mercedes-Benz Group AG        N
2009-04-30,8.412,MBG.DE,Mercedes-Benz Group AG        N
2009-05-31,8.3892,MBG.DE,Mercedes-Benz Group AG        N
2009-06-30,10.5662,MBG.DE,Mercedes-Benz Group AG        N
2009-07-31,10.2603,MBG.DE,Mercedes-Benz Group AG        N
2009-08-31,11.1959,MBG.DE,Mercedes-Benz Group AG        N
2009-09-30,10.7647,MBG.DE,Mercedes-Benz Group AG        N
2009-10-31,10.973,MBG.DE,Mercedes-Benz Group AG        N
2009-11-30,12.1152,MBG.DE,Mercedes-Benz Group AG        N
2009-12-31,10.877,MBG.DE,Mercedes-Benz Group AG        N
2010-01-31,9.9772,MBG.DE,Mercedes-Benz Group AG        N
2010-02-28,11.3423,MBG.DE,Mercedes-Benz Group AG        N
2010-03-31,12.631,MBG.DE,Mercedes-Benz Group AG        N
2010-04-30,13.342,MBG.DE,Mercedes-Benz Group AG        N
2010-05-31,13.6414,MBG.DE,Mercedes-Benz Group AG        N
2010-06-30,13.464,MBG.DE,Mercedes-Benz Group AG        N
2010-07-31,12.4829,MBG.DE,Mercedes-Benz Group AG        N
2010-08-31,15.1188,MBG.DE,Mercedes-Benz Group AG        N
2010-09-30,15.4344,MBG.DE,Mercedes-Benz Group AG        N
2010-10-31,16.2284,MBG.DE,Mercedes-Benz Group AG        N
2010-11-30,16.5083,MBG.DE,Mercedes-Benz Group AG        N
2010-12-31,17.3837,MBG.DE,Mercedes-Benz Group AG        N
2011-01-31,16.6124,MBG.DE,Mercedes-Benz Group AG        N
2011-02-28,16.2219,MBG.DE,Mercedes-Benz Group AG        N
2011-03-31,17.7563,MBG.DE,Mercedes-Benz Group AG        N
2011-04-30,16.7067,MBG.DE,Mercedes-Benz Group AG        N
2011-05-31,17.6576,MBG.DE,Mercedes-Benz Group AG        N
2011-06-30,17.2357,MBG.DE,Mercedes-Benz Group AG        N
2011-07-31,12.8162,MBG.DE,Mercedes-Benz Group AG        N
2011-08-31,11.4417,MBG.DE,Mercedes-Benz Group AG        N
2011-09-30,12.5883,MBG.DE,Mercedes-Benz Group AG        N
2011-10-31,11.4349,MBG.DE,Mercedes-Benz Group AG        N
2011-11-30,11.5404,MBG.DE,Mercedes-Benz Group AG        N
2011-12-31,14.3728,MBG.DE,Mercedes-Benz Group AG        N
2012-01-31,15.4445,MBG.DE,Mercedes-Benz Group AG        N
2012-02-29,15.3815,MBG.DE,Mercedes-Benz Group AG        N
2012-03-31,15.103,MBG.DE,Mercedes-Benz Group AG        N
2012-04-30,13.5354,MBG.DE,Mercedes-Benz Group AG        N
2012-05-31,12.7814,MBG.DE,Mercedes-Benz Group AG        N
2012-06-30,14.7215,MBG.DE,Mercedes-Benz Group AG        N
2012-07-31,14.1032,MBG.DE,Mercedes-Benz Group AG        N
2012-08-31,13.6204,MBG.DE,Mercedes-Benz Group AG        N
2012-09-30,13.0273,MBG.DE,Mercedes-Benz Group AG        N
2012-10-31,13.7343,MBG.DE,Mercedes-Benz Group AG        N
2012-11-30,14.9421,MBG.DE,Mercedes-Benz Group AG        N
2012-12-31,15.5044,MBG.DE,Mercedes-Benz Group AG        N
2013-01-31,16.5134,MBG.DE,Mercedes-Benz Group AG        N
2013-02-28,15.3489,MBG.DE,Mercedes-Benz Group AG        N
2013-03-31,16.1979,MBG.DE,Mercedes-Benz Group AG        N
2013-04-30,19.0488,MBG.DE,Mercedes-Benz Group AG        N
2013-05-31,17.9212,MBG.DE,Mercedes-Benz Group AG        N
2013-06-30,20.1322,MBG.DE,Mercedes-Benz Group AG        N
2013-07-31,20.0165,MBG.DE,Mercedes-Benz Group AG        N
2013-08-31,22.214,MBG.DE,Mercedes-Benz Group AG        N
2013-09-30,23.3012,MBG.DE,Mercedes-Benz Group AG        N
2013-10-31,23.5171,MBG.DE,Mercedes-Benz Group AG        N
2013-11-30,24.2496,MBG.DE,Mercedes-Benz Group AG        N
2013-12-31,23.9527,MBG.DE,Mercedes-Benz Group AG        N
2014-01-31,26.0307,MBG.DE,Mercedes-Benz Group AG        N
2014-02-28,26.4432,MBG.DE,Mercedes-Benz Group AG        N
2014-03-31,26.7537,MBG.DE,Mercedes-Benz Group AG        N
2014-04-30,27.9445,MBG.DE,Mercedes-Benz Group AG        N
2014-05-31,27.4233,MBG.DE,Mercedes-Benz Group AG        N
2014-06-30,24.8092,MBG.DE,Mercedes-Benz Group AG        N
2014-07-31,24.9536,MBG.DE,Mercedes-Benz Group AG        N
2014-08-31,24.3482,MBG.DE,Mercedes-Benz Group AG        N
2014-09-30,24.8694,MBG.DE,Mercedes-Benz Group AG        N
2014-10-31,27.1827,MBG.DE,Mercedes-Benz Group AG        N
2014-11-30,27.6518,MBG.DE,Mercedes-Benz Group AG        N
2014-12-31,32.2664,MBG.DE,Mercedes-Benz Group AG        N
2015-01-31,34.684,MBG.DE,Mercedes-Benz Group AG        N
2015-02-28,35.975,MBG.DE,Mercedes-Benz Group AG        N
2015-03-31,35.781,MBG.DE,Mercedes-Benz Group AG        N
2015-04-30,35.3458,MBG.DE,Mercedes-Benz Group AG        N
2015-05-31,33.8371,MBG.DE,Mercedes-Benz Group AG        N
2015-06-30,33.7335,MBG.DE,Mercedes-Benz Group AG        N
2015-07-31,29.7008,MBG.DE,Mercedes-Benz Group AG        N
2015-08-31,26.8782,MBG.DE,Mercedes-Benz Group AG        N
2015-09-30,32.7305,MBG.DE,Mercedes-Benz Group AG        N
2015-10-31,35.1178,MBG.DE,Mercedes-Benz Group AG        N
2015-11-30,32.1544,MBG.DE,Mercedes-Benz Group AG        N
2015-12-31,26.5922,MBG.DE,Mercedes-Benz Group AG        N
2016-01-31,26.1529,MBG.DE,Mercedes-Benz Group AG        N
2016-02-29,27.9227,MBG.DE,Mercedes-Benz Group AG        N
2016-03-31,26.8315,MBG.DE,Mercedes-Benz Group AG        N
2016-04-30,27.141,MBG.DE,Mercedes-Benz Group AG        N
2016-05-31,23.6616,MBG.DE,Mercedes-Benz Group AG        N
2016-06-30,26.889,MBG.DE,Mercedes-Benz Group AG        N
2016-07-31,27.446,MBG.DE,Mercedes-Benz Group AG        N
2016-08-31,27.7246,MBG.DE,Mercedes-Benz Group AG        N
2016-09-30,28.6972,MBG.DE,Mercedes-Benz Group AG        N
2016-10-31,27.7467,MBG.DE,Mercedes-Benz Group AG        N
2016-11-30,31.2659,MBG.DE,Mercedes-Benz Group AG        N
2016-12-31,30.6602,MBG.DE,Mercedes-Benz Group AG        N
2017-01-31,30.3463,MBG.DE,Mercedes-Benz Group AG        N
2017-02-28,32.3402,MBG.DE,Mercedes-Benz Group AG        N
2017-03-31,31.9664,MBG.DE,Mercedes-Benz Group AG        N
2017-04-30,30.1951,MBG.DE,Mercedes-Benz Group AG        N
2017-05-31,29.6156,MBG.DE,Mercedes-Benz Group AG        N
2017-06-30,27.7088,MBG.DE,Mercedes-Benz Group AG        N
2017-07-31,28.6155,MBG.DE,Mercedes-Benz Group AG        N
2017-08-31,31.5317,MBG.DE,Mercedes-Benz Group AG        N
2017-09-30,33.317,MBG.DE,Mercedes-Benz Group AG        N
2017-10-31,32.4898,MBG.DE,Mercedes-Benz Group AG        N
2017-11-30,33.088,MBG.DE,Mercedes-Benz Group AG        N
2017-12-31,34.4573,MBG.DE,Mercedes-Benz Group AG        N
2018-01-31,32.9338,MBG.DE,Mercedes-Benz Group AG        N
2018-02-28,32.2327,MBG.DE,Mercedes-Benz Group AG        N
2018-03-31,32.6707,MBG.DE,Mercedes-Benz Group AG        N
2018-04-30,30.7653,MBG.DE,Mercedes-Benz Group AG        N
2018-05-31,27.4982,MBG.DE,Mercedes-Benz Group AG        N
2018-06-30,29.5034,MBG.DE,Mercedes-Benz Group AG        N
2018-07-31,27.7826,MBG.DE,Mercedes-Benz Group AG        N
2018-08-31,27.1092,MBG.DE,Mercedes-Benz Group AG        N
2018-09-30,26.1166,MBG.DE,Mercedes-Benz Group AG        N
2018-10-31,24.7873,MBG.DE,Mercedes-Benz Group AG        N
2018-11-30,22.8994,MBG.DE,Mercedes-Benz Group AG        N
2018-12-31,25.7674,MBG.DE,Mercedes-Benz Group AG        N
2019-01-31,26.2662,MBG.DE,Mercedes-Benz Group AG        N
2019-02-28,26.0617,MBG.DE,Mercedes-Benz Group AG        N
2019-03-31,29.0993,MBG.DE,Mercedes-Benz Group AG        N
2019-04-30,25.09,MBG.DE,Mercedes-Benz Group AG        N
2019-05-31,26.4354,MBG.DE,Mercedes-Benz Group AG        N
2019-06-30,25.3386,MBG.DE,Mercedes-Benz Group AG        N
2019-07-31,23.0746,MBG.DE,Mercedes-Benz Group AG        N
2019-08-31,24.6496,MBG.DE,Mercedes-Benz Group AG        N
2019-09-30,28.3184,MBG.DE,Mercedes-Benz Group AG        N
2019-10-31,27.6647,MBG.DE,Mercedes-Benz Group AG        N
2019-11-30,26.6759,MBG.DE,Mercedes-Benz Group AG        N
2019-12-31,22.5883,MBG.DE,Mercedes-Benz Group AG        N
2020-01-31,20.2838,MBG.DE,Mercedes-Benz Group AG        N
2020-02-29,14.8698,MBG.DE,Mercedes-Benz Group AG        N
2020-03-31,17.0392,MBG.DE,Mercedes-Benz Group AG        N
2020-04-30,18.0361,MBG.DE,Mercedes-Benz Group AG        N
2020-05-31,19.5301,MBG.DE,Mercedes-Benz Group AG        N
2020-06-30,20.8137,MBG.DE,Mercedes-Benz Group AG        N
2020-07-31,23.7327,MBG.DE,Mercedes-Benz Group AG        N
2020-08-31,25.6193,MBG.DE,Mercedes-Benz Group AG        N
2020-09-30,24.7094,MBG.DE,Mercedes-Benz Group AG        N
2020-10-31,31.4154,MBG.DE,Mercedes-Benz Group AG        N
2020-11-30,32.1611,MBG.DE,Mercedes-Benz Group AG        N
2020-12-31,32.3448,MBG.DE,Mercedes-Benz Group AG        N
2021-01-31,36.8693,MBG.DE,Mercedes-Benz Group AG        N
2021-02-28,42.3009,MBG.DE,Mercedes-Benz Group AG        N
2021-03-31,42.1093,MBG.DE,Mercedes-Benz Group AG        N
2021-04-30,43.3148,MBG.DE,Mercedes-Benz Group AG        N
2021-05-31,42.8201,MBG.DE,Mercedes-Benz Group AG        N
2021-06-30,42.8087,MBG.DE,Mercedes-Benz Group AG        N
2021-07-31,40.6137,MBG.DE,Mercedes-Benz Group AG        N
2021-08-31,43.6276,MBG.DE,Mercedes-Benz Group AG        N
2021-09-30,48.7569,MBG.DE,Mercedes-Benz Group AG        N
2021-10-31,47.1988,MBG.DE,Mercedes-Benz Group AG        N
2021-11-30,46.2108,MBG.DE,Mercedes-Benz Group AG        N
2021-12-31,47.8107,MBG.DE,Mercedes-Benz Group AG        N
2022-01-31,47.9748,MBG.DE,Mercedes-Benz Group AG        N
2022-02-28,43.6265,MBG.DE,Mercedes-Benz Group AG        N
2022-03-31,45.8758,MBG.DE,Mercedes-Benz Group AG        N
2022-04-30,48.9047,MBG.DE,Mercedes-Benz Group AG        N
2022-05-31,40.7933,MBG.DE,Mercedes-Benz Group AG        N
2022-06-30,42.2708,MBG.DE,Mercedes-Benz Group AG        N
2022-07-31,41.4582,MBG.DE,Mercedes-Benz Group AG        N
2022-08-31,38.6731,MBG.DE,Mercedes-Benz Group AG        N
2022-09-30,43.2902,MBG.DE,Mercedes-Benz Group AG        N
2022-10-31,47.5749,MBG.DE,Mercedes-Benz Group AG        N
2022-11-30,45.3587,MBG.DE,Mercedes-Benz Group AG        N
2022-12-31,50.3452,MBG.DE,Mercedes-Benz Group AG        N
2023-01-31,53.6696,MBG.DE,Mercedes-Benz Group AG        N
2023-02-28,52.2881,MBG.DE,Mercedes-Benz Group AG        N
2023-03-31,52.1404,MBG.DE,Mercedes-Benz Group AG        N
2023-04-30,55.6622,MBG.DE,Mercedes-Benz Group AG        N
2023-05-31,58.7736,MBG.DE,Mercedes-Benz Group AG        N
2023-06-30,57.9518,MBG.DE,Mercedes-Benz Group AG        N
2023-07-31,53.8831,MBG.DE,Mercedes-Benz Group AG        N
2023-08-31,52.5667,MBG.DE,Mercedes-Benz Group AG        N
2023-09-30,44.2218,MBG.DE,Mercedes-Benz Group AG        N
2023-10-31,47.5326,MBG.DE,Mercedes-Benz Group AG        N
2023-11-30,49.9021,MBG.DE,Mercedes-Benz Group AG        N
2023-12-31,50.1414,MBG.DE,Mercedes-Benz Group AG        N
2024-01-31,58.7496,MBG.DE,Mercedes-Benz Group AG        N
2024-02-29,58.8853,MBG.DE,Mercedes-Benz Group AG        N
2024-03-31,56.5956,MBG.DE,Mercedes-Benz Group AG        N
2024-04-30,57.1024,MBG.DE,Mercedes-Benz Group AG        N
2024-05-31,55.5287,MBG.DE,Mercedes-Benz Group AG        N
2024-06-30,52.5961,MBG.DE,Mercedes-Benz Group AG        N
2024-07-31,53.6109,MBG.DE,Mercedes-Benz Group AG        N
2024-08-31,49.913,MBG.DE,Mercedes-Benz Group AG        N
2024-09-30,47.9007,MBG.DE,Mercedes-Benz Group AG        N
2024-10-31,45.5443,MBG.DE,Mercedes-Benz Group AG        N
2024-11-30,46.2667,MBG.DE,Mercedes-Benz Group AG        N
2024-12-31,50.6698,MBG.DE,Mercedes-Benz Group AG        N
2025-01-31,51.4008,MBG.DE,Mercedes-Benz Group AG        N
2025-02-28,46.6021,MBG.DE,Mercedes-Benz Group AG        N
2025-03-31,45.1229,MBG.DE,Mercedes-Benz Group AG        N
2025-04-30,49.1399,MBG.DE,Mercedes-Benz Group AG        N
2025-05-31,46.4301,MBG.DE,Mercedes-Benz Group AG        N
2025-06-30,46.8132,MBG.DE,Mercedes-Benz Group AG        N
2025-07-31,49.85,MBG.DE,Mercedes-Benz Group AG        N
2025-08-31,49.9621,MBG.DE,Mercedes-Benz Group AG        N
2025-09-30,52.5224,MBG.DE,Mercedes-Benz Group AG        N
2025-10-31,54.3444,MBG.DE,Mercedes-Benz Group AG        N
2025-11-30,56.1291,MBG.DE,Mercedes-Benz Group AG        N
2025-12-31,53.9987,MBG.DE,Mercedes-Benz Group AG        N
2026-01-31,55.1293,MBG.DE,Mercedes-Benz Group AG        N
2026-02-28,48.953,MBG.DE,Mercedes-Benz Group AG        N
2026-03-31,49.585,MBG.DE,Mercedes-Benz Group AG        N
2026-04-30,52.19,MBG.DE,Mercedes-Benz Group AG        N
2026-05-31,43.92,MBG.DE,Mercedes-Benz Group AG        N
2026-06-30,,MBG.DE,Mercedes-Benz Group AG        N
1995-02-28,2.004,INGA.AS,ING GROEP N.V.
1995-03-31,2.1124,INGA.AS,ING GROEP N.V.
1995-04-30,2.2132,INGA.AS,ING GROEP N.V.
1995-05-31,2.2132,INGA.AS,ING GROEP N.V.
1995-06-30,2.319,INGA.AS,ING GROEP N.V.
1995-07-31,2.3604,INGA.AS,ING GROEP N.V.
1995-08-31,2.3991,INGA.AS,ING GROEP N.V.
1995-09-30,2.4301,INGA.AS,ING GROEP N.V.
1995-10-31,2.7374,INGA.AS,ING GROEP N.V.
1995-11-30,2.7684,INGA.AS,ING GROEP N.V.
1995-12-31,2.8071,INGA.AS,ING GROEP N.V.
1996-01-31,2.8226,INGA.AS,ING GROEP N.V.
1996-02-29,3.0989,INGA.AS,ING GROEP N.V.
1996-03-31,3.4166,INGA.AS,ING GROEP N.V.
1996-04-30,3.6309,INGA.AS,ING GROEP N.V.
1996-05-31,3.2862,INGA.AS,ING GROEP N.V.
1996-06-30,3.2732,INGA.AS,ING GROEP N.V.
1996-07-31,3.3378,INGA.AS,ING GROEP N.V.
1996-08-31,3.4476,INGA.AS,ING GROEP N.V.
1996-09-30,3.4153,INGA.AS,ING GROEP N.V.
1996-10-31,3.8995,INGA.AS,ING GROEP N.V.
1996-11-30,4.0157,INGA.AS,ING GROEP N.V.
1996-12-31,4.4741,INGA.AS,ING GROEP N.V.
1997-01-31,4.7452,INGA.AS,ING GROEP N.V.
1997-02-28,4.7711,INGA.AS,ING GROEP N.V.
1997-03-31,4.9389,INGA.AS,ING GROEP N.V.
1997-04-30,5.4813,INGA.AS,ING GROEP N.V.
1997-05-31,5.8428,INGA.AS,ING GROEP N.V.
1997-06-30,6.5078,INGA.AS,ING GROEP N.V.
1997-07-31,5.7137,INGA.AS,ING GROEP N.V.
1997-08-31,5.9009,INGA.AS,ING GROEP N.V.
1997-09-30,5.2617,INGA.AS,ING GROEP N.V.
1997-10-31,5.2165,INGA.AS,ING GROEP N.V.
1997-11-30,5.5135,INGA.AS,ING GROEP N.V.
1997-12-31,6.0946,INGA.AS,ING GROEP N.V.
1998-01-31,6.992,INGA.AS,ING GROEP N.V.
1998-02-28,7.6118,INGA.AS,ING GROEP N.V.
1998-03-31,8.4769,INGA.AS,ING GROEP N.V.
1998-04-30,8.9159,INGA.AS,ING GROEP N.V.
1998-05-31,8.5996,INGA.AS,ING GROEP N.V.
1998-06-30,9.7939,INGA.AS,ING GROEP N.V.
1998-07-31,7.5666,INGA.AS,ING GROEP N.V.
1998-08-31,5.4813,INGA.AS,ING GROEP N.V.
1998-09-30,5.8363,INGA.AS,ING GROEP N.V.
1998-10-31,7.0695,INGA.AS,ING GROEP N.V.
1998-11-30,7.3923,INGA.AS,ING GROEP N.V.
1998-12-31,7.2987,INGA.AS,ING GROEP N.V.
1999-01-31,7.256,INGA.AS,ING GROEP N.V.
1999-02-28,7.2631,INGA.AS,ING GROEP N.V.
1999-03-31,8.2946,INGA.AS,ING GROEP N.V.
1999-04-30,7.2916,INGA.AS,ING GROEP N.V.
1999-05-31,7.4694,INGA.AS,ING GROEP N.V.
1999-06-30,6.8007,INGA.AS,ING GROEP N.V.
1999-07-31,7.384,INGA.AS,ING GROEP N.V.
1999-08-31,7.256,INGA.AS,ING GROEP N.V.
1999-09-30,7.9787,INGA.AS,ING GROEP N.V.
1999-10-31,7.946,INGA.AS,ING GROEP N.V.
1999-11-30,8.5279,INGA.AS,ING GROEP N.V.
1999-12-31,7.3414,INGA.AS,ING GROEP N.V.
2000-01-31,7.4722,INGA.AS,ING GROEP N.V.
2000-02-29,8.0527,INGA.AS,ING GROEP N.V.
2000-03-31,8.5393,INGA.AS,ING GROEP N.V.
2000-04-30,9.1212,INGA.AS,ING GROEP N.V.
2000-05-31,10.073,INGA.AS,ING GROEP N.V.
2000-06-30,10.2637,INGA.AS,ING GROEP N.V.
2000-07-31,10.7275,INGA.AS,ING GROEP N.V.
2000-08-31,10.7389,INGA.AS,ING GROEP N.V.
2000-09-30,11.5128,INGA.AS,ING GROEP N.V.
2000-10-31,11.7775,INGA.AS,ING GROEP N.V.
2000-11-30,12.1047,INGA.AS,ING GROEP N.V.
2000-12-31,11.6893,INGA.AS,ING GROEP N.V.
2001-01-31,10.6777,INGA.AS,ING GROEP N.V.
2001-02-28,10.5283,INGA.AS,ING GROEP N.V.
2001-03-31,10.9509,INGA.AS,ING GROEP N.V.
2001-04-30,10.9551,INGA.AS,ING GROEP N.V.
2001-05-31,11.0092,INGA.AS,ING GROEP N.V.
2001-06-30,10.5966,INGA.AS,ING GROEP N.V.
2001-07-31,10.0199,INGA.AS,ING GROEP N.V.
2001-08-31,8.4835,INGA.AS,ING GROEP N.V.
2001-09-30,7.9848,INGA.AS,ING GROEP N.V.
2001-10-31,8.4172,INGA.AS,ING GROEP N.V.
2001-11-30,8.2558,INGA.AS,ING GROEP N.V.
2001-12-31,8.3883,INGA.AS,ING GROEP N.V.
2002-01-31,7.9243,INGA.AS,ING GROEP N.V.
2002-02-28,8.864,INGA.AS,ING GROEP N.V.
2002-03-31,8.5855,INGA.AS,ING GROEP N.V.
2002-04-30,8.2954,INGA.AS,ING GROEP N.V.
2002-05-31,7.6185,INGA.AS,ING GROEP N.V.
2002-06-30,6.4757,INGA.AS,ING GROEP N.V.
2002-07-31,6.6574,INGA.AS,ING GROEP N.V.
2002-08-31,4.1901,INGA.AS,ING GROEP N.V.
2002-09-30,5.0514,INGA.AS,ING GROEP N.V.
2002-10-31,5.7273,INGA.AS,ING GROEP N.V.
2002-11-30,4.8271,INGA.AS,ING GROEP N.V.
2002-12-31,4.226,INGA.AS,ING GROEP N.V.
2003-01-31,3.7534,INGA.AS,ING GROEP N.V.
2003-02-28,3.1672,INGA.AS,ING GROEP N.V.
2003-03-31,4.5044,INGA.AS,ING GROEP N.V.
2003-04-30,4.2413,INGA.AS,ING GROEP N.V.
2003-05-31,4.684,INGA.AS,ING GROEP N.V.
2003-06-30,5.5694,INGA.AS,ING GROEP N.V.
2003-07-31,5.6436,INGA.AS,ING GROEP N.V.
2003-08-31,4.9985,INGA.AS,ING GROEP N.V.
2003-09-30,5.6754,INGA.AS,ING GROEP N.V.
2003-10-31,5.6785,INGA.AS,ING GROEP N.V.
2003-11-30,5.8755,INGA.AS,ING GROEP N.V.
2003-12-31,6.3713,INGA.AS,ING GROEP N.V.
2004-01-31,6.2537,INGA.AS,ING GROEP N.V.
2004-02-29,5.6817,INGA.AS,ING GROEP N.V.
2004-03-31,5.8348,INGA.AS,ING GROEP N.V.
2004-04-30,6.0372,INGA.AS,ING GROEP N.V.
2004-05-31,6.3309,INGA.AS,ING GROEP N.V.
2004-06-30,6.2917,INGA.AS,ING GROEP N.V.
2004-07-31,6.7112,INGA.AS,ING GROEP N.V.
2004-08-31,6.8016,INGA.AS,ING GROEP N.V.
2004-09-30,6.9455,INGA.AS,ING GROEP N.V.
2004-10-31,6.9288,INGA.AS,ING GROEP N.V.
2004-11-30,7.4509,INGA.AS,ING GROEP N.V.
2004-12-31,7.3907,INGA.AS,ING GROEP N.V.
2005-01-31,7.7823,INGA.AS,ING GROEP N.V.
2005-02-28,7.7991,INGA.AS,ING GROEP N.V.
2005-03-31,7.2626,INGA.AS,ING GROEP N.V.
2005-04-30,7.7376,INGA.AS,ING GROEP N.V.
2005-05-31,8.0439,INGA.AS,ING GROEP N.V.
2005-06-30,8.5981,INGA.AS,ING GROEP N.V.
2005-07-31,8.2888,INGA.AS,ING GROEP N.V.
2005-08-31,8.7254,INGA.AS,ING GROEP N.V.
2005-09-30,8.4683,INGA.AS,ING GROEP N.V.
2005-10-31,9.6902,INGA.AS,ING GROEP N.V.
2005-11-30,10.3169,INGA.AS,ING GROEP N.V.
2005-12-31,10.3416,INGA.AS,ING GROEP N.V.
2006-01-31,11.1022,INGA.AS,ING GROEP N.V.
2006-02-28,11.4789,INGA.AS,ING GROEP N.V.
2006-03-31,11.588,INGA.AS,ING GROEP N.V.
2006-04-30,10.9665,INGA.AS,ING GROEP N.V.
2006-05-31,11.0384,INGA.AS,ING GROEP N.V.
2006-06-30,11.4155,INGA.AS,ING GROEP N.V.
2006-07-31,12.3487,INGA.AS,ING GROEP N.V.
2006-08-31,12.6926,INGA.AS,ING GROEP N.V.
2006-09-30,12.6999,INGA.AS,ING GROEP N.V.
2006-10-31,11.7779,INGA.AS,ING GROEP N.V.
2006-11-30,12.2901,INGA.AS,ING GROEP N.V.
2006-12-31,12.2755,INGA.AS,ING GROEP N.V.
2007-01-31,11.8072,INGA.AS,ING GROEP N.V.
2007-02-28,11.5803,INGA.AS,ING GROEP N.V.
2007-03-31,12.5753,INGA.AS,ING GROEP N.V.
2007-04-30,12.3772,INGA.AS,ING GROEP N.V.
2007-05-31,12.2575,INGA.AS,ING GROEP N.V.
2007-06-30,11.708,INGA.AS,ING GROEP N.V.
2007-07-31,11.2675,INGA.AS,ING GROEP N.V.
2007-08-31,11.8821,INGA.AS,ING GROEP N.V.
2007-09-30,11.8477,INGA.AS,ING GROEP N.V.
2007-10-31,10.1263,INGA.AS,ING GROEP N.V.
2007-11-30,10.2103,INGA.AS,ING GROEP N.V.
2007-12-31,8.2751,INGA.AS,ING GROEP N.V.
2008-01-31,8.4926,INGA.AS,ING GROEP N.V.
2008-02-29,9.0537,INGA.AS,ING GROEP N.V.
2008-03-31,9.6788,INGA.AS,ING GROEP N.V.
2008-04-30,9.6907,INGA.AS,ING GROEP N.V.
2008-05-31,7.9985,INGA.AS,ING GROEP N.V.
2008-06-30,8.2947,INGA.AS,ING GROEP N.V.
2008-07-31,8.7205,INGA.AS,ING GROEP N.V.
2008-08-31,6.1011,INGA.AS,ING GROEP N.V.
2008-09-30,2.9565,INGA.AS,ING GROEP N.V.
2008-10-31,2.697,INGA.AS,ING GROEP N.V.
2008-11-30,2.9954,INGA.AS,ING GROEP N.V.
2008-12-31,2.608,INGA.AS,ING GROEP N.V.
2009-01-31,1.4981,INGA.AS,ING GROEP N.V.
2009-02-28,1.6959,INGA.AS,ING GROEP N.V.
2009-03-31,2.8957,INGA.AS,ING GROEP N.V.
2009-04-30,3.033,INGA.AS,ING GROEP N.V.
2009-05-31,2.9308,INGA.AS,ING GROEP N.V.
2009-06-30,3.677,INGA.AS,ING GROEP N.V.
2009-07-31,4.3091,INGA.AS,ING GROEP N.V.
2009-08-31,4.9855,INGA.AS,ING GROEP N.V.
2009-09-30,3.6516,INGA.AS,ING GROEP N.V.
2009-10-31,3.3016,INGA.AS,ING GROEP N.V.
2009-11-30,3.672,INGA.AS,ING GROEP N.V.
2009-12-31,3.6528,INGA.AS,ING GROEP N.V.
2010-01-31,3.4937,INGA.AS,ING GROEP N.V.
2010-02-28,3.9338,INGA.AS,ING GROEP N.V.
2010-03-31,3.5863,INGA.AS,ING GROEP N.V.
2010-04-30,3.4511,INGA.AS,ING GROEP N.V.
2010-05-31,3.2867,INGA.AS,ING GROEP N.V.
2010-06-30,3.9274,INGA.AS,ING GROEP N.V.
2010-07-31,3.7348,INGA.AS,ING GROEP N.V.
2010-08-31,4.0498,INGA.AS,ING GROEP N.V.
2010-09-30,4.0818,INGA.AS,ING GROEP N.V.
2010-10-31,3.6198,INGA.AS,ING GROEP N.V.
2010-11-30,3.8742,INGA.AS,ING GROEP N.V.
2010-12-31,4.4298,INGA.AS,ING GROEP N.V.
2011-01-31,4.8359,INGA.AS,ING GROEP N.V.
2011-02-28,4.7528,INGA.AS,ING GROEP N.V.
2011-03-31,4.7363,INGA.AS,ING GROEP N.V.
2011-04-30,4.4591,INGA.AS,ING GROEP N.V.
2011-05-31,4.5176,INGA.AS,ING GROEP N.V.
2011-06-30,4.0019,INGA.AS,ING GROEP N.V.
2011-07-31,3.2574,INGA.AS,ING GROEP N.V.
2011-08-31,2.8381,INGA.AS,ING GROEP N.V.
2011-09-30,3.3314,INGA.AS,ING GROEP N.V.
2011-10-31,3.0541,INGA.AS,ING GROEP N.V.
2011-11-30,2.9589,INGA.AS,ING GROEP N.V.
2011-12-31,3.7029,INGA.AS,ING GROEP N.V.
2012-01-31,3.5432,INGA.AS,ING GROEP N.V.
2012-02-29,3.3245,INGA.AS,ING GROEP N.V.
2012-03-31,2.8349,INGA.AS,ING GROEP N.V.
2012-04-30,2.4858,INGA.AS,ING GROEP N.V.
2012-05-31,2.8024,INGA.AS,ING GROEP N.V.
2012-06-30,2.8636,INGA.AS,ING GROEP N.V.
2012-07-31,3.2367,INGA.AS,ING GROEP N.V.
2012-08-31,3.2723,INGA.AS,ING GROEP N.V.
2012-09-30,3.6273,INGA.AS,ING GROEP N.V.
2012-10-31,3.6773,INGA.AS,ING GROEP N.V.
2012-11-30,3.7577,INGA.AS,ING GROEP N.V.
2012-12-31,3.9642,INGA.AS,ING GROEP N.V.
2013-01-31,3.2771,INGA.AS,ING GROEP N.V.
2013-02-28,2.9466,INGA.AS,ING GROEP N.V.
2013-03-31,3.3165,INGA.AS,ING GROEP N.V.
2013-04-30,3.8487,INGA.AS,ING GROEP N.V.
2013-05-31,3.7252,INGA.AS,ING GROEP N.V.
2013-06-30,4.0871,INGA.AS,ING GROEP N.V.
2013-07-31,4.3718,INGA.AS,ING GROEP N.V.
2013-08-31,4.4442,INGA.AS,ING GROEP N.V.
2013-09-30,4.9934,INGA.AS,ING GROEP N.V.
2013-10-31,5.0865,INGA.AS,ING GROEP N.V.
2013-11-30,5.3749,INGA.AS,ING GROEP N.V.
2013-12-31,5.2366,INGA.AS,ING GROEP N.V.
2014-01-31,5.6251,INGA.AS,ING GROEP N.V.
2014-02-28,5.4681,INGA.AS,ING GROEP N.V.
2014-03-31,5.4468,INGA.AS,ING GROEP N.V.
2014-04-30,5.4681,INGA.AS,ING GROEP N.V.
2014-05-31,5.4601,INGA.AS,ING GROEP N.V.
2014-06-30,5.186,INGA.AS,ING GROEP N.V.
2014-07-31,5.5692,INGA.AS,ING GROEP N.V.
2014-08-31,6.0189,INGA.AS,ING GROEP N.V.
2014-09-30,6.0721,INGA.AS,ING GROEP N.V.
2014-10-31,6.269,INGA.AS,ING GROEP N.V.
2014-11-30,5.7634,INGA.AS,ING GROEP N.V.
2014-12-31,5.9178,INGA.AS,ING GROEP N.V.
2015-01-31,7.1072,INGA.AS,ING GROEP N.V.
2015-02-28,7.2615,INGA.AS,ING GROEP N.V.
2015-03-31,7.3413,INGA.AS,ING GROEP N.V.
2015-04-30,8.0365,INGA.AS,ING GROEP N.V.
2015-05-31,7.948,INGA.AS,ING GROEP N.V.
2015-06-30,8.3129,INGA.AS,ING GROEP N.V.
2015-07-31,7.4414,INGA.AS,ING GROEP N.V.
2015-08-31,6.8987,INGA.AS,ING GROEP N.V.
2015-09-30,7.2178,INGA.AS,ING GROEP N.V.
2015-10-31,7.0869,INGA.AS,ING GROEP N.V.
2015-11-30,6.8796,INGA.AS,ING GROEP N.V.
2015-12-31,5.778,INGA.AS,ING GROEP N.V.
2016-01-31,5.9416,INGA.AS,ING GROEP N.V.
2016-02-29,5.7971,INGA.AS,ING GROEP N.V.
2016-03-31,6.0518,INGA.AS,ING GROEP N.V.
2016-04-30,6.3347,INGA.AS,ING GROEP N.V.
2016-05-31,5.1939,INGA.AS,ING GROEP N.V.
2016-06-30,5.6585,INGA.AS,ING GROEP N.V.
2016-07-31,6.4998,INGA.AS,ING GROEP N.V.
2016-08-31,6.3666,INGA.AS,ING GROEP N.V.
2016-09-30,6.9488,INGA.AS,ING GROEP N.V.
2016-10-31,7.4441,INGA.AS,ING GROEP N.V.
2016-11-30,7.7454,INGA.AS,ING GROEP N.V.
2016-12-31,7.6758,INGA.AS,ING GROEP N.V.
2017-01-31,7.5397,INGA.AS,ING GROEP N.V.
2017-02-28,8.2088,INGA.AS,ING GROEP N.V.
2017-03-31,8.6578,INGA.AS,ING GROEP N.V.
2017-04-30,8.865,INGA.AS,ING GROEP N.V.
2017-05-31,8.9901,INGA.AS,ING GROEP N.V.
2017-06-30,9.4158,INGA.AS,ING GROEP N.V.
2017-07-31,9.009,INGA.AS,ING GROEP N.V.
2017-08-31,9.4323,INGA.AS,ING GROEP N.V.
2017-09-30,9.5895,INGA.AS,ING GROEP N.V.
2017-10-31,9.1632,INGA.AS,ING GROEP N.V.
2017-11-30,9.266,INGA.AS,ING GROEP N.V.
2017-12-31,9.5713,INGA.AS,ING GROEP N.V.
2018-01-31,8.7539,INGA.AS,ING GROEP N.V.
2018-02-28,8.2835,INGA.AS,ING GROEP N.V.
2018-03-31,8.7094,INGA.AS,ING GROEP N.V.
2018-04-30,7.7634,INGA.AS,ING GROEP N.V.
2018-05-31,7.6824,INGA.AS,ING GROEP N.V.
2018-06-30,8.1648,INGA.AS,ING GROEP N.V.
2018-07-31,7.3954,INGA.AS,ING GROEP N.V.
2018-08-31,7.1021,INGA.AS,ING GROEP N.V.
2018-09-30,6.655,INGA.AS,ING GROEP N.V.
2018-10-31,6.7845,INGA.AS,ING GROEP N.V.
2018-11-30,5.9755,INGA.AS,ING GROEP N.V.
2018-12-31,6.5483,INGA.AS,ING GROEP N.V.
2019-01-31,7.3865,INGA.AS,ING GROEP N.V.
2019-02-28,6.8481,INGA.AS,ING GROEP N.V.
2019-03-31,7.4922,INGA.AS,ING GROEP N.V.
2019-04-30,6.3964,INGA.AS,ING GROEP N.V.
2019-05-31,6.7269,INGA.AS,ING GROEP N.V.
2019-06-30,6.6451,INGA.AS,ING GROEP N.V.
2019-07-31,5.8907,INGA.AS,ING GROEP N.V.
2019-08-31,6.5051,INGA.AS,ING GROEP N.V.
2019-09-30,6.86,INGA.AS,ING GROEP N.V.
2019-10-31,7.074,INGA.AS,ING GROEP N.V.
2019-11-30,7.2393,INGA.AS,ING GROEP N.V.
2019-12-31,6.6548,INGA.AS,ING GROEP N.V.
2020-01-31,5.8311,INGA.AS,ING GROEP N.V.
2020-02-29,3.2386,INGA.AS,ING GROEP N.V.
2020-03-31,3.3921,INGA.AS,ING GROEP N.V.
2020-04-30,3.9326,INGA.AS,ING GROEP N.V.
2020-05-31,4.1981,INGA.AS,ING GROEP N.V.
2020-06-30,3.9935,INGA.AS,ING GROEP N.V.
2020-07-31,4.6085,INGA.AS,ING GROEP N.V.
2020-08-31,4.1026,INGA.AS,ING GROEP N.V.
2020-09-30,3.9685,INGA.AS,ING GROEP N.V.
2020-10-31,5.5372,INGA.AS,ING GROEP N.V.
2020-11-30,5.1755,INGA.AS,ING GROEP N.V.
2020-12-31,4.9953,INGA.AS,ING GROEP N.V.
2021-01-31,6.2061,INGA.AS,ING GROEP N.V.
2021-02-28,7.1626,INGA.AS,ING GROEP N.V.
2021-03-31,7.2985,INGA.AS,ING GROEP N.V.
2021-04-30,7.786,INGA.AS,ING GROEP N.V.
2021-05-31,7.6487,INGA.AS,ING GROEP N.V.
2021-06-30,7.4468,INGA.AS,ING GROEP N.V.
2021-07-31,8.0332,INGA.AS,ING GROEP N.V.
2021-08-31,8.6291,INGA.AS,ING GROEP N.V.
2021-09-30,9.3677,INGA.AS,ING GROEP N.V.
2021-10-31,8.7166,INGA.AS,ING GROEP N.V.
2021-11-30,8.7408,INGA.AS,ING GROEP N.V.
2021-12-31,9.3263,INGA.AS,ING GROEP N.V.
2022-01-31,7.4956,INGA.AS,ING GROEP N.V.
2022-02-28,6.7909,INGA.AS,ING GROEP N.V.
2022-03-31,6.797,INGA.AS,ING GROEP N.V.
2022-04-30,8.0759,INGA.AS,ING GROEP N.V.
2022-05-31,7.2372,INGA.AS,ING GROEP N.V.
2022-06-30,7.2832,INGA.AS,ING GROEP N.V.
2022-07-31,6.8499,INGA.AS,ING GROEP N.V.
2022-08-31,6.9218,INGA.AS,ING GROEP N.V.
2022-09-30,7.7783,INGA.AS,ING GROEP N.V.
2022-10-31,9.0567,INGA.AS,ING GROEP N.V.
2022-11-30,8.8988,INGA.AS,ING GROEP N.V.
2022-12-31,10.4248,INGA.AS,ING GROEP N.V.
2023-01-31,10.4358,INGA.AS,ING GROEP N.V.
2023-02-28,8.5982,INGA.AS,ING GROEP N.V.
2023-03-31,9.119,INGA.AS,ING GROEP N.V.
2023-04-30,9.3698,INGA.AS,ING GROEP N.V.
2023-05-31,10.0456,INGA.AS,ING GROEP N.V.
2023-06-30,10.8126,INGA.AS,ING GROEP N.V.
2023-07-31,10.951,INGA.AS,ING GROEP N.V.
2023-08-31,10.4912,INGA.AS,ING GROEP N.V.
2023-09-30,10.0548,INGA.AS,ING GROEP N.V.
2023-10-31,10.7654,INGA.AS,ING GROEP N.V.
2023-11-30,11.3071,INGA.AS,ING GROEP N.V.
2023-12-31,11.0262,INGA.AS,ING GROEP N.V.
2024-01-31,10.6082,INGA.AS,ING GROEP N.V.
2024-02-29,12.7449,INGA.AS,ING GROEP N.V.
2024-03-31,13.0567,INGA.AS,ING GROEP N.V.
2024-04-30,14.3762,INGA.AS,ING GROEP N.V.
2024-05-31,14.023,INGA.AS,ING GROEP N.V.
2024-06-30,14.7153,INGA.AS,ING GROEP N.V.
2024-07-31,14.731,INGA.AS,ING GROEP N.V.
2024-08-31,14.6231,INGA.AS,ING GROEP N.V.
2024-09-30,14.084,INGA.AS,ING GROEP N.V.
2024-10-31,13.1711,INGA.AS,ING GROEP N.V.
2024-11-30,13.5952,INGA.AS,ING GROEP N.V.
2024-12-31,14.5878,INGA.AS,ING GROEP N.V.
2025-01-31,15.5685,INGA.AS,ING GROEP N.V.
2025-02-28,16.3368,INGA.AS,ING GROEP N.V.
2025-03-31,16.107,INGA.AS,ING GROEP N.V.
2025-04-30,17.6842,INGA.AS,ING GROEP N.V.
2025-05-31,17.6331,INGA.AS,ING GROEP N.V.
2025-06-30,19.3978,INGA.AS,ING GROEP N.V.
2025-07-31,19.6256,INGA.AS,ING GROEP N.V.
2025-08-31,21.2788,INGA.AS,ING GROEP N.V.
2025-09-30,20.9366,INGA.AS,ING GROEP N.V.
2025-10-31,21.5438,INGA.AS,ING GROEP N.V.
2025-11-30,23.144,INGA.AS,ING GROEP N.V.
2025-12-31,24.0921,INGA.AS,ING GROEP N.V.
2026-01-31,23.9076,INGA.AS,ING GROEP N.V.
2026-02-28,21.4567,INGA.AS,ING GROEP N.V.
2026-03-31,24.755,INGA.AS,ING GROEP N.V.
2026-04-30,26.7,INGA.AS,ING GROEP N.V.
2026-05-31,27.67,INGA.AS,ING GROEP N.V.
2026-06-30,,INGA.AS,ING GROEP N.V.
1998-06-30,19.6502,VOW3.DE,VOLKSWAGEN AG                 V
1998-07-31,13.8716,VOW3.DE,VOLKSWAGEN AG                 V
1998-08-31,12.3121,VOW3.DE,VOLKSWAGEN AG                 V
1998-09-30,12.263,VOW3.DE,VOLKSWAGEN AG                 V
1998-10-31,14.3804,VOW3.DE,VOLKSWAGEN AG                 V
1998-11-30,13.2313,VOW3.DE,VOLKSWAGEN AG                 V
1998-12-31,13.7483,VOW3.DE,VOLKSWAGEN AG                 V
1999-01-31,11.4783,VOW3.DE,VOLKSWAGEN AG                 V
1999-02-28,11.9342,VOW3.DE,VOLKSWAGEN AG                 V
1999-03-31,12.6823,VOW3.DE,VOLKSWAGEN AG                 V
1999-04-30,10.7559,VOW3.DE,VOLKSWAGEN AG                 V
1999-05-31,11.6549,VOW3.DE,VOLKSWAGEN AG                 V
1999-06-30,10.4669,VOW3.DE,VOLKSWAGEN AG                 V
1999-07-31,10.8361,VOW3.DE,VOLKSWAGEN AG                 V
1999-08-31,9.5358,VOW3.DE,VOLKSWAGEN AG                 V
1999-09-30,10.4284,VOW3.DE,VOLKSWAGEN AG                 V
1999-10-31,8.38,VOW3.DE,VOLKSWAGEN AG                 V
1999-11-30,10.0335,VOW3.DE,VOLKSWAGEN AG                 V
1999-12-31,9.1826,VOW3.DE,VOLKSWAGEN AG                 V
2000-01-31,7.5516,VOW3.DE,VOLKSWAGEN AG                 V
2000-02-29,8.4474,VOW3.DE,VOLKSWAGEN AG                 V
2000-03-31,7.9626,VOW3.DE,VOLKSWAGEN AG                 V
2000-04-30,9.0711,VOW3.DE,VOLKSWAGEN AG                 V
2000-05-31,8.1905,VOW3.DE,VOLKSWAGEN AG                 V
2000-06-30,9.3525,VOW3.DE,VOLKSWAGEN AG                 V
2000-07-31,9.6041,VOW3.DE,VOLKSWAGEN AG                 V
2000-08-31,10.4252,VOW3.DE,VOLKSWAGEN AG                 V
2000-09-30,11.3687,VOW3.DE,VOLKSWAGEN AG                 V
2000-10-31,10.8754,VOW3.DE,VOLKSWAGEN AG                 V
2000-11-30,10.4947,VOW3.DE,VOLKSWAGEN AG                 V
2000-12-31,10.5444,VOW3.DE,VOLKSWAGEN AG                 V
2001-01-31,11.9083,VOW3.DE,VOLKSWAGEN AG                 V
2001-02-28,10.4947,VOW3.DE,VOLKSWAGEN AG                 V
2001-03-31,11.3853,VOW3.DE,VOLKSWAGEN AG                 V
2001-04-30,12.3818,VOW3.DE,VOLKSWAGEN AG                 V
2001-05-31,12.4444,VOW3.DE,VOLKSWAGEN AG                 V
2001-06-30,12.1367,VOW3.DE,VOLKSWAGEN AG                 V
2001-07-31,10.8577,VOW3.DE,VOLKSWAGEN AG                 V
2001-08-31,9.0179,VOW3.DE,VOLKSWAGEN AG                 V
2001-09-30,9.7121,VOW3.DE,VOLKSWAGEN AG                 V
2001-10-31,11.2783,VOW3.DE,VOLKSWAGEN AG                 V
2001-11-30,11.9178,VOW3.DE,VOLKSWAGEN AG                 V
2001-12-31,12.5915,VOW3.DE,VOLKSWAGEN AG                 V
2002-01-31,12.3111,VOW3.DE,VOLKSWAGEN AG                 V
2002-02-28,13.85,VOW3.DE,VOLKSWAGEN AG                 V
2002-03-31,12.6673,VOW3.DE,VOLKSWAGEN AG                 V
2002-04-30,13.5026,VOW3.DE,VOLKSWAGEN AG                 V
2002-05-31,11.6444,VOW3.DE,VOLKSWAGEN AG                 V
2002-06-30,11.8992,VOW3.DE,VOLKSWAGEN AG                 V
2002-07-31,11.6444,VOW3.DE,VOLKSWAGEN AG                 V
2002-08-31,9.45,VOW3.DE,VOLKSWAGEN AG                 V
2002-09-30,9.8217,VOW3.DE,VOLKSWAGEN AG                 V
2002-10-31,10.5083,VOW3.DE,VOLKSWAGEN AG                 V
2002-11-30,8.8483,VOW3.DE,VOLKSWAGEN AG                 V
2002-12-31,10.0871,VOW3.DE,VOLKSWAGEN AG                 V
2003-01-31,9.627,VOW3.DE,VOLKSWAGEN AG                 V
2003-02-28,7.7653,VOW3.DE,VOLKSWAGEN AG                 V
2003-03-31,8.5566,VOW3.DE,VOLKSWAGEN AG                 V
2003-04-30,8.1447,VOW3.DE,VOLKSWAGEN AG                 V
2003-05-31,9.7774,VOW3.DE,VOLKSWAGEN AG                 V
2003-06-30,10.0021,VOW3.DE,VOLKSWAGEN AG                 V
2003-07-31,11.3464,VOW3.DE,VOLKSWAGEN AG                 V
2003-08-31,9.9758,VOW3.DE,VOLKSWAGEN AG                 V
2003-09-30,10.9682,VOW3.DE,VOLKSWAGEN AG                 V
2003-10-31,10.2754,VOW3.DE,VOLKSWAGEN AG                 V
2003-11-30,10.766,VOW3.DE,VOLKSWAGEN AG                 V
2003-12-31,10.2717,VOW3.DE,VOLKSWAGEN AG                 V
2004-01-31,9.7767,VOW3.DE,VOLKSWAGEN AG                 V
2004-02-29,9.1454,VOW3.DE,VOLKSWAGEN AG                 V
2004-03-31,9.9246,VOW3.DE,VOLKSWAGEN AG                 V
2004-04-30,9.5635,VOW3.DE,VOLKSWAGEN AG                 V
2004-05-31,9.4286,VOW3.DE,VOLKSWAGEN AG                 V
2004-06-30,9.1786,VOW3.DE,VOLKSWAGEN AG                 V
2004-07-31,8.6508,VOW3.DE,VOLKSWAGEN AG                 V
2004-08-31,8.6945,VOW3.DE,VOLKSWAGEN AG                 V
2004-09-30,9.9921,VOW3.DE,VOLKSWAGEN AG                 V
2004-10-31,9.7778,VOW3.DE,VOLKSWAGEN AG                 V
2004-11-30,9.6865,VOW3.DE,VOLKSWAGEN AG                 V
2004-12-31,10.9008,VOW3.DE,VOLKSWAGEN AG                 V
2005-01-31,11.2152,VOW3.DE,VOLKSWAGEN AG                 V
2005-02-28,11.276,VOW3.DE,VOLKSWAGEN AG                 V
2005-03-31,10.3207,VOW3.DE,VOLKSWAGEN AG                 V
2005-04-30,11.0921,VOW3.DE,VOLKSWAGEN AG                 V
2005-05-31,12.4273,VOW3.DE,VOLKSWAGEN AG                 V
2005-06-30,14.4363,VOW3.DE,VOLKSWAGEN AG                 V
2005-07-31,13.6437,VOW3.DE,VOLKSWAGEN AG                 V
2005-08-31,16.0978,VOW3.DE,VOLKSWAGEN AG                 V
2005-09-30,14.3685,VOW3.DE,VOLKSWAGEN AG                 V
2005-10-31,13.7963,VOW3.DE,VOLKSWAGEN AG                 V
2005-11-30,13.7751,VOW3.DE,VOLKSWAGEN AG                 V
2005-12-31,15.0297,VOW3.DE,VOLKSWAGEN AG                 V
2006-01-31,18.4589,VOW3.DE,VOLKSWAGEN AG                 V
2006-02-28,19.3341,VOW3.DE,VOLKSWAGEN AG                 V
2006-03-31,18.7834,VOW3.DE,VOLKSWAGEN AG                 V
2006-04-30,17.2505,VOW3.DE,VOLKSWAGEN AG                 V
2006-05-31,17.3471,VOW3.DE,VOLKSWAGEN AG                 V
2006-06-30,18.4187,VOW3.DE,VOLKSWAGEN AG                 V
2006-07-31,19.4727,VOW3.DE,VOLKSWAGEN AG                 V
2006-08-31,20.4871,VOW3.DE,VOLKSWAGEN AG                 V
2006-09-30,22.7269,VOW3.DE,VOLKSWAGEN AG                 V
2006-10-31,23.0124,VOW3.DE,VOLKSWAGEN AG                 V
2006-11-30,24.8349,VOW3.DE,VOLKSWAGEN AG                 V
2006-12-31,24.9447,VOW3.DE,VOLKSWAGEN AG                 V
2007-01-31,29.2705,VOW3.DE,VOLKSWAGEN AG                 V
2007-02-28,33.829,VOW3.DE,VOLKSWAGEN AG                 V
2007-03-31,33.3114,VOW3.DE,VOLKSWAGEN AG                 V
2007-04-30,32.7037,VOW3.DE,VOLKSWAGEN AG                 V
2007-05-31,34.4778,VOW3.DE,VOLKSWAGEN AG                 V
2007-06-30,37.1145,VOW3.DE,VOLKSWAGEN AG                 V
2007-07-31,41.0472,VOW3.DE,VOLKSWAGEN AG                 V
2007-08-31,43.1252,VOW3.DE,VOLKSWAGEN AG                 V
2007-09-30,58.543,VOW3.DE,VOLKSWAGEN AG                 V
2007-10-31,46.3384,VOW3.DE,VOLKSWAGEN AG                 V
2007-11-30,44.6893,VOW3.DE,VOLKSWAGEN AG                 V
2007-12-31,41.5164,VOW3.DE,VOLKSWAGEN AG                 V
2008-01-31,41.0829,VOW3.DE,VOLKSWAGEN AG                 V
2008-02-29,47.0355,VOW3.DE,VOLKSWAGEN AG                 V
2008-03-31,48.2346,VOW3.DE,VOLKSWAGEN AG                 V
2008-04-30,44.3528,VOW3.DE,VOLKSWAGEN AG                 V
2008-05-31,41.8816,VOW3.DE,VOLKSWAGEN AG                 V
2008-06-30,45.6816,VOW3.DE,VOLKSWAGEN AG                 V
2008-07-31,47.9206,VOW3.DE,VOLKSWAGEN AG                 V
2008-08-31,40.0613,VOW3.DE,VOLKSWAGEN AG                 V
2008-09-30,22.0717,VOW3.DE,VOLKSWAGEN AG                 V
2008-10-31,14.5628,VOW3.DE,VOLKSWAGEN AG                 V
2008-11-30,17.3024,VOW3.DE,VOLKSWAGEN AG                 V
2008-12-31,17.6346,VOW3.DE,VOLKSWAGEN AG                 V
2009-01-31,16.2102,VOW3.DE,VOLKSWAGEN AG                 V
2009-02-28,19.7235,VOW3.DE,VOLKSWAGEN AG                 V
2009-03-31,22.7019,VOW3.DE,VOLKSWAGEN AG                 V
2009-04-30,23.8748,VOW3.DE,VOLKSWAGEN AG                 V
2009-05-31,23.5343,VOW3.DE,VOLKSWAGEN AG                 V
2009-06-30,26.0079,VOW3.DE,VOLKSWAGEN AG                 V
2009-07-31,30.9644,VOW3.DE,VOLKSWAGEN AG                 V
2009-08-31,37.6426,VOW3.DE,VOLKSWAGEN AG                 V
2009-09-30,32.0049,VOW3.DE,VOLKSWAGEN AG                 V
2009-10-31,26.722,VOW3.DE,VOLKSWAGEN AG                 V
2009-11-30,31.0921,VOW3.DE,VOLKSWAGEN AG                 V
2009-12-31,27.7152,VOW3.DE,VOLKSWAGEN AG                 V
2010-01-31,28.2828,VOW3.DE,VOLKSWAGEN AG                 V
2010-02-28,32.3069,VOW3.DE,VOLKSWAGEN AG                 V
2010-03-31,35.2835,VOW3.DE,VOLKSWAGEN AG                 V
2010-04-30,34.8895,VOW3.DE,VOLKSWAGEN AG                 V
2010-05-31,35.2056,VOW3.DE,VOLKSWAGEN AG                 V
2010-06-30,39.5492,VOW3.DE,VOLKSWAGEN AG                 V
2010-07-31,38.197,VOW3.DE,VOLKSWAGEN AG                 V
2010-08-31,43.061,VOW3.DE,VOLKSWAGEN AG                 V
2010-09-30,52.5312,VOW3.DE,VOLKSWAGEN AG                 V
2010-10-31,60.2163,VOW3.DE,VOLKSWAGEN AG                 V
2010-11-30,59.049,VOW3.DE,VOLKSWAGEN AG                 V
2010-12-31,57.3952,VOW3.DE,VOLKSWAGEN AG                 V
2011-01-31,59.7786,VOW3.DE,VOLKSWAGEN AG                 V
2011-02-28,55.6685,VOW3.DE,VOLKSWAGEN AG                 V
2011-03-31,64.6912,VOW3.DE,VOLKSWAGEN AG                 V
2011-04-30,61.0633,VOW3.DE,VOLKSWAGEN AG                 V
2011-05-31,70.4405,VOW3.DE,VOLKSWAGEN AG                 V
2011-06-30,69.0055,VOW3.DE,VOLKSWAGEN AG                 V
2011-07-31,57.3767,VOW3.DE,VOLKSWAGEN AG                 V
2011-08-31,49.5088,VOW3.DE,VOLKSWAGEN AG                 V
2011-09-30,62.7458,VOW3.DE,VOLKSWAGEN AG                 V
2011-10-31,63.1664,VOW3.DE,VOLKSWAGEN AG                 V
2011-11-30,57.2778,VOW3.DE,VOLKSWAGEN AG                 V
2011-12-31,66.9766,VOW3.DE,VOLKSWAGEN AG                 V
2012-01-31,69.4508,VOW3.DE,VOLKSWAGEN AG                 V
2012-02-29,65.2447,VOW3.DE,VOLKSWAGEN AG                 V
2012-03-31,72.5599,VOW3.DE,VOLKSWAGEN AG                 V
2012-04-30,65.4611,VOW3.DE,VOLKSWAGEN AG                 V
2012-05-31,63.1794,VOW3.DE,VOLKSWAGEN AG                 V
2012-06-30,70.481,VOW3.DE,VOLKSWAGEN AG                 V
2012-07-31,71.1909,VOW3.DE,VOLKSWAGEN AG                 V
2012-08-31,71.9768,VOW3.DE,VOLKSWAGEN AG                 V
2012-09-30,80.9264,VOW3.DE,VOLKSWAGEN AG                 V
2012-10-31,84.3997,VOW3.DE,VOLKSWAGEN AG                 V
2012-11-30,87.29,VOW3.DE,VOLKSWAGEN AG                 V
2012-12-31,92.3605,VOW3.DE,VOLKSWAGEN AG                 V
2013-01-31,84.8054,VOW3.DE,VOLKSWAGEN AG                 V
2013-02-28,78.5939,VOW3.DE,VOLKSWAGEN AG                 V
2013-03-31,79.9001,VOW3.DE,VOLKSWAGEN AG                 V
2013-04-30,87.7136,VOW3.DE,VOLKSWAGEN AG                 V
2013-05-31,80.7568,VOW3.DE,VOLKSWAGEN AG                 V
2013-06-30,92.7496,VOW3.DE,VOLKSWAGEN AG                 V
2013-07-31,89.349,VOW3.DE,VOLKSWAGEN AG                 V
2013-08-31,90.4652,VOW3.DE,VOLKSWAGEN AG                 V
2013-09-30,97.1885,VOW3.DE,VOLKSWAGEN AG                 V
2013-10-31,101.3938,VOW3.DE,VOLKSWAGEN AG                 V
2013-11-30,105.9884,VOW3.DE,VOLKSWAGEN AG                 V
2013-12-31,97.6298,VOW3.DE,VOLKSWAGEN AG                 V
2014-01-31,98.123,VOW3.DE,VOLKSWAGEN AG                 V
2014-02-28,97.6557,VOW3.DE,VOLKSWAGEN AG                 V
2014-03-31,100.7708,VOW3.DE,VOLKSWAGEN AG                 V
2014-04-30,103.4291,VOW3.DE,VOLKSWAGEN AG                 V
2014-05-31,101.7318,VOW3.DE,VOLKSWAGEN AG                 V
2014-06-30,92.5823,VOW3.DE,VOLKSWAGEN AG                 V
2014-07-31,90.6198,VOW3.DE,VOLKSWAGEN AG                 V
2014-08-31,87.1987,VOW3.DE,VOLKSWAGEN AG                 V
2014-09-30,90.1955,VOW3.DE,VOLKSWAGEN AG                 V
2014-10-31,98.2311,VOW3.DE,VOLKSWAGEN AG                 V
2014-11-30,97.9394,VOW3.DE,VOLKSWAGEN AG                 V
2014-12-31,105.1794,VOW3.DE,VOLKSWAGEN AG                 V
2015-01-31,119.6064,VOW3.DE,VOLKSWAGEN AG                 V
2015-02-28,131.461,VOW3.DE,VOLKSWAGEN AG                 V
2015-03-31,122.7624,VOW3.DE,VOLKSWAGEN AG                 V
2015-04-30,119.767,VOW3.DE,VOLKSWAGEN AG                 V
2015-05-31,112.7219,VOW3.DE,VOLKSWAGEN AG                 V
2015-06-30,98.8484,VOW3.DE,VOLKSWAGEN AG                 V
2015-07-31,91.8575,VOW3.DE,VOLKSWAGEN AG                 V
2015-08-31,52.9739,VOW3.DE,VOLKSWAGEN AG                 V
2015-09-30,59.2332,VOW3.DE,VOLKSWAGEN AG                 V
2015-10-31,71.2911,VOW3.DE,VOLKSWAGEN AG                 V
2015-11-30,72.4834,VOW3.DE,VOLKSWAGEN AG                 V
2015-12-31,57.9325,VOW3.DE,VOLKSWAGEN AG                 V
2016-01-31,58.3661,VOW3.DE,VOLKSWAGEN AG                 V
2016-02-29,60.6151,VOW3.DE,VOLKSWAGEN AG                 V
2016-03-31,68.5273,VOW3.DE,VOLKSWAGEN AG                 V
2016-04-30,72.8086,VOW3.DE,VOLKSWAGEN AG                 V
2016-05-31,58.7724,VOW3.DE,VOLKSWAGEN AG                 V
2016-06-30,68.2693,VOW3.DE,VOLKSWAGEN AG                 V
2016-07-31,67.5638,VOW3.DE,VOLKSWAGEN AG                 V
2016-08-31,63.4666,VOW3.DE,VOLKSWAGEN AG                 V
2016-09-30,67.9437,VOW3.DE,VOLKSWAGEN AG                 V
2016-10-31,66.0986,VOW3.DE,VOLKSWAGEN AG                 V
2016-11-30,72.3666,VOW3.DE,VOLKSWAGEN AG                 V
2016-12-31,78.0919,VOW3.DE,VOLKSWAGEN AG                 V
2017-01-31,75.8126,VOW3.DE,VOLKSWAGEN AG                 V
2017-02-28,74.1303,VOW3.DE,VOLKSWAGEN AG                 V
2017-03-31,78.9873,VOW3.DE,VOLKSWAGEN AG                 V
2017-04-30,73.6341,VOW3.DE,VOLKSWAGEN AG                 V
2017-05-31,73.4139,VOW3.DE,VOLKSWAGEN AG                 V
2017-06-30,71.6247,VOW3.DE,VOLKSWAGEN AG                 V
2017-07-31,69.0096,VOW3.DE,VOLKSWAGEN AG                 V
2017-08-31,75.9739,VOW3.DE,VOLKSWAGEN AG                 V
2017-09-30,85.8284,VOW3.DE,VOLKSWAGEN AG                 V
2017-10-31,98.0504,VOW3.DE,VOLKSWAGEN AG                 V
2017-11-30,91.6366,VOW3.DE,VOLKSWAGEN AG                 V
2017-12-31,97.4558,VOW3.DE,VOLKSWAGEN AG                 V
2018-01-31,88.7023,VOW3.DE,VOLKSWAGEN AG                 V
2018-02-28,88.8454,VOW3.DE,VOLKSWAGEN AG                 V
2018-03-31,94.604,VOW3.DE,VOLKSWAGEN AG                 V
2018-04-30,90.6421,VOW3.DE,VOLKSWAGEN AG                 V
2018-05-31,80.099,VOW3.DE,VOLKSWAGEN AG                 V
2018-06-30,85.731,VOW3.DE,VOLKSWAGEN AG                 V
2018-07-31,79.3217,VOW3.DE,VOLKSWAGEN AG                 V
2018-08-31,85.3818,VOW3.DE,VOLKSWAGEN AG                 V
2018-09-30,83.7823,VOW3.DE,VOLKSWAGEN AG                 V
2018-10-31,83.8612,VOW3.DE,VOLKSWAGEN AG                 V
2018-11-30,78.2404,VOW3.DE,VOLKSWAGEN AG                 V
2018-12-31,83.7035,VOW3.DE,VOLKSWAGEN AG                 V
2019-01-31,84.9876,VOW3.DE,VOLKSWAGEN AG                 V
2019-02-28,79.0289,VOW3.DE,VOLKSWAGEN AG                 V
2019-03-31,87.3192,VOW3.DE,VOLKSWAGEN AG                 V
2019-04-30,81.2157,VOW3.DE,VOLKSWAGEN AG                 V
2019-05-31,86.2924,VOW3.DE,VOLKSWAGEN AG                 V
2019-06-30,87.876,VOW3.DE,VOLKSWAGEN AG                 V
2019-07-31,85.0582,VOW3.DE,VOLKSWAGEN AG                 V
2019-08-31,90.8568,VOW3.DE,VOLKSWAGEN AG                 V
2019-09-30,99.3801,VOW3.DE,VOLKSWAGEN AG                 V
2019-10-31,102.163,VOW3.DE,VOLKSWAGEN AG                 V
2019-11-30,102.6055,VOW3.DE,VOLKSWAGEN AG                 V
2019-12-31,94.5363,VOW3.DE,VOLKSWAGEN AG                 V
2020-01-31,86.502,VOW3.DE,VOLKSWAGEN AG                 V
2020-02-29,62.2014,VOW3.DE,VOLKSWAGEN AG                 V
2020-03-31,74.6486,VOW3.DE,VOLKSWAGEN AG                 V
2020-04-30,77.1404,VOW3.DE,VOLKSWAGEN AG                 V
2020-05-31,78.5609,VOW3.DE,VOLKSWAGEN AG                 V
2020-06-30,72.774,VOW3.DE,VOLKSWAGEN AG                 V
2020-07-31,81.1226,VOW3.DE,VOLKSWAGEN AG                 V
2020-08-31,79.9931,VOW3.DE,VOLKSWAGEN AG                 V
2020-09-30,75.5028,VOW3.DE,VOLKSWAGEN AG                 V
2020-10-31,85.3043,VOW3.DE,VOLKSWAGEN AG                 V
2020-11-30,91.9915,VOW3.DE,VOLKSWAGEN AG                 V
2020-12-31,94.4177,VOW3.DE,VOLKSWAGEN AG                 V
2021-01-31,104.4244,VOW3.DE,VOLKSWAGEN AG                 V
2021-02-28,144.0045,VOW3.DE,VOLKSWAGEN AG                 V
2021-03-31,130.787,VOW3.DE,VOLKSWAGEN AG                 V
2021-04-30,137.8484,VOW3.DE,VOLKSWAGEN AG                 V
2021-05-31,127.4676,VOW3.DE,VOLKSWAGEN AG                 V
2021-06-30,126.983,VOW3.DE,VOLKSWAGEN AG                 V
2021-07-31,124.3877,VOW3.DE,VOLKSWAGEN AG                 V
2021-08-31,119.6545,VOW3.DE,VOLKSWAGEN AG                 V
2021-09-30,119.7657,VOW3.DE,VOLKSWAGEN AG                 V
2021-10-31,99.8933,VOW3.DE,VOLKSWAGEN AG                 V
2021-11-30,109.6688,VOW3.DE,VOLKSWAGEN AG                 V
2021-12-31,113.2775,VOW3.DE,VOLKSWAGEN AG                 V
2022-01-31,110.0149,VOW3.DE,VOLKSWAGEN AG                 V
2022-02-28,97.0138,VOW3.DE,VOLKSWAGEN AG                 V
2022-03-31,92.0333,VOW3.DE,VOLKSWAGEN AG                 V
2022-04-30,100.7832,VOW3.DE,VOLKSWAGEN AG                 V
2022-05-31,83.0217,VOW3.DE,VOLKSWAGEN AG                 V
2022-06-30,89.4591,VOW3.DE,VOLKSWAGEN AG                 V
2022-07-31,92.6126,VOW3.DE,VOLKSWAGEN AG                 V
2022-08-31,82.3571,VOW3.DE,VOLKSWAGEN AG                 V
2022-09-30,84.2727,VOW3.DE,VOLKSWAGEN AG                 V
2022-10-31,91.1531,VOW3.DE,VOLKSWAGEN AG                 V
2022-11-30,88.1612,VOW3.DE,VOLKSWAGEN AG                 V
2022-12-31,96.1276,VOW3.DE,VOLKSWAGEN AG                 V
2023-01-31,97.8088,VOW3.DE,VOLKSWAGEN AG                 V
2023-02-28,95.1432,VOW3.DE,VOLKSWAGEN AG                 V
2023-03-31,93.6589,VOW3.DE,VOLKSWAGEN AG                 V
2023-04-30,94.8406,VOW3.DE,VOLKSWAGEN AG                 V
2023-05-31,100.0146,VOW3.DE,VOLKSWAGEN AG                 V
2023-06-30,98.0785,VOW3.DE,VOLKSWAGEN AG                 V
2023-07-31,91.9608,VOW3.DE,VOLKSWAGEN AG                 V
2023-08-31,88.6253,VOW3.DE,VOLKSWAGEN AG                 V
2023-09-30,81.2141,VOW3.DE,VOLKSWAGEN AG                 V
2023-10-31,86.5752,VOW3.DE,VOLKSWAGEN AG                 V
2023-11-30,90.952,VOW3.DE,VOLKSWAGEN AG                 V
2023-12-31,97.4927,VOW3.DE,VOLKSWAGEN AG                 V
2024-01-31,101.9671,VOW3.DE,VOLKSWAGEN AG                 V
2024-02-29,99.9333,VOW3.DE,VOLKSWAGEN AG                 V
2024-03-31,93.6773,VOW3.DE,VOLKSWAGEN AG                 V
2024-04-30,101.1408,VOW3.DE,VOLKSWAGEN AG                 V
2024-05-31,92.6978,VOW3.DE,VOLKSWAGEN AG                 V
2024-06-30,90.7629,VOW3.DE,VOLKSWAGEN AG                 V
2024-07-31,84.5889,VOW3.DE,VOLKSWAGEN AG                 V
2024-08-31,83.6918,VOW3.DE,VOLKSWAGEN AG                 V
2024-09-30,78.2214,VOW3.DE,VOLKSWAGEN AG                 V
2024-10-31,70.9921,VOW3.DE,VOLKSWAGEN AG                 V
2024-11-30,78.3094,VOW3.DE,VOLKSWAGEN AG                 V
2024-12-31,86.7524,VOW3.DE,VOLKSWAGEN AG                 V
2025-01-31,91.5544,VOW3.DE,VOLKSWAGEN AG                 V
2025-02-28,82.2847,VOW3.DE,VOLKSWAGEN AG                 V
2025-03-31,83.9381,VOW3.DE,VOLKSWAGEN AG                 V
2025-04-30,89.3958,VOW3.DE,VOLKSWAGEN AG                 V
2025-05-31,84.0148,VOW3.DE,VOLKSWAGEN AG                 V
2025-06-30,86.3584,VOW3.DE,VOLKSWAGEN AG                 V
2025-07-31,93.3518,VOW3.DE,VOLKSWAGEN AG                 V
2025-08-31,86.2084,VOW3.DE,VOLKSWAGEN AG                 V
2025-09-30,84.5772,VOW3.DE,VOLKSWAGEN AG                 V
2025-10-31,92.2269,VOW3.DE,VOLKSWAGEN AG                 V
2025-11-30,97.0735,VOW3.DE,VOLKSWAGEN AG                 V
2025-12-31,96.2298,VOW3.DE,VOLKSWAGEN AG                 V
2026-01-31,94.8705,VOW3.DE,VOLKSWAGEN AG                 V
2026-02-28,80.9961,VOW3.DE,VOLKSWAGEN AG                 V
2026-03-31,80.8274,VOW3.DE,VOLKSWAGEN AG                 V
2026-04-30,86.0772,VOW3.DE,VOLKSWAGEN AG                 V
2026-05-31,70.1,VOW3.DE,VOLKSWAGEN AG                 V
2026-06-30,,VOW3.DE,VOLKSWAGEN AG                 V
1996-10-31,8.053,BMW.DE,BAYERISCHE MOTOREN WERKE AG   S
1996-11-30,8.6051,BMW.DE,BAYERISCHE MOTOREN WERKE AG   S
1996-12-31,8.4362,BMW.DE,BAYERISCHE MOTOREN WERKE AG   S
1997-01-31,9.1518,BMW.DE,BAYERISCHE MOTOREN WERKE AG   S
1997-02-28,10.7762,BMW.DE,BAYERISCHE MOTOREN WERKE AG   S
1997-03-31,11.4959,BMW.DE,BAYERISCHE MOTOREN WERKE AG   S
1997-04-30,11.1782,BMW.DE,BAYERISCHE MOTOREN WERKE AG   S
1997-05-31,11.4358,BMW.DE,BAYERISCHE MOTOREN WERKE AG   S
1997-06-30,11.902,BMW.DE,BAYERISCHE MOTOREN WERKE AG   S
1997-07-31,10.2535,BMW.DE,BAYERISCHE MOTOREN WERKE AG   S
1997-08-31,12.0067,BMW.DE,BAYERISCHE MOTOREN WERKE AG   S
1997-09-30,10.1971,BMW.DE,BAYERISCHE MOTOREN WERKE AG   S
1997-10-31,10.6956,BMW.DE,BAYERISCHE MOTOREN WERKE AG   S
1997-11-30,10.7762,BMW.DE,BAYERISCHE MOTOREN WERKE AG   S
1997-12-31,11.7253,BMW.DE,BAYERISCHE MOTOREN WERKE AG   S
1998-01-31,14.8374,BMW.DE,BAYERISCHE MOTOREN WERKE AG   S
1998-02-28,16.4937,BMW.DE,BAYERISCHE MOTOREN WERKE AG   S
1998-03-31,16.261,BMW.DE,BAYERISCHE MOTOREN WERKE AG   S
1998-04-30,14.7569,BMW.DE,BAYERISCHE MOTOREN WERKE AG   S
1998-05-31,14.6203,BMW.DE,BAYERISCHE MOTOREN WERKE AG   S
1998-06-30,14.2142,BMW.DE,BAYERISCHE MOTOREN WERKE AG   S
1998-07-31,10.4866,BMW.DE,BAYERISCHE MOTOREN WERKE AG   S
1998-08-31,8.5327,BMW.DE,BAYERISCHE MOTOREN WERKE AG   S
1998-09-30,9.2083,BMW.DE,BAYERISCHE MOTOREN WERKE AG   S
1998-10-31,10.4466,BMW.DE,BAYERISCHE MOTOREN WERKE AG   S
1998-11-30,10.1247,BMW.DE,BAYERISCHE MOTOREN WERKE AG   S
1998-12-31,9.7992,BMW.DE,BAYERISCHE MOTOREN WERKE AG   S
1999-01-31,10.4282,BMW.DE,BAYERISCHE MOTOREN WERKE AG   S
1999-02-28,9.5318,BMW.DE,BAYERISCHE MOTOREN WERKE AG   S
1999-03-31,10.3648,BMW.DE,BAYERISCHE MOTOREN WERKE AG   S
1999-04-30,9.5207,BMW.DE,BAYERISCHE MOTOREN WERKE AG   S
1999-05-31,10.5149,BMW.DE,BAYERISCHE MOTOREN WERKE AG   S
1999-06-30,11.0416,BMW.DE,BAYERISCHE MOTOREN WERKE AG   S
1999-07-31,12.2684,BMW.DE,BAYERISCHE MOTOREN WERKE AG   S
1999-08-31,11.0579,BMW.DE,BAYERISCHE MOTOREN WERKE AG   S
1999-09-30,12.6774,BMW.DE,BAYERISCHE MOTOREN WERKE AG   S
1999-10-31,10.5427,BMW.DE,BAYERISCHE MOTOREN WERKE AG   S
1999-11-30,12.6774,BMW.DE,BAYERISCHE MOTOREN WERKE AG   S
1999-12-31,9.6512,BMW.DE,BAYERISCHE MOTOREN WERKE AG   S
2000-01-31,10.9025,BMW.DE,BAYERISCHE MOTOREN WERKE AG   S
2000-02-29,13.5566,BMW.DE,BAYERISCHE MOTOREN WERKE AG   S
2000-03-31,12.1049,BMW.DE,BAYERISCHE MOTOREN WERKE AG   S
2000-04-30,13.4928,BMW.DE,BAYERISCHE MOTOREN WERKE AG   S
2000-05-31,13.0789,BMW.DE,BAYERISCHE MOTOREN WERKE AG   S
2000-06-30,15.1898,BMW.DE,BAYERISCHE MOTOREN WERKE AG   S
2000-07-31,15.1277,BMW.DE,BAYERISCHE MOTOREN WERKE AG   S
2000-08-31,16.0589,BMW.DE,BAYERISCHE MOTOREN WERKE AG   S
2000-09-30,15.7444,BMW.DE,BAYERISCHE MOTOREN WERKE AG   S
2000-10-31,14.2502,BMW.DE,BAYERISCHE MOTOREN WERKE AG   S
2000-11-30,14.4447,BMW.DE,BAYERISCHE MOTOREN WERKE AG   S
2000-12-31,15.4381,BMW.DE,BAYERISCHE MOTOREN WERKE AG   S
2001-01-31,15.7526,BMW.DE,BAYERISCHE MOTOREN WERKE AG   S
2001-02-28,14.3082,BMW.DE,BAYERISCHE MOTOREN WERKE AG   S
2001-03-31,15.4795,BMW.DE,BAYERISCHE MOTOREN WERKE AG   S
2001-04-30,16.7933,BMW.DE,BAYERISCHE MOTOREN WERKE AG   S
2001-05-31,16.3704,BMW.DE,BAYERISCHE MOTOREN WERKE AG   S
2001-06-30,16.9524,BMW.DE,BAYERISCHE MOTOREN WERKE AG   S
2001-07-31,14.7166,BMW.DE,BAYERISCHE MOTOREN WERKE AG   S
2001-08-31,11.7356,BMW.DE,BAYERISCHE MOTOREN WERKE AG   S
2001-09-30,13.8165,BMW.DE,BAYERISCHE MOTOREN WERKE AG   S
2001-10-31,14.859,BMW.DE,BAYERISCHE MOTOREN WERKE AG   S
2001-11-30,16.3913,BMW.DE,BAYERISCHE MOTOREN WERKE AG   S
2001-12-31,17.9405,BMW.DE,BAYERISCHE MOTOREN WERKE AG   S
2002-01-31,17.9405,BMW.DE,BAYERISCHE MOTOREN WERKE AG   S
2002-02-28,19.2174,BMW.DE,BAYERISCHE MOTOREN WERKE AG   S
2002-03-31,18.2628,BMW.DE,BAYERISCHE MOTOREN WERKE AG   S
2002-04-30,19.4186,BMW.DE,BAYERISCHE MOTOREN WERKE AG   S
2002-05-31,17.3654,BMW.DE,BAYERISCHE MOTOREN WERKE AG   S
2002-06-30,16.2986,BMW.DE,BAYERISCHE MOTOREN WERKE AG   S
2002-07-31,16.2605,BMW.DE,BAYERISCHE MOTOREN WERKE AG   S
2002-08-31,13.3352,BMW.DE,BAYERISCHE MOTOREN WERKE AG   S
2002-09-30,15.3249,BMW.DE,BAYERISCHE MOTOREN WERKE AG   S
2002-10-31,14.3935,BMW.DE,BAYERISCHE MOTOREN WERKE AG   S
2002-11-30,12.243,BMW.DE,BAYERISCHE MOTOREN WERKE AG   S
2002-12-31,11.3751,BMW.DE,BAYERISCHE MOTOREN WERKE AG   S
2003-01-31,10.9645,BMW.DE,BAYERISCHE MOTOREN WERKE AG   S
2003-02-28,10.7698,BMW.DE,BAYERISCHE MOTOREN WERKE AG   S
2003-03-31,12.6452,BMW.DE,BAYERISCHE MOTOREN WERKE AG   S
2003-04-30,12.6581,BMW.DE,BAYERISCHE MOTOREN WERKE AG   S
2003-05-31,14.395,BMW.DE,BAYERISCHE MOTOREN WERKE AG   S
2003-06-30,14.8691,BMW.DE,BAYERISCHE MOTOREN WERKE AG   S
2003-07-31,15.3863,BMW.DE,BAYERISCHE MOTOREN WERKE AG   S
2003-08-31,13.9856,BMW.DE,BAYERISCHE MOTOREN WERKE AG   S
2003-09-30,14.6579,BMW.DE,BAYERISCHE MOTOREN WERKE AG   S
2003-10-31,15.8302,BMW.DE,BAYERISCHE MOTOREN WERKE AG   S
2003-11-30,15.8388,BMW.DE,BAYERISCHE MOTOREN WERKE AG   S
2003-12-31,15.1665,BMW.DE,BAYERISCHE MOTOREN WERKE AG   S
2004-01-31,14.8174,BMW.DE,BAYERISCHE MOTOREN WERKE AG   S
2004-02-29,14.2614,BMW.DE,BAYERISCHE MOTOREN WERKE AG   S
2004-03-31,15.5027,BMW.DE,BAYERISCHE MOTOREN WERKE AG   S
2004-04-30,15.2963,BMW.DE,BAYERISCHE MOTOREN WERKE AG   S
2004-05-31,15.9406,BMW.DE,BAYERISCHE MOTOREN WERKE AG   S
2004-06-30,16.1816,BMW.DE,BAYERISCHE MOTOREN WERKE AG   S
2004-07-31,14.8536,BMW.DE,BAYERISCHE MOTOREN WERKE AG   S
2004-08-31,14.5074,BMW.DE,BAYERISCHE MOTOREN WERKE AG   S
2004-09-30,14.5293,BMW.DE,BAYERISCHE MOTOREN WERKE AG   S
2004-10-31,13.9288,BMW.DE,BAYERISCHE MOTOREN WERKE AG   S
2004-11-30,14.5512,BMW.DE,BAYERISCHE MOTOREN WERKE AG   S
2004-12-31,14.0998,BMW.DE,BAYERISCHE MOTOREN WERKE AG   S
2005-01-31,14.1786,BMW.DE,BAYERISCHE MOTOREN WERKE AG   S
2005-02-28,15.362,BMW.DE,BAYERISCHE MOTOREN WERKE AG   S
2005-03-31,14.3321,BMW.DE,BAYERISCHE MOTOREN WERKE AG   S
2005-04-30,15.7133,BMW.DE,BAYERISCHE MOTOREN WERKE AG   S
2005-05-31,16.8427,BMW.DE,BAYERISCHE MOTOREN WERKE AG   S
2005-06-30,17.3025,BMW.DE,BAYERISCHE MOTOREN WERKE AG   S
2005-07-31,16.2579,BMW.DE,BAYERISCHE MOTOREN WERKE AG   S
2005-08-31,17.4364,BMW.DE,BAYERISCHE MOTOREN WERKE AG   S
2005-09-30,16.1597,BMW.DE,BAYERISCHE MOTOREN WERKE AG   S
2005-10-31,16.6597,BMW.DE,BAYERISCHE MOTOREN WERKE AG   S
2005-11-30,16.5391,BMW.DE,BAYERISCHE MOTOREN WERKE AG   S
2005-12-31,16.6195,BMW.DE,BAYERISCHE MOTOREN WERKE AG   S
2006-01-31,18.0078,BMW.DE,BAYERISCHE MOTOREN WERKE AG   S
2006-02-28,20.2889,BMW.DE,BAYERISCHE MOTOREN WERKE AG   S
2006-03-31,19.2443,BMW.DE,BAYERISCHE MOTOREN WERKE AG   S
2006-04-30,18.2027,BMW.DE,BAYERISCHE MOTOREN WERKE AG   S
2006-05-31,17.713,BMW.DE,BAYERISCHE MOTOREN WERKE AG   S
2006-06-30,18.3252,BMW.DE,BAYERISCHE MOTOREN WERKE AG   S
2006-07-31,18.3388,BMW.DE,BAYERISCHE MOTOREN WERKE AG   S
2006-08-31,19.155,BMW.DE,BAYERISCHE MOTOREN WERKE AG   S
2006-09-30,20.4067,BMW.DE,BAYERISCHE MOTOREN WERKE AG   S
2006-10-31,18.892,BMW.DE,BAYERISCHE MOTOREN WERKE AG   S
2006-11-30,19.731,BMW.DE,BAYERISCHE MOTOREN WERKE AG   S
2006-12-31,21.2229,BMW.DE,BAYERISCHE MOTOREN WERKE AG   S
2007-01-31,19.9124,BMW.DE,BAYERISCHE MOTOREN WERKE AG   S
2007-02-28,20.0303,BMW.DE,BAYERISCHE MOTOREN WERKE AG   S
2007-03-31,20.5518,BMW.DE,BAYERISCHE MOTOREN WERKE AG   S
2007-04-30,22.8862,BMW.DE,BAYERISCHE MOTOREN WERKE AG   S
2007-05-31,22.0769,BMW.DE,BAYERISCHE MOTOREN WERKE AG   S
2007-06-30,21.0745,BMW.DE,BAYERISCHE MOTOREN WERKE AG   S
2007-07-31,20.5227,BMW.DE,BAYERISCHE MOTOREN WERKE AG   S
2007-08-31,20.7986,BMW.DE,BAYERISCHE MOTOREN WERKE AG   S
2007-09-30,21.2584,BMW.DE,BAYERISCHE MOTOREN WERKE AG   S
2007-10-31,19.1753,BMW.DE,BAYERISCHE MOTOREN WERKE AG   S
2007-11-30,19.4742,BMW.DE,BAYERISCHE MOTOREN WERKE AG   S
2007-12-31,16.9221,BMW.DE,BAYERISCHE MOTOREN WERKE AG   S
2008-01-31,16.637,BMW.DE,BAYERISCHE MOTOREN WERKE AG   S
2008-02-29,16.0898,BMW.DE,BAYERISCHE MOTOREN WERKE AG   S
2008-03-31,16.2094,BMW.DE,BAYERISCHE MOTOREN WERKE AG   S
2008-04-30,18.0123,BMW.DE,BAYERISCHE MOTOREN WERKE AG   S
2008-05-31,14.4543,BMW.DE,BAYERISCHE MOTOREN WERKE AG   S
2008-06-30,13.6784,BMW.DE,BAYERISCHE MOTOREN WERKE AG   S
2008-07-31,13.2478,BMW.DE,BAYERISCHE MOTOREN WERKE AG   S
2008-08-31,12.9119,BMW.DE,BAYERISCHE MOTOREN WERKE AG   S
2008-09-30,9.5171,BMW.DE,BAYERISCHE MOTOREN WERKE AG   S
2008-10-31,9.309,BMW.DE,BAYERISCHE MOTOREN WERKE AG   S
2008-11-30,10.2245,BMW.DE,BAYERISCHE MOTOREN WERKE AG   S
2008-12-31,8.8051,BMW.DE,BAYERISCHE MOTOREN WERKE AG   S
2009-01-31,9.3444,BMW.DE,BAYERISCHE MOTOREN WERKE AG   S
2009-02-28,10.3096,BMW.DE,BAYERISCHE MOTOREN WERKE AG   S
2009-03-31,12.4198,BMW.DE,BAYERISCHE MOTOREN WERKE AG   S
2009-04-30,12.1627,BMW.DE,BAYERISCHE MOTOREN WERKE AG   S
2009-05-31,12.8548,BMW.DE,BAYERISCHE MOTOREN WERKE AG   S
2009-06-30,15.532,BMW.DE,BAYERISCHE MOTOREN WERKE AG   S
2009-07-31,15.2183,BMW.DE,BAYERISCHE MOTOREN WERKE AG   S
2009-08-31,15.7811,BMW.DE,BAYERISCHE MOTOREN WERKE AG   S
2009-09-30,15.9463,BMW.DE,BAYERISCHE MOTOREN WERKE AG   S
2009-10-31,15.0507,BMW.DE,BAYERISCHE MOTOREN WERKE AG   S
2009-11-30,15.2303,BMW.DE,BAYERISCHE MOTOREN WERKE AG   S
2009-12-31,14.828,BMW.DE,BAYERISCHE MOTOREN WERKE AG   S
2010-01-31,14.2652,BMW.DE,BAYERISCHE MOTOREN WERKE AG   S
2010-02-28,16.3702,BMW.DE,BAYERISCHE MOTOREN WERKE AG   S
2010-03-31,17.783,BMW.DE,BAYERISCHE MOTOREN WERKE AG   S
2010-04-30,18.3216,BMW.DE,BAYERISCHE MOTOREN WERKE AG   S
2010-05-31,19.335,BMW.DE,BAYERISCHE MOTOREN WERKE AG   S
2010-06-30,19.9359,BMW.DE,BAYERISCHE MOTOREN WERKE AG   S
2010-07-31,20.1072,BMW.DE,BAYERISCHE MOTOREN WERKE AG   S
2010-08-31,24.8245,BMW.DE,BAYERISCHE MOTOREN WERKE AG   S
2010-09-30,24.8583,BMW.DE,BAYERISCHE MOTOREN WERKE AG   S
2010-10-31,27.9565,BMW.DE,BAYERISCHE MOTOREN WERKE AG   S
2010-11-30,28.4005,BMW.DE,BAYERISCHE MOTOREN WERKE AG   S
2010-12-31,27.0637,BMW.DE,BAYERISCHE MOTOREN WERKE AG   S
2011-01-31,28.3667,BMW.DE,BAYERISCHE MOTOREN WERKE AG   S
2011-02-28,28.3523,BMW.DE,BAYERISCHE MOTOREN WERKE AG   S
2011-03-31,30.7266,BMW.DE,BAYERISCHE MOTOREN WERKE AG   S
2011-04-30,30.2927,BMW.DE,BAYERISCHE MOTOREN WERKE AG   S
2011-05-31,33.9044,BMW.DE,BAYERISCHE MOTOREN WERKE AG   S
2011-06-30,34.4021,BMW.DE,BAYERISCHE MOTOREN WERKE AG   S
2011-07-31,27.7651,BMW.DE,BAYERISCHE MOTOREN WERKE AG   S
2011-08-31,24.619,BMW.DE,BAYERISCHE MOTOREN WERKE AG   S
2011-09-30,29.1003,BMW.DE,BAYERISCHE MOTOREN WERKE AG   S
2011-10-31,27.5828,BMW.DE,BAYERISCHE MOTOREN WERKE AG   S
2011-11-30,25.5035,BMW.DE,BAYERISCHE MOTOREN WERKE AG   S
2011-12-31,32.2193,BMW.DE,BAYERISCHE MOTOREN WERKE AG   S
2012-01-31,34.2099,BMW.DE,BAYERISCHE MOTOREN WERKE AG   S
2012-02-29,33.2245,BMW.DE,BAYERISCHE MOTOREN WERKE AG   S
2012-03-31,35.3826,BMW.DE,BAYERISCHE MOTOREN WERKE AG   S
2012-04-30,31.1835,BMW.DE,BAYERISCHE MOTOREN WERKE AG   S
2012-05-31,29.0553,BMW.DE,BAYERISCHE MOTOREN WERKE AG   S
2012-06-30,31.0151,BMW.DE,BAYERISCHE MOTOREN WERKE AG   S
2012-07-31,29.4279,BMW.DE,BAYERISCHE MOTOREN WERKE AG   S
2012-08-31,29.0451,BMW.DE,BAYERISCHE MOTOREN WERKE AG   S
2012-09-30,31.3622,BMW.DE,BAYERISCHE MOTOREN WERKE AG   S
2012-10-31,34.8021,BMW.DE,BAYERISCHE MOTOREN WERKE AG   S
2012-11-30,37.2212,BMW.DE,BAYERISCHE MOTOREN WERKE AG   S
2012-12-31,37.8439,BMW.DE,BAYERISCHE MOTOREN WERKE AG   S
2013-01-31,36.0831,BMW.DE,BAYERISCHE MOTOREN WERKE AG   S
2013-02-28,34.3529,BMW.DE,BAYERISCHE MOTOREN WERKE AG   S
2013-03-31,35.7514,BMW.DE,BAYERISCHE MOTOREN WERKE AG   S
2013-04-30,38.9369,BMW.DE,BAYERISCHE MOTOREN WERKE AG   S
2013-05-31,35.4971,BMW.DE,BAYERISCHE MOTOREN WERKE AG   S
2013-06-30,38.8841,BMW.DE,BAYERISCHE MOTOREN WERKE AG   S
2013-07-31,37.6688,BMW.DE,BAYERISCHE MOTOREN WERKE AG   S
2013-08-31,41.991,BMW.DE,BAYERISCHE MOTOREN WERKE AG   S
2013-09-30,44.1415,BMW.DE,BAYERISCHE MOTOREN WERKE AG   S
2013-10-31,44.6858,BMW.DE,BAYERISCHE MOTOREN WERKE AG   S
2013-11-30,45.0292,BMW.DE,BAYERISCHE MOTOREN WERKE AG   S
2013-12-31,42.7043,BMW.DE,BAYERISCHE MOTOREN WERKE AG   S
2014-01-31,44.4903,BMW.DE,BAYERISCHE MOTOREN WERKE AG   S
2014-02-28,48.4109,BMW.DE,BAYERISCHE MOTOREN WERKE AG   S
2014-03-31,47.65,BMW.DE,BAYERISCHE MOTOREN WERKE AG   S
2014-04-30,50.1388,BMW.DE,BAYERISCHE MOTOREN WERKE AG   S
2014-05-31,50.4273,BMW.DE,BAYERISCHE MOTOREN WERKE AG   S
2014-06-30,48.6415,BMW.DE,BAYERISCHE MOTOREN WERKE AG   S
2014-07-31,48.2386,BMW.DE,BAYERISCHE MOTOREN WERKE AG   S
2014-08-31,46.2895,BMW.DE,BAYERISCHE MOTOREN WERKE AG   S
2014-09-30,46.4528,BMW.DE,BAYERISCHE MOTOREN WERKE AG   S
2014-10-31,50.0626,BMW.DE,BAYERISCHE MOTOREN WERKE AG   S
2014-11-30,48.8756,BMW.DE,BAYERISCHE MOTOREN WERKE AG   S
2014-12-31,56.2966,BMW.DE,BAYERISCHE MOTOREN WERKE AG   S
2015-01-31,61.5233,BMW.DE,BAYERISCHE MOTOREN WERKE AG   S
2015-02-28,63.4017,BMW.DE,BAYERISCHE MOTOREN WERKE AG   S
2015-03-31,57.7666,BMW.DE,BAYERISCHE MOTOREN WERKE AG   S
2015-04-30,56.3853,BMW.DE,BAYERISCHE MOTOREN WERKE AG   S
2015-05-31,54.9743,BMW.DE,BAYERISCHE MOTOREN WERKE AG   S
2015-06-30,51.122,BMW.DE,BAYERISCHE MOTOREN WERKE AG   S
2015-07-31,46.0378,BMW.DE,BAYERISCHE MOTOREN WERKE AG   S
2015-08-31,44.3579,BMW.DE,BAYERISCHE MOTOREN WERKE AG   S
2015-09-30,52.2754,BMW.DE,BAYERISCHE MOTOREN WERKE AG   S
2015-10-31,57.8412,BMW.DE,BAYERISCHE MOTOREN WERKE AG   S
2015-11-30,54.6663,BMW.DE,BAYERISCHE MOTOREN WERKE AG   S
2015-12-31,42.9245,BMW.DE,BAYERISCHE MOTOREN WERKE AG   S
2016-01-31,42.079,BMW.DE,BAYERISCHE MOTOREN WERKE AG   S
2016-02-29,45.1866,BMW.DE,BAYERISCHE MOTOREN WERKE AG   S
2016-03-31,45.0747,BMW.DE,BAYERISCHE MOTOREN WERKE AG   S
2016-04-30,44.3684,BMW.DE,BAYERISCHE MOTOREN WERKE AG   S
2016-05-31,38.4635,BMW.DE,BAYERISCHE MOTOREN WERKE AG   S
2016-06-30,45.0466,BMW.DE,BAYERISCHE MOTOREN WERKE AG   S
2016-07-31,45.6079,BMW.DE,BAYERISCHE MOTOREN WERKE AG   S
2016-08-31,43.737,BMW.DE,BAYERISCHE MOTOREN WERKE AG   S
2016-09-30,46.403,BMW.DE,BAYERISCHE MOTOREN WERKE AG   S
2016-10-31,47.011,BMW.DE,BAYERISCHE MOTOREN WERKE AG   S
2016-11-30,51.8869,BMW.DE,BAYERISCHE MOTOREN WERKE AG   S
2016-12-31,49.2092,BMW.DE,BAYERISCHE MOTOREN WERKE AG   S
2017-01-31,49.3262,BMW.DE,BAYERISCHE MOTOREN WERKE AG   S
2017-02-28,49.9927,BMW.DE,BAYERISCHE MOTOREN WERKE AG   S
2017-03-31,51.2438,BMW.DE,BAYERISCHE MOTOREN WERKE AG   S
2017-04-30,50.6619,BMW.DE,BAYERISCHE MOTOREN WERKE AG   S
2017-05-31,49.4393,BMW.DE,BAYERISCHE MOTOREN WERKE AG   S
2017-06-30,47.2678,BMW.DE,BAYERISCHE MOTOREN WERKE AG   S
2017-07-31,47.4442,BMW.DE,BAYERISCHE MOTOREN WERKE AG   S
2017-08-31,52.2069,BMW.DE,BAYERISCHE MOTOREN WERKE AG   S
2017-09-30,53.2227,BMW.DE,BAYERISCHE MOTOREN WERKE AG   S
2017-10-31,51.5074,BMW.DE,BAYERISCHE MOTOREN WERKE AG   S
2017-11-30,52.8151,BMW.DE,BAYERISCHE MOTOREN WERKE AG   S
2017-12-31,55.9416,BMW.DE,BAYERISCHE MOTOREN WERKE AG   S
2018-01-31,52.809,BMW.DE,BAYERISCHE MOTOREN WERKE AG   S
2018-02-28,53.618,BMW.DE,BAYERISCHE MOTOREN WERKE AG   S
2018-03-31,56.2457,BMW.DE,BAYERISCHE MOTOREN WERKE AG   S
2018-04-30,54.2594,BMW.DE,BAYERISCHE MOTOREN WERKE AG   S
2018-05-31,49.3342,BMW.DE,BAYERISCHE MOTOREN WERKE AG   S
2018-06-30,52.5499,BMW.DE,BAYERISCHE MOTOREN WERKE AG   S
2018-07-31,53.0074,BMW.DE,BAYERISCHE MOTOREN WERKE AG   S
2018-08-31,49.3851,BMW.DE,BAYERISCHE MOTOREN WERKE AG   S
2018-09-30,48.4445,BMW.DE,BAYERISCHE MOTOREN WERKE AG   S
2018-10-31,45.8898,BMW.DE,BAYERISCHE MOTOREN WERKE AG   S
2018-11-30,44.9302,BMW.DE,BAYERISCHE MOTOREN WERKE AG   S
2018-12-31,46.6842,BMW.DE,BAYERISCHE MOTOREN WERKE AG   S
2019-01-31,47.2243,BMW.DE,BAYERISCHE MOTOREN WERKE AG   S
2019-02-28,43.6909,BMW.DE,BAYERISCHE MOTOREN WERKE AG   S
2019-03-31,48.2348,BMW.DE,BAYERISCHE MOTOREN WERKE AG   S
2019-04-30,41.4947,BMW.DE,BAYERISCHE MOTOREN WERKE AG   S
2019-05-31,43.5487,BMW.DE,BAYERISCHE MOTOREN WERKE AG   S
2019-06-30,44.7128,BMW.DE,BAYERISCHE MOTOREN WERKE AG   S
2019-07-31,40.6851,BMW.DE,BAYERISCHE MOTOREN WERKE AG   S
2019-08-31,43.2141,BMW.DE,BAYERISCHE MOTOREN WERKE AG   S
2019-09-30,45.9706,BMW.DE,BAYERISCHE MOTOREN WERKE AG   S
2019-10-31,49.0416,BMW.DE,BAYERISCHE MOTOREN WERKE AG   S
2019-11-30,48.9345,BMW.DE,BAYERISCHE MOTOREN WERKE AG   S
2019-12-31,43.0469,BMW.DE,BAYERISCHE MOTOREN WERKE AG   S
2020-01-31,39.4273,BMW.DE,BAYERISCHE MOTOREN WERKE AG   S
2020-02-29,31.5224,BMW.DE,BAYERISCHE MOTOREN WERKE AG   S
2020-03-31,36.1623,BMW.DE,BAYERISCHE MOTOREN WERKE AG   S
2020-04-30,37.1657,BMW.DE,BAYERISCHE MOTOREN WERKE AG   S
2020-05-31,40.1475,BMW.DE,BAYERISCHE MOTOREN WERKE AG   S
2020-06-30,38.6495,BMW.DE,BAYERISCHE MOTOREN WERKE AG   S
2020-07-31,42.5004,BMW.DE,BAYERISCHE MOTOREN WERKE AG   S
2020-08-31,43.8005,BMW.DE,BAYERISCHE MOTOREN WERKE AG   S
2020-09-30,41.4617,BMW.DE,BAYERISCHE MOTOREN WERKE AG   S
2020-10-31,51.6081,BMW.DE,BAYERISCHE MOTOREN WERKE AG   S
2020-11-30,51.0358,BMW.DE,BAYERISCHE MOTOREN WERKE AG   S
2020-12-31,49.4672,BMW.DE,BAYERISCHE MOTOREN WERKE AG   S
2021-01-31,50.52,BMW.DE,BAYERISCHE MOTOREN WERKE AG   S
2021-02-28,62.5105,BMW.DE,BAYERISCHE MOTOREN WERKE AG   S
2021-03-31,58.9282,BMW.DE,BAYERISCHE MOTOREN WERKE AG   S
2021-04-30,62.6693,BMW.DE,BAYERISCHE MOTOREN WERKE AG   S
2021-05-31,64.5559,BMW.DE,BAYERISCHE MOTOREN WERKE AG   S
2021-06-30,60.6309,BMW.DE,BAYERISCHE MOTOREN WERKE AG   S
2021-07-31,58.0938,BMW.DE,BAYERISCHE MOTOREN WERKE AG   S
2021-08-31,59.8214,BMW.DE,BAYERISCHE MOTOREN WERKE AG   S
2021-09-30,63.0597,BMW.DE,BAYERISCHE MOTOREN WERKE AG   S
2021-10-31,61.4261,BMW.DE,BAYERISCHE MOTOREN WERKE AG   S
2021-11-30,63.9632,BMW.DE,BAYERISCHE MOTOREN WERKE AG   S
2021-12-31,67.187,BMW.DE,BAYERISCHE MOTOREN WERKE AG   S
2022-01-31,62.5681,BMW.DE,BAYERISCHE MOTOREN WERKE AG   S
2022-02-28,56.8144,BMW.DE,BAYERISCHE MOTOREN WERKE AG   S
2022-03-31,56.7494,BMW.DE,BAYERISCHE MOTOREN WERKE AG   S
2022-04-30,62.7028,BMW.DE,BAYERISCHE MOTOREN WERKE AG   S
2022-05-31,57.127,BMW.DE,BAYERISCHE MOTOREN WERKE AG   S
2022-06-30,61.8085,BMW.DE,BAYERISCHE MOTOREN WERKE AG   S
2022-07-31,57.1348,BMW.DE,BAYERISCHE MOTOREN WERKE AG   S
2022-08-31,54.4285,BMW.DE,BAYERISCHE MOTOREN WERKE AG   S
2022-09-30,61.8396,BMW.DE,BAYERISCHE MOTOREN WERKE AG   S
2022-10-31,67.1199,BMW.DE,BAYERISCHE MOTOREN WERKE AG   S
2022-11-30,64.8414,BMW.DE,BAYERISCHE MOTOREN WERKE AG   S
2022-12-31,72.5013,BMW.DE,BAYERISCHE MOTOREN WERKE AG   S
2023-01-31,76.0164,BMW.DE,BAYERISCHE MOTOREN WERKE AG   S
2023-02-28,78.4971,BMW.DE,BAYERISCHE MOTOREN WERKE AG   S
2023-03-31,78.8859,BMW.DE,BAYERISCHE MOTOREN WERKE AG   S
2023-04-30,86.003,BMW.DE,BAYERISCHE MOTOREN WERKE AG   S
2023-05-31,94.9476,BMW.DE,BAYERISCHE MOTOREN WERKE AG   S
2023-06-30,93.5468,BMW.DE,BAYERISCHE MOTOREN WERKE AG   S
2023-07-31,81.9948,BMW.DE,BAYERISCHE MOTOREN WERKE AG   S
2023-08-31,81.3282,BMW.DE,BAYERISCHE MOTOREN WERKE AG   S
2023-09-30,73.9447,BMW.DE,BAYERISCHE MOTOREN WERKE AG   S
2023-10-31,80.6616,BMW.DE,BAYERISCHE MOTOREN WERKE AG   S
2023-11-30,85.041,BMW.DE,BAYERISCHE MOTOREN WERKE AG   S
2023-12-31,81.6657,BMW.DE,BAYERISCHE MOTOREN WERKE AG   S
2024-01-31,92.1629,BMW.DE,BAYERISCHE MOTOREN WERKE AG   S
2024-02-29,90.2559,BMW.DE,BAYERISCHE MOTOREN WERKE AG   S
2024-03-31,86.4502,BMW.DE,BAYERISCHE MOTOREN WERKE AG   S
2024-04-30,83.4965,BMW.DE,BAYERISCHE MOTOREN WERKE AG   S
2024-05-31,79.1954,BMW.DE,BAYERISCHE MOTOREN WERKE AG   S
2024-06-30,76.9014,BMW.DE,BAYERISCHE MOTOREN WERKE AG   S
2024-07-31,75.1092,BMW.DE,BAYERISCHE MOTOREN WERKE AG   S
2024-08-31,70.9514,BMW.DE,BAYERISCHE MOTOREN WERKE AG   S
2024-09-30,64.8044,BMW.DE,BAYERISCHE MOTOREN WERKE AG   S
2024-10-31,62.7434,BMW.DE,BAYERISCHE MOTOREN WERKE AG   S
2024-11-30,70.7722,BMW.DE,BAYERISCHE MOTOREN WERKE AG   S
2024-12-31,70.4317,BMW.DE,BAYERISCHE MOTOREN WERKE AG   S
2025-01-31,75.1809,BMW.DE,BAYERISCHE MOTOREN WERKE AG   S
2025-02-28,66.023,BMW.DE,BAYERISCHE MOTOREN WERKE AG   S
2025-03-31,66.5786,BMW.DE,BAYERISCHE MOTOREN WERKE AG   S
2025-04-30,73.8418,BMW.DE,BAYERISCHE MOTOREN WERKE AG   S
2025-05-31,71.3457,BMW.DE,BAYERISCHE MOTOREN WERKE AG   S
2025-06-30,79.3066,BMW.DE,BAYERISCHE MOTOREN WERKE AG   S
2025-07-31,84.5824,BMW.DE,BAYERISCHE MOTOREN WERKE AG   S
2025-08-31,80.7816,BMW.DE,BAYERISCHE MOTOREN WERKE AG   S
2025-09-30,76.3189,BMW.DE,BAYERISCHE MOTOREN WERKE AG   S
2025-10-31,83.2398,BMW.DE,BAYERISCHE MOTOREN WERKE AG   S
2025-11-30,88.0617,BMW.DE,BAYERISCHE MOTOREN WERKE AG   S
2025-12-31,82.6536,BMW.DE,BAYERISCHE MOTOREN WERKE AG   S
2026-01-31,84.5824,BMW.DE,BAYERISCHE MOTOREN WERKE AG   S
2026-02-28,73.7472,BMW.DE,BAYERISCHE MOTOREN WERKE AG   S
2026-03-31,73.6716,BMW.DE,BAYERISCHE MOTOREN WERKE AG   S
2026-04-30,74.76,BMW.DE,BAYERISCHE MOTOREN WERKE AG   S
2026-05-31,57.26,BMW.DE,BAYERISCHE MOTOREN WERKE AG   S
2026-06-30,,BMW.DE,BAYERISCHE MOTOREN WERKE AG   S
2018-05-31,471.75,ADYEN.AS,ADYEN
2018-06-30,546.4,ADYEN.AS,ADYEN
2018-07-31,604.0,ADYEN.AS,ADYEN
2018-08-31,703.0,ADYEN.AS,ADYEN
2018-09-30,571.1,ADYEN.AS,ADYEN
2018-10-31,457.05,ADYEN.AS,ADYEN
2018-11-30,475.05,ADYEN.AS,ADYEN
2018-12-31,647.7,ADYEN.AS,ADYEN
2019-01-31,660.0,ADYEN.AS,ADYEN
2019-02-28,698.0,ADYEN.AS,ADYEN
2019-03-31,725.6,ADYEN.AS,ADYEN
2019-04-30,720.8,ADYEN.AS,ADYEN
2019-05-31,678.6,ADYEN.AS,ADYEN
2019-06-30,687.0,ADYEN.AS,ADYEN
2019-07-31,658.8,ADYEN.AS,ADYEN
2019-08-31,604.4,ADYEN.AS,ADYEN
2019-09-30,629.4,ADYEN.AS,ADYEN
2019-10-31,696.2,ADYEN.AS,ADYEN
2019-11-30,731.0,ADYEN.AS,ADYEN
2019-12-31,831.0,ADYEN.AS,ADYEN
2020-01-31,797.2,ADYEN.AS,ADYEN
2020-02-29,770.6,ADYEN.AS,ADYEN
2020-03-31,901.2,ADYEN.AS,ADYEN
2020-04-30,1183.0,ADYEN.AS,ADYEN
2020-05-31,1295.5,ADYEN.AS,ADYEN
2020-06-30,1417.0,ADYEN.AS,ADYEN
2020-07-31,1413.0,ADYEN.AS,ADYEN
2020-08-31,1572.5,ADYEN.AS,ADYEN
2020-09-30,1447.5,ADYEN.AS,ADYEN
2020-10-31,1602.0,ADYEN.AS,ADYEN
2020-11-30,1905.0,ADYEN.AS,ADYEN
2020-12-31,1719.5,ADYEN.AS,ADYEN
2021-01-31,1916.0,ADYEN.AS,ADYEN
2021-02-28,1903.5,ADYEN.AS,ADYEN
2021-03-31,2041.5,ADYEN.AS,ADYEN
2021-04-30,1890.4,ADYEN.AS,ADYEN
2021-05-31,2060.5,ADYEN.AS,ADYEN
2021-06-30,2289.5,ADYEN.AS,ADYEN
2021-07-31,2734.5,ADYEN.AS,ADYEN
2021-08-31,2415.0,ADYEN.AS,ADYEN
2021-09-30,2610.5,ADYEN.AS,ADYEN
2021-10-31,2447.5,ADYEN.AS,ADYEN
2021-11-30,2311.5,ADYEN.AS,ADYEN
2021-12-31,1789.0,ADYEN.AS,ADYEN
2022-01-31,1864.4,ADYEN.AS,ADYEN
2022-02-28,1809.0,ADYEN.AS,ADYEN
2022-03-31,1623.0,ADYEN.AS,ADYEN
2022-04-30,1447.2,ADYEN.AS,ADYEN
2022-05-31,1388.0,ADYEN.AS,ADYEN
2022-06-30,1745.0,ADYEN.AS,ADYEN
2022-07-31,1545.0,ADYEN.AS,ADYEN
2022-08-31,1301.8,ADYEN.AS,ADYEN
2022-09-30,1452.6,ADYEN.AS,ADYEN
2022-10-31,1463.8,ADYEN.AS,ADYEN
2022-11-30,1288.4,ADYEN.AS,ADYEN
2022-12-31,1377.6,ADYEN.AS,ADYEN
2023-01-31,1345.2,ADYEN.AS,ADYEN
2023-02-28,1459.2,ADYEN.AS,ADYEN
2023-03-31,1452.0,ADYEN.AS,ADYEN
2023-04-30,1526.8,ADYEN.AS,ADYEN
2023-05-31,1585.8,ADYEN.AS,ADYEN
2023-06-30,1689.8,ADYEN.AS,ADYEN
2023-07-31,772.5,ADYEN.AS,ADYEN
2023-08-31,705.7,ADYEN.AS,ADYEN
2023-09-30,633.9,ADYEN.AS,ADYEN
2023-10-31,1071.0,ADYEN.AS,ADYEN
2023-11-30,1166.6,ADYEN.AS,ADYEN
2023-12-31,1171.2,ADYEN.AS,ADYEN
2024-01-31,1460.0,ADYEN.AS,ADYEN
2024-02-29,1568.0,ADYEN.AS,ADYEN
2024-03-31,1130.2,ADYEN.AS,ADYEN
2024-04-30,1184.8,ADYEN.AS,ADYEN
2024-05-31,1113.2,ADYEN.AS,ADYEN
2024-06-30,1130.6,ADYEN.AS,ADYEN
2024-07-31,1329.0,ADYEN.AS,ADYEN
2024-08-31,1402.6,ADYEN.AS,ADYEN
2024-09-30,1406.4,ADYEN.AS,ADYEN
2024-10-31,1378.4,ADYEN.AS,ADYEN
2024-11-30,1437.0,ADYEN.AS,ADYEN
2024-12-31,1570.0,ADYEN.AS,ADYEN
2025-01-31,1741.2,ADYEN.AS,ADYEN
2025-02-28,1406.0,ADYEN.AS,ADYEN
2025-03-31,1417.8,ADYEN.AS,ADYEN
2025-04-30,1689.6,ADYEN.AS,ADYEN
2025-05-31,1558.4,ADYEN.AS,ADYEN
2025-06-30,1510.6,ADYEN.AS,ADYEN
2025-07-31,1434.4,ADYEN.AS,ADYEN
2025-08-31,1365.0,ADYEN.AS,ADYEN
2025-09-30,1488.6,ADYEN.AS,ADYEN
2025-10-31,1340.6,ADYEN.AS,ADYEN
2025-11-30,1375.0,ADYEN.AS,ADYEN
2025-12-31,1253.4,ADYEN.AS,ADYEN
2026-01-31,994.8,ADYEN.AS,ADYEN
2026-02-28,850.6,ADYEN.AS,ADYEN
2026-03-31,958.5,ADYEN.AS,ADYEN
2026-04-30,939.3,ADYEN.AS,ADYEN
2026-05-31,820.4,ADYEN.AS,ADYEN
2026-06-30,,ADYEN.AS,ADYEN
1998-05-31,27.7618,ADS.DE,adidas AG                     N
1998-06-30,24.2205,ADS.DE,adidas AG                     N
1998-07-31,18.8033,ADS.DE,adidas AG                     N
1998-08-31,16.7395,ADS.DE,adidas AG                     N
1998-09-30,17.5051,ADS.DE,adidas AG                     N
1998-10-31,16.8335,ADS.DE,adidas AG                     N
1998-11-30,16.6544,ADS.DE,adidas AG                     N
1998-12-31,12.7841,ADS.DE,adidas AG                     N
1999-01-31,15.411,ADS.DE,adidas AG                     N
1999-02-28,14.6229,ADS.DE,adidas AG                     N
1999-03-31,16.094,ADS.DE,adidas AG                     N
1999-04-30,16.6333,ADS.DE,adidas AG                     N
1999-05-31,16.5931,ADS.DE,adidas AG                     N
1999-06-30,14.8996,ADS.DE,adidas AG                     N
1999-07-31,15.5686,ADS.DE,adidas AG                     N
1999-08-31,13.9907,ADS.DE,adidas AG                     N
1999-09-30,12.2552,ADS.DE,adidas AG                     N
1999-10-31,12.8331,ADS.DE,adidas AG                     N
1999-11-30,13.1869,ADS.DE,adidas AG                     N
1999-12-31,10.0364,ADS.DE,adidas AG                     N
2000-01-31,9.6319,ADS.DE,adidas AG                     N
2000-02-29,10.1572,ADS.DE,adidas AG                     N
2000-03-31,12.3375,ADS.DE,adidas AG                     N
2000-04-30,11.4262,ADS.DE,adidas AG                     N
2000-05-31,10.5251,ADS.DE,adidas AG                     N
2000-06-30,10.536,ADS.DE,adidas AG                     N
2000-07-31,11.012,ADS.DE,adidas AG                     N
2000-08-31,11.2863,ADS.DE,adidas AG                     N
2000-09-30,9.5551,ADS.DE,adidas AG                     N
2000-10-31,11.853,ADS.DE,adidas AG                     N
2000-11-30,11.9893,ADS.DE,adidas AG                     N
2000-12-31,14.1147,ADS.DE,adidas AG                     N
2001-01-31,12.3526,ADS.DE,adidas AG                     N
2001-02-28,10.8103,ADS.DE,adidas AG                     N
2001-03-31,12.4234,ADS.DE,adidas AG                     N
2001-04-30,12.9013,ADS.DE,adidas AG                     N
2001-05-31,13.3267,ADS.DE,adidas AG                     N
2001-06-30,14.2181,ADS.DE,adidas AG                     N
2001-07-31,13.7319,ADS.DE,adidas AG                     N
2001-08-31,10.4315,ADS.DE,adidas AG                     N
2001-09-30,11.5476,ADS.DE,adidas AG                     N
2001-10-31,13.102,ADS.DE,adidas AG                     N
2001-11-30,15.5257,ADS.DE,adidas AG                     N
2001-12-31,14.5478,ADS.DE,adidas AG                     N
2002-01-31,13.8019,ADS.DE,adidas AG                     N
2002-02-28,15.2292,ADS.DE,adidas AG                     N
2002-03-31,13.8497,ADS.DE,adidas AG                     N
2002-04-30,16.2451,ADS.DE,adidas AG                     N
2002-05-31,15.4911,ADS.DE,adidas AG                     N
2002-06-30,14.5229,ADS.DE,adidas AG                     N
2002-07-31,13.5454,ADS.DE,adidas AG                     N
2002-08-31,12.8658,ADS.DE,adidas AG                     N
2002-09-30,14.3404,ADS.DE,adidas AG                     N
2002-10-31,15.2453,ADS.DE,adidas AG                     N
2002-11-30,15.3235,ADS.DE,adidas AG                     N
2002-12-31,13.9848,ADS.DE,adidas AG                     N
2003-01-31,13.8954,ADS.DE,adidas AG                     N
2003-02-28,15.0442,ADS.DE,adidas AG                     N
2003-03-31,14.3553,ADS.DE,adidas AG                     N
2003-04-30,14.107,ADS.DE,adidas AG                     N
2003-05-31,14.0447,ADS.DE,adidas AG                     N
2003-06-30,14.0824,ADS.DE,adidas AG                     N
2003-07-31,14.3842,ADS.DE,adidas AG                     N
2003-08-31,14.1353,ADS.DE,adidas AG                     N
2003-09-30,15.0311,ADS.DE,adidas AG                     N
2003-10-31,16.2381,ADS.DE,adidas AG                     N
2003-11-30,17.0302,ADS.DE,adidas AG                     N
2003-12-31,17.1981,ADS.DE,adidas AG                     N
2004-01-31,17.0679,ADS.DE,adidas AG                     N
2004-02-29,17.8487,ADS.DE,adidas AG                     N
2004-03-31,18.1693,ADS.DE,adidas AG                     N
2004-04-30,18.6219,ADS.DE,adidas AG                     N
2004-05-31,18.7038,ADS.DE,adidas AG                     N
2004-06-30,18.8296,ADS.DE,adidas AG                     N
2004-07-31,20.1333,ADS.DE,adidas AG                     N
2004-08-31,21.4142,ADS.DE,adidas AG                     N
2004-09-30,20.8767,ADS.DE,adidas AG                     N
2004-10-31,22.4797,ADS.DE,adidas AG                     N
2004-11-30,22.6341,ADS.DE,adidas AG                     N
2004-12-31,21.8907,ADS.DE,adidas AG                     N
2005-01-31,21.6296,ADS.DE,adidas AG                     N
2005-02-28,23.3336,ADS.DE,adidas AG                     N
2005-03-31,22.8914,ADS.DE,adidas AG                     N
2005-04-30,26.0009,ADS.DE,adidas AG                     N
2005-05-31,26.667,ADS.DE,adidas AG                     N
2005-06-30,28.7637,ADS.DE,adidas AG                     N
2005-07-31,27.8395,ADS.DE,adidas AG                     N
2005-08-31,27.8357,ADS.DE,adidas AG                     N
2005-09-30,26.952,ADS.DE,adidas AG                     N
2005-10-31,28.704,ADS.DE,adidas AG                     N
2005-11-30,30.8045,ADS.DE,adidas AG                     N
2005-12-31,33.134,ADS.DE,adidas AG                     N
2006-01-31,31.5784,ADS.DE,adidas AG                     N
2006-02-28,31.4186,ADS.DE,adidas AG                     N
2006-03-31,32.2195,ADS.DE,adidas AG                     N
2006-04-30,30.0309,ADS.DE,adidas AG                     N
2006-05-31,29.0066,ADS.DE,adidas AG                     N
2006-06-30,28.3393,ADS.DE,adidas AG                     N
2006-07-31,28.8669,ADS.DE,adidas AG                     N
2006-08-31,28.7893,ADS.DE,adidas AG                     N
2006-09-30,30.4655,ADS.DE,adidas AG                     N
2006-10-31,28.8592,ADS.DE,adidas AG                     N
2006-11-30,29.2782,ADS.DE,adidas AG                     N
2006-12-31,28.6497,ADS.DE,adidas AG                     N
2007-01-31,28.8049,ADS.DE,adidas AG                     N
2007-02-28,31.7614,ADS.DE,adidas AG                     N
2007-03-31,34.0273,ADS.DE,adidas AG                     N
2007-04-30,37.1604,ADS.DE,adidas AG                     N
2007-05-31,36.6434,ADS.DE,adidas AG                     N
2007-06-30,35.1081,ADS.DE,adidas AG                     N
2007-07-31,33.8,ADS.DE,adidas AG                     N
2007-08-31,36.0324,ADS.DE,adidas AG                     N
2007-09-30,36.0716,ADS.DE,adidas AG                     N
2007-10-31,35.6173,ADS.DE,adidas AG                     N
2007-11-30,40.1527,ADS.DE,adidas AG                     N
2007-12-31,33.2752,ADS.DE,adidas AG                     N
2008-01-31,32.8522,ADS.DE,adidas AG                     N
2008-02-29,32.9853,ADS.DE,adidas AG                     N
2008-03-31,32.108,ADS.DE,adidas AG                     N
2008-04-30,35.9076,ADS.DE,adidas AG                     N
2008-05-31,31.7797,ADS.DE,adidas AG                     N
2008-06-30,31.2251,ADS.DE,adidas AG                     N
2008-07-31,31.7321,ADS.DE,adidas AG                     N
2008-08-31,29.8702,ADS.DE,adidas AG                     N
2008-09-30,21.8124,ADS.DE,adidas AG                     N
2008-10-31,19.38,ADS.DE,adidas AG                     N
2008-11-30,21.5034,ADS.DE,adidas AG                     N
2008-12-31,21.4955,ADS.DE,adidas AG                     N
2009-01-31,18.2311,ADS.DE,adidas AG                     N
2009-02-28,19.8554,ADS.DE,adidas AG                     N
2009-03-31,22.676,ADS.DE,adidas AG                     N
2009-04-30,20.8622,ADS.DE,adidas AG                     N
2009-05-31,21.9049,ADS.DE,adidas AG                     N
2009-06-30,23.9661,ADS.DE,adidas AG                     N
2009-07-31,26.5608,ADS.DE,adidas AG                     N
2009-08-31,29.2362,ADS.DE,adidas AG                     N
2009-09-30,25.4615,ADS.DE,adidas AG                     N
2009-10-31,30.8205,ADS.DE,adidas AG                     N
2009-11-30,30.5295,ADS.DE,adidas AG                     N
2009-12-31,29.8344,ADS.DE,adidas AG                     N
2010-01-31,29.4141,ADS.DE,adidas AG                     N
2010-02-28,32.0087,ADS.DE,adidas AG                     N
2010-03-31,35.6946,ADS.DE,adidas AG                     N
2010-04-30,33.3526,ADS.DE,adidas AG                     N
2010-05-31,32.5008,ADS.DE,adidas AG                     N
2010-06-30,33.8742,ADS.DE,adidas AG                     N
2010-07-31,32.7372,ADS.DE,adidas AG                     N
2010-08-31,37.0122,ADS.DE,adidas AG                     N
2010-09-30,38.2022,ADS.DE,adidas AG                     N
2010-10-31,39.4167,ADS.DE,adidas AG                     N
2010-11-30,39.8487,ADS.DE,adidas AG                     N
2010-12-31,37.0774,ADS.DE,adidas AG                     N
2011-01-31,37.9006,ADS.DE,adidas AG                     N
2011-02-28,36.2338,ADS.DE,adidas AG                     N
2011-03-31,40.9653,ADS.DE,adidas AG                     N
2011-04-30,43.3571,ADS.DE,adidas AG                     N
2011-05-31,45.2688,ADS.DE,adidas AG                     N
2011-06-30,42.8605,ADS.DE,adidas AG                     N
2011-07-31,40.1254,ADS.DE,adidas AG                     N
2011-08-31,37.8826,ADS.DE,adidas AG                     N
2011-09-30,42.3391,ADS.DE,adidas AG                     N
2011-10-31,43.2495,ADS.DE,adidas AG                     N
2011-11-30,41.5943,ADS.DE,adidas AG                     N
2011-12-31,45.5833,ADS.DE,adidas AG                     N
2012-01-31,48.8109,ADS.DE,adidas AG                     N
2012-02-29,48.4467,ADS.DE,adidas AG                     N
2012-03-31,52.1377,ADS.DE,adidas AG                     N
2012-04-30,50.635,ADS.DE,adidas AG                     N
2012-05-31,47.4971,ADS.DE,adidas AG                     N
2012-06-30,51.409,ADS.DE,adidas AG                     N
2012-07-31,52.3343,ADS.DE,adidas AG                     N
2012-08-31,53.7056,ADS.DE,adidas AG                     N
2012-09-30,55.2956,ADS.DE,adidas AG                     N
2012-10-31,56.8855,ADS.DE,adidas AG                     N
2012-11-30,56.6416,ADS.DE,adidas AG                     N
2012-12-31,57.5838,ADS.DE,adidas AG                     N
2013-01-31,58.7195,ADS.DE,adidas AG                     N
2013-02-28,68.091,ADS.DE,adidas AG                     N
2013-03-31,66.7114,ADS.DE,adidas AG                     N
2013-04-30,71.887,ADS.DE,adidas AG                     N
2013-05-31,71.0749,ADS.DE,adidas AG                     N
2013-06-30,71.6391,ADS.DE,adidas AG                     N
2013-07-31,68.3905,ADS.DE,adidas AG                     N
2013-08-31,68.5444,ADS.DE,adidas AG                     N
2013-09-30,71.8785,ADS.DE,adidas AG                     N
2013-10-31,76.529,ADS.DE,adidas AG                     N
2013-11-30,79.1963,ADS.DE,adidas AG                     N
2013-12-31,70.8612,ADS.DE,adidas AG                     N
2014-01-31,72.152,ADS.DE,adidas AG                     N
2014-02-28,67.1424,ADS.DE,adidas AG                     N
2014-03-31,65.7661,ADS.DE,adidas AG                     N
2014-04-30,68.6324,ADS.DE,adidas AG                     N
2014-05-31,64.4747,ADS.DE,adidas AG                     N
2014-06-30,51.7837,ADS.DE,adidas AG                     N
2014-07-31,49.718,ADS.DE,adidas AG                     N
2014-08-31,51.6443,ADS.DE,adidas AG                     N
2014-09-30,50.5983,ADS.DE,adidas AG                     N
2014-10-31,56.2204,ADS.DE,adidas AG                     N
2014-11-30,50.2235,ADS.DE,adidas AG                     N
2014-12-31,53.3352,ADS.DE,adidas AG                     N
2015-01-31,60.5175,ADS.DE,adidas AG                     N
2015-02-28,64.2307,ADS.DE,adidas AG                     N
2015-03-31,63.9953,ADS.DE,adidas AG                     N
2015-04-30,63.6521,ADS.DE,adidas AG                     N
2015-05-31,61.0893,ADS.DE,adidas AG                     N
2015-06-30,66.2683,ADS.DE,adidas AG                     N
2015-07-31,59.3718,ADS.DE,adidas AG                     N
2015-08-31,64.0792,ADS.DE,adidas AG                     N
2015-09-30,72.5686,ADS.DE,adidas AG                     N
2015-10-31,81.5028,ADS.DE,adidas AG                     N
2015-11-30,80.0078,ADS.DE,adidas AG                     N
2015-12-31,84.5195,ADS.DE,adidas AG                     N
2016-01-31,87.6162,ADS.DE,adidas AG                     N
2016-02-29,91.6562,ADS.DE,adidas AG                     N
2016-03-31,100.1989,ADS.DE,adidas AG                     N
2016-04-30,103.9345,ADS.DE,adidas AG                     N
2016-05-31,115.9391,ADS.DE,adidas AG                     N
2016-06-30,132.4567,ADS.DE,adidas AG                     N
2016-07-31,134.4424,ADS.DE,adidas AG                     N
2016-08-31,139.4519,ADS.DE,adidas AG                     N
2016-09-30,134.8486,ADS.DE,adidas AG                     N
2016-10-31,125.4615,ADS.DE,adidas AG                     N
2016-11-30,135.5255,ADS.DE,adidas AG                     N
2016-12-31,131.4638,ADS.DE,adidas AG                     N
2017-01-31,142.972,ADS.DE,adidas AG                     N
2017-02-28,160.9337,ADS.DE,adidas AG                     N
2017-03-31,165.9883,ADS.DE,adidas AG                     N
2017-04-30,155.4042,ADS.DE,adidas AG                     N
2017-05-31,153.1222,ADS.DE,adidas AG                     N
2017-06-30,176.1704,ADS.DE,adidas AG                     N
2017-07-31,172.1084,ADS.DE,adidas AG                     N
2017-08-31,174.7099,ADS.DE,adidas AG                     N
2017-09-30,174.3904,ADS.DE,adidas AG                     N
2017-10-31,159.9225,ADS.DE,adidas AG                     N
2017-11-30,152.5745,ADS.DE,adidas AG                     N
2017-12-31,170.9674,ADS.DE,adidas AG                     N
2018-01-31,166.6772,ADS.DE,adidas AG                     N
2018-02-28,179.5021,ADS.DE,adidas AG                     N
2018-03-31,186.1199,ADS.DE,adidas AG                     N
2018-04-30,179.1653,ADS.DE,adidas AG                     N
2018-05-31,173.0111,ADS.DE,adidas AG                     N
2018-06-30,175.0471,ADS.DE,adidas AG                     N
2018-07-31,198.8772,ADS.DE,adidas AG                     N
2018-08-31,195.1754,ADS.DE,adidas AG                     N
2018-09-30,192.4916,ADS.DE,adidas AG                     N
2018-10-31,180.2758,ADS.DE,adidas AG                     N
2018-11-30,168.8003,ADS.DE,adidas AG                     N
2018-12-31,192.214,ADS.DE,adidas AG                     N
2019-01-31,197.6741,ADS.DE,adidas AG                     N
2019-02-28,200.4504,ADS.DE,adidas AG                     N
2019-03-31,212.0184,ADS.DE,adidas AG                     N
2019-04-30,240.3201,ADS.DE,adidas AG                     N
2019-05-31,254.6717,ADS.DE,adidas AG                     N
2019-06-30,271.603,ADS.DE,adidas AG                     N
2019-07-31,252.9833,ADS.DE,adidas AG                     N
2019-08-31,267.9447,ADS.DE,adidas AG                     N
2019-09-30,259.6902,ADS.DE,adidas AG                     N
2019-10-31,265.2244,ADS.DE,adidas AG                     N
2019-11-30,271.8375,ADS.DE,adidas AG                     N
2019-12-31,268.0854,ADS.DE,adidas AG                     N
2020-01-31,235.0203,ADS.DE,adidas AG                     N
2020-02-29,193.1378,ADS.DE,adidas AG                     N
2020-03-31,196.2333,ADS.DE,adidas AG                     N
2020-04-30,222.4977,ADS.DE,adidas AG                     N
2020-05-31,219.1209,ADS.DE,adidas AG                     N
2020-06-30,219.4023,ADS.DE,adidas AG                     N
2020-07-31,238.8193,ADS.DE,adidas AG                     N
2020-08-31,258.9866,ADS.DE,adidas AG                     N
2020-09-30,239.1944,ADS.DE,adidas AG                     N
2020-10-31,250.7321,ADS.DE,adidas AG                     N
2020-11-30,279.4354,ADS.DE,adidas AG                     N
2020-12-31,245.7606,ADS.DE,adidas AG                     N
2021-01-31,270.9933,ADS.DE,adidas AG                     N
2021-02-28,249.7003,ADS.DE,adidas AG                     N
2021-03-31,240.9298,ADS.DE,adidas AG                     N
2021-04-30,282.8185,ADS.DE,adidas AG                     N
2021-05-31,297.559,ADS.DE,adidas AG                     N
2021-06-30,290.165,ADS.DE,adidas AG                     N
2021-07-31,284.8092,ADS.DE,adidas AG                     N
2021-08-31,257.6506,ADS.DE,adidas AG                     N
2021-09-30,268.5519,ADS.DE,adidas AG                     N
2021-10-31,242.2466,ADS.DE,adidas AG                     N
2021-11-30,240.0189,ADS.DE,adidas AG                     N
2021-12-31,229.6389,ADS.DE,adidas AG                     N
2022-01-31,201.0111,ADS.DE,adidas AG                     N
2022-02-28,200.8689,ADS.DE,adidas AG                     N
2022-03-31,183.6353,ADS.DE,adidas AG                     N
2022-04-30,178.1141,ADS.DE,adidas AG                     N
2022-05-31,162.9542,ADS.DE,adidas AG                     N
2022-06-30,162.0272,ADS.DE,adidas AG                     N
2022-07-31,143.1788,ADS.DE,adidas AG                     N
2022-08-31,114.7902,ADS.DE,adidas AG                     N
2022-09-30,95.5748,ADS.DE,adidas AG                     N
2022-10-31,118.0539,ADS.DE,adidas AG                     N
2022-11-30,123.075,ADS.DE,adidas AG                     N
2022-12-31,142.3098,ADS.DE,adidas AG                     N
2023-01-31,136.7865,ADS.DE,adidas AG                     N
2023-02-28,157.1799,ADS.DE,adidas AG                     N
2023-03-31,153.9548,ADS.DE,adidas AG                     N
2023-04-30,146.9033,ADS.DE,adidas AG                     N
2023-05-31,172.3859,ADS.DE,adidas AG                     N
2023-06-30,178.4171,ADS.DE,adidas AG                     N
2023-07-31,178.8244,ADS.DE,adidas AG                     N
2023-08-31,161.5645,ADS.DE,adidas AG                     N
2023-09-30,162.1269,ADS.DE,adidas AG                     N
2023-10-31,186.3102,ADS.DE,adidas AG                     N
2023-11-30,178.5723,ADS.DE,adidas AG                     N
2023-12-31,170.7762,ADS.DE,adidas AG                     N
2024-01-31,181.4425,ADS.DE,adidas AG                     N
2024-02-29,200.7193,ADS.DE,adidas AG                     N
2024-03-31,219.5307,ADS.DE,adidas AG                     N
2024-04-30,225.1603,ADS.DE,adidas AG                     N
2024-05-31,216.8931,ADS.DE,adidas AG                     N
2024-06-30,224.9658,ADS.DE,adidas AG                     N
2024-07-31,225.6466,ADS.DE,adidas AG                     N
2024-08-31,231.385,ADS.DE,adidas AG                     N
2024-09-30,213.3917,ADS.DE,adidas AG                     N
2024-10-31,216.9903,ADS.DE,adidas AG                     N
2024-11-30,230.3152,ADS.DE,adidas AG                     N
2024-12-31,247.9195,ADS.DE,adidas AG                     N
2025-01-31,239.4577,ADS.DE,adidas AG                     N
2025-02-28,210.7656,ADS.DE,adidas AG                     N
2025-03-31,196.1764,ADS.DE,adidas AG                     N
2025-04-30,215.4566,ADS.DE,adidas AG                     N
2025-05-31,194.3035,ADS.DE,adidas AG                     N
2025-06-30,164.9543,ADS.DE,adidas AG                     N
2025-07-31,163.2857,ADS.DE,adidas AG                     N
2025-08-31,176.0953,ADS.DE,adidas AG                     N
2025-09-30,160.7826,ADS.DE,adidas AG                     N
2025-10-31,157.4453,ADS.DE,adidas AG                     N
2025-11-30,165.9359,ADS.DE,adidas AG                     N
2025-12-31,146.4025,ADS.DE,adidas AG                     N
2026-01-31,155.2858,ADS.DE,adidas AG                     N
2026-02-28,134.1328,ADS.DE,adidas AG                     N
2026-03-31,144.6847,ADS.DE,adidas AG                     N
2026-04-30,166.6,ADS.DE,adidas AG                     N
2026-05-31,179.4,ADS.DE,adidas AG                     N
2026-06-30,,ADS.DE,adidas AG                     N
1999-12-31,16.2558,SGO.PA,SAINT GOBAIN
2000-01-31,16.1998,SGO.PA,SAINT GOBAIN
2000-02-29,14.9666,SGO.PA,SAINT GOBAIN
2000-03-31,16.8276,SGO.PA,SAINT GOBAIN
2000-04-30,16.7603,SGO.PA,SAINT GOBAIN
2000-05-31,15.8746,SGO.PA,SAINT GOBAIN
2000-06-30,18.2328,SGO.PA,SAINT GOBAIN
2000-07-31,17.232,SGO.PA,SAINT GOBAIN
2000-08-31,16.3923,SGO.PA,SAINT GOBAIN
2000-09-30,16.9445,SGO.PA,SAINT GOBAIN
2000-10-31,18.2328,SGO.PA,SAINT GOBAIN
2000-11-30,19.2451,SGO.PA,SAINT GOBAIN
2000-12-31,20.0849,SGO.PA,SAINT GOBAIN
2001-01-31,19.0956,SGO.PA,SAINT GOBAIN
2001-02-28,18.808,SGO.PA,SAINT GOBAIN
2001-03-31,19.5557,SGO.PA,SAINT GOBAIN
2001-04-30,20.2344,SGO.PA,SAINT GOBAIN
2001-05-31,18.4629,SGO.PA,SAINT GOBAIN
2001-06-30,19.9168,SGO.PA,SAINT GOBAIN
2001-07-31,19.9759,SGO.PA,SAINT GOBAIN
2001-08-31,18.4511,SGO.PA,SAINT GOBAIN
2001-09-30,18.262,SGO.PA,SAINT GOBAIN
2001-10-31,19.2548,SGO.PA,SAINT GOBAIN
2001-11-30,20.035,SGO.PA,SAINT GOBAIN
2001-12-31,19.5622,SGO.PA,SAINT GOBAIN
2002-01-31,21.217,SGO.PA,SAINT GOBAIN
2002-02-28,22.0917,SGO.PA,SAINT GOBAIN
2002-03-31,22.4581,SGO.PA,SAINT GOBAIN
2002-04-30,22.4581,SGO.PA,SAINT GOBAIN
2002-05-31,22.0349,SGO.PA,SAINT GOBAIN
2002-06-30,14.7772,SGO.PA,SAINT GOBAIN
2002-07-31,14.7869,SGO.PA,SAINT GOBAIN
2002-08-31,10.8308,SGO.PA,SAINT GOBAIN
2002-09-30,10.632,SGO.PA,SAINT GOBAIN
2002-10-31,14.7238,SGO.PA,SAINT GOBAIN
2002-11-30,13.5554,SGO.PA,SAINT GOBAIN
2002-12-31,13.1676,SGO.PA,SAINT GOBAIN
2003-01-31,13.5894,SGO.PA,SAINT GOBAIN
2003-02-28,12.2804,SGO.PA,SAINT GOBAIN
2003-03-31,15.223,SGO.PA,SAINT GOBAIN
2003-04-30,15.8021,SGO.PA,SAINT GOBAIN
2003-05-31,17.3802,SGO.PA,SAINT GOBAIN
2003-06-30,17.9634,SGO.PA,SAINT GOBAIN
2003-07-31,18.0496,SGO.PA,SAINT GOBAIN
2003-08-31,16.0108,SGO.PA,SAINT GOBAIN
2003-09-30,18.4046,SGO.PA,SAINT GOBAIN
2003-10-31,18.927,SGO.PA,SAINT GOBAIN
2003-11-30,19.6826,SGO.PA,SAINT GOBAIN
2003-12-31,20.7527,SGO.PA,SAINT GOBAIN
2004-01-31,21.4272,SGO.PA,SAINT GOBAIN
2004-02-29,20.8491,SGO.PA,SAINT GOBAIN
2004-03-31,21.544,SGO.PA,SAINT GOBAIN
2004-04-30,21.0888,SGO.PA,SAINT GOBAIN
2004-05-31,21.8558,SGO.PA,SAINT GOBAIN
2004-06-30,21.6584,SGO.PA,SAINT GOBAIN
2004-07-31,22.0212,SGO.PA,SAINT GOBAIN
2004-08-31,22.0479,SGO.PA,SAINT GOBAIN
2004-09-30,22.9654,SGO.PA,SAINT GOBAIN
2004-10-31,22.8374,SGO.PA,SAINT GOBAIN
2004-11-30,23.6429,SGO.PA,SAINT GOBAIN
2004-12-31,25.27,SGO.PA,SAINT GOBAIN
2005-01-31,24.9232,SGO.PA,SAINT GOBAIN
2005-02-28,25.0726,SGO.PA,SAINT GOBAIN
2005-03-31,23.2588,SGO.PA,SAINT GOBAIN
2005-04-30,24.9499,SGO.PA,SAINT GOBAIN
2005-05-31,25.1816,SGO.PA,SAINT GOBAIN
2005-06-30,27.19,SGO.PA,SAINT GOBAIN
2005-07-31,27.0309,SGO.PA,SAINT GOBAIN
2005-08-31,26.2626,SGO.PA,SAINT GOBAIN
2005-09-30,25.0773,SGO.PA,SAINT GOBAIN
2005-10-31,26.9705,SGO.PA,SAINT GOBAIN
2005-11-30,27.5741,SGO.PA,SAINT GOBAIN
2005-12-31,29.6044,SGO.PA,SAINT GOBAIN
2006-01-31,30.7293,SGO.PA,SAINT GOBAIN
2006-02-28,31.6348,SGO.PA,SAINT GOBAIN
2006-03-31,32.6225,SGO.PA,SAINT GOBAIN
2006-04-30,29.9886,SGO.PA,SAINT GOBAIN
2006-05-31,31.4855,SGO.PA,SAINT GOBAIN
2006-06-30,31.4855,SGO.PA,SAINT GOBAIN
2006-07-31,32.6401,SGO.PA,SAINT GOBAIN
2006-08-31,32.2177,SGO.PA,SAINT GOBAIN
2006-09-30,32.5275,SGO.PA,SAINT GOBAIN
2006-10-31,33.9356,SGO.PA,SAINT GOBAIN
2006-11-30,35.8506,SGO.PA,SAINT GOBAIN
2006-12-31,40.779,SGO.PA,SAINT GOBAIN
2007-01-31,39.6525,SGO.PA,SAINT GOBAIN
2007-02-28,41.2127,SGO.PA,SAINT GOBAIN
2007-03-31,44.412,SGO.PA,SAINT GOBAIN
2007-04-30,45.8989,SGO.PA,SAINT GOBAIN
2007-05-31,47.9318,SGO.PA,SAINT GOBAIN
2007-06-30,47.1442,SGO.PA,SAINT GOBAIN
2007-07-31,45.9138,SGO.PA,SAINT GOBAIN
2007-08-31,42.0791,SGO.PA,SAINT GOBAIN
2007-09-30,42.539,SGO.PA,SAINT GOBAIN
2007-10-31,38.664,SGO.PA,SAINT GOBAIN
2007-11-30,37.0772,SGO.PA,SAINT GOBAIN
2007-12-31,29.9366,SGO.PA,SAINT GOBAIN
2008-01-31,30.0228,SGO.PA,SAINT GOBAIN
2008-02-29,29.6951,SGO.PA,SAINT GOBAIN
2008-03-31,29.7526,SGO.PA,SAINT GOBAIN
2008-04-30,29.8043,SGO.PA,SAINT GOBAIN
2008-05-31,23.9066,SGO.PA,SAINT GOBAIN
2008-06-30,24.1894,SGO.PA,SAINT GOBAIN
2008-07-31,25.2061,SGO.PA,SAINT GOBAIN
2008-08-31,21.744,SGO.PA,SAINT GOBAIN
2008-09-30,18.0623,SGO.PA,SAINT GOBAIN
2008-10-31,18.9075,SGO.PA,SAINT GOBAIN
2008-11-30,20.21,SGO.PA,SAINT GOBAIN
2008-12-31,15.9869,SGO.PA,SAINT GOBAIN
2009-01-31,11.0209,SGO.PA,SAINT GOBAIN
2009-02-28,12.7053,SGO.PA,SAINT GOBAIN
2009-03-31,16.4982,SGO.PA,SAINT GOBAIN
2009-04-30,15.3252,SGO.PA,SAINT GOBAIN
2009-05-31,14.8849,SGO.PA,SAINT GOBAIN
2009-06-30,17.7744,SGO.PA,SAINT GOBAIN
2009-07-31,19.6112,SGO.PA,SAINT GOBAIN
2009-08-31,22.1477,SGO.PA,SAINT GOBAIN
2009-09-30,20.8076,SGO.PA,SAINT GOBAIN
2009-10-31,22.6319,SGO.PA,SAINT GOBAIN
2009-11-30,23.7845,SGO.PA,SAINT GOBAIN
2009-12-31,21.7728,SGO.PA,SAINT GOBAIN
2010-01-31,21.5667,SGO.PA,SAINT GOBAIN
2010-02-28,22.2414,SGO.PA,SAINT GOBAIN
2010-03-31,23.3753,SGO.PA,SAINT GOBAIN
2010-04-30,19.6112,SGO.PA,SAINT GOBAIN
2010-05-31,19.9573,SGO.PA,SAINT GOBAIN
2010-06-30,21.1007,SGO.PA,SAINT GOBAIN
2010-07-31,18.759,SGO.PA,SAINT GOBAIN
2010-08-31,21.0781,SGO.PA,SAINT GOBAIN
2010-09-30,21.6788,SGO.PA,SAINT GOBAIN
2010-10-31,22.2957,SGO.PA,SAINT GOBAIN
2010-11-30,24.8699,SGO.PA,SAINT GOBAIN
2010-12-31,27.3376,SGO.PA,SAINT GOBAIN
2011-01-31,27.9868,SGO.PA,SAINT GOBAIN
2011-02-28,27.9092,SGO.PA,SAINT GOBAIN
2011-03-31,30.1249,SGO.PA,SAINT GOBAIN
2011-04-30,29.6663,SGO.PA,SAINT GOBAIN
2011-05-31,29.648,SGO.PA,SAINT GOBAIN
2011-06-30,26.8229,SGO.PA,SAINT GOBAIN
2011-07-31,23.075,SGO.PA,SAINT GOBAIN
2011-08-31,19.1678,SGO.PA,SAINT GOBAIN
2011-09-30,22.3679,SGO.PA,SAINT GOBAIN
2011-10-31,20.8508,SGO.PA,SAINT GOBAIN
2011-11-30,19.6956,SGO.PA,SAINT GOBAIN
2011-12-31,22.587,SGO.PA,SAINT GOBAIN
2012-01-31,23.6626,SGO.PA,SAINT GOBAIN
2012-02-29,22.2318,SGO.PA,SAINT GOBAIN
2012-03-31,21.0102,SGO.PA,SAINT GOBAIN
2012-04-30,19.0018,SGO.PA,SAINT GOBAIN
2012-05-31,20.2321,SGO.PA,SAINT GOBAIN
2012-06-30,17.0756,SGO.PA,SAINT GOBAIN
2012-07-31,18.9632,SGO.PA,SAINT GOBAIN
2012-08-31,19.005,SGO.PA,SAINT GOBAIN
2012-09-30,18.9041,SGO.PA,SAINT GOBAIN
2012-10-31,21.3306,SGO.PA,SAINT GOBAIN
2012-11-30,22.4013,SGO.PA,SAINT GOBAIN
2012-12-31,21.1151,SGO.PA,SAINT GOBAIN
2013-01-31,21.2437,SGO.PA,SAINT GOBAIN
2013-02-28,20.1069,SGO.PA,SAINT GOBAIN
2013-03-31,21.1742,SGO.PA,SAINT GOBAIN
2013-04-30,23.3191,SGO.PA,SAINT GOBAIN
2013-05-31,22.4687,SGO.PA,SAINT GOBAIN
2013-06-30,25.1779,SGO.PA,SAINT GOBAIN
2013-07-31,25.5319,SGO.PA,SAINT GOBAIN
2013-08-31,26.4459,SGO.PA,SAINT GOBAIN
2013-09-30,27.9919,SGO.PA,SAINT GOBAIN
2013-10-31,28.2773,SGO.PA,SAINT GOBAIN
2013-11-30,28.8806,SGO.PA,SAINT GOBAIN
2013-12-31,28.1509,SGO.PA,SAINT GOBAIN
2014-01-31,31.4273,SGO.PA,SAINT GOBAIN
2014-02-28,31.6801,SGO.PA,SAINT GOBAIN
2014-03-31,31.8029,SGO.PA,SAINT GOBAIN
2014-04-30,30.1955,SGO.PA,SAINT GOBAIN
2014-05-31,30.1865,SGO.PA,SAINT GOBAIN
2014-06-30,26.6847,SGO.PA,SAINT GOBAIN
2014-07-31,28.3,SGO.PA,SAINT GOBAIN
2014-08-31,26.5455,SGO.PA,SAINT GOBAIN
2014-09-30,25.0876,SGO.PA,SAINT GOBAIN
2014-10-31,27.0619,SGO.PA,SAINT GOBAIN
2014-11-30,25.8092,SGO.PA,SAINT GOBAIN
2014-12-31,27.7872,SGO.PA,SAINT GOBAIN
2015-01-31,29.4758,SGO.PA,SAINT GOBAIN
2015-02-28,29.9593,SGO.PA,SAINT GOBAIN
2015-03-31,29.8165,SGO.PA,SAINT GOBAIN
2015-04-30,31.0839,SGO.PA,SAINT GOBAIN
2015-05-31,29.9443,SGO.PA,SAINT GOBAIN
2015-06-30,32.097,SGO.PA,SAINT GOBAIN
2015-07-31,30.4611,SGO.PA,SAINT GOBAIN
2015-08-31,28.7843,SGO.PA,SAINT GOBAIN
2015-09-30,28.3902,SGO.PA,SAINT GOBAIN
2015-10-31,31.1043,SGO.PA,SAINT GOBAIN
2015-11-30,29.632,SGO.PA,SAINT GOBAIN
2015-12-31,28.208,SGO.PA,SAINT GOBAIN
2016-01-31,26.5982,SGO.PA,SAINT GOBAIN
2016-02-29,28.7992,SGO.PA,SAINT GOBAIN
2016-03-31,29.7398,SGO.PA,SAINT GOBAIN
2016-04-30,29.8328,SGO.PA,SAINT GOBAIN
2016-05-31,26.3669,SGO.PA,SAINT GOBAIN
2016-06-30,29.0877,SGO.PA,SAINT GOBAIN
2016-07-31,30.1775,SGO.PA,SAINT GOBAIN
2016-08-31,29.5251,SGO.PA,SAINT GOBAIN
2016-09-30,31.0409,SGO.PA,SAINT GOBAIN
2016-10-31,31.4093,SGO.PA,SAINT GOBAIN
2016-11-30,33.965,SGO.PA,SAINT GOBAIN
2016-12-31,34.9206,SGO.PA,SAINT GOBAIN
2017-01-31,34.7133,SGO.PA,SAINT GOBAIN
2017-02-28,36.9429,SGO.PA,SAINT GOBAIN
2017-03-31,38.0289,SGO.PA,SAINT GOBAIN
2017-04-30,38.2016,SGO.PA,SAINT GOBAIN
2017-05-31,36.8317,SGO.PA,SAINT GOBAIN
2017-06-30,36.9183,SGO.PA,SAINT GOBAIN
2017-07-31,36.2766,SGO.PA,SAINT GOBAIN
2017-08-31,39.6976,SGO.PA,SAINT GOBAIN
2017-09-30,39.6503,SGO.PA,SAINT GOBAIN
2017-10-31,37.6859,SGO.PA,SAINT GOBAIN
2017-11-30,36.2018,SGO.PA,SAINT GOBAIN
2017-12-31,36.8592,SGO.PA,SAINT GOBAIN
2018-01-31,36.8041,SGO.PA,SAINT GOBAIN
2018-02-28,33.7453,SGO.PA,SAINT GOBAIN
2018-03-31,34.2453,SGO.PA,SAINT GOBAIN
2018-04-30,33.7571,SGO.PA,SAINT GOBAIN
2018-05-31,31.0822,SGO.PA,SAINT GOBAIN
2018-06-30,30.9238,SGO.PA,SAINT GOBAIN
2018-07-31,30.1035,SGO.PA,SAINT GOBAIN
2018-08-31,30.1685,SGO.PA,SAINT GOBAIN
2018-09-30,26.9969,SGO.PA,SAINT GOBAIN
2018-10-31,26.5867,SGO.PA,SAINT GOBAIN
2018-11-30,23.6873,SGO.PA,SAINT GOBAIN
2018-12-31,24.4629,SGO.PA,SAINT GOBAIN
2019-01-31,25.7136,SGO.PA,SAINT GOBAIN
2019-02-28,26.2416,SGO.PA,SAINT GOBAIN
2019-03-31,29.5959,SGO.PA,SAINT GOBAIN
2019-04-30,26.3268,SGO.PA,SAINT GOBAIN
2019-05-31,28.9861,SGO.PA,SAINT GOBAIN
2019-06-30,29.392,SGO.PA,SAINT GOBAIN
2019-07-31,27.7556,SGO.PA,SAINT GOBAIN
2019-08-31,30.4449,SGO.PA,SAINT GOBAIN
2019-09-30,30.8424,SGO.PA,SAINT GOBAIN
2019-10-31,31.0791,SGO.PA,SAINT GOBAIN
2019-11-30,30.8677,SGO.PA,SAINT GOBAIN
2019-12-31,28.9522,SGO.PA,SAINT GOBAIN
2020-01-31,26.7238,SGO.PA,SAINT GOBAIN
2020-02-29,18.7447,SGO.PA,SAINT GOBAIN
2020-03-31,20.4742,SGO.PA,SAINT GOBAIN
2020-04-30,24.5842,SGO.PA,SAINT GOBAIN
2020-05-31,27.1044,SGO.PA,SAINT GOBAIN
2020-06-30,26.3602,SGO.PA,SAINT GOBAIN
2020-07-31,28.7366,SGO.PA,SAINT GOBAIN
2020-08-31,30.4533,SGO.PA,SAINT GOBAIN
2020-09-30,28.3307,SGO.PA,SAINT GOBAIN
2020-10-31,33.6754,SGO.PA,SAINT GOBAIN
2020-11-30,31.7134,SGO.PA,SAINT GOBAIN
2020-12-31,34.741,SGO.PA,SAINT GOBAIN
2021-01-31,37.5656,SGO.PA,SAINT GOBAIN
2021-02-28,42.5552,SGO.PA,SAINT GOBAIN
2021-03-31,44.3988,SGO.PA,SAINT GOBAIN
2021-04-30,46.3608,SGO.PA,SAINT GOBAIN
2021-05-31,48.067,SGO.PA,SAINT GOBAIN
2021-06-30,52.1432,SGO.PA,SAINT GOBAIN
2021-07-31,53.1299,SGO.PA,SAINT GOBAIN
2021-08-31,50.4037,SGO.PA,SAINT GOBAIN
2021-09-30,51.5461,SGO.PA,SAINT GOBAIN
2021-10-31,48.6209,SGO.PA,SAINT GOBAIN
2021-11-30,53.5453,SGO.PA,SAINT GOBAIN
2021-12-31,51.624,SGO.PA,SAINT GOBAIN
2022-01-31,48.4218,SGO.PA,SAINT GOBAIN
2022-02-28,46.9679,SGO.PA,SAINT GOBAIN
2022-03-31,48.7507,SGO.PA,SAINT GOBAIN
2022-04-30,47.6862,SGO.PA,SAINT GOBAIN
2022-05-31,36.4829,SGO.PA,SAINT GOBAIN
2022-06-30,40.3856,SGO.PA,SAINT GOBAIN
2022-07-31,35.9528,SGO.PA,SAINT GOBAIN
2022-08-31,33.0124,SGO.PA,SAINT GOBAIN
2022-09-30,36.8883,SGO.PA,SAINT GOBAIN
2022-10-31,38.9778,SGO.PA,SAINT GOBAIN
2022-11-30,40.6752,SGO.PA,SAINT GOBAIN
2022-12-31,46.8232,SGO.PA,SAINT GOBAIN
2023-01-31,50.1913,SGO.PA,SAINT GOBAIN
2023-02-28,46.6183,SGO.PA,SAINT GOBAIN
2023-03-31,46.7074,SGO.PA,SAINT GOBAIN
2023-04-30,46.155,SGO.PA,SAINT GOBAIN
2023-05-31,51.502,SGO.PA,SAINT GOBAIN
2023-06-30,56.8157,SGO.PA,SAINT GOBAIN
2023-07-31,55.5959,SGO.PA,SAINT GOBAIN
2023-08-31,52.5647,SGO.PA,SAINT GOBAIN
2023-09-30,47.5005,SGO.PA,SAINT GOBAIN
2023-10-31,55.2724,SGO.PA,SAINT GOBAIN
2023-11-30,61.6027,SGO.PA,SAINT GOBAIN
2023-12-31,60.845,SGO.PA,SAINT GOBAIN
2024-01-31,65.7983,SGO.PA,SAINT GOBAIN
2024-02-29,66.4729,SGO.PA,SAINT GOBAIN
2024-03-31,68.9958,SGO.PA,SAINT GOBAIN
2024-04-30,74.4667,SGO.PA,SAINT GOBAIN
2024-05-31,68.9272,SGO.PA,SAINT GOBAIN
2024-06-30,75.4004,SGO.PA,SAINT GOBAIN
2024-07-31,75.0587,SGO.PA,SAINT GOBAIN
2024-08-31,77.5644,SGO.PA,SAINT GOBAIN
2024-09-30,78.7604,SGO.PA,SAINT GOBAIN
2024-10-31,81.9495,SGO.PA,SAINT GOBAIN
2024-11-30,81.3421,SGO.PA,SAINT GOBAIN
2024-12-31,85.9739,SGO.PA,SAINT GOBAIN
2025-01-31,91.8017,SGO.PA,SAINT GOBAIN
2025-02-28,87.0369,SGO.PA,SAINT GOBAIN
2025-03-31,90.6437,SGO.PA,SAINT GOBAIN
2025-04-30,93.8139,SGO.PA,SAINT GOBAIN
2025-05-31,96.6738,SGO.PA,SAINT GOBAIN
2025-06-30,97.3141,SGO.PA,SAINT GOBAIN
2025-07-31,89.4552,SGO.PA,SAINT GOBAIN
2025-08-31,88.9313,SGO.PA,SAINT GOBAIN
2025-09-30,81.5576,SGO.PA,SAINT GOBAIN
2025-10-31,83.3816,SGO.PA,SAINT GOBAIN
2025-11-30,84.3712,SGO.PA,SAINT GOBAIN
2025-12-31,80.7426,SGO.PA,SAINT GOBAIN
2026-01-31,83.6727,SGO.PA,SAINT GOBAIN
2026-02-28,67.9743,SGO.PA,SAINT GOBAIN
2026-03-31,75.3287,SGO.PA,SAINT GOBAIN
2026-04-30,75.9302,SGO.PA,SAINT GOBAIN
2026-05-31,79.16,SGO.PA,SAINT GOBAIN
2026-06-30,,SGO.PA,SAINT GOBAIN
2001-01-31,1.8409,DB1.DE,DEUTSCHE BOERSE AG            N
2001-02-28,1.5507,DB1.DE,DEUTSCHE BOERSE AG            N
2001-03-31,1.7629,DB1.DE,DEUTSCHE BOERSE AG            N
2001-04-30,2.1176,DB1.DE,DEUTSCHE BOERSE AG            N
2001-05-31,22.0757,DB1.DE,DEUTSCHE BOERSE AG            N
2001-06-30,20.5616,DB1.DE,DEUTSCHE BOERSE AG            N
2001-07-31,20.7046,DB1.DE,DEUTSCHE BOERSE AG            N
2001-08-31,20.4981,DB1.DE,DEUTSCHE BOERSE AG            N
2001-09-30,20.3552,DB1.DE,DEUTSCHE BOERSE AG            N
2001-10-31,21.0434,DB1.DE,DEUTSCHE BOERSE AG            N
2001-11-30,22.8751,DB1.DE,DEUTSCHE BOERSE AG            N
2001-12-31,22.0704,DB1.DE,DEUTSCHE BOERSE AG            N
2002-01-31,24.7227,DB1.DE,DEUTSCHE BOERSE AG            N
2002-02-28,24.9609,DB1.DE,DEUTSCHE BOERSE AG            N
2002-03-31,26.152,DB1.DE,DEUTSCHE BOERSE AG            N
2002-04-30,26.1794,DB1.DE,DEUTSCHE BOERSE AG            N
2002-05-31,22.9803,DB1.DE,DEUTSCHE BOERSE AG            N
2002-06-30,20.1011,DB1.DE,DEUTSCHE BOERSE AG            N
2002-07-31,20.5277,DB1.DE,DEUTSCHE BOERSE AG            N
2002-08-31,18.0217,DB1.DE,DEUTSCHE BOERSE AG            N
2002-09-30,19.424,DB1.DE,DEUTSCHE BOERSE AG            N
2002-10-31,21.3808,DB1.DE,DEUTSCHE BOERSE AG            N
2002-11-30,20.3464,DB1.DE,DEUTSCHE BOERSE AG            N
2002-12-31,18.4856,DB1.DE,DEUTSCHE BOERSE AG            N
2003-01-31,19.152,DB1.DE,DEUTSCHE BOERSE AG            N
2003-02-28,18.8375,DB1.DE,DEUTSCHE BOERSE AG            N
2003-03-31,22.3938,DB1.DE,DEUTSCHE BOERSE AG            N
2003-04-30,24.1106,DB1.DE,DEUTSCHE BOERSE AG            N
2003-05-31,24.8541,DB1.DE,DEUTSCHE BOERSE AG            N
2003-06-30,25.3175,DB1.DE,DEUTSCHE BOERSE AG            N
2003-07-31,23.7227,DB1.DE,DEUTSCHE BOERSE AG            N
2003-08-31,23.5987,DB1.DE,DEUTSCHE BOERSE AG            N
2003-09-30,25.7646,DB1.DE,DEUTSCHE BOERSE AG            N
2003-10-31,22.6343,DB1.DE,DEUTSCHE BOERSE AG            N
2003-11-30,23.3563,DB1.DE,DEUTSCHE BOERSE AG            N
2003-12-31,25.7269,DB1.DE,DEUTSCHE BOERSE AG            N
2004-01-31,24.9403,DB1.DE,DEUTSCHE BOERSE AG            N
2004-02-29,24.8757,DB1.DE,DEUTSCHE BOERSE AG            N
2004-03-31,24.7194,DB1.DE,DEUTSCHE BOERSE AG            N
2004-04-30,23.8731,DB1.DE,DEUTSCHE BOERSE AG            N
2004-05-31,22.7927,DB1.DE,DEUTSCHE BOERSE AG            N
2004-06-30,22.0888,DB1.DE,DEUTSCHE BOERSE AG            N
2004-07-31,21.6468,DB1.DE,DEUTSCHE BOERSE AG            N
2004-08-31,22.2198,DB1.DE,DEUTSCHE BOERSE AG            N
2004-09-30,21.3631,DB1.DE,DEUTSCHE BOERSE AG            N
2004-10-31,24.3097,DB1.DE,DEUTSCHE BOERSE AG            N
2004-11-30,24.1624,DB1.DE,DEUTSCHE BOERSE AG            N
2004-12-31,26.0286,DB1.DE,DEUTSCHE BOERSE AG            N
2005-01-31,30.6122,DB1.DE,DEUTSCHE BOERSE AG            N
2005-02-28,31.649,DB1.DE,DEUTSCHE BOERSE AG            N
2005-03-31,31.8672,DB1.DE,DEUTSCHE BOERSE AG            N
2005-04-30,32.9907,DB1.DE,DEUTSCHE BOERSE AG            N
2005-05-31,35.7459,DB1.DE,DEUTSCHE BOERSE AG            N
2005-06-30,39.9975,DB1.DE,DEUTSCHE BOERSE AG            N
2005-07-31,40.9361,DB1.DE,DEUTSCHE BOERSE AG            N
2005-08-31,43.8956,DB1.DE,DEUTSCHE BOERSE AG            N
2005-09-30,43.3435,DB1.DE,DEUTSCHE BOERSE AG            N
2005-10-31,46.1042,DB1.DE,DEUTSCHE BOERSE AG            N
2005-11-30,47.7938,DB1.DE,DEUTSCHE BOERSE AG            N
2005-12-31,57.4784,DB1.DE,DEUTSCHE BOERSE AG            N
2006-01-31,58.2956,DB1.DE,DEUTSCHE BOERSE AG            N
2006-02-28,65.7054,DB1.DE,DEUTSCHE BOERSE AG            N
2006-03-31,63.2925,DB1.DE,DEUTSCHE BOERSE AG            N
2006-04-30,57.1978,DB1.DE,DEUTSCHE BOERSE AG            N
2006-05-31,60.0627,DB1.DE,DEUTSCHE BOERSE AG            N
2006-06-30,62.6852,DB1.DE,DEUTSCHE BOERSE AG            N
2006-07-31,66.8134,DB1.DE,DEUTSCHE BOERSE AG            N
2006-08-31,66.8868,DB1.DE,DEUTSCHE BOERSE AG            N
2006-09-30,71.2519,DB1.DE,DEUTSCHE BOERSE AG            N
2006-10-31,71.2857,DB1.DE,DEUTSCHE BOERSE AG            N
2006-11-30,78.6286,DB1.DE,DEUTSCHE BOERSE AG            N
2006-12-31,90.9175,DB1.DE,DEUTSCHE BOERSE AG            N
2007-01-31,85.3624,DB1.DE,DEUTSCHE BOERSE AG            N
2007-02-28,96.7207,DB1.DE,DEUTSCHE BOERSE AG            N
2007-03-31,97.3129,DB1.DE,DEUTSCHE BOERSE AG            N
2007-04-30,101.2562,DB1.DE,DEUTSCHE BOERSE AG            N
2007-05-31,48.2049,DB1.DE,DEUTSCHE BOERSE AG            N
2007-06-30,49.1949,DB1.DE,DEUTSCHE BOERSE AG            N
2007-07-31,46.622,DB1.DE,DEUTSCHE BOERSE AG            N
2007-08-31,54.968,DB1.DE,DEUTSCHE BOERSE AG            N
2007-09-30,62.6807,DB1.DE,DEUTSCHE BOERSE AG            N
2007-10-31,73.801,DB1.DE,DEUTSCHE BOERSE AG            N
2007-11-30,78.1351,DB1.DE,DEUTSCHE BOERSE AG            N
2007-12-31,67.2566,DB1.DE,DEUTSCHE BOERSE AG            N
2008-01-31,60.3727,DB1.DE,DEUTSCHE BOERSE AG            N
2008-02-29,58.7265,DB1.DE,DEUTSCHE BOERSE AG            N
2008-03-31,54.2312,DB1.DE,DEUTSCHE BOERSE AG            N
2008-04-30,54.2317,DB1.DE,DEUTSCHE BOERSE AG            N
2008-05-31,42.154,DB1.DE,DEUTSCHE BOERSE AG            N
2008-06-30,43.2242,DB1.DE,DEUTSCHE BOERSE AG            N
2008-07-31,38.1145,DB1.DE,DEUTSCHE BOERSE AG            N
2008-08-31,37.5559,DB1.DE,DEUTSCHE BOERSE AG            N
2008-09-30,36.4504,DB1.DE,DEUTSCHE BOERSE AG            N
2008-10-31,33.0576,DB1.DE,DEUTSCHE BOERSE AG            N
2008-11-30,29.8706,DB1.DE,DEUTSCHE BOERSE AG            N
2008-12-31,23.2262,DB1.DE,DEUTSCHE BOERSE AG            N
2009-01-31,21.3916,DB1.DE,DEUTSCHE BOERSE AG            N
2009-02-28,26.6836,DB1.DE,DEUTSCHE BOERSE AG            N
2009-03-31,32.9283,DB1.DE,DEUTSCHE BOERSE AG            N
2009-04-30,37.4018,DB1.DE,DEUTSCHE BOERSE AG            N
2009-05-31,33.5972,DB1.DE,DEUTSCHE BOERSE AG            N
2009-06-30,33.7917,DB1.DE,DEUTSCHE BOERSE AG            N
2009-07-31,32.3635,DB1.DE,DEUTSCHE BOERSE AG            N
2009-08-31,33.9437,DB1.DE,DEUTSCHE BOERSE AG            N
2009-09-30,33.5,DB1.DE,DEUTSCHE BOERSE AG            N
2009-10-31,33.7249,DB1.DE,DEUTSCHE BOERSE AG            N
2009-11-30,35.2504,DB1.DE,DEUTSCHE BOERSE AG            N
2009-12-31,28.8992,DB1.DE,DEUTSCHE BOERSE AG            N
2010-01-31,31.0446,DB1.DE,DEUTSCHE BOERSE AG            N
2010-02-28,33.3541,DB1.DE,DEUTSCHE BOERSE AG            N
2010-03-31,35.5785,DB1.DE,DEUTSCHE BOERSE AG            N
2010-04-30,31.3874,DB1.DE,DEUTSCHE BOERSE AG            N
2010-05-31,31.6976,DB1.DE,DEUTSCHE BOERSE AG            N
2010-06-30,34.0014,DB1.DE,DEUTSCHE BOERSE AG            N
2010-07-31,30.5203,DB1.DE,DEUTSCHE BOERSE AG            N
2010-08-31,30.9792,DB1.DE,DEUTSCHE BOERSE AG            N
2010-09-30,32.0014,DB1.DE,DEUTSCHE BOERSE AG            N
2010-10-31,29.4886,DB1.DE,DEUTSCHE BOERSE AG            N
2010-11-30,32.7862,DB1.DE,DEUTSCHE BOERSE AG            N
2010-12-31,35.0395,DB1.DE,DEUTSCHE BOERSE AG            N
2011-01-31,35.2167,DB1.DE,DEUTSCHE BOERSE AG            N
2011-02-28,33.8939,DB1.DE,DEUTSCHE BOERSE AG            N
2011-03-31,35.5078,DB1.DE,DEUTSCHE BOERSE AG            N
2011-04-30,35.9977,DB1.DE,DEUTSCHE BOERSE AG            N
2011-05-31,34.4337,DB1.DE,DEUTSCHE BOERSE AG            N
2011-06-30,33.9343,DB1.DE,DEUTSCHE BOERSE AG            N
2011-07-31,27.2447,DB1.DE,DEUTSCHE BOERSE AG            N
2011-08-31,24.902,DB1.DE,DEUTSCHE BOERSE AG            N
2011-09-30,26.351,DB1.DE,DEUTSCHE BOERSE AG            N
2011-10-31,29.8568,DB1.DE,DEUTSCHE BOERSE AG            N
2011-11-30,28.3355,DB1.DE,DEUTSCHE BOERSE AG            N
2011-12-31,29.4461,DB1.DE,DEUTSCHE BOERSE AG            N
2012-01-31,32.7054,DB1.DE,DEUTSCHE BOERSE AG            N
2012-02-29,33.172,DB1.DE,DEUTSCHE BOERSE AG            N
2012-03-31,31.1677,DB1.DE,DEUTSCHE BOERSE AG            N
2012-04-30,27.2691,DB1.DE,DEUTSCHE BOERSE AG            N
2012-05-31,30.1118,DB1.DE,DEUTSCHE BOERSE AG            N
2012-06-30,28.6497,DB1.DE,DEUTSCHE BOERSE AG            N
2012-07-31,28.9789,DB1.DE,DEUTSCHE BOERSE AG            N
2012-08-31,30.4905,DB1.DE,DEUTSCHE BOERSE AG            N
2012-09-30,29.5666,DB1.DE,DEUTSCHE BOERSE AG            N
2012-10-31,30.664,DB1.DE,DEUTSCHE BOERSE AG            N
2012-11-30,32.7172,DB1.DE,DEUTSCHE BOERSE AG            N
2012-12-31,34.3067,DB1.DE,DEUTSCHE BOERSE AG            N
2013-01-31,33.62,DB1.DE,DEUTSCHE BOERSE AG            N
2013-02-28,33.45,DB1.DE,DEUTSCHE BOERSE AG            N
2013-03-31,33.5598,DB1.DE,DEUTSCHE BOERSE AG            N
2013-04-30,36.8203,DB1.DE,DEUTSCHE BOERSE AG            N
2013-05-31,37.3972,DB1.DE,DEUTSCHE BOERSE AG            N
2013-06-30,39.3273,DB1.DE,DEUTSCHE BOERSE AG            N
2013-07-31,39.2311,DB1.DE,DEUTSCHE BOERSE AG            N
2013-08-31,41.1243,DB1.DE,DEUTSCHE BOERSE AG            N
2013-09-30,41.006,DB1.DE,DEUTSCHE BOERSE AG            N
2013-10-31,42.0931,DB1.DE,DEUTSCHE BOERSE AG            N
2013-11-30,44.5187,DB1.DE,DEUTSCHE BOERSE AG            N
2013-12-31,42.2188,DB1.DE,DEUTSCHE BOERSE AG            N
2014-01-31,43.9566,DB1.DE,DEUTSCHE BOERSE AG            N
2014-02-28,42.7217,DB1.DE,DEUTSCHE BOERSE AG            N
2014-03-31,39.0389,DB1.DE,DEUTSCHE BOERSE AG            N
2014-04-30,43.0422,DB1.DE,DEUTSCHE BOERSE AG            N
2014-05-31,43.5649,DB1.DE,DEUTSCHE BOERSE AG            N
2014-06-30,41.6895,DB1.DE,DEUTSCHE BOERSE AG            N
2014-07-31,41.5895,DB1.DE,DEUTSCHE BOERSE AG            N
2014-08-31,40.99,DB1.DE,DEUTSCHE BOERSE AG            N
2014-09-30,41.897,DB1.DE,DEUTSCHE BOERSE AG            N
2014-10-31,45.1559,DB1.DE,DEUTSCHE BOERSE AG            N
2014-11-30,45.5172,DB1.DE,DEUTSCHE BOERSE AG            N
2014-12-31,52.2886,DB1.DE,DEUTSCHE BOERSE AG            N
2015-01-31,56.0317,DB1.DE,DEUTSCHE BOERSE AG            N
2015-02-28,58.4606,DB1.DE,DEUTSCHE BOERSE AG            N
2015-03-31,57.1155,DB1.DE,DEUTSCHE BOERSE AG            N
2015-04-30,57.6771,DB1.DE,DEUTSCHE BOERSE AG            N
2015-05-31,58.721,DB1.DE,DEUTSCHE BOERSE AG            N
2015-06-30,65.3484,DB1.DE,DEUTSCHE BOERSE AG            N
2015-07-31,63.1024,DB1.DE,DEUTSCHE BOERSE AG            N
2015-08-31,60.9196,DB1.DE,DEUTSCHE BOERSE AG            N
2015-09-30,66.2342,DB1.DE,DEUTSCHE BOERSE AG            N
2015-10-31,64.2096,DB1.DE,DEUTSCHE BOERSE AG            N
2015-11-30,64.3677,DB1.DE,DEUTSCHE BOERSE AG            N
2015-12-31,62.1692,DB1.DE,DEUTSCHE BOERSE AG            N
2016-01-31,60.2395,DB1.DE,DEUTSCHE BOERSE AG            N
2016-02-29,59.3063,DB1.DE,DEUTSCHE BOERSE AG            N
2016-03-31,56.6965,DB1.DE,DEUTSCHE BOERSE AG            N
2016-04-30,64.1695,DB1.DE,DEUTSCHE BOERSE AG            N
2016-05-31,59.9241,DB1.DE,DEUTSCHE BOERSE AG            N
2016-06-30,61.2034,DB1.DE,DEUTSCHE BOERSE AG            N
2016-07-31,58.3677,DB1.DE,DEUTSCHE BOERSE AG            N
2016-08-31,56.6076,DB1.DE,DEUTSCHE BOERSE AG            N
2016-09-30,55.4669,DB1.DE,DEUTSCHE BOERSE AG            N
2016-10-31,59.5737,DB1.DE,DEUTSCHE BOERSE AG            N
2016-11-30,62.2709,DB1.DE,DEUTSCHE BOERSE AG            N
2016-12-31,67.0703,DB1.DE,DEUTSCHE BOERSE AG            N
2017-01-31,65.3428,DB1.DE,DEUTSCHE BOERSE AG            N
2017-02-28,70.2238,DB1.DE,DEUTSCHE BOERSE AG            N
2017-03-31,73.2143,DB1.DE,DEUTSCHE BOERSE AG            N
2017-04-30,77.3185,DB1.DE,DEUTSCHE BOERSE AG            N
2017-05-31,77.2683,DB1.DE,DEUTSCHE BOERSE AG            N
2017-06-30,73.9157,DB1.DE,DEUTSCHE BOERSE AG            N
2017-07-31,75.0695,DB1.DE,DEUTSCHE BOERSE AG            N
2017-08-31,76.6747,DB1.DE,DEUTSCHE BOERSE AG            N
2017-09-30,74.1415,DB1.DE,DEUTSCHE BOERSE AG            N
2017-10-31,79.6344,DB1.DE,DEUTSCHE BOERSE AG            N
2017-11-30,80.9302,DB1.DE,DEUTSCHE BOERSE AG            N
2017-12-31,86.4064,DB1.DE,DEUTSCHE BOERSE AG            N
2018-01-31,91.5063,DB1.DE,DEUTSCHE BOERSE AG            N
2018-02-28,92.4678,DB1.DE,DEUTSCHE BOERSE AG            N
2018-03-31,93.3457,DB1.DE,DEUTSCHE BOERSE AG            N
2018-04-30,97.725,DB1.DE,DEUTSCHE BOERSE AG            N
2018-05-31,97.5114,DB1.DE,DEUTSCHE BOERSE AG            N
2018-06-30,96.2728,DB1.DE,DEUTSCHE BOERSE AG            N
2018-07-31,101.6545,DB1.DE,DEUTSCHE BOERSE AG            N
2018-08-31,98.5792,DB1.DE,DEUTSCHE BOERSE AG            N
2018-09-30,95.5467,DB1.DE,DEUTSCHE BOERSE AG            N
2018-10-31,96.3582,DB1.DE,DEUTSCHE BOERSE AG            N
2018-11-30,89.6524,DB1.DE,DEUTSCHE BOERSE AG            N
2018-12-31,99.3053,DB1.DE,DEUTSCHE BOERSE AG            N
2019-01-31,94.906,DB1.DE,DEUTSCHE BOERSE AG            N
2019-02-28,97.6396,DB1.DE,DEUTSCHE BOERSE AG            N
2019-03-31,101.5691,DB1.DE,DEUTSCHE BOERSE AG            N
2019-04-30,108.132,DB1.DE,DEUTSCHE BOERSE AG            N
2019-05-31,108.7,DB1.DE,DEUTSCHE BOERSE AG            N
2019-06-30,110.3602,DB1.DE,DEUTSCHE BOERSE AG            N
2019-07-31,116.8699,DB1.DE,DEUTSCHE BOERSE AG            N
2019-08-31,125.302,DB1.DE,DEUTSCHE BOERSE AG            N
2019-09-30,121.4137,DB1.DE,DEUTSCHE BOERSE AG            N
2019-10-31,121.6758,DB1.DE,DEUTSCHE BOERSE AG            N
2019-11-30,122.4622,DB1.DE,DEUTSCHE BOERSE AG            N
2019-12-31,128.4914,DB1.DE,DEUTSCHE BOERSE AG            N
2020-01-31,124.1224,DB1.DE,DEUTSCHE BOERSE AG            N
2020-02-29,109.2242,DB1.DE,DEUTSCHE BOERSE AG            N
2020-03-31,123.8603,DB1.DE,DEUTSCHE BOERSE AG            N
2020-04-30,131.7343,DB1.DE,DEUTSCHE BOERSE AG            N
2020-05-31,143.447,DB1.DE,DEUTSCHE BOERSE AG            N
2020-06-30,137.702,DB1.DE,DEUTSCHE BOERSE AG            N
2020-07-31,141.0866,DB1.DE,DEUTSCHE BOERSE AG            N
2020-08-31,133.4267,DB1.DE,DEUTSCHE BOERSE AG            N
2020-09-30,112.5398,DB1.DE,DEUTSCHE BOERSE AG            N
2020-10-31,124.4751,DB1.DE,DEUTSCHE BOERSE AG            N
2020-11-30,124.0298,DB1.DE,DEUTSCHE BOERSE AG            N
2020-12-31,118.1066,DB1.DE,DEUTSCHE BOERSE AG            N
2021-01-31,120.7342,DB1.DE,DEUTSCHE BOERSE AG            N
2021-02-28,126.212,DB1.DE,DEUTSCHE BOERSE AG            N
2021-03-31,127.6371,DB1.DE,DEUTSCHE BOERSE AG            N
2021-04-30,121.7308,DB1.DE,DEUTSCHE BOERSE AG            N
2021-05-31,134.0222,DB1.DE,DEUTSCHE BOERSE AG            N
2021-06-30,128.1497,DB1.DE,DEUTSCHE BOERSE AG            N
2021-07-31,133.0207,DB1.DE,DEUTSCHE BOERSE AG            N
2021-08-31,127.922,DB1.DE,DEUTSCHE BOERSE AG            N
2021-09-30,130.7445,DB1.DE,DEUTSCHE BOERSE AG            N
2021-10-31,126.1921,DB1.DE,DEUTSCHE BOERSE AG            N
2021-11-30,133.9312,DB1.DE,DEUTSCHE BOERSE AG            N
2021-12-31,143.127,DB1.DE,DEUTSCHE BOERSE AG            N
2022-01-31,139.0299,DB1.DE,DEUTSCHE BOERSE AG            N
2022-02-28,148.4078,DB1.DE,DEUTSCHE BOERSE AG            N
2022-03-31,151.3213,DB1.DE,DEUTSCHE BOERSE AG            N
2022-04-30,145.0896,DB1.DE,DEUTSCHE BOERSE AG            N
2022-05-31,148.2004,DB1.DE,DEUTSCHE BOERSE AG            N
2022-06-30,158.3218,DB1.DE,DEUTSCHE BOERSE AG            N
2022-07-31,156.4182,DB1.DE,DEUTSCHE BOERSE AG            N
2022-08-31,156.2325,DB1.DE,DEUTSCHE BOERSE AG            N
2022-09-30,152.8896,DB1.DE,DEUTSCHE BOERSE AG            N
2022-10-31,163.3361,DB1.DE,DEUTSCHE BOERSE AG            N
2022-11-30,149.8718,DB1.DE,DEUTSCHE BOERSE AG            N
2022-12-31,152.5182,DB1.DE,DEUTSCHE BOERSE AG            N
2023-01-31,153.2146,DB1.DE,DEUTSCHE BOERSE AG            N
2023-02-28,166.6325,DB1.DE,DEUTSCHE BOERSE AG            N
2023-03-31,160.5504,DB1.DE,DEUTSCHE BOERSE AG            N
2023-04-30,153.1801,DB1.DE,DEUTSCHE BOERSE AG            N
2023-05-31,160.3886,DB1.DE,DEUTSCHE BOERSE AG            N
2023-06-30,165.3207,DB1.DE,DEUTSCHE BOERSE AG            N
2023-07-31,155.409,DB1.DE,DEUTSCHE BOERSE AG            N
2023-08-31,155.2667,DB1.DE,DEUTSCHE BOERSE AG            N
2023-09-30,147.2046,DB1.DE,DEUTSCHE BOERSE AG            N
2023-10-31,165.3207,DB1.DE,DEUTSCHE BOERSE AG            N
2023-11-30,176.8922,DB1.DE,DEUTSCHE BOERSE AG            N
2023-12-31,175.2323,DB1.DE,DEUTSCHE BOERSE AG            N
2024-01-31,183.6264,DB1.DE,DEUTSCHE BOERSE AG            N
2024-02-29,179.8799,DB1.DE,DEUTSCHE BOERSE AG            N
2024-03-31,171.8178,DB1.DE,DEUTSCHE BOERSE AG            N
2024-04-30,177.2136,DB1.DE,DEUTSCHE BOERSE AG            N
2024-05-31,185.1587,DB1.DE,DEUTSCHE BOERSE AG            N
2024-06-30,183.5115,DB1.DE,DEUTSCHE BOERSE AG            N
2024-07-31,196.5918,DB1.DE,DEUTSCHE BOERSE AG            N
2024-08-31,204.1493,DB1.DE,DEUTSCHE BOERSE AG            N
2024-09-30,207.056,DB1.DE,DEUTSCHE BOERSE AG            N
2024-10-31,214.6135,DB1.DE,DEUTSCHE BOERSE AG            N
2024-11-30,215.4855,DB1.DE,DEUTSCHE BOERSE AG            N
2024-12-31,230.9881,DB1.DE,DEUTSCHE BOERSE AG            N
2025-01-31,243.3902,DB1.DE,DEUTSCHE BOERSE AG            N
2025-02-28,263.6404,DB1.DE,DEUTSCHE BOERSE AG            N
2025-03-31,274.6859,DB1.DE,DEUTSCHE BOERSE AG            N
2025-04-30,278.644,DB1.DE,DEUTSCHE BOERSE AG            N
2025-05-31,272.157,DB1.DE,DEUTSCHE BOERSE AG            N
2025-06-30,249.7476,DB1.DE,DEUTSCHE BOERSE AG            N
2025-07-31,247.2904,DB1.DE,DEUTSCHE BOERSE AG            N
2025-08-31,224.1929,DB1.DE,DEUTSCHE BOERSE AG            N
2025-09-30,215.7402,DB1.DE,DEUTSCHE BOERSE AG            N
2025-10-31,226.5518,DB1.DE,DEUTSCHE BOERSE AG            N
2025-11-30,219.8683,DB1.DE,DEUTSCHE BOERSE AG            N
2025-12-31,209.6464,DB1.DE,DEUTSCHE BOERSE AG            N
2026-01-31,228.4192,DB1.DE,DEUTSCHE BOERSE AG            N
2026-02-28,246.799,DB1.DE,DEUTSCHE BOERSE AG            N
2026-03-31,257.1191,DB1.DE,DEUTSCHE BOERSE AG            N
2026-04-30,247.6,DB1.DE,DEUTSCHE BOERSE AG            N
2026-05-31,238.8,DB1.DE,DEUTSCHE BOERSE AG            N
2026-06-30,,DB1.DE,DEUTSCHE BOERSE AG            N
1988-12-31,1.793,BN.PA,DANONE
1989-01-31,1.61,BN.PA,DANONE
1989-02-28,1.7503,BN.PA,DANONE
1989-03-31,1.7845,BN.PA,DANONE
1989-04-30,1.8392,BN.PA,DANONE
1989-05-31,1.8913,BN.PA,DANONE
1989-06-30,2.3565,BN.PA,DANONE
1989-07-31,2.1757,BN.PA,DANONE
1989-08-31,2.0664,BN.PA,DANONE
1989-09-30,1.9779,BN.PA,DANONE
1989-10-31,2.1418,BN.PA,DANONE
1989-11-30,2.2247,BN.PA,DANONE
1989-12-31,2.2247,BN.PA,DANONE
1990-01-31,2.2303,BN.PA,DANONE
1990-02-28,2.2303,BN.PA,DANONE
1990-03-31,2.2303,BN.PA,DANONE
1990-04-30,2.2303,BN.PA,DANONE
1990-05-31,3.0503,BN.PA,DANONE
1990-06-30,3.0503,BN.PA,DANONE
1990-07-31,2.5579,BN.PA,DANONE
1990-08-31,2.3117,BN.PA,DANONE
1990-09-30,2.6768,BN.PA,DANONE
1990-10-31,2.5579,BN.PA,DANONE
1990-11-30,2.4849,BN.PA,DANONE
1990-12-31,2.7019,BN.PA,DANONE
1991-01-31,2.7749,BN.PA,DANONE
1991-02-28,2.8437,BN.PA,DANONE
1991-03-31,2.9835,BN.PA,DANONE
1991-04-30,3.0899,BN.PA,DANONE
1991-05-31,3.4124,BN.PA,DANONE
1991-06-30,3.4124,BN.PA,DANONE
1991-07-31,3.5359,BN.PA,DANONE
1991-08-31,3.6251,BN.PA,DANONE
1991-09-30,3.7578,BN.PA,DANONE
1991-10-31,3.632,BN.PA,DANONE
1991-11-30,3.8996,BN.PA,DANONE
1991-12-31,4.0802,BN.PA,DANONE
1992-01-31,4.2312,BN.PA,DANONE
1992-02-29,4.3181,BN.PA,DANONE
1992-03-31,4.4233,BN.PA,DANONE
1992-04-30,4.3273,BN.PA,DANONE
1992-05-31,4.565,BN.PA,DANONE
1992-06-30,4.1539,BN.PA,DANONE
1992-07-31,3.9344,BN.PA,DANONE
1992-08-31,4.1442,BN.PA,DANONE
1992-09-30,4.087,BN.PA,DANONE
1992-10-31,3.9998,BN.PA,DANONE
1992-11-30,3.9617,BN.PA,DANONE
1992-12-31,3.8418,BN.PA,DANONE
1993-01-31,4.1497,BN.PA,DANONE
1993-02-28,4.1715,BN.PA,DANONE
1993-03-31,3.8118,BN.PA,DANONE
1993-04-30,3.7137,BN.PA,DANONE
1993-05-31,4.274,BN.PA,DANONE
1993-06-30,4.0046,BN.PA,DANONE
1993-07-31,4.1638,BN.PA,DANONE
1993-08-31,4.1301,BN.PA,DANONE
1993-09-30,4.0872,BN.PA,DANONE
1993-10-31,3.9984,BN.PA,DANONE
1993-11-30,4.3628,BN.PA,DANONE
1993-12-31,4.5005,BN.PA,DANONE
1994-01-31,4.2372,BN.PA,DANONE
1994-02-28,3.9984,BN.PA,DANONE
1994-03-31,3.9984,BN.PA,DANONE
1994-04-30,4.543,BN.PA,DANONE
1994-05-31,4.2334,BN.PA,DANONE
1994-06-30,4.3587,BN.PA,DANONE
1994-07-31,4.4874,BN.PA,DANONE
1994-08-31,3.823,BN.PA,DANONE
1994-09-30,3.7325,BN.PA,DANONE
1994-10-31,4.1082,BN.PA,DANONE
1994-11-30,3.9726,BN.PA,DANONE
1994-12-31,3.8508,BN.PA,DANONE
1995-01-31,3.976,BN.PA,DANONE
1995-02-28,4.39,BN.PA,DANONE
1995-03-31,4.39,BN.PA,DANONE
1995-04-30,5.0274,BN.PA,DANONE
1995-05-31,5.0274,BN.PA,DANONE
1995-06-30,5.0274,BN.PA,DANONE
1995-07-31,5.0274,BN.PA,DANONE
1995-08-31,4.8322,BN.PA,DANONE
1995-09-30,4.7445,BN.PA,DANONE
1995-10-31,4.7445,BN.PA,DANONE
1995-11-30,4.9079,BN.PA,DANONE
1995-12-31,4.9198,BN.PA,DANONE
1996-01-31,4.8959,BN.PA,DANONE
1996-02-29,4.6888,BN.PA,DANONE
1996-03-31,4.7445,BN.PA,DANONE
1996-04-30,5.3018,BN.PA,DANONE
1996-05-31,5.4628,BN.PA,DANONE
1996-06-30,5.2375,BN.PA,DANONE
1996-07-31,4.9018,BN.PA,DANONE
1996-08-31,5.2834,BN.PA,DANONE
1996-09-30,4.9064,BN.PA,DANONE
1996-10-31,5.3892,BN.PA,DANONE
1996-11-30,5.0673,BN.PA,DANONE
1996-12-31,5.9916,BN.PA,DANONE
1997-01-31,6.056,BN.PA,DANONE
1997-02-28,6.2537,BN.PA,DANONE
1997-03-31,5.9594,BN.PA,DANONE
1997-04-30,6.9307,BN.PA,DANONE
1997-05-31,7.7415,BN.PA,DANONE
1997-06-30,7.799,BN.PA,DANONE
1997-07-31,7.208,BN.PA,DANONE
1997-08-31,7.4538,BN.PA,DANONE
1997-09-30,7.0354,BN.PA,DANONE
1997-10-31,7.5114,BN.PA,DANONE
1997-11-30,8.5732,BN.PA,DANONE
1997-12-31,9.5775,BN.PA,DANONE
1998-01-31,9.8076,BN.PA,DANONE
1998-02-28,11.8476,BN.PA,DANONE
1998-03-31,11.3246,BN.PA,DANONE
1998-04-30,13.8864,BN.PA,DANONE
1998-05-31,14.367,BN.PA,DANONE
1998-06-30,15.4921,BN.PA,DANONE
1998-07-31,13.6602,BN.PA,DANONE
1998-08-31,12.699,BN.PA,DANONE
1998-09-30,12.6594,BN.PA,DANONE
1998-10-31,14.3104,BN.PA,DANONE
1998-11-30,13.7902,BN.PA,DANONE
1998-12-31,13.9655,BN.PA,DANONE
1999-01-31,12.8291,BN.PA,DANONE
1999-02-28,13.1796,BN.PA,DANONE
1999-03-31,14.3048,BN.PA,DANONE
1999-04-30,15.2245,BN.PA,DANONE
1999-05-31,14.298,BN.PA,DANONE
1999-06-30,13.5659,BN.PA,DANONE
1999-07-31,13.3944,BN.PA,DANONE
1999-08-31,13.0684,BN.PA,DANONE
1999-09-30,13.869,BN.PA,DANONE
1999-10-31,13.1713,BN.PA,DANONE
1999-11-30,13.3829,BN.PA,DANONE
1999-12-31,12.5822,BN.PA,DANONE
2000-01-31,11.9417,BN.PA,DANONE
2000-02-29,13.2113,BN.PA,DANONE
2000-03-31,13.7547,BN.PA,DANONE
2000-04-30,14.5514,BN.PA,DANONE
2000-05-31,16.1103,BN.PA,DANONE
2000-06-30,18.7876,BN.PA,DANONE
2000-07-31,17.8257,BN.PA,DANONE
2000-08-31,18.0343,BN.PA,DANONE
2000-09-30,19.1006,BN.PA,DANONE
2000-10-31,17.6982,BN.PA,DANONE
2000-11-30,18.6138,BN.PA,DANONE
2000-12-31,16.458,BN.PA,DANONE
2001-01-31,17.42,BN.PA,DANONE
2001-02-28,16.6666,BN.PA,DANONE
2001-03-31,16.9796,BN.PA,DANONE
2001-04-30,17.8488,BN.PA,DANONE
2001-05-31,19.0223,BN.PA,DANONE
2001-06-30,17.485,BN.PA,DANONE
2001-07-31,17.5672,BN.PA,DANONE
2001-08-31,16.7809,BN.PA,DANONE
2001-09-30,15.0794,BN.PA,DANONE
2001-10-31,15.1498,BN.PA,DANONE
2001-11-30,16.0769,BN.PA,DANONE
2001-12-31,15.7248,BN.PA,DANONE
2002-01-31,15.6075,BN.PA,DANONE
2002-02-28,15.8187,BN.PA,DANONE
2002-03-31,17.2503,BN.PA,DANONE
2002-04-30,17.356,BN.PA,DANONE
2002-05-31,16.5667,BN.PA,DANONE
2002-06-30,14.255,BN.PA,DANONE
2002-07-31,15.1862,BN.PA,DANONE
2002-08-31,14.5654,BN.PA,DANONE
2002-09-30,15.6399,BN.PA,DANONE
2002-10-31,15.7235,BN.PA,DANONE
2002-11-30,15.3056,BN.PA,DANONE
2002-12-31,13.9923,BN.PA,DANONE
2003-01-31,13.1089,BN.PA,DANONE
2003-02-28,13.8132,BN.PA,DANONE
2003-03-31,15.1385,BN.PA,DANONE
2003-04-30,14.2201,BN.PA,DANONE
2003-05-31,14.6827,BN.PA,DANONE
2003-06-30,14.7436,BN.PA,DANONE
2003-07-31,15.2188,BN.PA,DANONE
2003-08-31,15.9621,BN.PA,DANONE
2003-09-30,15.8159,BN.PA,DANONE
2003-10-31,15.8403,BN.PA,DANONE
2003-11-30,15.7672,BN.PA,DANONE
2003-12-31,16.5714,BN.PA,DANONE
2004-01-31,17.0953,BN.PA,DANONE
2004-02-29,16.2546,BN.PA,DANONE
2004-03-31,17.0344,BN.PA,DANONE
2004-04-30,17.7605,BN.PA,DANONE
2004-05-31,17.9732,BN.PA,DANONE
2004-06-30,17.1711,BN.PA,DANONE
2004-07-31,16.6697,BN.PA,DANONE
2004-08-31,15.8676,BN.PA,DANONE
2004-09-30,16.4441,BN.PA,DANONE
2004-10-31,16.8202,BN.PA,DANONE
2004-11-30,17.0458,BN.PA,DANONE
2004-12-31,17.9231,BN.PA,DANONE
2005-01-31,18.8757,BN.PA,DANONE
2005-02-28,19.2517,BN.PA,DANONE
2005-03-31,18.1487,BN.PA,DANONE
2005-04-30,19.0969,BN.PA,DANONE
2005-05-31,18.686,BN.PA,DANONE
2005-06-30,20.9735,BN.PA,DANONE
2005-07-31,21.8731,BN.PA,DANONE
2005-08-31,23.0554,BN.PA,DANONE
2005-09-30,21.8731,BN.PA,DANONE
2005-10-31,22.4386,BN.PA,DANONE
2005-11-30,22.6956,BN.PA,DANONE
2005-12-31,23.0554,BN.PA,DANONE
2006-01-31,24.9317,BN.PA,DANONE
2006-02-28,25.9856,BN.PA,DANONE
2006-03-31,25.4201,BN.PA,DANONE
2006-04-30,24.8795,BN.PA,DANONE
2006-05-31,26.2529,BN.PA,DANONE
2006-06-30,27.3357,BN.PA,DANONE
2006-07-31,28.3658,BN.PA,DANONE
2006-08-31,29.2374,BN.PA,DANONE
2006-09-30,30.3202,BN.PA,DANONE
2006-10-31,30.69,BN.PA,DANONE
2006-11-30,30.3202,BN.PA,DANONE
2006-12-31,31.2182,BN.PA,DANONE
2007-01-31,31.6144,BN.PA,DANONE
2007-02-28,32.3011,BN.PA,DANONE
2007-03-31,32.0106,BN.PA,DANONE
2007-04-30,31.5773,BN.PA,DANONE
2007-05-31,32.554,BN.PA,DANONE
2007-06-30,29.1358,BN.PA,DANONE
2007-07-31,30.3294,BN.PA,DANONE
2007-08-31,29.9496,BN.PA,DANONE
2007-09-30,32.1199,BN.PA,DANONE
2007-10-31,32.7167,BN.PA,DANONE
2007-11-30,33.3135,BN.PA,DANONE
2007-12-31,29.3148,BN.PA,DANONE
2008-01-31,28.2026,BN.PA,DANONE
2008-02-29,30.7309,BN.PA,DANONE
2008-03-31,30.8395,BN.PA,DANONE
2008-04-30,31.1386,BN.PA,DANONE
2008-05-31,24.6807,BN.PA,DANONE
2008-06-30,26.4238,BN.PA,DANONE
2008-07-31,26.3353,BN.PA,DANONE
2008-08-31,27.6689,BN.PA,DANONE
2008-09-30,24.0387,BN.PA,DANONE
2008-10-31,25.0542,BN.PA,DANONE
2008-11-30,23.8949,BN.PA,DANONE
2008-12-31,22.2735,BN.PA,DANONE
2009-01-31,20.9454,BN.PA,DANONE
2009-02-28,20.2868,BN.PA,DANONE
2009-03-31,20.645,BN.PA,DANONE
2009-04-30,20.0708,BN.PA,DANONE
2009-05-31,21.3005,BN.PA,DANONE
2009-06-30,22.793,BN.PA,DANONE
2009-07-31,22.9656,BN.PA,DANONE
2009-08-31,24.9334,BN.PA,DANONE
2009-09-30,24.7971,BN.PA,DANONE
2009-10-31,24.1039,BN.PA,DANONE
2009-11-30,25.9324,BN.PA,DANONE
2009-12-31,25.0938,BN.PA,DANONE
2010-01-31,26.0051,BN.PA,DANONE
2010-02-28,27.0041,BN.PA,DANONE
2010-03-31,26.8709,BN.PA,DANONE
2010-04-30,26.1504,BN.PA,DANONE
2010-05-31,27.5071,BN.PA,DANONE
2010-06-30,26.7852,BN.PA,DANONE
2010-07-31,26.39,BN.PA,DANONE
2010-08-31,27.3048,BN.PA,DANONE
2010-09-30,28.3006,BN.PA,DANONE
2010-10-31,28.0828,BN.PA,DANONE
2010-11-30,29.2621,BN.PA,DANONE
2010-12-31,27.3764,BN.PA,DANONE
2011-01-31,28.2726,BN.PA,DANONE
2011-02-28,28.6864,BN.PA,DANONE
2011-03-31,30.7775,BN.PA,DANONE
2011-04-30,32.5613,BN.PA,DANONE
2011-05-31,32.8808,BN.PA,DANONE
2011-06-30,31.8263,BN.PA,DANONE
2011-07-31,30.0369,BN.PA,DANONE
2011-08-31,29.5256,BN.PA,DANONE
2011-09-30,32.1459,BN.PA,DANONE
2011-10-31,31.3438,BN.PA,DANONE
2011-11-30,31.0402,BN.PA,DANONE
2011-12-31,30.1551,BN.PA,DANONE
2012-01-31,32.4526,BN.PA,DANONE
2012-02-29,33.424,BN.PA,DANONE
2012-03-31,33.9673,BN.PA,DANONE
2012-04-30,34.0267,BN.PA,DANONE
2012-05-31,32.1414,BN.PA,DANONE
2012-06-30,32.4463,BN.PA,DANONE
2012-07-31,32.4922,BN.PA,DANONE
2012-08-31,31.4168,BN.PA,DANONE
2012-09-30,31.0988,BN.PA,DANONE
2012-10-31,31.984,BN.PA,DANONE
2012-11-30,32.725,BN.PA,DANONE
2012-12-31,33.4693,BN.PA,DANONE
2013-01-31,34.8791,BN.PA,DANONE
2013-02-28,35.5939,BN.PA,DANONE
2013-03-31,38.0398,BN.PA,DANONE
2013-04-30,38.1609,BN.PA,DANONE
2013-05-31,38.7796,BN.PA,DANONE
2013-06-30,39.9499,BN.PA,DANONE
2013-07-31,37.8919,BN.PA,DANONE
2013-08-31,37.4211,BN.PA,DANONE
2013-09-30,36.7351,BN.PA,DANONE
2013-10-31,35.9683,BN.PA,DANONE
2013-11-30,35.1882,BN.PA,DANONE
2013-12-31,32.9587,BN.PA,DANONE
2014-01-31,34.4215,BN.PA,DANONE
2014-02-28,34.5224,BN.PA,DANONE
2014-03-31,35.7531,BN.PA,DANONE
2014-04-30,37.7905,BN.PA,DANONE
2014-05-31,37.5208,BN.PA,DANONE
2014-06-30,37.417,BN.PA,DANONE
2014-07-31,36.7598,BN.PA,DANONE
2014-08-31,36.663,BN.PA,DANONE
2014-09-30,37.5069,BN.PA,DANONE
2014-10-31,39.257,BN.PA,DANONE
2014-11-30,37.666,BN.PA,DANONE
2014-12-31,41.2078,BN.PA,DANONE
2015-01-31,43.117,BN.PA,DANONE
2015-02-28,43.3176,BN.PA,DANONE
2015-03-31,44.6251,BN.PA,DANONE
2015-04-30,44.2947,BN.PA,DANONE
2015-05-31,41.0787,BN.PA,DANONE
2015-06-30,43.6996,BN.PA,DANONE
2015-07-31,39.2369,BN.PA,DANONE
2015-08-31,39.9665,BN.PA,DANONE
2015-09-30,44.9181,BN.PA,DANONE
2015-10-31,46.9865,BN.PA,DANONE
2015-11-30,44.1176,BN.PA,DANONE
2015-12-31,44.9464,BN.PA,DANONE
2016-01-31,45.4989,BN.PA,DANONE
2016-02-29,44.2805,BN.PA,DANONE
2016-03-31,43.3313,BN.PA,DANONE
2016-04-30,45.8983,BN.PA,DANONE
2016-05-31,46.1385,BN.PA,DANONE
2016-06-30,50.1185,BN.PA,DANONE
2016-07-31,49.5583,BN.PA,DANONE
2016-08-31,48.0594,BN.PA,DANONE
2016-09-30,45.8983,BN.PA,DANONE
2016-10-31,43.1916,BN.PA,DANONE
2016-11-30,43.8028,BN.PA,DANONE
2016-12-31,42.1947,BN.PA,DANONE
2017-01-31,45.52,BN.PA,DANONE
2017-02-28,46.3931,BN.PA,DANONE
2017-03-31,46.6987,BN.PA,DANONE
2017-04-30,49.3624,BN.PA,DANONE
2017-05-31,49.1607,BN.PA,DANONE
2017-06-30,47.1288,BN.PA,DANONE
2017-07-31,49.4146,BN.PA,DANONE
2017-08-31,49.579,BN.PA,DANONE
2017-09-30,52.3952,BN.PA,DANONE
2017-10-31,52.9779,BN.PA,DANONE
2017-11-30,52.2533,BN.PA,DANONE
2017-12-31,51.8872,BN.PA,DANONE
2018-01-31,49.1158,BN.PA,DANONE
2018-02-28,49.1009,BN.PA,DANONE
2018-03-31,50.1168,BN.PA,DANONE
2018-04-30,50.2774,BN.PA,DANONE
2018-05-31,48.3398,BN.PA,DANONE
2018-06-30,51.6768,BN.PA,DANONE
2018-07-31,52.1458,BN.PA,DANONE
2018-08-31,51.2846,BN.PA,DANONE
2018-09-30,48.1168,BN.PA,DANONE
2018-10-31,50.7925,BN.PA,DANONE
2018-11-30,47.2941,BN.PA,DANONE
2018-12-31,48.8242,BN.PA,DANONE
2019-01-31,51.0001,BN.PA,DANONE
2019-02-28,52.8147,BN.PA,DANONE
2019-03-31,55.4212,BN.PA,DANONE
2019-04-30,56.4091,BN.PA,DANONE
2019-05-31,58.8582,BN.PA,DANONE
2019-06-30,61.9394,BN.PA,DANONE
2019-07-31,64.3569,BN.PA,DANONE
2019-08-31,63.8513,BN.PA,DANONE
2019-09-30,58.7476,BN.PA,DANONE
2019-10-31,59.032,BN.PA,DANONE
2019-11-30,58.3842,BN.PA,DANONE
2019-12-31,57.1991,BN.PA,DANONE
2020-01-31,50.3415,BN.PA,DANONE
2020-02-29,46.3281,BN.PA,DANONE
2020-03-31,49.9781,BN.PA,DANONE
2020-04-30,48.635,BN.PA,DANONE
2020-05-31,48.635,BN.PA,DANONE
2020-06-30,46.2498,BN.PA,DANONE
2020-07-31,45.0719,BN.PA,DANONE
2020-08-31,45.1701,BN.PA,DANONE
2020-09-30,38.7733,BN.PA,DANONE
2020-10-31,44.0576,BN.PA,DANONE
2020-11-30,43.9758,BN.PA,DANONE
2020-12-31,44.9574,BN.PA,DANONE
2021-01-31,46.1844,BN.PA,DANONE
2021-02-28,47.8531,BN.PA,DANONE
2021-03-31,47.9595,BN.PA,DANONE
2021-04-30,49.3064,BN.PA,DANONE
2021-05-31,50.2113,BN.PA,DANONE
2021-06-30,52.4864,BN.PA,DANONE
2021-07-31,52.3257,BN.PA,DANONE
2021-08-31,49.9407,BN.PA,DANONE
2021-09-30,47.6572,BN.PA,DANONE
2021-10-31,43.9698,BN.PA,DANONE
2021-11-30,46.1687,BN.PA,DANONE
2021-12-31,46.7269,BN.PA,DANONE
2022-01-31,45.9319,BN.PA,DANONE
2022-02-28,42.3122,BN.PA,DANONE
2022-03-31,48.7482,BN.PA,DANONE
2022-04-30,47.9516,BN.PA,DANONE
2022-05-31,46.6636,BN.PA,DANONE
2022-06-30,47.1455,BN.PA,DANONE
2022-07-31,46.0065,BN.PA,DANONE
2022-08-31,42.5545,BN.PA,DANONE
2022-09-30,44.1053,BN.PA,DANONE
2022-10-31,43.8775,BN.PA,DANONE
2022-11-30,43.1328,BN.PA,DANONE
2022-12-31,44.079,BN.PA,DANONE
2023-01-31,46.6461,BN.PA,DANONE
2023-02-28,50.212,BN.PA,DANONE
2023-03-31,52.5601,BN.PA,DANONE
2023-04-30,50.1442,BN.PA,DANONE
2023-05-31,50.8691,BN.PA,DANONE
2023-06-30,50.3164,BN.PA,DANONE
2023-07-31,48.776,BN.PA,DANONE
2023-08-31,47.3534,BN.PA,DANONE
2023-09-30,50.8782,BN.PA,DANONE
2023-10-31,53.4334,BN.PA,DANONE
2023-11-30,53.1706,BN.PA,DANONE
2023-12-31,55.9433,BN.PA,DANONE
2024-01-31,53.4787,BN.PA,DANONE
2024-02-29,54.267,BN.PA,DANONE
2024-03-31,53.1525,BN.PA,DANONE
2024-04-30,55.5305,BN.PA,DANONE
2024-05-31,53.6144,BN.PA,DANONE
2024-06-30,56.5074,BN.PA,DANONE
2024-07-31,58.9871,BN.PA,DANONE
2024-08-31,61.3729,BN.PA,DANONE
2024-09-30,61.711,BN.PA,DANONE
2024-10-31,60.7342,BN.PA,DANONE
2024-11-30,61.1663,BN.PA,DANONE
2024-12-31,63.383,BN.PA,DANONE
2025-01-31,64.6792,BN.PA,DANONE
2025-02-28,66.539,BN.PA,DANONE
2025-03-31,71.3481,BN.PA,DANONE
2025-04-30,72.7034,BN.PA,DANONE
2025-05-31,67.0217,BN.PA,DANONE
2025-06-30,69.4567,BN.PA,DANONE
2025-07-31,68.7803,BN.PA,DANONE
2025-08-31,71.6599,BN.PA,DANONE
2025-09-30,74.0949,BN.PA,DANONE
2025-10-31,74.4041,BN.PA,DANONE
2025-11-30,74.1915,BN.PA,DANONE
2025-12-31,63.6203,BN.PA,DANONE
2026-01-31,70.1911,BN.PA,DANONE
2026-02-28,66.7125,BN.PA,DANONE
2026-03-31,64.49,BN.PA,DANONE
2026-04-30,60.94,BN.PA,DANONE
2026-05-31,71.74,BN.PA,DANONE
2026-06-30,,BN.PA,DANONE
2000-02-29,40.8797,IFX.DE,INFINEON TECHNOLOGIES AG      N
2000-03-31,54.6501,IFX.DE,INFINEON TECHNOLOGIES AG      N
2000-04-30,49.4368,IFX.DE,INFINEON TECHNOLOGIES AG      N
2000-05-31,59.3601,IFX.DE,INFINEON TECHNOLOGIES AG      N
2000-06-30,53.0681,IFX.DE,INFINEON TECHNOLOGIES AG      N
2000-07-31,53.8375,IFX.DE,INFINEON TECHNOLOGIES AG      N
2000-08-31,39.4631,IFX.DE,INFINEON TECHNOLOGIES AG      N
2000-09-30,34.4583,IFX.DE,INFINEON TECHNOLOGIES AG      N
2000-10-31,31.3591,IFX.DE,INFINEON TECHNOLOGIES AG      N
2000-11-30,28.4612,IFX.DE,INFINEON TECHNOLOGIES AG      N
2000-12-31,34.4439,IFX.DE,INFINEON TECHNOLOGIES AG      N
2001-01-31,25.9085,IFX.DE,INFINEON TECHNOLOGIES AG      N
2001-02-28,30.5609,IFX.DE,INFINEON TECHNOLOGIES AG      N
2001-03-31,35.7935,IFX.DE,INFINEON TECHNOLOGIES AG      N
2001-04-30,29.8766,IFX.DE,INFINEON TECHNOLOGIES AG      N
2001-05-31,20.2343,IFX.DE,INFINEON TECHNOLOGIES AG      N
2001-06-30,21.5126,IFX.DE,INFINEON TECHNOLOGIES AG      N
2001-07-31,18.8026,IFX.DE,INFINEON TECHNOLOGIES AG      N
2001-08-31,9.8615,IFX.DE,INFINEON TECHNOLOGIES AG      N
2001-09-30,12.2355,IFX.DE,INFINEON TECHNOLOGIES AG      N
2001-10-31,16.0194,IFX.DE,INFINEON TECHNOLOGIES AG      N
2001-11-30,16.7645,IFX.DE,INFINEON TECHNOLOGIES AG      N
2001-12-31,18.2693,IFX.DE,INFINEON TECHNOLOGIES AG      N
2002-01-31,19.3504,IFX.DE,INFINEON TECHNOLOGIES AG      N
2002-02-28,18.9779,IFX.DE,INFINEON TECHNOLOGIES AG      N
2002-03-31,14.7557,IFX.DE,INFINEON TECHNOLOGIES AG      N
2002-04-30,13.6381,IFX.DE,INFINEON TECHNOLOGIES AG      N
2002-05-31,11.6731,IFX.DE,INFINEON TECHNOLOGIES AG      N
2002-06-30,10.665,IFX.DE,INFINEON TECHNOLOGIES AG      N
2002-07-31,8.5978,IFX.DE,INFINEON TECHNOLOGIES AG      N
2002-08-31,4.098,IFX.DE,INFINEON TECHNOLOGIES AG      N
2002-09-30,7.1952,IFX.DE,INFINEON TECHNOLOGIES AG      N
2002-10-31,7.4582,IFX.DE,INFINEON TECHNOLOGIES AG      N
2002-11-30,5.1061,IFX.DE,INFINEON TECHNOLOGIES AG      N
2002-12-31,4.7481,IFX.DE,INFINEON TECHNOLOGIES AG      N
2003-01-31,4.3025,IFX.DE,INFINEON TECHNOLOGIES AG      N
2003-02-28,4.5363,IFX.DE,INFINEON TECHNOLOGIES AG      N
2003-03-31,4.8577,IFX.DE,INFINEON TECHNOLOGIES AG      N
2003-04-30,5.559,IFX.DE,INFINEON TECHNOLOGIES AG      N
2003-05-31,6.1506,IFX.DE,INFINEON TECHNOLOGIES AG      N
2003-06-30,8.3348,IFX.DE,INFINEON TECHNOLOGIES AG      N
2003-07-31,9.7446,IFX.DE,INFINEON TECHNOLOGIES AG      N
2003-08-31,8.196,IFX.DE,INFINEON TECHNOLOGIES AG      N
2003-09-30,9.2625,IFX.DE,INFINEON TECHNOLOGIES AG      N
2003-10-31,8.6562,IFX.DE,INFINEON TECHNOLOGIES AG      N
2003-11-30,8.0499,IFX.DE,INFINEON TECHNOLOGIES AG      N
2003-12-31,8.6927,IFX.DE,INFINEON TECHNOLOGIES AG      N
2004-01-31,8.3348,IFX.DE,INFINEON TECHNOLOGIES AG      N
2004-02-29,8.6927,IFX.DE,INFINEON TECHNOLOGIES AG      N
2004-03-31,7.8088,IFX.DE,INFINEON TECHNOLOGIES AG      N
2004-04-30,8.0572,IFX.DE,INFINEON TECHNOLOGIES AG      N
2004-05-31,8.0572,IFX.DE,INFINEON TECHNOLOGIES AG      N
2004-06-30,6.6401,IFX.DE,INFINEON TECHNOLOGIES AG      N
2004-07-31,5.8438,IFX.DE,INFINEON TECHNOLOGIES AG      N
2004-08-31,6.0045,IFX.DE,INFINEON TECHNOLOGIES AG      N
2004-09-30,6.2383,IFX.DE,INFINEON TECHNOLOGIES AG      N
2004-10-31,6.0849,IFX.DE,INFINEON TECHNOLOGIES AG      N
2004-11-30,5.8292,IFX.DE,INFINEON TECHNOLOGIES AG      N
2004-12-31,5.201,IFX.DE,INFINEON TECHNOLOGIES AG      N
2005-01-31,5.7562,IFX.DE,INFINEON TECHNOLOGIES AG      N
2005-02-28,5.4056,IFX.DE,INFINEON TECHNOLOGIES AG      N
2005-03-31,4.697,IFX.DE,INFINEON TECHNOLOGIES AG      N
2005-04-30,5.201,IFX.DE,INFINEON TECHNOLOGIES AG      N
2005-05-31,5.6393,IFX.DE,INFINEON TECHNOLOGIES AG      N
2005-06-30,5.9388,IFX.DE,INFINEON TECHNOLOGIES AG      N
2005-07-31,5.5297,IFX.DE,INFINEON TECHNOLOGIES AG      N
2005-08-31,5.9753,IFX.DE,INFINEON TECHNOLOGIES AG      N
2005-09-30,5.6977,IFX.DE,INFINEON TECHNOLOGIES AG      N
2005-10-31,5.5517,IFX.DE,INFINEON TECHNOLOGIES AG      N
2005-11-30,5.6466,IFX.DE,INFINEON TECHNOLOGIES AG      N
2005-12-31,5.6612,IFX.DE,INFINEON TECHNOLOGIES AG      N
2006-01-31,5.6539,IFX.DE,INFINEON TECHNOLOGIES AG      N
2006-02-28,6.2164,IFX.DE,INFINEON TECHNOLOGIES AG      N
2006-03-31,7.0784,IFX.DE,INFINEON TECHNOLOGIES AG      N
2006-04-30,6.4355,IFX.DE,INFINEON TECHNOLOGIES AG      N
2006-05-31,6.3625,IFX.DE,INFINEON TECHNOLOGIES AG      N
2006-06-30,6.1068,IFX.DE,INFINEON TECHNOLOGIES AG      N
2006-07-31,6.6985,IFX.DE,INFINEON TECHNOLOGIES AG      N
2006-08-31,6.83,IFX.DE,INFINEON TECHNOLOGIES AG      N
2006-09-30,6.9688,IFX.DE,INFINEON TECHNOLOGIES AG      N
2006-10-31,7.071,IFX.DE,INFINEON TECHNOLOGIES AG      N
2006-11-30,7.8015,IFX.DE,INFINEON TECHNOLOGIES AG      N
2006-12-31,8.0134,IFX.DE,INFINEON TECHNOLOGIES AG      N
2007-01-31,8.4736,IFX.DE,INFINEON TECHNOLOGIES AG      N
2007-02-28,8.5101,IFX.DE,INFINEON TECHNOLOGIES AG      N
2007-03-31,8.3713,IFX.DE,INFINEON TECHNOLOGIES AG      N
2007-04-30,8.4151,IFX.DE,INFINEON TECHNOLOGIES AG      N
2007-05-31,8.9922,IFX.DE,INFINEON TECHNOLOGIES AG      N
2007-06-30,8.8826,IFX.DE,INFINEON TECHNOLOGIES AG      N
2007-07-31,8.3421,IFX.DE,INFINEON TECHNOLOGIES AG      N
2007-08-31,8.8315,IFX.DE,INFINEON TECHNOLOGIES AG      N
2007-09-30,7.3998,IFX.DE,INFINEON TECHNOLOGIES AG      N
2007-10-31,5.9534,IFX.DE,INFINEON TECHNOLOGIES AG      N
2007-11-30,5.895,IFX.DE,INFINEON TECHNOLOGIES AG      N
2007-12-31,4.9454,IFX.DE,INFINEON TECHNOLOGIES AG      N
2008-01-31,3.9154,IFX.DE,INFINEON TECHNOLOGIES AG      N
2008-02-29,3.2506,IFX.DE,INFINEON TECHNOLOGIES AG      N
2008-03-31,4.3902,IFX.DE,INFINEON TECHNOLOGIES AG      N
2008-04-30,4.2295,IFX.DE,INFINEON TECHNOLOGIES AG      N
2008-05-31,4.0396,IFX.DE,INFINEON TECHNOLOGIES AG      N
2008-06-30,3.5757,IFX.DE,INFINEON TECHNOLOGIES AG      N
2008-07-31,4.2733,IFX.DE,INFINEON TECHNOLOGIES AG      N
2008-08-31,2.8598,IFX.DE,INFINEON TECHNOLOGIES AG      N
2008-09-30,1.7933,IFX.DE,INFINEON TECHNOLOGIES AG      N
2008-10-31,1.3514,IFX.DE,INFINEON TECHNOLOGIES AG      N
2008-11-30,0.7013,IFX.DE,INFINEON TECHNOLOGIES AG      N
2008-12-31,0.5113,IFX.DE,INFINEON TECHNOLOGIES AG      N
2009-01-31,0.347,IFX.DE,INFINEON TECHNOLOGIES AG      N
2009-02-28,0.6355,IFX.DE,INFINEON TECHNOLOGIES AG      N
2009-03-31,1.4719,IFX.DE,INFINEON TECHNOLOGIES AG      N
2009-04-30,1.6217,IFX.DE,INFINEON TECHNOLOGIES AG      N
2009-05-31,1.881,IFX.DE,INFINEON TECHNOLOGIES AG      N
2009-06-30,2.3678,IFX.DE,INFINEON TECHNOLOGIES AG      N
2009-07-31,3.0028,IFX.DE,INFINEON TECHNOLOGIES AG      N
2009-08-31,3.1585,IFX.DE,INFINEON TECHNOLOGIES AG      N
2009-09-30,2.5112,IFX.DE,INFINEON TECHNOLOGIES AG      N
2009-10-31,2.6136,IFX.DE,INFINEON TECHNOLOGIES AG      N
2009-11-30,3.179,IFX.DE,INFINEON TECHNOLOGIES AG      N
2009-12-31,3.2929,IFX.DE,INFINEON TECHNOLOGIES AG      N
2010-01-31,3.283,IFX.DE,INFINEON TECHNOLOGIES AG      N
2010-02-28,4.2105,IFX.DE,INFINEON TECHNOLOGIES AG      N
2010-03-31,4.3776,IFX.DE,INFINEON TECHNOLOGIES AG      N
2010-04-30,3.8189,IFX.DE,INFINEON TECHNOLOGIES AG      N
2010-05-31,3.9475,IFX.DE,INFINEON TECHNOLOGIES AG      N
2010-06-30,4.2433,IFX.DE,INFINEON TECHNOLOGIES AG      N
2010-07-31,3.6058,IFX.DE,INFINEON TECHNOLOGIES AG      N
2010-08-31,4.163,IFX.DE,INFINEON TECHNOLOGIES AG      N
2010-09-30,4.6341,IFX.DE,INFINEON TECHNOLOGIES AG      N
2010-10-31,5.6091,IFX.DE,INFINEON TECHNOLOGIES AG      N
2010-11-30,5.7049,IFX.DE,INFINEON TECHNOLOGIES AG      N
2010-12-31,6.326,IFX.DE,INFINEON TECHNOLOGIES AG      N
2011-01-31,6.5774,IFX.DE,INFINEON TECHNOLOGIES AG      N
2011-02-28,6.0025,IFX.DE,INFINEON TECHNOLOGIES AG      N
2011-03-31,6.3584,IFX.DE,INFINEON TECHNOLOGIES AG      N
2011-04-30,6.6712,IFX.DE,INFINEON TECHNOLOGIES AG      N
2011-05-31,6.4314,IFX.DE,INFINEON TECHNOLOGIES AG      N
2011-06-30,5.8133,IFX.DE,INFINEON TECHNOLOGIES AG      N
2011-07-31,4.9256,IFX.DE,INFINEON TECHNOLOGIES AG      N
2011-08-31,4.6361,IFX.DE,INFINEON TECHNOLOGIES AG      N
2011-09-30,5.4168,IFX.DE,INFINEON TECHNOLOGIES AG      N
2011-10-31,5.0957,IFX.DE,INFINEON TECHNOLOGIES AG      N
2011-11-30,4.8252,IFX.DE,INFINEON TECHNOLOGIES AG      N
2011-12-31,5.7876,IFX.DE,INFINEON TECHNOLOGIES AG      N
2012-01-31,6.2979,IFX.DE,INFINEON TECHNOLOGIES AG      N
2012-02-29,6.4625,IFX.DE,INFINEON TECHNOLOGIES AG      N
2012-03-31,6.3403,IFX.DE,INFINEON TECHNOLOGIES AG      N
2012-04-30,5.3852,IFX.DE,INFINEON TECHNOLOGIES AG      N
2012-05-31,4.4949,IFX.DE,INFINEON TECHNOLOGIES AG      N
2012-06-30,4.9982,IFX.DE,INFINEON TECHNOLOGIES AG      N
2012-07-31,4.6323,IFX.DE,INFINEON TECHNOLOGIES AG      N
2012-08-31,4.1628,IFX.DE,INFINEON TECHNOLOGIES AG      N
2012-09-30,4.4258,IFX.DE,INFINEON TECHNOLOGIES AG      N
2012-10-31,4.9704,IFX.DE,INFINEON TECHNOLOGIES AG      N
2012-11-30,5.1668,IFX.DE,INFINEON TECHNOLOGIES AG      N
2012-12-31,5.6018,IFX.DE,INFINEON TECHNOLOGIES AG      N
2013-01-31,5.531,IFX.DE,INFINEON TECHNOLOGIES AG      N
2013-02-28,5.2897,IFX.DE,INFINEON TECHNOLOGIES AG      N
2013-03-31,5.148,IFX.DE,INFINEON TECHNOLOGIES AG      N
2013-04-30,5.6246,IFX.DE,INFINEON TECHNOLOGIES AG      N
2013-05-31,5.5215,IFX.DE,INFINEON TECHNOLOGIES AG      N
2013-06-30,5.6967,IFX.DE,INFINEON TECHNOLOGIES AG      N
2013-07-31,5.8908,IFX.DE,INFINEON TECHNOLOGIES AG      N
2013-08-31,6.3502,IFX.DE,INFINEON TECHNOLOGIES AG      N
2013-09-30,6.1218,IFX.DE,INFINEON TECHNOLOGIES AG      N
2013-10-31,6.4146,IFX.DE,INFINEON TECHNOLOGIES AG      N
2013-11-30,6.6636,IFX.DE,INFINEON TECHNOLOGIES AG      N
2013-12-31,6.5743,IFX.DE,INFINEON TECHNOLOGIES AG      N
2014-01-31,7.1699,IFX.DE,INFINEON TECHNOLOGIES AG      N
2014-02-28,7.5554,IFX.DE,INFINEON TECHNOLOGIES AG      N
2014-03-31,7.3085,IFX.DE,INFINEON TECHNOLOGIES AG      N
2014-04-30,7.9366,IFX.DE,INFINEON TECHNOLOGIES AG      N
2014-05-31,7.9627,IFX.DE,INFINEON TECHNOLOGIES AG      N
2014-06-30,7.2178,IFX.DE,INFINEON TECHNOLOGIES AG      N
2014-07-31,7.715,IFX.DE,INFINEON TECHNOLOGIES AG      N
2014-08-31,7.1463,IFX.DE,INFINEON TECHNOLOGIES AG      N
2014-09-30,6.752,IFX.DE,INFINEON TECHNOLOGIES AG      N
2014-10-31,6.8715,IFX.DE,INFINEON TECHNOLOGIES AG      N
2014-11-30,7.715,IFX.DE,INFINEON TECHNOLOGIES AG      N
2014-12-31,8.7024,IFX.DE,INFINEON TECHNOLOGIES AG      N
2015-01-31,9.1847,IFX.DE,INFINEON TECHNOLOGIES AG      N
2015-02-28,9.8816,IFX.DE,INFINEON TECHNOLOGIES AG      N
2015-03-31,9.3933,IFX.DE,INFINEON TECHNOLOGIES AG      N
2015-04-30,10.5386,IFX.DE,INFINEON TECHNOLOGIES AG      N
2015-05-31,9.8816,IFX.DE,INFINEON TECHNOLOGIES AG      N
2015-06-30,9.0604,IFX.DE,INFINEON TECHNOLOGIES AG      N
2015-07-31,8.66,IFX.DE,INFINEON TECHNOLOGIES AG      N
2015-08-31,8.9272,IFX.DE,INFINEON TECHNOLOGIES AG      N
2015-09-30,9.9393,IFX.DE,INFINEON TECHNOLOGIES AG      N
2015-10-31,12.4563,IFX.DE,INFINEON TECHNOLOGIES AG      N
2015-11-30,11.9902,IFX.DE,INFINEON TECHNOLOGIES AG      N
2015-12-31,10.9026,IFX.DE,INFINEON TECHNOLOGIES AG      N
2016-01-31,10.179,IFX.DE,INFINEON TECHNOLOGIES AG      N
2016-02-29,11.2995,IFX.DE,INFINEON TECHNOLOGIES AG      N
2016-03-31,11.2272,IFX.DE,INFINEON TECHNOLOGIES AG      N
2016-04-30,12.1805,IFX.DE,INFINEON TECHNOLOGIES AG      N
2016-05-31,11.7242,IFX.DE,INFINEON TECHNOLOGIES AG      N
2016-06-30,13.3733,IFX.DE,INFINEON TECHNOLOGIES AG      N
2016-07-31,13.6398,IFX.DE,INFINEON TECHNOLOGIES AG      N
2016-08-31,14.3491,IFX.DE,INFINEON TECHNOLOGIES AG      N
2016-09-30,14.7784,IFX.DE,INFINEON TECHNOLOGIES AG      N
2016-10-31,14.2588,IFX.DE,INFINEON TECHNOLOGIES AG      N
2016-11-30,14.9184,IFX.DE,INFINEON TECHNOLOGIES AG      N
2016-12-31,15.3521,IFX.DE,INFINEON TECHNOLOGIES AG      N
2017-01-31,15.3765,IFX.DE,INFINEON TECHNOLOGIES AG      N
2017-02-28,17.5228,IFX.DE,INFINEON TECHNOLOGIES AG      N
2017-03-31,17.3901,IFX.DE,INFINEON TECHNOLOGIES AG      N
2017-04-30,18.0216,IFX.DE,INFINEON TECHNOLOGIES AG      N
2017-05-31,16.9187,IFX.DE,INFINEON TECHNOLOGIES AG      N
2017-06-30,16.8272,IFX.DE,INFINEON TECHNOLOGIES AG      N
2017-07-31,17.7287,IFX.DE,INFINEON TECHNOLOGIES AG      N
2017-08-31,19.4678,IFX.DE,INFINEON TECHNOLOGIES AG      N
2017-09-30,21.5134,IFX.DE,INFINEON TECHNOLOGIES AG      N
2017-10-31,21.2342,IFX.DE,INFINEON TECHNOLOGIES AG      N
2017-11-30,20.9002,IFX.DE,INFINEON TECHNOLOGIES AG      N
2017-12-31,21.4264,IFX.DE,INFINEON TECHNOLOGIES AG      N
2018-01-31,20.7345,IFX.DE,INFINEON TECHNOLOGIES AG      N
2018-02-28,20.1235,IFX.DE,INFINEON TECHNOLOGIES AG      N
2018-03-31,19.6977,IFX.DE,INFINEON TECHNOLOGIES AG      N
2018-04-30,21.7434,IFX.DE,INFINEON TECHNOLOGIES AG      N
2018-05-31,20.2068,IFX.DE,INFINEON TECHNOLOGIES AG      N
2018-06-30,20.9751,IFX.DE,INFINEON TECHNOLOGIES AG      N
2018-07-31,20.2901,IFX.DE,INFINEON TECHNOLOGIES AG      N
2018-08-31,18.1149,IFX.DE,INFINEON TECHNOLOGIES AG      N
2018-09-30,16.3932,IFX.DE,INFINEON TECHNOLOGIES AG      N
2018-10-31,17.1198,IFX.DE,INFINEON TECHNOLOGIES AG      N
2018-11-30,16.0738,IFX.DE,INFINEON TECHNOLOGIES AG      N
2018-12-31,17.9714,IFX.DE,INFINEON TECHNOLOGIES AG      N
2019-01-31,18.1185,IFX.DE,INFINEON TECHNOLOGIES AG      N
2019-02-28,16.598,IFX.DE,INFINEON TECHNOLOGIES AG      N
2019-03-31,19.7328,IFX.DE,INFINEON TECHNOLOGIES AG      N
2019-04-30,15.0954,IFX.DE,INFINEON TECHNOLOGIES AG      N
2019-05-31,14.5943,IFX.DE,INFINEON TECHNOLOGIES AG      N
2019-06-30,15.9739,IFX.DE,INFINEON TECHNOLOGIES AG      N
2019-07-31,14.7801,IFX.DE,INFINEON TECHNOLOGIES AG      N
2019-08-31,15.4971,IFX.DE,INFINEON TECHNOLOGIES AG      N
2019-09-30,16.3099,IFX.DE,INFINEON TECHNOLOGIES AG      N
2019-10-31,18.1964,IFX.DE,INFINEON TECHNOLOGIES AG      N
2019-11-30,19.0617,IFX.DE,INFINEON TECHNOLOGIES AG      N
2019-12-31,18.3728,IFX.DE,INFINEON TECHNOLOGIES AG      N
2020-01-31,17.8609,IFX.DE,INFINEON TECHNOLOGIES AG      N
2020-02-29,12.7632,IFX.DE,INFINEON TECHNOLOGIES AG      N
2020-03-31,16.1084,IFX.DE,INFINEON TECHNOLOGIES AG      N
2020-04-30,17.9198,IFX.DE,INFINEON TECHNOLOGIES AG      N
2020-05-31,19.8385,IFX.DE,INFINEON TECHNOLOGIES AG      N
2020-06-30,20.0809,IFX.DE,INFINEON TECHNOLOGIES AG      N
2020-07-31,22.0101,IFX.DE,INFINEON TECHNOLOGIES AG      N
2020-08-31,22.9177,IFX.DE,INFINEON TECHNOLOGIES AG      N
2020-09-30,22.7133,IFX.DE,INFINEON TECHNOLOGIES AG      N
2020-10-31,28.0543,IFX.DE,INFINEON TECHNOLOGIES AG      N
2020-11-30,29.8315,IFX.DE,INFINEON TECHNOLOGIES AG      N
2020-12-31,31.4803,IFX.DE,INFINEON TECHNOLOGIES AG      N
2021-01-31,34.4268,IFX.DE,INFINEON TECHNOLOGIES AG      N
2021-02-28,34.5751,IFX.DE,INFINEON TECHNOLOGIES AG      N
2021-03-31,32.0982,IFX.DE,INFINEON TECHNOLOGIES AG      N
2021-04-30,31.8113,IFX.DE,INFINEON TECHNOLOGIES AG      N
2021-05-31,32.3421,IFX.DE,INFINEON TECHNOLOGIES AG      N
2021-06-30,30.7307,IFX.DE,INFINEON TECHNOLOGIES AG      N
2021-07-31,34.489,IFX.DE,INFINEON TECHNOLOGIES AG      N
2021-08-31,33.9726,IFX.DE,INFINEON TECHNOLOGIES AG      N
2021-09-30,38.6298,IFX.DE,INFINEON TECHNOLOGIES AG      N
2021-10-31,38.1851,IFX.DE,INFINEON TECHNOLOGIES AG      N
2021-11-30,38.9788,IFX.DE,INFINEON TECHNOLOGIES AG      N
2021-12-31,34.7472,IFX.DE,INFINEON TECHNOLOGIES AG      N
2022-01-31,29.6491,IFX.DE,INFINEON TECHNOLOGIES AG      N
2022-02-28,29.8805,IFX.DE,INFINEON TECHNOLOGIES AG      N
2022-03-31,26.4715,IFX.DE,INFINEON TECHNOLOGIES AG      N
2022-04-30,27.9084,IFX.DE,INFINEON TECHNOLOGIES AG      N
2022-05-31,22.2669,IFX.DE,INFINEON TECHNOLOGIES AG      N
2022-06-30,25.6036,IFX.DE,INFINEON TECHNOLOGIES AG      N
2022-07-31,23.4338,IFX.DE,INFINEON TECHNOLOGIES AG      N
2022-08-31,21.9005,IFX.DE,INFINEON TECHNOLOGIES AG      N
2022-09-30,23.7617,IFX.DE,INFINEON TECHNOLOGIES AG      N
2022-10-31,30.3964,IFX.DE,INFINEON TECHNOLOGIES AG      N
2022-11-30,27.4166,IFX.DE,INFINEON TECHNOLOGIES AG      N
2022-12-31,31.7417,IFX.DE,INFINEON TECHNOLOGIES AG      N
2023-01-31,32.6095,IFX.DE,INFINEON TECHNOLOGIES AG      N
2023-02-28,36.6619,IFX.DE,INFINEON TECHNOLOGIES AG      N
2023-03-31,32.016,IFX.DE,INFINEON TECHNOLOGIES AG      N
2023-04-30,33.7916,IFX.DE,INFINEON TECHNOLOGIES AG      N
2023-05-31,36.7641,IFX.DE,INFINEON TECHNOLOGIES AG      N
2023-06-30,38.9193,IFX.DE,INFINEON TECHNOLOGIES AG      N
2023-07-31,32.123,IFX.DE,INFINEON TECHNOLOGIES AG      N
2023-08-31,30.5078,IFX.DE,INFINEON TECHNOLOGIES AG      N
2023-09-30,26.7327,IFX.DE,INFINEON TECHNOLOGIES AG      N
2023-10-31,34.5895,IFX.DE,INFINEON TECHNOLOGIES AG      N
2023-11-30,36.7787,IFX.DE,INFINEON TECHNOLOGIES AG      N
2023-12-31,32.8333,IFX.DE,INFINEON TECHNOLOGIES AG      N
2024-01-31,32.545,IFX.DE,INFINEON TECHNOLOGIES AG      N
2024-02-29,30.9912,IFX.DE,INFINEON TECHNOLOGIES AG      N
2024-03-31,32.1762,IFX.DE,INFINEON TECHNOLOGIES AG      N
2024-04-30,36.213,IFX.DE,INFINEON TECHNOLOGIES AG      N
2024-05-31,33.7348,IFX.DE,INFINEON TECHNOLOGIES AG      N
2024-06-30,31.5173,IFX.DE,INFINEON TECHNOLOGIES AG      N
2024-07-31,32.4515,IFX.DE,INFINEON TECHNOLOGIES AG      N
2024-08-31,30.9371,IFX.DE,INFINEON TECHNOLOGIES AG      N
2024-09-30,28.5426,IFX.DE,INFINEON TECHNOLOGIES AG      N
2024-10-31,30.3028,IFX.DE,INFINEON TECHNOLOGIES AG      N
2024-11-30,30.8781,IFX.DE,INFINEON TECHNOLOGIES AG      N
2024-12-31,31.5222,IFX.DE,INFINEON TECHNOLOGIES AG      N
2025-01-31,35.2388,IFX.DE,INFINEON TECHNOLOGIES AG      N
2025-02-28,30.1629,IFX.DE,INFINEON TECHNOLOGIES AG      N
2025-03-31,28.6694,IFX.DE,INFINEON TECHNOLOGIES AG      N
2025-04-30,34.0133,IFX.DE,INFINEON TECHNOLOGIES AG      N
2025-05-31,35.8392,IFX.DE,INFINEON TECHNOLOGIES AG      N
2025-06-30,34.3705,IFX.DE,INFINEON TECHNOLOGIES AG      N
2025-07-31,34.693,IFX.DE,INFINEON TECHNOLOGIES AG      N
2025-08-31,32.9465,IFX.DE,INFINEON TECHNOLOGIES AG      N
2025-09-30,34.0579,IFX.DE,INFINEON TECHNOLOGIES AG      N
2025-10-31,36.0526,IFX.DE,INFINEON TECHNOLOGIES AG      N
2025-11-30,37.4419,IFX.DE,INFINEON TECHNOLOGIES AG      N
2025-12-31,41.2923,IFX.DE,INFINEON TECHNOLOGIES AG      N
2026-01-31,45.825,IFX.DE,INFINEON TECHNOLOGIES AG      N
2026-02-28,38.0,IFX.DE,INFINEON TECHNOLOGIES AG      N
2026-03-31,57.13,IFX.DE,INFINEON TECHNOLOGIES AG      N
2026-04-30,81.11,IFX.DE,INFINEON TECHNOLOGIES AG      N
2026-05-31,81.67,IFX.DE,INFINEON TECHNOLOGIES AG      N
2026-06-30,,IFX.DE,INFINEON TECHNOLOGIES AG      N
1996-11-30,4.7868,BAS.DE,BASF SE                       N
1996-12-31,4.7706,BAS.DE,BASF SE                       N
1997-01-31,5.0417,BAS.DE,BASF SE                       N
1997-02-28,5.0708,BAS.DE,BASF SE                       N
1997-03-31,5.4868,BAS.DE,BASF SE                       N
1997-04-30,5.0903,BAS.DE,BASF SE                       N
1997-05-31,5.1388,BAS.DE,BASF SE                       N
1997-06-30,5.7053,BAS.DE,BASF SE                       N
1997-07-31,4.9365,BAS.DE,BASF SE                       N
1997-08-31,5.1566,BAS.DE,BASF SE                       N
1997-09-30,4.7666,BAS.DE,BASF SE                       N
1997-10-31,5.1064,BAS.DE,BASF SE                       N
1997-11-30,5.1226,BAS.DE,BASF SE                       N
1997-12-31,5.0012,BAS.DE,BASF SE                       N
1998-01-31,5.3169,BAS.DE,BASF SE                       N
1998-02-28,6.6481,BAS.DE,BASF SE                       N
1998-03-31,6.5874,BAS.DE,BASF SE                       N
1998-04-30,6.6683,BAS.DE,BASF SE                       N
1998-05-31,6.8876,BAS.DE,BASF SE                       N
1998-06-30,6.6886,BAS.DE,BASF SE                       N
1998-07-31,5.7102,BAS.DE,BASF SE                       N
1998-08-31,5.0668,BAS.DE,BASF SE                       N
1998-09-30,5.541,BAS.DE,BASF SE                       N
1998-10-31,5.1833,BAS.DE,BASF SE                       N
1998-11-30,5.1388,BAS.DE,BASF SE                       N
1998-12-31,5.0728,BAS.DE,BASF SE                       N
1999-01-31,4.9826,BAS.DE,BASF SE                       N
1999-02-28,5.3466,BAS.DE,BASF SE                       N
1999-03-31,6.711,BAS.DE,BASF SE                       N
1999-04-30,5.9117,BAS.DE,BASF SE                       N
1999-05-31,6.6952,BAS.DE,BASF SE                       N
1999-06-30,6.6793,BAS.DE,BASF SE                       N
1999-07-31,6.8107,BAS.DE,BASF SE                       N
1999-08-31,6.2077,BAS.DE,BASF SE                       N
1999-09-30,6.6952,BAS.DE,BASF SE                       N
1999-10-31,7.1542,BAS.DE,BASF SE                       N
1999-11-30,8.1038,BAS.DE,BASF SE                       N
1999-12-31,6.9721,BAS.DE,BASF SE                       N
2000-01-31,7.5024,BAS.DE,BASF SE                       N
2000-02-29,7.8427,BAS.DE,BASF SE                       N
2000-03-31,7.7913,BAS.DE,BASF SE                       N
2000-04-30,7.1043,BAS.DE,BASF SE                       N
2000-05-31,6.8208,BAS.DE,BASF SE                       N
2000-06-30,7.2291,BAS.DE,BASF SE                       N
2000-07-31,6.7673,BAS.DE,BASF SE                       N
2000-08-31,6.5243,BAS.DE,BASF SE                       N
2000-09-30,7.2906,BAS.DE,BASF SE                       N
2000-10-31,7.0233,BAS.DE,BASF SE                       N
2000-11-30,7.8042,BAS.DE,BASF SE                       N
2000-12-31,7.6616,BAS.DE,BASF SE                       N
2001-01-31,7.9306,BAS.DE,BASF SE                       N
2001-02-28,7.3328,BAS.DE,BASF SE                       N
2001-03-31,8.1866,BAS.DE,BASF SE                       N
2001-04-30,8.0211,BAS.DE,BASF SE                       N
2001-05-31,7.8691,BAS.DE,BASF SE                       N
2001-06-30,7.8522,BAS.DE,BASF SE                       N
2001-07-31,7.5989,BAS.DE,BASF SE                       N
2001-08-31,6.5638,BAS.DE,BASF SE                       N
2001-09-30,6.3493,BAS.DE,BASF SE                       N
2001-10-31,7.2443,BAS.DE,BASF SE                       N
2001-11-30,7.0501,BAS.DE,BASF SE                       N
2001-12-31,7.5972,BAS.DE,BASF SE                       N
2002-01-31,7.501,BAS.DE,BASF SE                       N
2002-02-28,7.8674,BAS.DE,BASF SE                       N
2002-03-31,8.0295,BAS.DE,BASF SE                       N
2002-04-30,8.6458,BAS.DE,BASF SE                       N
2002-05-31,8.1858,BAS.DE,BASF SE                       N
2002-06-30,6.7708,BAS.DE,BASF SE                       N
2002-07-31,7.2986,BAS.DE,BASF SE                       N
2002-08-31,6.2326,BAS.DE,BASF SE                       N
2002-09-30,6.5,BAS.DE,BASF SE                       N
2002-10-31,6.7187,BAS.DE,BASF SE                       N
2002-11-30,6.2639,BAS.DE,BASF SE                       N
2002-12-31,5.9931,BAS.DE,BASF SE                       N
2003-01-31,5.8715,BAS.DE,BASF SE                       N
2003-02-28,5.9219,BAS.DE,BASF SE                       N
2003-03-31,6.9392,BAS.DE,BASF SE                       N
2003-04-30,6.6279,BAS.DE,BASF SE                       N
2003-05-31,6.6908,BAS.DE,BASF SE                       N
2003-06-30,7.6351,BAS.DE,BASF SE                       N
2003-07-31,7.5434,BAS.DE,BASF SE                       N
2003-08-31,6.7808,BAS.DE,BASF SE                       N
2003-09-30,7.0973,BAS.DE,BASF SE                       N
2003-10-31,7.4211,BAS.DE,BASF SE                       N
2003-11-30,8.0182,BAS.DE,BASF SE                       N
2003-12-31,7.984,BAS.DE,BASF SE                       N
2004-01-31,7.698,BAS.DE,BASF SE                       N
2004-02-29,7.4336,BAS.DE,BASF SE                       N
2004-03-31,7.959,BAS.DE,BASF SE                       N
2004-04-30,7.7907,BAS.DE,BASF SE                       N
2004-05-31,8.1347,BAS.DE,BASF SE                       N
2004-06-30,8.1883,BAS.DE,BASF SE                       N
2004-07-31,8.2124,BAS.DE,BASF SE                       N
2004-08-31,8.7745,BAS.DE,BASF SE                       N
2004-09-30,9.0427,BAS.DE,BASF SE                       N
2004-10-31,9.3644,BAS.DE,BASF SE                       N
2004-11-30,9.8008,BAS.DE,BASF SE                       N
2004-12-31,9.688,BAS.DE,BASF SE                       N
2005-01-31,10.4555,BAS.DE,BASF SE                       N
2005-02-28,10.1134,BAS.DE,BASF SE                       N
2005-03-31,9.5831,BAS.DE,BASF SE                       N
2005-04-30,10.3098,BAS.DE,BASF SE                       N
2005-05-31,10.5183,BAS.DE,BASF SE                       N
2005-06-30,11.2068,BAS.DE,BASF SE                       N
2005-07-31,10.8606,BAS.DE,BASF SE                       N
2005-08-31,11.9526,BAS.DE,BASF SE                       N
2005-09-30,11.5032,BAS.DE,BASF SE                       N
2005-10-31,11.9813,BAS.DE,BASF SE                       N
2005-11-30,12.3752,BAS.DE,BASF SE                       N
2005-12-31,12.4039,BAS.DE,BASF SE                       N
2006-01-31,12.0979,BAS.DE,BASF SE                       N
2006-02-28,12.3733,BAS.DE,BASF SE                       N
2006-03-31,12.9968,BAS.DE,BASF SE                       N
2006-04-30,12.5063,BAS.DE,BASF SE                       N
2006-05-31,12.3645,BAS.DE,BASF SE                       N
2006-06-30,12.4098,BAS.DE,BASF SE                       N
2006-07-31,12.6698,BAS.DE,BASF SE                       N
2006-08-31,12.4374,BAS.DE,BASF SE                       N
2006-09-30,13.6013,BAS.DE,BASF SE                       N
2006-10-31,13.7234,BAS.DE,BASF SE                       N
2006-11-30,14.5447,BAS.DE,BASF SE                       N
2006-12-31,14.5605,BAS.DE,BASF SE                       N
2007-01-31,15.1356,BAS.DE,BASF SE                       N
2007-02-28,16.5989,BAS.DE,BASF SE                       N
2007-03-31,17.8237,BAS.DE,BASF SE                       N
2007-04-30,18.7635,BAS.DE,BASF SE                       N
2007-05-31,19.8236,BAS.DE,BASF SE                       N
2007-06-30,19.4281,BAS.DE,BASF SE                       N
2007-07-31,19.8012,BAS.DE,BASF SE                       N
2007-08-31,19.7747,BAS.DE,BASF SE                       N
2007-09-30,19.4689,BAS.DE,BASF SE                       N
2007-10-31,19.318,BAS.DE,BASF SE                       N
2007-11-30,20.6737,BAS.DE,BASF SE                       N
2007-12-31,17.7788,BAS.DE,BASF SE                       N
2008-01-31,17.1204,BAS.DE,BASF SE                       N
2008-02-29,17.3915,BAS.DE,BASF SE                       N
2008-03-31,19.4943,BAS.DE,BASF SE                       N
2008-04-30,20.4982,BAS.DE,BASF SE                       N
2008-05-31,18.6413,BAS.DE,BASF SE                       N
2008-06-30,17.3098,BAS.DE,BASF SE                       N
2008-07-31,16.7525,BAS.DE,BASF SE                       N
2008-08-31,14.3575,BAS.DE,BASF SE                       N
2008-09-30,11.0904,BAS.DE,BASF SE                       N
2008-10-31,10.6777,BAS.DE,BASF SE                       N
2008-11-30,11.7965,BAS.DE,BASF SE                       N
2008-12-31,9.6652,BAS.DE,BASF SE                       N
2009-01-31,9.3419,BAS.DE,BASF SE                       N
2009-02-28,9.695,BAS.DE,BASF SE                       N
2009-03-31,12.1539,BAS.DE,BASF SE                       N
2009-04-30,13.5829,BAS.DE,BASF SE                       N
2009-05-31,12.9346,BAS.DE,BASF SE                       N
2009-06-30,16.053,BAS.DE,BASF SE                       N
2009-07-31,16.6145,BAS.DE,BASF SE                       N
2009-08-31,16.5324,BAS.DE,BASF SE                       N
2009-09-30,16.6648,BAS.DE,BASF SE                       N
2009-10-31,18.3358,BAS.DE,BASF SE                       N
2009-11-30,19.8425,BAS.DE,BASF SE                       N
2009-12-31,18.8221,BAS.DE,BASF SE                       N
2010-01-31,18.8289,BAS.DE,BASF SE                       N
2010-02-28,20.9657,BAS.DE,BASF SE                       N
2010-03-31,20.8518,BAS.DE,BASF SE                       N
2010-04-30,20.4156,BAS.DE,BASF SE                       N
2010-05-31,21.3875,BAS.DE,BASF SE                       N
2010-06-30,21.2453,BAS.DE,BASF SE                       N
2010-07-31,19.74,BAS.DE,BASF SE                       N
2010-08-31,21.9304,BAS.DE,BASF SE                       N
2010-09-30,24.787,BAS.DE,BASF SE                       N
2010-10-31,27.2619,BAS.DE,BASF SE                       N
2010-11-30,28.3049,BAS.DE,BASF SE                       N
2010-12-31,26.636,BAS.DE,BASF SE                       N
2011-01-31,28.5704,BAS.DE,BASF SE                       N
2011-02-28,28.9355,BAS.DE,BASF SE                       N
2011-03-31,32.9039,BAS.DE,BASF SE                       N
2011-04-30,31.4793,BAS.DE,BASF SE                       N
2011-05-31,33.1007,BAS.DE,BASF SE                       N
2011-06-30,30.9698,BAS.DE,BASF SE                       N
2011-07-31,24.332,BAS.DE,BASF SE                       N
2011-08-31,22.5758,BAS.DE,BASF SE                       N
2011-09-30,26.0564,BAS.DE,BASF SE                       N
2011-10-31,26.4728,BAS.DE,BASF SE                       N
2011-11-30,26.3993,BAS.DE,BASF SE                       N
2011-12-31,28.7948,BAS.DE,BASF SE                       N
2012-01-31,32.2826,BAS.DE,BASF SE                       N
2012-02-29,32.1308,BAS.DE,BASF SE                       N
2012-03-31,31.679,BAS.DE,BASF SE                       N
2012-04-30,28.7194,BAS.DE,BASF SE                       N
2012-05-31,27.8636,BAS.DE,BASF SE                       N
2012-06-30,30.2985,BAS.DE,BASF SE                       N
2012-07-31,31.4854,BAS.DE,BASF SE                       N
2012-08-31,33.4415,BAS.DE,BASF SE                       N
2012-09-30,32.5653,BAS.DE,BASF SE                       N
2012-10-31,35.097,BAS.DE,BASF SE                       N
2012-11-30,36.2431,BAS.DE,BASF SE                       N
2012-12-31,38.0311,BAS.DE,BASF SE                       N
2013-01-31,36.7678,BAS.DE,BASF SE                       N
2013-02-28,34.8015,BAS.DE,BASF SE                       N
2013-03-31,37.468,BAS.DE,BASF SE                       N
2013-04-30,39.745,BAS.DE,BASF SE                       N
2013-05-31,36.2581,BAS.DE,BASF SE                       N
2013-06-30,35.2174,BAS.DE,BASF SE                       N
2013-07-31,34.9373,BAS.DE,BASF SE                       N
2013-08-31,37.4574,BAS.DE,BASF SE                       N
2013-09-30,40.4846,BAS.DE,BASF SE                       N
2013-10-31,41.5254,BAS.DE,BASF SE                       N
2013-11-30,40.939,BAS.DE,BASF SE                       N
2013-12-31,42.0167,BAS.DE,BASF SE                       N
2014-01-31,44.0719,BAS.DE,BASF SE                       N
2014-02-28,42.6243,BAS.DE,BASF SE                       N
2014-03-31,44.0772,BAS.DE,BASF SE                       N
2014-04-30,46.1085,BAS.DE,BASF SE                       N
2014-05-31,46.4142,BAS.DE,BASF SE                       N
2014-06-30,42.3803,BAS.DE,BASF SE                       N
2014-07-31,42.7351,BAS.DE,BASF SE                       N
2014-08-31,39.6455,BAS.DE,BASF SE                       N
2014-09-30,38.3409,BAS.DE,BASF SE                       N
2014-10-31,39.853,BAS.DE,BASF SE                       N
2014-11-30,38.1444,BAS.DE,BASF SE                       N
2014-12-31,43.3956,BAS.DE,BASF SE                       N
2015-01-31,46.7526,BAS.DE,BASF SE                       N
2015-02-28,50.519,BAS.DE,BASF SE                       N
2015-03-31,48.8432,BAS.DE,BASF SE                       N
2015-04-30,47.4458,BAS.DE,BASF SE                       N
2015-05-31,44.4142,BAS.DE,BASF SE                       N
2015-06-30,44.2621,BAS.DE,BASF SE                       N
2015-07-31,40.4698,BAS.DE,BASF SE                       N
2015-08-31,38.4976,BAS.DE,BASF SE                       N
2015-09-30,41.9968,BAS.DE,BASF SE                       N
2015-10-31,44.1437,BAS.DE,BASF SE                       N
2015-11-30,39.8499,BAS.DE,BASF SE                       N
2015-12-31,34.4292,BAS.DE,BASF SE                       N
2016-01-31,33.9108,BAS.DE,BASF SE                       N
2016-02-29,37.3593,BAS.DE,BASF SE                       N
2016-03-31,40.6557,BAS.DE,BASF SE                       N
2016-04-30,40.7614,BAS.DE,BASF SE                       N
2016-05-31,40.2976,BAS.DE,BASF SE                       N
2016-06-30,41.2487,BAS.DE,BASF SE                       N
2016-07-31,42.7986,BAS.DE,BASF SE                       N
2016-08-31,44.6831,BAS.DE,BASF SE                       N
2016-09-30,47.143,BAS.DE,BASF SE                       N
2016-10-31,47.5481,BAS.DE,BASF SE                       N
2016-11-30,51.8456,BAS.DE,BASF SE                       N
2016-12-31,52.3211,BAS.DE,BASF SE                       N
2017-01-31,51.6049,BAS.DE,BASF SE                       N
2017-02-28,54.5521,BAS.DE,BASF SE                       N
2017-03-31,52.5207,BAS.DE,BASF SE                       N
2017-04-30,50.9272,BAS.DE,BASF SE                       N
2017-05-31,49.2568,BAS.DE,BASF SE                       N
2017-06-30,48.9531,BAS.DE,BASF SE                       N
2017-07-31,49.4269,BAS.DE,BASF SE                       N
2017-08-31,54.6933,BAS.DE,BASF SE                       N
2017-09-30,56.8679,BAS.DE,BASF SE                       N
2017-10-31,57.0988,BAS.DE,BASF SE                       N
2017-11-30,55.726,BAS.DE,BASF SE                       N
2017-12-31,57.2931,BAS.DE,BASF SE                       N
2018-01-31,52.4883,BAS.DE,BASF SE                       N
2018-02-28,50.0951,BAS.DE,BASF SE                       N
2018-03-31,52.4337,BAS.DE,BASF SE                       N
2018-04-30,53.0699,BAS.DE,BASF SE                       N
2018-05-31,51.5959,BAS.DE,BASF SE                       N
2018-06-30,51.7534,BAS.DE,BASF SE                       N
2018-07-31,50.1975,BAS.DE,BASF SE                       N
2018-08-31,48.2196,BAS.DE,BASF SE                       N
2018-09-30,42.8528,BAS.DE,BASF SE                       N
2018-10-31,40.5473,BAS.DE,BASF SE                       N
2018-11-30,38.0465,BAS.DE,BASF SE                       N
2018-12-31,40.2008,BAS.DE,BASF SE                       N
2019-01-31,42.1976,BAS.DE,BASF SE                       N
2019-02-28,41.278,BAS.DE,BASF SE                       N
2019-03-31,45.6621,BAS.DE,BASF SE                       N
2019-04-30,38.9112,BAS.DE,BASF SE                       N
2019-05-31,42.1132,BAS.DE,BASF SE                       N
2019-06-30,39.8797,BAS.DE,BASF SE                       N
2019-07-31,39.6491,BAS.DE,BASF SE                       N
2019-08-31,42.2449,BAS.DE,BASF SE                       N
2019-09-30,44.9528,BAS.DE,BASF SE                       N
2019-10-31,44.9462,BAS.DE,BASF SE                       N
2019-11-30,44.373,BAS.DE,BASF SE                       N
2019-12-31,40.2355,BAS.DE,BASF SE                       N
2020-01-31,34.9713,BAS.DE,BASF SE                       N
2020-02-29,28.4257,BAS.DE,BASF SE                       N
2020-03-31,30.758,BAS.DE,BASF SE                       N
2020-04-30,32.0494,BAS.DE,BASF SE                       N
2020-05-31,35.0016,BAS.DE,BASF SE                       N
2020-06-30,32.8474,BAS.DE,BASF SE                       N
2020-07-31,35.8297,BAS.DE,BASF SE                       N
2020-08-31,36.4752,BAS.DE,BASF SE                       N
2020-09-30,33.0298,BAS.DE,BASF SE                       N
2020-10-31,43.0363,BAS.DE,BASF SE                       N
2020-11-30,45.4151,BAS.DE,BASF SE                       N
2020-12-31,44.7906,BAS.DE,BASF SE                       N
2021-01-31,47.5273,BAS.DE,BASF SE                       N
2021-02-28,49.7096,BAS.DE,BASF SE                       N
2021-03-31,49.382,BAS.DE,BASF SE                       N
2021-04-30,49.0728,BAS.DE,BASF SE                       N
2021-05-31,48.9109,BAS.DE,BASF SE                       N
2021-06-30,48.7489,BAS.DE,BASF SE                       N
2021-07-31,48.2336,BAS.DE,BASF SE                       N
2021-08-31,48.4765,BAS.DE,BASF SE                       N
2021-09-30,45.8484,BAS.DE,BASF SE                       N
2021-10-31,42.6093,BAS.DE,BASF SE                       N
2021-11-30,45.4803,BAS.DE,BASF SE                       N
2021-12-31,49.7059,BAS.DE,BASF SE                       N
2022-01-31,43.6178,BAS.DE,BASF SE                       N
2022-02-28,38.1039,BAS.DE,BASF SE                       N
2022-03-31,37.1101,BAS.DE,BASF SE                       N
2022-04-30,40.4888,BAS.DE,BASF SE                       N
2022-05-31,32.7802,BAS.DE,BASF SE                       N
2022-06-30,34.2722,BAS.DE,BASF SE                       N
2022-07-31,33.2104,BAS.DE,BASF SE                       N
2022-08-31,31.2606,BAS.DE,BASF SE                       N
2022-09-30,35.8668,BAS.DE,BASF SE                       N
2022-10-31,38.2982,BAS.DE,BASF SE                       N
2022-11-30,36.6207,BAS.DE,BASF SE                       N
2022-12-31,41.365,BAS.DE,BASF SE                       N
2023-01-31,38.2666,BAS.DE,BASF SE                       N
2023-02-28,38.1758,BAS.DE,BASF SE                       N
2023-03-31,39.8035,BAS.DE,BASF SE                       N
2023-04-30,37.7348,BAS.DE,BASF SE                       N
2023-05-31,37.7815,BAS.DE,BASF SE                       N
2023-06-30,41.4347,BAS.DE,BASF SE                       N
2023-07-31,39.7525,BAS.DE,BASF SE                       N
2023-08-31,36.4901,BAS.DE,BASF SE                       N
2023-09-30,36.9871,BAS.DE,BASF SE                       N
2023-10-31,36.265,BAS.DE,BASF SE                       N
2023-11-30,41.4432,BAS.DE,BASF SE                       N
2023-12-31,37.773,BAS.DE,BASF SE                       N
2024-01-31,39.9947,BAS.DE,BASF SE                       N
2024-02-29,44.9691,BAS.DE,BASF SE                       N
2024-03-31,44.7454,BAS.DE,BASF SE                       N
2024-04-30,44.0673,BAS.DE,BASF SE                       N
2024-05-31,41.1316,BAS.DE,BASF SE                       N
2024-06-30,39.2336,BAS.DE,BASF SE                       N
2024-07-31,41.7369,BAS.DE,BASF SE                       N
2024-08-31,43.289,BAS.DE,BASF SE                       N
2024-09-30,40.64,BAS.DE,BASF SE                       N
2024-10-31,38.6146,BAS.DE,BASF SE                       N
2024-11-30,38.651,BAS.DE,BASF SE                       N
2024-12-31,42.4288,BAS.DE,BASF SE                       N
2025-01-31,44.7955,BAS.DE,BASF SE                       N
2025-02-28,41.7779,BAS.DE,BASF SE                       N
2025-03-31,40.6264,BAS.DE,BASF SE                       N
2025-04-30,40.6572,BAS.DE,BASF SE                       N
2025-05-31,40.1394,BAS.DE,BASF SE                       N
2025-06-30,41.386,BAS.DE,BASF SE                       N
2025-07-31,43.4955,BAS.DE,BASF SE                       N
2025-08-31,40.6476,BAS.DE,BASF SE                       N
2025-09-30,41.0312,BAS.DE,BASF SE                       N
2025-10-31,43.0545,BAS.DE,BASF SE                       N
2025-11-30,42.6038,BAS.DE,BASF SE                       N
2025-12-31,44.0709,BAS.DE,BASF SE                       N
2026-01-31,46.6983,BAS.DE,BASF SE                       N
2026-02-28,50.2462,BAS.DE,BASF SE                       N
2026-03-31,52.49,BAS.DE,BASF SE                       N
2026-04-30,50.82,BAS.DE,BASF SE                       N
2026-05-31,46.78,BAS.DE,BASF SE                       N
2026-06-30,,BAS.DE,BASF SE                       N
1995-10-31,1.2225,ENI.MI,ENI
1995-11-30,1.2924,ENI.MI,ENI
1995-12-31,1.375,ENI.MI,ENI
1996-01-31,1.3762,ENI.MI,ENI
1996-02-29,1.3261,ENI.MI,ENI
1996-03-31,1.5718,ENI.MI,ENI
1996-04-30,1.7068,ENI.MI,ENI
1996-05-31,1.7802,ENI.MI,ENI
1996-06-30,1.5927,ENI.MI,ENI
1996-07-31,1.5368,ENI.MI,ENI
1996-08-31,1.8128,ENI.MI,ENI
1996-09-30,1.6917,ENI.MI,ENI
1996-10-31,1.8582,ENI.MI,ENI
1996-11-30,1.8128,ENI.MI,ENI
1996-12-31,2.0892,ENI.MI,ENI
1997-01-31,1.9432,ENI.MI,ENI
1997-02-28,1.9735,ENI.MI,ENI
1997-03-31,2.0235,ENI.MI,ENI
1997-04-30,1.9676,ENI.MI,ENI
1997-05-31,2.2412,ENI.MI,ENI
1997-06-30,2.4415,ENI.MI,ENI
1997-07-31,2.2936,ENI.MI,ENI
1997-08-31,2.5311,ENI.MI,ENI
1997-09-30,2.2168,ENI.MI,ENI
1997-10-31,2.3483,ENI.MI,ENI
1997-11-30,2.3355,ENI.MI,ENI
1997-12-31,2.4497,ENI.MI,ENI
1998-01-31,2.4333,ENI.MI,ENI
1998-02-28,2.8921,ENI.MI,ENI
1998-03-31,2.7698,ENI.MI,ENI
1998-04-30,2.8944,ENI.MI,ENI
1998-05-31,2.7128,ENI.MI,ENI
1998-06-30,2.6592,ENI.MI,ENI
1998-07-31,2.1423,ENI.MI,ENI
1998-08-31,2.3565,ENI.MI,ENI
1998-09-30,2.2703,ENI.MI,ENI
1998-10-31,2.4252,ENI.MI,ENI
1998-11-30,2.5148,ENI.MI,ENI
1998-12-31,2.3535,ENI.MI,ENI
1999-01-31,2.3671,ENI.MI,ENI
1999-02-28,2.6601,ENI.MI,ENI
1999-03-31,2.8089,ENI.MI,ENI
1999-04-30,2.7368,ENI.MI,ENI
1999-05-31,2.6105,ENI.MI,ENI
1999-06-30,2.5655,ENI.MI,ENI
1999-07-31,2.5655,ENI.MI,ENI
1999-08-31,2.6556,ENI.MI,ENI
1999-09-30,2.5068,ENI.MI,ENI
1999-10-31,2.4527,ENI.MI,ENI
1999-11-30,2.4618,ENI.MI,ENI
1999-12-31,2.1822,ENI.MI,ENI
2000-01-31,2.1777,ENI.MI,ENI
2000-02-29,2.3581,ENI.MI,ENI
2000-03-31,2.4663,ENI.MI,ENI
2000-04-30,2.606,ENI.MI,ENI
2000-05-31,2.7278,ENI.MI,ENI
2000-06-30,2.7233,ENI.MI,ENI
2000-07-31,2.946,ENI.MI,ENI
2000-08-31,2.7052,ENI.MI,ENI
2000-09-30,2.8721,ENI.MI,ENI
2000-10-31,3.1615,ENI.MI,ENI
2000-11-30,3.0659,ENI.MI,ENI
2000-12-31,3.1552,ENI.MI,ENI
2001-01-31,3.1741,ENI.MI,ENI
2001-02-28,3.3365,ENI.MI,ENI
2001-03-31,3.4807,ENI.MI,ENI
2001-04-30,3.4266,ENI.MI,ENI
2001-05-31,3.2494,ENI.MI,ENI
2001-06-30,3.1313,ENI.MI,ENI
2001-07-31,3.302,ENI.MI,ENI
2001-08-31,3.0389,ENI.MI,ENI
2001-09-30,3.1554,ENI.MI,ENI
2001-10-31,2.96,ENI.MI,ENI
2001-11-30,3.1741,ENI.MI,ENI
2001-12-31,3.4063,ENI.MI,ENI
2002-01-31,3.5709,ENI.MI,ENI
2002-02-28,3.7873,ENI.MI,ENI
2002-03-31,3.8412,ENI.MI,ENI
2002-04-30,3.6746,ENI.MI,ENI
2002-05-31,3.8046,ENI.MI,ENI
2002-06-30,3.6267,ENI.MI,ENI
2002-07-31,3.652,ENI.MI,ENI
2002-08-31,3.283,ENI.MI,ENI
2002-09-30,3.3161,ENI.MI,ENI
2002-10-31,3.4526,ENI.MI,ENI
2002-11-30,3.5834,ENI.MI,ENI
2002-12-31,3.3265,ENI.MI,ENI
2003-01-31,3.2468,ENI.MI,ENI
2003-02-28,2.8901,ENI.MI,ENI
2003-03-31,3.0247,ENI.MI,ENI
2003-04-30,3.2452,ENI.MI,ENI
2003-05-31,3.2918,ENI.MI,ENI
2003-06-30,3.2755,ENI.MI,ENI
2003-07-31,3.4387,ENI.MI,ENI
2003-08-31,3.2788,ENI.MI,ENI
2003-09-30,3.4137,ENI.MI,ENI
2003-10-31,3.5537,ENI.MI,ENI
2003-11-30,3.7386,ENI.MI,ENI
2003-12-31,3.7361,ENI.MI,ENI
2004-01-31,3.941,ENI.MI,ENI
2004-02-29,4.0885,ENI.MI,ENI
2004-03-31,4.2384,ENI.MI,ENI
2004-04-30,4.1959,ENI.MI,ENI
2004-05-31,4.256,ENI.MI,ENI
2004-06-30,4.4594,ENI.MI,ENI
2004-07-31,4.3838,ENI.MI,ENI
2004-08-31,4.7045,ENI.MI,ENI
2004-09-30,4.642,ENI.MI,ENI
2004-10-31,4.8167,ENI.MI,ENI
2004-11-30,4.8036,ENI.MI,ENI
2004-12-31,4.861,ENI.MI,ENI
2005-01-31,5.1374,ENI.MI,ENI
2005-02-28,5.2235,ENI.MI,ENI
2005-03-31,5.0879,ENI.MI,ENI
2005-04-30,5.4139,ENI.MI,ENI
2005-05-31,5.7936,ENI.MI,ENI
2005-06-30,6.3699,ENI.MI,ENI
2005-07-31,6.5249,ENI.MI,ENI
2005-08-31,6.7179,ENI.MI,ENI
2005-09-30,6.2076,ENI.MI,ENI
2005-10-31,6.3853,ENI.MI,ENI
2005-11-30,6.5047,ENI.MI,ENI
2005-12-31,6.9073,ENI.MI,ENI
2006-01-31,6.6518,ENI.MI,ENI
2006-02-28,6.5186,ENI.MI,ENI
2006-03-31,6.7185,ENI.MI,ENI
2006-04-30,6.5214,ENI.MI,ENI
2006-05-31,6.5821,ENI.MI,ENI
2006-06-30,6.8622,ENI.MI,ENI
2006-07-31,6.8308,ENI.MI,ENI
2006-08-31,6.6793,ENI.MI,ENI
2006-09-30,6.9246,ENI.MI,ENI
2006-10-31,7.244,ENI.MI,ENI
2006-11-30,7.4667,ENI.MI,ENI
2006-12-31,7.2381,ENI.MI,ENI
2007-01-31,6.7839,ENI.MI,ENI
2007-02-28,7.1385,ENI.MI,ENI
2007-03-31,7.159,ENI.MI,ENI
2007-04-30,7.7011,ENI.MI,ENI
2007-05-31,8.0763,ENI.MI,ENI
2007-06-30,7.7401,ENI.MI,ENI
2007-07-31,7.62,ENI.MI,ENI
2007-08-31,7.8031,ENI.MI,ENI
2007-09-30,7.7451,ENI.MI,ENI
2007-10-31,7.49,ENI.MI,ENI
2007-11-30,7.699,ENI.MI,ENI
2007-12-31,6.6356,ENI.MI,ENI
2008-01-31,7.0443,ENI.MI,ENI
2008-02-29,6.6386,ENI.MI,ENI
2008-03-31,7.6037,ENI.MI,ENI
2008-04-30,8.2633,ENI.MI,ENI
2008-05-31,7.4805,ENI.MI,ENI
2008-06-30,6.8619,ENI.MI,ENI
2008-07-31,7.0166,ENI.MI,ENI
2008-08-31,6.066,ENI.MI,ENI
2008-09-30,6.0432,ENI.MI,ENI
2008-10-31,5.7823,ENI.MI,ENI
2008-11-30,5.4594,ENI.MI,ENI
2008-12-31,5.4268,ENI.MI,ENI
2009-01-31,5.1724,ENI.MI,ENI
2009-02-28,4.768,ENI.MI,ENI
2009-03-31,5.3648,ENI.MI,ENI
2009-04-30,5.7841,ENI.MI,ENI
2009-05-31,5.7129,ENI.MI,ENI
2009-06-30,5.5366,ENI.MI,ENI
2009-07-31,5.6078,ENI.MI,ENI
2009-08-31,5.9605,ENI.MI,ENI
2009-09-30,5.9012,ENI.MI,ENI
2009-10-31,5.7581,ENI.MI,ENI
2009-11-30,6.2118,ENI.MI,ENI
2009-12-31,5.9082,ENI.MI,ENI
2010-01-31,5.7826,ENI.MI,ENI
2010-02-28,6.0618,ENI.MI,ENI
2010-03-31,5.8838,ENI.MI,ENI
2010-04-30,5.4807,ENI.MI,ENI
2010-05-31,5.4771,ENI.MI,ENI
2010-06-30,5.6574,ENI.MI,ENI
2010-07-31,5.6502,ENI.MI,ENI
2010-08-31,5.8912,ENI.MI,ENI
2010-09-30,6.1628,ENI.MI,ENI
2010-10-31,5.9001,ENI.MI,ENI
2010-11-30,6.2199,ENI.MI,ENI
2010-12-31,6.5853,ENI.MI,ENI
2011-01-31,6.7261,ENI.MI,ENI
2011-02-28,6.5967,ENI.MI,ENI
2011-03-31,6.8708,ENI.MI,ENI
2011-04-30,6.5333,ENI.MI,ENI
2011-05-31,6.396,ENI.MI,ENI
2011-06-30,5.9529,ENI.MI,ENI
2011-07-31,5.4901,ENI.MI,ENI
2011-08-31,5.3908,ENI.MI,ENI
2011-09-30,6.5204,ENI.MI,ENI
2011-10-31,6.394,ENI.MI,ENI
2011-11-30,6.5285,ENI.MI,ENI
2011-12-31,6.8915,ENI.MI,ENI
2012-01-31,7.0587,ENI.MI,ENI
2012-02-29,7.1728,ENI.MI,ENI
2012-03-31,6.8385,ENI.MI,ENI
2012-04-30,6.576,ENI.MI,ENI
2012-05-31,7.0734,ENI.MI,ENI
2012-06-30,7.0987,ENI.MI,ENI
2012-07-31,7.4275,ENI.MI,ENI
2012-08-31,7.3896,ENI.MI,ENI
2012-09-30,7.6892,ENI.MI,ENI
2012-10-31,7.8932,ENI.MI,ENI
2012-11-30,7.9627,ENI.MI,ENI
2012-12-31,8.0278,ENI.MI,ENI
2013-01-31,7.5806,ENI.MI,ENI
2013-02-28,7.611,ENI.MI,ENI
2013-03-31,7.8846,ENI.MI,ENI
2013-04-30,7.8205,ENI.MI,ENI
2013-05-31,7.0519,ENI.MI,ENI
2013-06-30,7.4228,ENI.MI,ENI
2013-07-31,7.7222,ENI.MI,ENI
2013-08-31,7.8142,ENI.MI,ENI
2013-09-30,8.5979,ENI.MI,ENI
2013-10-31,8.1645,ENI.MI,ENI
2013-11-30,8.0631,ENI.MI,ENI
2013-12-31,7.768,ENI.MI,ENI
2014-01-31,8.0585,ENI.MI,ENI
2014-02-28,8.395,ENI.MI,ENI
2014-03-31,8.6255,ENI.MI,ENI
2014-04-30,8.8786,ENI.MI,ENI
2014-05-31,9.4914,ENI.MI,ENI
2014-06-30,9.0543,ENI.MI,ENI
2014-07-31,9.0163,ENI.MI,ENI
2014-08-31,9.2363,ENI.MI,ENI
2014-09-30,8.321,ENI.MI,ENI
2014-10-31,7.8658,ENI.MI,ENI
2014-11-30,7.1022,ENI.MI,ENI
2014-12-31,7.2931,ENI.MI,ENI
2015-01-31,8.1644,ENI.MI,ENI
2015-02-28,7.8952,ENI.MI,ENI
2015-03-31,8.4091,ENI.MI,ENI
2015-04-30,8.2965,ENI.MI,ENI
2015-05-31,8.0586,ENI.MI,ENI
2015-06-30,8.0789,ENI.MI,ENI
2015-07-31,7.4056,ENI.MI,ENI
2015-08-31,7.3136,ENI.MI,ENI
2015-09-30,7.7353,ENI.MI,ENI
2015-10-31,8.0268,ENI.MI,ENI
2015-11-30,7.1835,ENI.MI,ENI
2015-12-31,6.9128,ENI.MI,ENI
2016-01-31,6.741,ENI.MI,ENI
2016-02-29,6.9232,ENI.MI,ENI
2016-03-31,7.3917,ENI.MI,ENI
2016-04-30,7.367,ENI.MI,ENI
2016-05-31,7.7909,ENI.MI,ENI
2016-06-30,7.3401,ENI.MI,ENI
2016-07-31,7.265,ENI.MI,ENI
2016-08-31,7.0987,ENI.MI,ENI
2016-09-30,7.3146,ENI.MI,ENI
2016-10-31,7.2758,ENI.MI,ENI
2016-11-30,8.566,ENI.MI,ENI
2016-12-31,7.8683,ENI.MI,ENI
2017-01-31,8.04,ENI.MI,ENI
2017-02-28,8.4996,ENI.MI,ENI
2017-03-31,8.1254,ENI.MI,ENI
2017-04-30,8.0229,ENI.MI,ENI
2017-05-31,7.4933,ENI.MI,ENI
2017-06-30,7.6129,ENI.MI,ENI
2017-07-31,7.499,ENI.MI,ENI
2017-08-31,8.2094,ENI.MI,ENI
2017-09-30,8.2329,ENI.MI,ENI
2017-10-31,8.098,ENI.MI,ENI
2017-11-30,8.0921,ENI.MI,ENI
2017-12-31,8.4944,ENI.MI,ENI
2018-01-31,8.0417,ENI.MI,ENI
2018-02-28,8.3783,ENI.MI,ENI
2018-03-31,9.4995,ENI.MI,ENI
2018-04-30,9.3081,ENI.MI,ENI
2018-05-31,9.5581,ENI.MI,ENI
2018-06-30,9.8934,ENI.MI,ENI
2018-07-31,9.6025,ENI.MI,ENI
2018-08-31,10.0426,ENI.MI,ENI
2018-09-30,9.6873,ENI.MI,ENI
2018-10-31,8.7868,ENI.MI,ENI
2018-11-30,8.4797,ENI.MI,ENI
2018-12-31,9.1322,ENI.MI,ENI
2019-01-31,9.3543,ENI.MI,ENI
2019-02-28,9.7169,ENI.MI,ENI
2019-03-31,9.3863,ENI.MI,ENI
2019-04-30,8.614,ENI.MI,ENI
2019-05-31,9.2648,ENI.MI,ENI
2019-06-30,9.0098,ENI.MI,ENI
2019-07-31,8.6775,ENI.MI,ENI
2019-08-31,9.1731,ENI.MI,ENI
2019-09-30,8.8698,ENI.MI,ENI
2019-10-31,8.9639,ENI.MI,ENI
2019-11-30,9.0502,ENI.MI,ENI
2019-12-31,8.2737,ENI.MI,ENI
2020-01-31,7.2932,ENI.MI,ENI
2020-02-29,6.0265,ENI.MI,ENI
2020-03-31,5.6957,ENI.MI,ENI
2020-04-30,5.5917,ENI.MI,ENI
2020-05-31,5.8443,ENI.MI,ENI
2020-06-30,5.191,ENI.MI,ENI
2020-07-31,5.3693,ENI.MI,ENI
2020-08-31,4.6799,ENI.MI,ENI
2020-09-30,4.2061,ENI.MI,ENI
2020-10-31,5.8099,ENI.MI,ENI
2020-11-30,5.9814,ENI.MI,ENI
2020-12-31,5.8442,ENI.MI,ENI
2021-01-31,6.6349,ENI.MI,ENI
2021-02-28,7.3431,ENI.MI,ENI
2021-03-31,6.9484,ENI.MI,ENI
2021-04-30,7.2047,ENI.MI,ENI
2021-05-31,7.358,ENI.MI,ENI
2021-06-30,7.1818,ENI.MI,ENI
2021-07-31,7.4899,ENI.MI,ENI
2021-08-31,8.6106,ENI.MI,ENI
2021-09-30,9.2505,ENI.MI,ENI
2021-10-31,8.6822,ENI.MI,ENI
2021-11-30,9.1133,ENI.MI,ENI
2021-12-31,9.9247,ENI.MI,ENI
2022-01-31,10.3154,ENI.MI,ENI
2022-02-28,9.9142,ENI.MI,ENI
2022-03-31,9.9858,ENI.MI,ENI
2022-04-30,10.9266,ENI.MI,ENI
2022-05-31,8.7179,ENI.MI,ENI
2022-06-30,9.0165,ENI.MI,ENI
2022-07-31,9.0873,ENI.MI,ENI
2022-08-31,8.5608,ENI.MI,ENI
2022-09-30,10.4001,ENI.MI,ENI
2022-10-31,11.4167,ENI.MI,ENI
2022-11-30,10.5894,ENI.MI,ENI
2022-12-31,11.2669,ENI.MI,ENI
2023-01-31,10.6532,ENI.MI,ENI
2023-02-28,10.476,ENI.MI,ENI
2023-03-31,11.1579,ENI.MI,ENI
2023-04-30,10.2739,ENI.MI,ENI
2023-05-31,10.878,ENI.MI,ENI
2023-06-30,11.4573,ENI.MI,ENI
2023-07-31,11.7874,ENI.MI,ENI
2023-08-31,12.7896,ENI.MI,ENI
2023-09-30,12.9338,ENI.MI,ENI
2023-10-31,12.9137,ENI.MI,ENI
2023-11-30,13.067,ENI.MI,ENI
2023-12-31,12.6123,ENI.MI,ENI
2024-01-31,12.1304,ENI.MI,ENI
2024-02-29,12.6808,ENI.MI,ENI
2024-03-31,13.1033,ENI.MI,ENI
2024-04-30,12.7469,ENI.MI,ENI
2024-05-31,12.6221,ENI.MI,ENI
2024-06-30,13.0125,ENI.MI,ENI
2024-07-31,12.9035,ENI.MI,ENI
2024-08-31,12.2455,ENI.MI,ENI
2024-09-30,12.5409,ENI.MI,ENI
2024-10-31,12.2151,ENI.MI,ENI
2024-11-30,11.9272,ENI.MI,ENI
2024-12-31,12.483,ENI.MI,ENI
2025-01-31,12.6233,ENI.MI,ENI
2025-02-28,13.2585,ENI.MI,ENI
2025-03-31,11.7766,ENI.MI,ENI
2025-04-30,12.2577,ENI.MI,ENI
2025-05-31,13.0023,ENI.MI,ENI
2025-06-30,14.089,ENI.MI,ENI
2025-07-31,14.4027,ENI.MI,ENI
2025-08-31,14.2988,ENI.MI,ENI
2025-09-30,15.3357,ENI.MI,ENI
2025-10-31,15.7713,ENI.MI,ENI
2025-11-30,15.7791,ENI.MI,ENI
2025-12-31,16.8408,ENI.MI,ENI
2026-01-31,19.2165,ENI.MI,ENI
2026-02-28,24.5647,ENI.MI,ENI
2026-03-31,23.7245,ENI.MI,ENI
2026-04-30,22.53,ENI.MI,ENI
2026-05-31,20.62,ENI.MI,ENI
2026-06-30,,ENI.MI,ENI
1995-02-28,6.3124,WKL.AS,WOLTERS KLUWER
1995-03-31,6.6438,WKL.AS,WOLTERS KLUWER
1995-04-30,6.97,WKL.AS,WOLTERS KLUWER
1995-05-31,7.1909,WKL.AS,WOLTERS KLUWER
1995-06-30,7.3908,WKL.AS,WOLTERS KLUWER
1995-07-31,7.6275,WKL.AS,WOLTERS KLUWER
1995-08-31,7.7275,WKL.AS,WOLTERS KLUWER
1995-09-30,7.5539,WKL.AS,WOLTERS KLUWER
1995-10-31,7.1857,WKL.AS,WOLTERS KLUWER
1995-11-30,7.9853,WKL.AS,WOLTERS KLUWER
1995-12-31,8.6007,WKL.AS,WOLTERS KLUWER
1996-01-31,9.3109,WKL.AS,WOLTERS KLUWER
1996-02-29,9.5634,WKL.AS,WOLTERS KLUWER
1996-03-31,9.8527,WKL.AS,WOLTERS KLUWER
1996-04-30,10.0421,WKL.AS,WOLTERS KLUWER
1996-05-31,10.1999,WKL.AS,WOLTERS KLUWER
1996-06-30,10.1104,WKL.AS,WOLTERS KLUWER
1996-07-31,10.9679,WKL.AS,WOLTERS KLUWER
1996-08-31,11.3256,WKL.AS,WOLTERS KLUWER
1996-09-30,11.4729,WKL.AS,WOLTERS KLUWER
1996-10-31,11.8622,WKL.AS,WOLTERS KLUWER
1996-11-30,12.0725,WKL.AS,WOLTERS KLUWER
1996-12-31,11.941,WKL.AS,WOLTERS KLUWER
1997-01-31,12.8143,WKL.AS,WOLTERS KLUWER
1997-02-28,11.8832,WKL.AS,WOLTERS KLUWER
1997-03-31,12.1462,WKL.AS,WOLTERS KLUWER
1997-04-30,12.1567,WKL.AS,WOLTERS KLUWER
1997-05-31,12.5723,WKL.AS,WOLTERS KLUWER
1997-06-30,14.3503,WKL.AS,WOLTERS KLUWER
1997-07-31,12.6565,WKL.AS,WOLTERS KLUWER
1997-08-31,14.1189,WKL.AS,WOLTERS KLUWER
1997-09-30,12.5407,WKL.AS,WOLTERS KLUWER
1997-10-31,13.84,WKL.AS,WOLTERS KLUWER
1997-11-30,13.7769,WKL.AS,WOLTERS KLUWER
1997-12-31,14.6765,WKL.AS,WOLTERS KLUWER
1998-01-31,16.6281,WKL.AS,WOLTERS KLUWER
1998-02-28,15.7022,WKL.AS,WOLTERS KLUWER
1998-03-31,13.8926,WKL.AS,WOLTERS KLUWER
1998-04-30,14.8605,WKL.AS,WOLTERS KLUWER
1998-05-31,14.687,WKL.AS,WOLTERS KLUWER
1998-06-30,15.8337,WKL.AS,WOLTERS KLUWER
1998-07-31,17.2856,WKL.AS,WOLTERS KLUWER
1998-08-31,19.0268,WKL.AS,WOLTERS KLUWER
1998-09-30,19.0425,WKL.AS,WOLTERS KLUWER
1998-10-31,19.1741,WKL.AS,WOLTERS KLUWER
1998-11-30,21.1362,WKL.AS,WOLTERS KLUWER
1998-12-31,20.1649,WKL.AS,WOLTERS KLUWER
1999-01-31,20.3446,WKL.AS,WOLTERS KLUWER
1999-02-28,19.4751,WKL.AS,WOLTERS KLUWER
1999-03-31,19.1042,WKL.AS,WOLTERS KLUWER
1999-04-30,18.4086,WKL.AS,WOLTERS KLUWER
1999-05-31,17.8986,WKL.AS,WOLTERS KLUWER
1999-06-30,15.8119,WKL.AS,WOLTERS KLUWER
1999-07-31,16.322,WKL.AS,WOLTERS KLUWER
1999-08-31,14.9309,WKL.AS,WOLTERS KLUWER
1999-09-30,14.7315,WKL.AS,WOLTERS KLUWER
1999-10-31,13.8876,WKL.AS,WOLTERS KLUWER
1999-11-30,15.5801,WKL.AS,WOLTERS KLUWER
1999-12-31,17.1381,WKL.AS,WOLTERS KLUWER
2000-01-31,17.1613,WKL.AS,WOLTERS KLUWER
2000-02-29,11.1286,WKL.AS,WOLTERS KLUWER
2000-03-31,12.2573,WKL.AS,WOLTERS KLUWER
2000-04-30,12.3753,WKL.AS,WOLTERS KLUWER
2000-05-31,13.178,WKL.AS,WOLTERS KLUWER
2000-06-30,12.5595,WKL.AS,WOLTERS KLUWER
2000-07-31,10.7653,WKL.AS,WOLTERS KLUWER
2000-08-31,10.8597,WKL.AS,WOLTERS KLUWER
2000-09-30,12.5217,WKL.AS,WOLTERS KLUWER
2000-10-31,13.2961,WKL.AS,WOLTERS KLUWER
2000-11-30,13.7116,WKL.AS,WOLTERS KLUWER
2000-12-31,12.2856,WKL.AS,WOLTERS KLUWER
2001-01-31,12.3187,WKL.AS,WOLTERS KLUWER
2001-02-28,13.4519,WKL.AS,WOLTERS KLUWER
2001-03-31,14.722,WKL.AS,WOLTERS KLUWER
2001-04-30,14.5779,WKL.AS,WOLTERS KLUWER
2001-05-31,15.2453,WKL.AS,WOLTERS KLUWER
2001-06-30,14.5442,WKL.AS,WOLTERS KLUWER
2001-07-31,11.2839,WKL.AS,WOLTERS KLUWER
2001-08-31,11.6873,WKL.AS,WOLTERS KLUWER
2001-09-30,11.1975,WKL.AS,WOLTERS KLUWER
2001-10-31,11.62,WKL.AS,WOLTERS KLUWER
2001-11-30,12.2923,WKL.AS,WOLTERS KLUWER
2001-12-31,11.6056,WKL.AS,WOLTERS KLUWER
2002-01-31,11.9561,WKL.AS,WOLTERS KLUWER
2002-02-28,11.524,WKL.AS,WOLTERS KLUWER
2002-03-31,11.0577,WKL.AS,WOLTERS KLUWER
2002-04-30,10.9004,WKL.AS,WOLTERS KLUWER
2002-05-31,9.4457,WKL.AS,WOLTERS KLUWER
2002-06-30,7.6617,WKL.AS,WOLTERS KLUWER
2002-07-31,8.9641,WKL.AS,WOLTERS KLUWER
2002-08-31,8.9936,WKL.AS,WOLTERS KLUWER
2002-09-30,8.7036,WKL.AS,WOLTERS KLUWER
2002-10-31,8.797,WKL.AS,WOLTERS KLUWER
2002-11-30,8.1581,WKL.AS,WOLTERS KLUWER
2002-12-31,6.8066,WKL.AS,WOLTERS KLUWER
2003-01-31,6.3053,WKL.AS,WOLTERS KLUWER
2003-02-28,5.062,WKL.AS,WOLTERS KLUWER
2003-03-31,5.997,WKL.AS,WOLTERS KLUWER
2003-04-30,5.5294,WKL.AS,WOLTERS KLUWER
2003-05-31,5.3958,WKL.AS,WOLTERS KLUWER
2003-06-30,6.6034,WKL.AS,WOLTERS KLUWER
2003-07-31,7.2817,WKL.AS,WOLTERS KLUWER
2003-08-31,6.331,WKL.AS,WOLTERS KLUWER
2003-09-30,6.2128,WKL.AS,WOLTERS KLUWER
2003-10-31,6.5006,WKL.AS,WOLTERS KLUWER
2003-11-30,6.3722,WKL.AS,WOLTERS KLUWER
2003-12-31,7.071,WKL.AS,WOLTERS KLUWER
2004-01-31,7.3845,WKL.AS,WOLTERS KLUWER
2004-02-29,7.1481,WKL.AS,WOLTERS KLUWER
2004-03-31,7.5078,WKL.AS,WOLTERS KLUWER
2004-04-30,7.449,WKL.AS,WOLTERS KLUWER
2004-05-31,7.9727,WKL.AS,WOLTERS KLUWER
2004-06-30,7.4704,WKL.AS,WOLTERS KLUWER
2004-07-31,7.2139,WKL.AS,WOLTERS KLUWER
2004-08-31,7.2406,WKL.AS,WOLTERS KLUWER
2004-09-30,7.6361,WKL.AS,WOLTERS KLUWER
2004-10-31,7.7162,WKL.AS,WOLTERS KLUWER
2004-11-30,7.8926,WKL.AS,WOLTERS KLUWER
2004-12-31,7.3903,WKL.AS,WOLTERS KLUWER
2005-01-31,7.8017,WKL.AS,WOLTERS KLUWER
2005-02-28,7.5292,WKL.AS,WOLTERS KLUWER
2005-03-31,7.636,WKL.AS,WOLTERS KLUWER
2005-04-30,7.9192,WKL.AS,WOLTERS KLUWER
2005-05-31,8.7855,WKL.AS,WOLTERS KLUWER
2005-06-30,8.9077,WKL.AS,WOLTERS KLUWER
2005-07-31,8.4412,WKL.AS,WOLTERS KLUWER
2005-08-31,8.5967,WKL.AS,WOLTERS KLUWER
2005-09-30,8.5911,WKL.AS,WOLTERS KLUWER
2005-10-31,9.4186,WKL.AS,WOLTERS KLUWER
2005-11-30,9.4852,WKL.AS,WOLTERS KLUWER
2005-12-31,10.1183,WKL.AS,WOLTERS KLUWER
2006-01-31,10.2294,WKL.AS,WOLTERS KLUWER
2006-02-28,11.4289,WKL.AS,WOLTERS KLUWER
2006-03-31,11.779,WKL.AS,WOLTERS KLUWER
2006-04-30,10.507,WKL.AS,WOLTERS KLUWER
2006-05-31,10.5355,WKL.AS,WOLTERS KLUWER
2006-06-30,10.5184,WKL.AS,WOLTERS KLUWER
2006-07-31,11.2599,WKL.AS,WOLTERS KLUWER
2006-08-31,11.7334,WKL.AS,WOLTERS KLUWER
2006-09-30,12.2866,WKL.AS,WOLTERS KLUWER
2006-10-31,12.0642,WKL.AS,WOLTERS KLUWER
2006-11-30,12.4292,WKL.AS,WOLTERS KLUWER
2006-12-31,13.1252,WKL.AS,WOLTERS KLUWER
2007-01-31,13.0453,WKL.AS,WOLTERS KLUWER
2007-02-28,12.8114,WKL.AS,WOLTERS KLUWER
2007-03-31,12.7647,WKL.AS,WOLTERS KLUWER
2007-04-30,13.5618,WKL.AS,WOLTERS KLUWER
2007-05-31,13.2746,WKL.AS,WOLTERS KLUWER
2007-06-30,12.6592,WKL.AS,WOLTERS KLUWER
2007-07-31,12.5303,WKL.AS,WOLTERS KLUWER
2007-08-31,12.2021,WKL.AS,WOLTERS KLUWER
2007-09-30,12.6768,WKL.AS,WOLTERS KLUWER
2007-10-31,12.4424,WKL.AS,WOLTERS KLUWER
2007-11-30,13.175,WKL.AS,WOLTERS KLUWER
2007-12-31,11.2175,WKL.AS,WOLTERS KLUWER
2008-01-31,10.0688,WKL.AS,WOLTERS KLUWER
2008-02-29,9.8285,WKL.AS,WOLTERS KLUWER
2008-03-31,10.4886,WKL.AS,WOLTERS KLUWER
2008-04-30,11.0112,WKL.AS,WOLTERS KLUWER
2008-05-31,9.018,WKL.AS,WOLTERS KLUWER
2008-06-30,9.1091,WKL.AS,WOLTERS KLUWER
2008-07-31,10.1179,WKL.AS,WOLTERS KLUWER
2008-08-31,8.6503,WKL.AS,WOLTERS KLUWER
2008-09-30,8.3982,WKL.AS,WOLTERS KLUWER
2008-10-31,8.067,WKL.AS,WOLTERS KLUWER
2008-11-30,8.228,WKL.AS,WOLTERS KLUWER
2008-12-31,8.5683,WKL.AS,WOLTERS KLUWER
2009-01-31,7.6507,WKL.AS,WOLTERS KLUWER
2009-02-28,7.4198,WKL.AS,WOLTERS KLUWER
2009-03-31,8.0117,WKL.AS,WOLTERS KLUWER
2009-04-30,8.5748,WKL.AS,WOLTERS KLUWER
2009-05-31,7.9669,WKL.AS,WOLTERS KLUWER
2009-06-30,8.8308,WKL.AS,WOLTERS KLUWER
2009-07-31,8.8372,WKL.AS,WOLTERS KLUWER
2009-08-31,9.3395,WKL.AS,WOLTERS KLUWER
2009-09-30,9.7235,WKL.AS,WOLTERS KLUWER
2009-10-31,9.2787,WKL.AS,WOLTERS KLUWER
2009-11-30,9.7907,WKL.AS,WOLTERS KLUWER
2009-12-31,9.6883,WKL.AS,WOLTERS KLUWER
2010-01-31,9.4739,WKL.AS,WOLTERS KLUWER
2010-02-28,10.2738,WKL.AS,WOLTERS KLUWER
2010-03-31,10.2773,WKL.AS,WOLTERS KLUWER
2010-04-30,10.0174,WKL.AS,WOLTERS KLUWER
2010-05-31,10.5139,WKL.AS,WOLTERS KLUWER
2010-06-30,10.3173,WKL.AS,WOLTERS KLUWER
2010-07-31,9.8174,WKL.AS,WOLTERS KLUWER
2010-08-31,10.264,WKL.AS,WOLTERS KLUWER
2010-09-30,10.8938,WKL.AS,WOLTERS KLUWER
2010-10-31,10.1773,WKL.AS,WOLTERS KLUWER
2010-11-30,10.9305,WKL.AS,WOLTERS KLUWER
2010-12-31,11.1571,WKL.AS,WOLTERS KLUWER
2011-01-31,11.4103,WKL.AS,WOLTERS KLUWER
2011-02-28,10.9971,WKL.AS,WOLTERS KLUWER
2011-03-31,10.9292,WKL.AS,WOLTERS KLUWER
2011-04-30,10.9118,WKL.AS,WOLTERS KLUWER
2011-05-31,10.6165,WKL.AS,WOLTERS KLUWER
2011-06-30,10.0538,WKL.AS,WOLTERS KLUWER
2011-07-31,9.154,WKL.AS,WOLTERS KLUWER
2011-08-31,8.4939,WKL.AS,WOLTERS KLUWER
2011-09-30,8.8969,WKL.AS,WOLTERS KLUWER
2011-10-31,8.9629,WKL.AS,WOLTERS KLUWER
2011-11-30,9.279,WKL.AS,WOLTERS KLUWER
2011-12-31,9.6299,WKL.AS,WOLTERS KLUWER
2012-01-31,9.7098,WKL.AS,WOLTERS KLUWER
2012-02-29,9.8662,WKL.AS,WOLTERS KLUWER
2012-03-31,9.5457,WKL.AS,WOLTERS KLUWER
2012-04-30,8.5977,WKL.AS,WOLTERS KLUWER
2012-05-31,9.1723,WKL.AS,WOLTERS KLUWER
2012-06-30,9.8934,WKL.AS,WOLTERS KLUWER
2012-07-31,10.468,WKL.AS,WOLTERS KLUWER
2012-08-31,10.7096,WKL.AS,WOLTERS KLUWER
2012-09-30,10.9292,WKL.AS,WOLTERS KLUWER
2012-10-31,10.8194,WKL.AS,WOLTERS KLUWER
2012-11-30,11.3282,WKL.AS,WOLTERS KLUWER
2012-12-31,10.9292,WKL.AS,WOLTERS KLUWER
2013-01-31,11.1708,WKL.AS,WOLTERS KLUWER
2013-02-28,12.4701,WKL.AS,WOLTERS KLUWER
2013-03-31,12.8002,WKL.AS,WOLTERS KLUWER
2013-04-30,12.8612,WKL.AS,WOLTERS KLUWER
2013-05-31,12.385,WKL.AS,WOLTERS KLUWER
2013-06-30,13.825,WKL.AS,WOLTERS KLUWER
2013-07-31,13.6155,WKL.AS,WOLTERS KLUWER
2013-08-31,14.5184,WKL.AS,WOLTERS KLUWER
2013-09-30,15.2231,WKL.AS,WOLTERS KLUWER
2013-10-31,15.8098,WKL.AS,WOLTERS KLUWER
2013-11-30,15.806,WKL.AS,WOLTERS KLUWER
2013-12-31,15.6041,WKL.AS,WOLTERS KLUWER
2014-01-31,15.947,WKL.AS,WOLTERS KLUWER
2014-02-28,15.6041,WKL.AS,WOLTERS KLUWER
2014-03-31,15.8236,WKL.AS,WOLTERS KLUWER
2014-04-30,17.3137,WKL.AS,WOLTERS KLUWER
2014-05-31,17.0456,WKL.AS,WOLTERS KLUWER
2014-06-30,16.3164,WKL.AS,WOLTERS KLUWER
2014-07-31,16.6199,WKL.AS,WOLTERS KLUWER
2014-08-31,16.6514,WKL.AS,WOLTERS KLUWER
2014-09-30,16.7855,WKL.AS,WOLTERS KLUWER
2014-10-31,18.5791,WKL.AS,WOLTERS KLUWER
2014-11-30,19.9864,WKL.AS,WOLTERS KLUWER
2014-12-31,20.9286,WKL.AS,WOLTERS KLUWER
2015-01-31,22.8524,WKL.AS,WOLTERS KLUWER
2015-02-28,23.968,WKL.AS,WOLTERS KLUWER
2015-03-31,23.3386,WKL.AS,WOLTERS KLUWER
2015-04-30,22.8665,WKL.AS,WOLTERS KLUWER
2015-05-31,21.5026,WKL.AS,WOLTERS KLUWER
2015-06-30,24.3554,WKL.AS,WOLTERS KLUWER
2015-07-31,22.7979,WKL.AS,WOLTERS KLUWER
2015-08-31,22.3437,WKL.AS,WOLTERS KLUWER
2015-09-30,25.0118,WKL.AS,WOLTERS KLUWER
2015-10-31,26.5631,WKL.AS,WOLTERS KLUWER
2015-11-30,25.4707,WKL.AS,WOLTERS KLUWER
2015-12-31,25.4545,WKL.AS,WOLTERS KLUWER
2016-01-31,28.2606,WKL.AS,WOLTERS KLUWER
2016-02-29,28.4921,WKL.AS,WOLTERS KLUWER
2016-03-31,27.4504,WKL.AS,WOLTERS KLUWER
2016-04-30,29.5896,WKL.AS,WOLTERS KLUWER
2016-05-31,30.1967,WKL.AS,WOLTERS KLUWER
2016-06-30,31.0763,WKL.AS,WOLTERS KLUWER
2016-07-31,31.2334,WKL.AS,WOLTERS KLUWER
2016-08-31,31.6236,WKL.AS,WOLTERS KLUWER
2016-09-30,29.266,WKL.AS,WOLTERS KLUWER
2016-10-31,28.2408,WKL.AS,WOLTERS KLUWER
2016-11-30,28.5729,WKL.AS,WOLTERS KLUWER
2016-12-31,29.3491,WKL.AS,WOLTERS KLUWER
2017-01-31,32.0968,WKL.AS,WOLTERS KLUWER
2017-02-28,32.3458,WKL.AS,WOLTERS KLUWER
2017-03-31,32.8731,WKL.AS,WOLTERS KLUWER
2017-04-30,32.9237,WKL.AS,WOLTERS KLUWER
2017-05-31,31.2501,WKL.AS,WOLTERS KLUWER
2017-06-30,31.7139,WKL.AS,WOLTERS KLUWER
2017-07-31,31.1082,WKL.AS,WOLTERS KLUWER
2017-08-31,33.1428,WKL.AS,WOLTERS KLUWER
2017-09-30,35.6734,WKL.AS,WOLTERS KLUWER
2017-10-31,36.8984,WKL.AS,WOLTERS KLUWER
2017-11-30,36.8602,WKL.AS,WOLTERS KLUWER
2017-12-31,36.1397,WKL.AS,WOLTERS KLUWER
2018-01-31,35.3343,WKL.AS,WOLTERS KLUWER
2018-02-28,36.6144,WKL.AS,WOLTERS KLUWER
2018-03-31,38.5684,WKL.AS,WOLTERS KLUWER
2018-04-30,41.3301,WKL.AS,WOLTERS KLUWER
2018-05-31,41.5194,WKL.AS,WOLTERS KLUWER
2018-06-30,44.3584,WKL.AS,WOLTERS KLUWER
2018-07-31,47.2838,WKL.AS,WOLTERS KLUWER
2018-08-31,46.47,WKL.AS,WOLTERS KLUWER
2018-09-30,43.4228,WKL.AS,WOLTERS KLUWER
2018-10-31,46.1584,WKL.AS,WOLTERS KLUWER
2018-11-30,44.7213,WKL.AS,WOLTERS KLUWER
2018-12-31,47.0933,WKL.AS,WOLTERS KLUWER
2019-01-31,50.1925,WKL.AS,WOLTERS KLUWER
2019-02-28,52.5471,WKL.AS,WOLTERS KLUWER
2019-03-31,54.3808,WKL.AS,WOLTERS KLUWER
2019-04-30,54.6956,WKL.AS,WOLTERS KLUWER
2019-05-31,55.99,WKL.AS,WOLTERS KLUWER
2019-06-30,57.3368,WKL.AS,WOLTERS KLUWER
2019-07-31,57.652,WKL.AS,WOLTERS KLUWER
2019-08-31,58.9367,WKL.AS,WOLTERS KLUWER
2019-09-30,58.0919,WKL.AS,WOLTERS KLUWER
2019-10-31,57.3352,WKL.AS,WOLTERS KLUWER
2019-11-30,57.212,WKL.AS,WOLTERS KLUWER
2019-12-31,59.7638,WKL.AS,WOLTERS KLUWER
2020-01-31,58.3559,WKL.AS,WOLTERS KLUWER
2020-02-29,56.4729,WKL.AS,WOLTERS KLUWER
2020-03-31,59.7567,WKL.AS,WOLTERS KLUWER
2020-04-30,63.8165,WKL.AS,WOLTERS KLUWER
2020-05-31,61.8935,WKL.AS,WOLTERS KLUWER
2020-06-30,59.5253,WKL.AS,WOLTERS KLUWER
2020-07-31,61.2524,WKL.AS,WOLTERS KLUWER
2020-08-31,65.2953,WKL.AS,WOLTERS KLUWER
2020-09-30,62.373,WKL.AS,WOLTERS KLUWER
2020-10-31,63.0184,WKL.AS,WOLTERS KLUWER
2020-11-30,61.9068,WKL.AS,WOLTERS KLUWER
2020-12-31,61.351,WKL.AS,WOLTERS KLUWER
2021-01-31,58.8769,WKL.AS,WOLTERS KLUWER
2021-02-28,66.4427,WKL.AS,WOLTERS KLUWER
2021-03-31,68.2527,WKL.AS,WOLTERS KLUWER
2021-04-30,71.1366,WKL.AS,WOLTERS KLUWER
2021-05-31,76.8319,WKL.AS,WOLTERS KLUWER
2021-06-30,87.1342,WKL.AS,WOLTERS KLUWER
2021-07-31,88.8367,WKL.AS,WOLTERS KLUWER
2021-08-31,83.5112,WKL.AS,WOLTERS KLUWER
2021-09-30,82.654,WKL.AS,WOLTERS KLUWER
2021-10-31,90.5145,WKL.AS,WOLTERS KLUWER
2021-11-30,94.4722,WKL.AS,WOLTERS KLUWER
2021-12-31,82.2893,WKL.AS,WOLTERS KLUWER
2022-01-31,82.8182,WKL.AS,WOLTERS KLUWER
2022-02-28,88.0707,WKL.AS,WOLTERS KLUWER
2022-03-31,89.022,WKL.AS,WOLTERS KLUWER
2022-04-30,84.9295,WKL.AS,WOLTERS KLUWER
2022-05-31,85.3166,WKL.AS,WOLTERS KLUWER
2022-06-30,97.7049,WKL.AS,WOLTERS KLUWER
2022-07-31,90.3634,WKL.AS,WOLTERS KLUWER
2022-08-31,92.6633,WKL.AS,WOLTERS KLUWER
2022-09-30,99.7392,WKL.AS,WOLTERS KLUWER
2022-10-31,97.5599,WKL.AS,WOLTERS KLUWER
2022-11-30,90.6602,WKL.AS,WOLTERS KLUWER
2022-12-31,92.8766,WKL.AS,WOLTERS KLUWER
2023-01-31,101.5012,WKL.AS,WOLTERS KLUWER
2023-02-28,107.9001,WKL.AS,WOLTERS KLUWER
2023-03-31,111.4241,WKL.AS,WOLTERS KLUWER
2023-04-30,100.1094,WKL.AS,WOLTERS KLUWER
2023-05-31,109.0142,WKL.AS,WOLTERS KLUWER
2023-06-30,107.0458,WKL.AS,WOLTERS KLUWER
2023-07-31,104.917,WKL.AS,WOLTERS KLUWER
2023-08-31,108.1721,WKL.AS,WOLTERS KLUWER
2023-09-30,114.2577,WKL.AS,WOLTERS KLUWER
2023-10-31,119.1638,WKL.AS,WOLTERS KLUWER
2023-11-30,121.4282,WKL.AS,WOLTERS KLUWER
2023-12-31,128.7875,WKL.AS,WOLTERS KLUWER
2024-01-31,137.6092,WKL.AS,WOLTERS KLUWER
2024-02-29,136.996,WKL.AS,WOLTERS KLUWER
2024-03-31,132.7974,WKL.AS,WOLTERS KLUWER
2024-04-30,139.0742,WKL.AS,WOLTERS KLUWER
2024-05-31,147.4063,WKL.AS,WOLTERS KLUWER
2024-06-30,147.6919,WKL.AS,WOLTERS KLUWER
2024-07-31,147.5981,WKL.AS,WOLTERS KLUWER
2024-08-31,144.8692,WKL.AS,WOLTERS KLUWER
2024-09-30,148.1247,WKL.AS,WOLTERS KLUWER
2024-10-31,151.2366,WKL.AS,WOLTERS KLUWER
2024-11-30,153.5824,WKL.AS,WOLTERS KLUWER
2024-12-31,168.28,WKL.AS,WOLTERS KLUWER
2025-01-31,141.3265,WKL.AS,WOLTERS KLUWER
2025-02-28,137.4486,WKL.AS,WOLTERS KLUWER
2025-03-31,148.8428,WKL.AS,WOLTERS KLUWER
2025-04-30,151.069,WKL.AS,WOLTERS KLUWER
2025-05-31,137.1992,WKL.AS,WOLTERS KLUWER
2025-06-30,132.1249,WKL.AS,WOLTERS KLUWER
2025-07-31,104.8627,WKL.AS,WOLTERS KLUWER
2025-08-31,113.1951,WKL.AS,WOLTERS KLUWER
2025-09-30,103.547,WKL.AS,WOLTERS KLUWER
2025-10-31,89.2697,WKL.AS,WOLTERS KLUWER
2025-11-30,86.0926,WKL.AS,WOLTERS KLUWER
2025-12-31,76.8733,WKL.AS,WOLTERS KLUWER
2026-01-31,66.3675,WKL.AS,WOLTERS KLUWER
2026-02-28,62.9761,WKL.AS,WOLTERS KLUWER
2026-03-31,64.7303,WKL.AS,WOLTERS KLUWER
2026-04-30,61.02,WKL.AS,WOLTERS KLUWER
2026-05-31,56.44,WKL.AS,WOLTERS KLUWER
2026-06-30,,WKL.AS,WOLTERS KLUWER
2000-10-31,8.7582,DHL.DE,DEUTSCHE POST AG              N
2000-11-30,9.0043,DHL.DE,DEUTSCHE POST AG              N
2000-12-31,9.0903,DHL.DE,DEUTSCHE POST AG              N
2001-01-31,9.141,DHL.DE,DEUTSCHE POST AG              N
2001-02-28,7.5785,DHL.DE,DEUTSCHE POST AG              N
2001-03-31,7.5082,DHL.DE,DEUTSCHE POST AG              N
2001-04-30,7.1058,DHL.DE,DEUTSCHE POST AG              N
2001-05-31,7.4896,DHL.DE,DEUTSCHE POST AG              N
2001-06-30,7.0854,DHL.DE,DEUTSCHE POST AG              N
2001-07-31,6.4633,DHL.DE,DEUTSCHE POST AG              N
2001-08-31,6.5386,DHL.DE,DEUTSCHE POST AG              N
2001-09-30,6.3246,DHL.DE,DEUTSCHE POST AG              N
2001-10-31,6.2493,DHL.DE,DEUTSCHE POST AG              N
2001-11-30,5.9402,DHL.DE,DEUTSCHE POST AG              N
2001-12-31,5.9085,DHL.DE,DEUTSCHE POST AG              N
2002-01-31,5.964,DHL.DE,DEUTSCHE POST AG              N
2002-02-28,6.7922,DHL.DE,DEUTSCHE POST AG              N
2002-03-31,5.9679,DHL.DE,DEUTSCHE POST AG              N
2002-04-30,6.1502,DHL.DE,DEUTSCHE POST AG              N
2002-05-31,5.3148,DHL.DE,DEUTSCHE POST AG              N
2002-06-30,4.1008,DHL.DE,DEUTSCHE POST AG              N
2002-07-31,4.5109,DHL.DE,DEUTSCHE POST AG              N
2002-08-31,3.4999,DHL.DE,DEUTSCHE POST AG              N
2002-09-30,4.1942,DHL.DE,DEUTSCHE POST AG              N
2002-10-31,4.3769,DHL.DE,DEUTSCHE POST AG              N
2002-11-30,4.0602,DHL.DE,DEUTSCHE POST AG              N
2002-12-31,4.0927,DHL.DE,DEUTSCHE POST AG              N
2003-01-31,3.8328,DHL.DE,DEUTSCHE POST AG              N
2003-02-28,3.6907,DHL.DE,DEUTSCHE POST AG              N
2003-03-31,4.3403,DHL.DE,DEUTSCHE POST AG              N
2003-04-30,5.258,DHL.DE,DEUTSCHE POST AG              N
2003-05-31,5.3557,DHL.DE,DEUTSCHE POST AG              N
2003-06-30,5.5985,DHL.DE,DEUTSCHE POST AG              N
2003-07-31,6.1136,DHL.DE,DEUTSCHE POST AG              N
2003-08-31,6.1429,DHL.DE,DEUTSCHE POST AG              N
2003-09-30,6.9301,DHL.DE,DEUTSCHE POST AG              N
2003-10-31,6.5784,DHL.DE,DEUTSCHE POST AG              N
2003-11-30,6.8464,DHL.DE,DEUTSCHE POST AG              N
2003-12-31,7.5038,DHL.DE,DEUTSCHE POST AG              N
2004-01-31,8.0063,DHL.DE,DEUTSCHE POST AG              N
2004-02-29,7.621,DHL.DE,DEUTSCHE POST AG              N
2004-03-31,7.7006,DHL.DE,DEUTSCHE POST AG              N
2004-04-30,7.0581,DHL.DE,DEUTSCHE POST AG              N
2004-05-31,7.6159,DHL.DE,DEUTSCHE POST AG              N
2004-06-30,7.1525,DHL.DE,DEUTSCHE POST AG              N
2004-07-31,7.0152,DHL.DE,DEUTSCHE POST AG              N
2004-08-31,6.7063,DHL.DE,DEUTSCHE POST AG              N
2004-09-30,6.5733,DHL.DE,DEUTSCHE POST AG              N
2004-10-31,6.8093,DHL.DE,DEUTSCHE POST AG              N
2004-11-30,7.2512,DHL.DE,DEUTSCHE POST AG              N
2004-12-31,7.6674,DHL.DE,DEUTSCHE POST AG              N
2005-01-31,7.7875,DHL.DE,DEUTSCHE POST AG              N
2005-02-28,8.0793,DHL.DE,DEUTSCHE POST AG              N
2005-03-31,7.7875,DHL.DE,DEUTSCHE POST AG              N
2005-04-30,8.4021,DHL.DE,DEUTSCHE POST AG              N
2005-05-31,8.5123,DHL.DE,DEUTSCHE POST AG              N
2005-06-30,9.0145,DHL.DE,DEUTSCHE POST AG              N
2005-07-31,9.0057,DHL.DE,DEUTSCHE POST AG              N
2005-08-31,8.5739,DHL.DE,DEUTSCHE POST AG              N
2005-09-30,8.195,DHL.DE,DEUTSCHE POST AG              N
2005-10-31,8.1201,DHL.DE,DEUTSCHE POST AG              N
2005-11-30,9.0233,DHL.DE,DEUTSCHE POST AG              N
2005-12-31,10.2174,DHL.DE,DEUTSCHE POST AG              N
2006-01-31,9.6534,DHL.DE,DEUTSCHE POST AG              N
2006-02-28,9.1159,DHL.DE,DEUTSCHE POST AG              N
2006-03-31,9.3097,DHL.DE,DEUTSCHE POST AG              N
2006-04-30,9.6118,DHL.DE,DEUTSCHE POST AG              N
2006-05-31,9.521,DHL.DE,DEUTSCHE POST AG              N
2006-06-30,8.8033,DHL.DE,DEUTSCHE POST AG              N
2006-07-31,8.9895,DHL.DE,DEUTSCHE POST AG              N
2006-08-31,9.4029,DHL.DE,DEUTSCHE POST AG              N
2006-09-30,9.8571,DHL.DE,DEUTSCHE POST AG              N
2006-10-31,10.2205,DHL.DE,DEUTSCHE POST AG              N
2006-11-30,10.375,DHL.DE,DEUTSCHE POST AG              N
2006-12-31,10.7202,DHL.DE,DEUTSCHE POST AG              N
2007-01-31,10.9564,DHL.DE,DEUTSCHE POST AG              N
2007-02-28,10.2932,DHL.DE,DEUTSCHE POST AG              N
2007-03-31,11.5106,DHL.DE,DEUTSCHE POST AG              N
2007-04-30,11.0738,DHL.DE,DEUTSCHE POST AG              N
2007-05-31,11.2565,DHL.DE,DEUTSCHE POST AG              N
2007-06-30,10.0526,DHL.DE,DEUTSCHE POST AG              N
2007-07-31,9.9917,DHL.DE,DEUTSCHE POST AG              N
2007-08-31,9.5561,DHL.DE,DEUTSCHE POST AG              N
2007-09-30,9.795,DHL.DE,DEUTSCHE POST AG              N
2007-10-31,10.8724,DHL.DE,DEUTSCHE POST AG              N
2007-11-30,11.0129,DHL.DE,DEUTSCHE POST AG              N
2007-12-31,10.1463,DHL.DE,DEUTSCHE POST AG              N
2008-01-31,10.2962,DHL.DE,DEUTSCHE POST AG              N
2008-02-29,9.0642,DHL.DE,DEUTSCHE POST AG              N
2008-03-31,9.3828,DHL.DE,DEUTSCHE POST AG              N
2008-04-30,10.0097,DHL.DE,DEUTSCHE POST AG              N
2008-05-31,8.1252,DHL.DE,DEUTSCHE POST AG              N
2008-06-30,7.3861,DHL.DE,DEUTSCHE POST AG              N
2008-07-31,7.8316,DHL.DE,DEUTSCHE POST AG              N
2008-08-31,7.2344,DHL.DE,DEUTSCHE POST AG              N
2008-09-30,4.2339,DHL.DE,DEUTSCHE POST AG              N
2008-10-31,5.5261,DHL.DE,DEUTSCHE POST AG              N
2008-11-30,5.8296,DHL.DE,DEUTSCHE POST AG              N
2008-12-31,4.787,DHL.DE,DEUTSCHE POST AG              N
2009-01-31,3.7396,DHL.DE,DEUTSCHE POST AG              N
2009-02-28,3.9696,DHL.DE,DEUTSCHE POST AG              N
2009-03-31,4.5759,DHL.DE,DEUTSCHE POST AG              N
2009-04-30,5.0989,DHL.DE,DEUTSCHE POST AG              N
2009-05-31,4.8557,DHL.DE,DEUTSCHE POST AG              N
2009-06-30,5.8075,DHL.DE,DEUTSCHE POST AG              N
2009-07-31,6.2938,DHL.DE,DEUTSCHE POST AG              N
2009-08-31,6.6939,DHL.DE,DEUTSCHE POST AG              N
2009-09-30,6.0114,DHL.DE,DEUTSCHE POST AG              N
2009-10-31,6.5213,DHL.DE,DEUTSCHE POST AG              N
2009-11-30,7.0521,DHL.DE,DEUTSCHE POST AG              N
2009-12-31,6.6102,DHL.DE,DEUTSCHE POST AG              N
2010-01-31,6.2468,DHL.DE,DEUTSCHE POST AG              N
2010-02-28,6.7174,DHL.DE,DEUTSCHE POST AG              N
2010-03-31,6.6224,DHL.DE,DEUTSCHE POST AG              N
2010-04-30,6.5601,DHL.DE,DEUTSCHE POST AG              N
2010-05-31,6.5006,DHL.DE,DEUTSCHE POST AG              N
2010-06-30,7.2123,DHL.DE,DEUTSCHE POST AG              N
2010-07-31,6.985,DHL.DE,DEUTSCHE POST AG              N
2010-08-31,7.2015,DHL.DE,DEUTSCHE POST AG              N
2010-09-30,7.2529,DHL.DE,DEUTSCHE POST AG              N
2010-10-31,6.6819,DHL.DE,DEUTSCHE POST AG              N
2010-11-30,6.874,DHL.DE,DEUTSCHE POST AG              N
2010-12-31,7.2475,DHL.DE,DEUTSCHE POST AG              N
2011-01-31,7.1934,DHL.DE,DEUTSCHE POST AG              N
2011-02-28,6.8849,DHL.DE,DEUTSCHE POST AG              N
2011-03-31,7.2313,DHL.DE,DEUTSCHE POST AG              N
2011-04-30,7.4401,DHL.DE,DEUTSCHE POST AG              N
2011-05-31,7.5339,DHL.DE,DEUTSCHE POST AG              N
2011-06-30,7.0051,DHL.DE,DEUTSCHE POST AG              N
2011-07-31,6.0584,DHL.DE,DEUTSCHE POST AG              N
2011-08-31,5.4728,DHL.DE,DEUTSCHE POST AG              N
2011-09-30,6.2603,DHL.DE,DEUTSCHE POST AG              N
2011-10-31,6.3768,DHL.DE,DEUTSCHE POST AG              N
2011-11-30,6.755,DHL.DE,DEUTSCHE POST AG              N
2011-12-31,7.2212,DHL.DE,DEUTSCHE POST AG              N
2012-01-31,7.497,DHL.DE,DEUTSCHE POST AG              N
2012-02-29,8.2077,DHL.DE,DEUTSCHE POST AG              N
2012-03-31,8.0173,DHL.DE,DEUTSCHE POST AG              N
2012-04-30,7.9586,DHL.DE,DEUTSCHE POST AG              N
2012-05-31,8.3291,DHL.DE,DEUTSCHE POST AG              N
2012-06-30,8.7473,DHL.DE,DEUTSCHE POST AG              N
2012-07-31,9.2283,DHL.DE,DEUTSCHE POST AG              N
2012-08-31,9.0819,DHL.DE,DEUTSCHE POST AG              N
2012-09-30,9.1387,DHL.DE,DEUTSCHE POST AG              N
2012-10-31,9.536,DHL.DE,DEUTSCHE POST AG              N
2012-11-30,9.9184,DHL.DE,DEUTSCHE POST AG              N
2012-12-31,10.3337,DHL.DE,DEUTSCHE POST AG              N
2013-01-31,10.2679,DHL.DE,DEUTSCHE POST AG              N
2013-02-28,10.7399,DHL.DE,DEUTSCHE POST AG              N
2013-03-31,10.7668,DHL.DE,DEUTSCHE POST AG              N
2013-04-30,12.1089,DHL.DE,DEUTSCHE POST AG              N
2013-05-31,11.821,DHL.DE,DEUTSCHE POST AG              N
2013-06-30,13.0437,DHL.DE,DEUTSCHE POST AG              N
2013-07-31,13.5327,DHL.DE,DEUTSCHE POST AG              N
2013-08-31,15.1856,DHL.DE,DEUTSCHE POST AG              N
2013-09-30,15.4302,DHL.DE,DEUTSCHE POST AG              N
2013-10-31,16.1142,DHL.DE,DEUTSCHE POST AG              N
2013-11-30,16.4052,DHL.DE,DEUTSCHE POST AG              N
2013-12-31,15.8914,DHL.DE,DEUTSCHE POST AG              N
2014-01-31,16.8447,DHL.DE,DEUTSCHE POST AG              N
2014-02-28,16.6962,DHL.DE,DEUTSCHE POST AG              N
2014-03-31,16.7983,DHL.DE,DEUTSCHE POST AG              N
2014-04-30,17.3415,DHL.DE,DEUTSCHE POST AG              N
2014-05-31,16.8317,DHL.DE,DEUTSCHE POST AG              N
2014-06-30,15.3053,DHL.DE,DEUTSCHE POST AG              N
2014-07-31,15.8598,DHL.DE,DEUTSCHE POST AG              N
2014-08-31,16.1816,DHL.DE,DEUTSCHE POST AG              N
2014-09-30,15.9681,DHL.DE,DEUTSCHE POST AG              N
2014-10-31,17.0261,DHL.DE,DEUTSCHE POST AG              N
2014-11-30,17.2364,DHL.DE,DEUTSCHE POST AG              N
2014-12-31,18.3358,DHL.DE,DEUTSCHE POST AG              N
2015-01-31,19.3937,DHL.DE,DEUTSCHE POST AG              N
2015-02-28,18.5429,DHL.DE,DEUTSCHE POST AG              N
2015-03-31,18.8361,DHL.DE,DEUTSCHE POST AG              N
2015-04-30,18.0145,DHL.DE,DEUTSCHE POST AG              N
2015-05-31,17.2006,DHL.DE,DEUTSCHE POST AG              N
2015-06-30,18.0638,DHL.DE,DEUTSCHE POST AG              N
2015-07-31,16.1176,DHL.DE,DEUTSCHE POST AG              N
2015-08-31,16.262,DHL.DE,DEUTSCHE POST AG              N
2015-09-30,17.7684,DHL.DE,DEUTSCHE POST AG              N
2015-10-31,18.1589,DHL.DE,DEUTSCHE POST AG              N
2015-11-30,17.0365,DHL.DE,DEUTSCHE POST AG              N
2015-12-31,14.6571,DHL.DE,DEUTSCHE POST AG              N
2016-01-31,14.3978,DHL.DE,DEUTSCHE POST AG              N
2016-02-29,16.029,DHL.DE,DEUTSCHE POST AG              N
2016-03-31,16.8298,DHL.DE,DEUTSCHE POST AG              N
2016-04-30,17.7662,DHL.DE,DEUTSCHE POST AG              N
2016-05-31,17.0614,DHL.DE,DEUTSCHE POST AG              N
2016-06-30,18.0881,DHL.DE,DEUTSCHE POST AG              N
2016-07-31,19.247,DHL.DE,DEUTSCHE POST AG              N
2016-08-31,18.8539,DHL.DE,DEUTSCHE POST AG              N
2016-09-30,19.1318,DHL.DE,DEUTSCHE POST AG              N
2016-10-31,19.9857,DHL.DE,DEUTSCHE POST AG              N
2016-11-30,21.1683,DHL.DE,DEUTSCHE POST AG              N
2016-12-31,20.9785,DHL.DE,DEUTSCHE POST AG              N
2017-01-31,21.9409,DHL.DE,DEUTSCHE POST AG              N
2017-02-28,21.7579,DHL.DE,DEUTSCHE POST AG              N
2017-03-31,22.3644,DHL.DE,DEUTSCHE POST AG              N
2017-04-30,22.7599,DHL.DE,DEUTSCHE POST AG              N
2017-05-31,22.9734,DHL.DE,DEUTSCHE POST AG              N
2017-06-30,22.9594,DHL.DE,DEUTSCHE POST AG              N
2017-07-31,24.3909,DHL.DE,DEUTSCHE POST AG              N
2017-08-31,26.3648,DHL.DE,DEUTSCHE POST AG              N
2017-09-30,27.5233,DHL.DE,DEUTSCHE POST AG              N
2017-10-31,27.9223,DHL.DE,DEUTSCHE POST AG              N
2017-11-30,27.8243,DHL.DE,DEUTSCHE POST AG              N
2017-12-31,26.6483,DHL.DE,DEUTSCHE POST AG              N
2018-01-31,26.3473,DHL.DE,DEUTSCHE POST AG              N
2018-02-28,24.8634,DHL.DE,DEUTSCHE POST AG              N
2018-03-31,26.0612,DHL.DE,DEUTSCHE POST AG              N
2018-04-30,23.4406,DHL.DE,DEUTSCHE POST AG              N
2018-05-31,20.192,DHL.DE,DEUTSCHE POST AG              N
2018-06-30,21.7947,DHL.DE,DEUTSCHE POST AG              N
2018-07-31,22.6754,DHL.DE,DEUTSCHE POST AG              N
2018-08-31,22.17,DHL.DE,DEUTSCHE POST AG              N
2018-09-30,20.1776,DHL.DE,DEUTSCHE POST AG              N
2018-10-31,20.3003,DHL.DE,DEUTSCHE POST AG              N
2018-11-30,17.261,DHL.DE,DEUTSCHE POST AG              N
2018-12-31,18.5966,DHL.DE,DEUTSCHE POST AG              N
2019-01-31,19.7228,DHL.DE,DEUTSCHE POST AG              N
2019-02-28,20.9356,DHL.DE,DEUTSCHE POST AG              N
2019-03-31,22.3072,DHL.DE,DEUTSCHE POST AG              N
2019-04-30,19.8328,DHL.DE,DEUTSCHE POST AG              N
2019-05-31,21.7274,DHL.DE,DEUTSCHE POST AG              N
2019-06-30,22.186,DHL.DE,DEUTSCHE POST AG              N
2019-07-31,22.4792,DHL.DE,DEUTSCHE POST AG              N
2019-08-31,23.0393,DHL.DE,DEUTSCHE POST AG              N
2019-09-30,23.87,DHL.DE,DEUTSCHE POST AG              N
2019-10-31,25.4413,DHL.DE,DEUTSCHE POST AG              N
2019-11-30,25.5691,DHL.DE,DEUTSCHE POST AG              N
2019-12-31,23.7385,DHL.DE,DEUTSCHE POST AG              N
2020-01-31,20.3891,DHL.DE,DEUTSCHE POST AG              N
2020-02-29,18.6261,DHL.DE,DEUTSCHE POST AG              N
2020-03-31,20.4117,DHL.DE,DEUTSCHE POST AG              N
2020-04-30,21.0357,DHL.DE,DEUTSCHE POST AG              N
2020-05-31,24.4715,DHL.DE,DEUTSCHE POST AG              N
2020-06-30,25.7571,DHL.DE,DEUTSCHE POST AG              N
2020-07-31,29.5191,DHL.DE,DEUTSCHE POST AG              N
2020-08-31,30.1232,DHL.DE,DEUTSCHE POST AG              N
2020-09-30,29.4572,DHL.DE,DEUTSCHE POST AG              N
2020-10-31,31.3622,DHL.DE,DEUTSCHE POST AG              N
2020-11-30,31.3622,DHL.DE,DEUTSCHE POST AG              N
2020-12-31,31.6022,DHL.DE,DEUTSCHE POST AG              N
2021-01-31,31.7958,DHL.DE,DEUTSCHE POST AG              N
2021-02-28,36.1788,DHL.DE,DEUTSCHE POST AG              N
2021-03-31,37.9095,DHL.DE,DEUTSCHE POST AG              N
2021-04-30,44.3733,DHL.DE,DEUTSCHE POST AG              N
2021-05-31,45.6138,DHL.DE,DEUTSCHE POST AG              N
2021-06-30,45.415,DHL.DE,DEUTSCHE POST AG              N
2021-07-31,47.3792,DHL.DE,DEUTSCHE POST AG              N
2021-08-31,43.3236,DHL.DE,DEUTSCHE POST AG              N
2021-09-30,42.5602,DHL.DE,DEUTSCHE POST AG              N
2021-10-31,41.4866,DHL.DE,DEUTSCHE POST AG              N
2021-11-30,44.9617,DHL.DE,DEUTSCHE POST AG              N
2021-12-31,42.1387,DHL.DE,DEUTSCHE POST AG              N
2022-01-31,35.9121,DHL.DE,DEUTSCHE POST AG              N
2022-02-28,34.6318,DHL.DE,DEUTSCHE POST AG              N
2022-03-31,32.5404,DHL.DE,DEUTSCHE POST AG              N
2022-04-30,32.0643,DHL.DE,DEUTSCHE POST AG              N
2022-05-31,29.7618,DHL.DE,DEUTSCHE POST AG              N
2022-06-30,32.3932,DHL.DE,DEUTSCHE POST AG              N
2022-07-31,30.3072,DHL.DE,DEUTSCHE POST AG              N
2022-08-31,25.9104,DHL.DE,DEUTSCHE POST AG              N
2022-09-30,29.9033,DHL.DE,DEUTSCHE POST AG              N
2022-10-31,31.5022,DHL.DE,DEUTSCHE POST AG              N
2022-11-30,29.2954,DHL.DE,DEUTSCHE POST AG              N
2022-12-31,32.7929,DHL.DE,DEUTSCHE POST AG              N
2023-01-31,33.4091,DHL.DE,DEUTSCHE POST AG              N
2023-02-28,35.8823,DHL.DE,DEUTSCHE POST AG              N
2023-03-31,36.2404,DHL.DE,DEUTSCHE POST AG              N
2023-04-30,36.5856,DHL.DE,DEUTSCHE POST AG              N
2023-05-31,38.9173,DHL.DE,DEUTSCHE POST AG              N
2023-06-30,40.6487,DHL.DE,DEUTSCHE POST AG              N
2023-07-31,37.4861,DHL.DE,DEUTSCHE POST AG              N
2023-08-31,33.5274,DHL.DE,DEUTSCHE POST AG              N
2023-09-30,31.983,DHL.DE,DEUTSCHE POST AG              N
2023-10-31,37.4469,DHL.DE,DEUTSCHE POST AG              N
2023-11-30,39.0261,DHL.DE,DEUTSCHE POST AG              N
2023-12-31,38.7346,DHL.DE,DEUTSCHE POST AG              N
2024-01-31,37.3338,DHL.DE,DEUTSCHE POST AG              N
2024-02-29,34.728,DHL.DE,DEUTSCHE POST AG              N
2024-03-31,34.1581,DHL.DE,DEUTSCHE POST AG              N
2024-04-30,35.2758,DHL.DE,DEUTSCHE POST AG              N
2024-05-31,34.482,DHL.DE,DEUTSCHE POST AG              N
2024-06-30,37.6391,DHL.DE,DEUTSCHE POST AG              N
2024-07-31,35.7686,DHL.DE,DEUTSCHE POST AG              N
2024-08-31,36.5259,DHL.DE,DEUTSCHE POST AG              N
2024-09-30,33.6973,DHL.DE,DEUTSCHE POST AG              N
2024-10-31,31.7263,DHL.DE,DEUTSCHE POST AG              N
2024-11-30,30.9508,DHL.DE,DEUTSCHE POST AG              N
2024-12-31,31.7628,DHL.DE,DEUTSCHE POST AG              N
2025-01-31,34.3907,DHL.DE,DEUTSCHE POST AG              N
2025-02-28,36.024,DHL.DE,DEUTSCHE POST AG              N
2025-03-31,34.2265,DHL.DE,DEUTSCHE POST AG              N
2025-04-30,37.753,DHL.DE,DEUTSCHE POST AG              N
2025-05-31,38.1557,DHL.DE,DEUTSCHE POST AG              N
2025-06-30,37.8297,DHL.DE,DEUTSCHE POST AG              N
2025-07-31,37.2831,DHL.DE,DEUTSCHE POST AG              N
2025-08-31,36.4584,DHL.DE,DEUTSCHE POST AG              N
2025-09-30,38.1653,DHL.DE,DEUTSCHE POST AG              N
2025-10-31,42.9887,DHL.DE,DEUTSCHE POST AG              N
2025-11-30,44.8107,DHL.DE,DEUTSCHE POST AG              N
2025-12-31,45.3765,DHL.DE,DEUTSCHE POST AG              N
2026-01-31,48.0423,DHL.DE,DEUTSCHE POST AG              N
2026-02-28,42.912,DHL.DE,DEUTSCHE POST AG              N
2026-03-31,48.3108,DHL.DE,DEUTSCHE POST AG              N
2026-04-30,51.2,DHL.DE,DEUTSCHE POST AG              N
2026-05-31,53.1,DHL.DE,DEUTSCHE POST AG              N
2026-06-30,,DHL.DE,DEUTSCHE POST AG              N
1999-12-31,29.2317,NDA-SE.ST,Nordea Bank Abp
2000-01-31,27.442,NDA-SE.ST,Nordea Bank Abp
2000-02-29,27.2033,NDA-SE.ST,Nordea Bank Abp
2000-03-31,35.2375,NDA-SE.ST,Nordea Bank Abp
2000-04-30,36.783,NDA-SE.ST,Nordea Bank Abp
2000-05-31,41.1104,NDA-SE.ST,Nordea Bank Abp
2000-06-30,39.874,NDA-SE.ST,Nordea Bank Abp
2000-07-31,40.4922,NDA-SE.ST,Nordea Bank Abp
2000-08-31,42.6559,NDA-SE.ST,Nordea Bank Abp
2000-09-30,46.056,NDA-SE.ST,Nordea Bank Abp
2000-10-31,43.8923,NDA-SE.ST,Nordea Bank Abp
2000-11-30,44.2014,NDA-SE.ST,Nordea Bank Abp
2000-12-31,47.6015,NDA-SE.ST,Nordea Bank Abp
2001-01-31,44.2014,NDA-SE.ST,Nordea Bank Abp
2001-02-28,38.9467,NDA-SE.ST,Nordea Bank Abp
2001-03-31,39.555,NDA-SE.ST,Nordea Bank Abp
2001-04-30,38.598,NDA-SE.ST,Nordea Bank Abp
2001-05-31,39.874,NDA-SE.ST,Nordea Bank Abp
2001-06-30,37.96,NDA-SE.ST,Nordea Bank Abp
2001-07-31,40.831,NDA-SE.ST,Nordea Bank Abp
2001-08-31,32.8562,NDA-SE.ST,Nordea Bank Abp
2001-09-30,30.049,NDA-SE.ST,Nordea Bank Abp
2001-10-31,33.8132,NDA-SE.ST,Nordea Bank Abp
2001-11-30,35.4081,NDA-SE.ST,Nordea Bank Abp
2001-12-31,33.4942,NDA-SE.ST,Nordea Bank Abp
2002-01-31,34.7701,NDA-SE.ST,Nordea Bank Abp
2002-02-28,37.3221,NDA-SE.ST,Nordea Bank Abp
2002-03-31,37.4681,NDA-SE.ST,Nordea Bank Abp
2002-04-30,35.8669,NDA-SE.ST,Nordea Bank Abp
2002-05-31,32.024,NDA-SE.ST,Nordea Bank Abp
2002-06-30,26.9002,NDA-SE.ST,Nordea Bank Abp
2002-07-31,28.2452,NDA-SE.ST,Nordea Bank Abp
2002-08-31,23.5697,NDA-SE.ST,Nordea Bank Abp
2002-09-30,24.018,NDA-SE.ST,Nordea Bank Abp
2002-10-31,28.3733,NDA-SE.ST,Nordea Bank Abp
2002-11-30,24.5945,NDA-SE.ST,Nordea Bank Abp
2002-12-31,23.6337,NDA-SE.ST,Nordea Bank Abp
2003-01-31,23.7618,NDA-SE.ST,Nordea Bank Abp
2003-02-28,23.954,NDA-SE.ST,Nordea Bank Abp
2003-03-31,27.946,NDA-SE.ST,Nordea Bank Abp
2003-04-30,25.4347,NDA-SE.ST,Nordea Bank Abp
2003-05-31,24.8552,NDA-SE.ST,Nordea Bank Abp
2003-06-30,25.6923,NDA-SE.ST,Nordea Bank Abp
2003-07-31,27.3665,NDA-SE.ST,Nordea Bank Abp
2003-08-31,28.3967,NDA-SE.ST,Nordea Bank Abp
2003-09-30,31.1656,NDA-SE.ST,Nordea Bank Abp
2003-10-31,32.1959,NDA-SE.ST,Nordea Bank Abp
2003-11-30,34.7715,NDA-SE.ST,Nordea Bank Abp
2003-12-31,34.1276,NDA-SE.ST,Nordea Bank Abp
2004-01-31,33.1617,NDA-SE.ST,Nordea Bank Abp
2004-02-29,33.1617,NDA-SE.ST,Nordea Bank Abp
2004-03-31,33.3235,NDA-SE.ST,Nordea Bank Abp
2004-04-30,32.6764,NDA-SE.ST,Nordea Bank Abp
2004-05-31,35.1029,NDA-SE.ST,Nordea Bank Abp
2004-06-30,33.8088,NDA-SE.ST,Nordea Bank Abp
2004-07-31,37.2058,NDA-SE.ST,Nordea Bank Abp
2004-08-31,38.5,NDA-SE.ST,Nordea Bank Abp
2004-09-30,39.6323,NDA-SE.ST,Nordea Bank Abp
2004-10-31,42.7058,NDA-SE.ST,Nordea Bank Abp
2004-11-30,43.3529,NDA-SE.ST,Nordea Bank Abp
2004-12-31,41.897,NDA-SE.ST,Nordea Bank Abp
2005-01-31,46.5882,NDA-SE.ST,Nordea Bank Abp
2005-02-28,46.2646,NDA-SE.ST,Nordea Bank Abp
2005-03-31,43.8417,NDA-SE.ST,Nordea Bank Abp
2005-04-30,44.1665,NDA-SE.ST,Nordea Bank Abp
2005-05-31,46.115,NDA-SE.ST,Nordea Bank Abp
2005-06-30,48.3883,NDA-SE.ST,Nordea Bank Abp
2005-07-31,47.5764,NDA-SE.ST,Nordea Bank Abp
2005-08-31,50.3368,NDA-SE.ST,Nordea Bank Abp
2005-09-30,50.6616,NDA-SE.ST,Nordea Bank Abp
2005-10-31,51.1487,NDA-SE.ST,Nordea Bank Abp
2005-11-30,53.5844,NDA-SE.ST,Nordea Bank Abp
2005-12-31,53.0972,NDA-SE.ST,Nordea Bank Abp
2006-01-31,58.1309,NDA-SE.ST,Nordea Bank Abp
2006-02-28,62.5151,NDA-SE.ST,Nordea Bank Abp
2006-03-31,61.7597,NDA-SE.ST,Nordea Bank Abp
2006-04-30,56.8711,NDA-SE.ST,Nordea Bank Abp
2006-05-31,56.0563,NDA-SE.ST,Nordea Bank Abp
2006-06-30,58.8265,NDA-SE.ST,Nordea Bank Abp
2006-07-31,59.3154,NDA-SE.ST,Nordea Bank Abp
2006-08-31,62.5745,NDA-SE.ST,Nordea Bank Abp
2006-09-30,64.8559,NDA-SE.ST,Nordea Bank Abp
2006-10-31,62.9656,NDA-SE.ST,Nordea Bank Abp
2006-11-30,68.7668,NDA-SE.ST,Nordea Bank Abp
2006-12-31,70.7874,NDA-SE.ST,Nordea Bank Abp
2007-01-31,69.3534,NDA-SE.ST,Nordea Bank Abp
2007-02-28,72.6777,NDA-SE.ST,Nordea Bank Abp
2007-03-31,76.4533,NDA-SE.ST,Nordea Bank Abp
2007-04-30,74.6205,NDA-SE.ST,Nordea Bank Abp
2007-05-31,70.3658,NDA-SE.ST,Nordea Bank Abp
2007-06-30,71.8713,NDA-SE.ST,Nordea Bank Abp
2007-07-31,68.7294,NDA-SE.ST,Nordea Bank Abp
2007-08-31,73.5078,NDA-SE.ST,Nordea Bank Abp
2007-09-30,74.3587,NDA-SE.ST,Nordea Bank Abp
2007-10-31,70.8895,NDA-SE.ST,Nordea Bank Abp
2007-11-30,70.6931,NDA-SE.ST,Nordea Bank Abp
2007-12-31,56.0963,NDA-SE.ST,Nordea Bank Abp
2008-01-31,61.2674,NDA-SE.ST,Nordea Bank Abp
2008-02-29,63.0347,NDA-SE.ST,Nordea Bank Abp
2008-03-31,65.25,NDA-SE.ST,Nordea Bank Abp
2008-04-30,64.1318,NDA-SE.ST,Nordea Bank Abp
2008-05-31,54.66,NDA-SE.ST,Nordea Bank Abp
2008-06-30,56.8964,NDA-SE.ST,Nordea Bank Abp
2008-07-31,56.5018,NDA-SE.ST,Nordea Bank Abp
2008-08-31,53.3445,NDA-SE.ST,Nordea Bank Abp
2008-09-30,40.1235,NDA-SE.ST,Nordea Bank Abp
2008-10-31,38.216,NDA-SE.ST,Nordea Bank Abp
2008-11-30,35.9796,NDA-SE.ST,Nordea Bank Abp
2008-12-31,29.2046,NDA-SE.ST,Nordea Bank Abp
2009-01-31,29.7966,NDA-SE.ST,Nordea Bank Abp
2009-02-28,34.6353,NDA-SE.ST,Nordea Bank Abp
2009-03-31,53.4538,NDA-SE.ST,Nordea Bank Abp
2009-04-30,53.2774,NDA-SE.ST,Nordea Bank Abp
2009-05-31,53.8949,NDA-SE.ST,Nordea Bank Abp
2009-06-30,61.7454,NDA-SE.ST,Nordea Bank Abp
2009-07-31,65.7147,NDA-SE.ST,Nordea Bank Abp
2009-08-31,61.9218,NDA-SE.ST,Nordea Bank Abp
2009-09-30,68.6697,NDA-SE.ST,Nordea Bank Abp
2009-10-31,63.7742,NDA-SE.ST,Nordea Bank Abp
2009-11-30,64.3034,NDA-SE.ST,Nordea Bank Abp
2009-12-31,60.4664,NDA-SE.ST,Nordea Bank Abp
2010-01-31,61.3925,NDA-SE.ST,Nordea Bank Abp
2010-02-28,64.9464,NDA-SE.ST,Nordea Bank Abp
2010-03-31,64.9008,NDA-SE.ST,Nordea Bank Abp
2010-04-30,58.7024,NDA-SE.ST,Nordea Bank Abp
2010-05-31,59.1582,NDA-SE.ST,Nordea Bank Abp
2010-06-30,65.8123,NDA-SE.ST,Nordea Bank Abp
2010-07-31,60.3887,NDA-SE.ST,Nordea Bank Abp
2010-08-31,63.9893,NDA-SE.ST,Nordea Bank Abp
2010-09-30,67.0429,NDA-SE.ST,Nordea Bank Abp
2010-10-31,63.8525,NDA-SE.ST,Nordea Bank Abp
2010-11-30,66.6783,NDA-SE.ST,Nordea Bank Abp
2010-12-31,71.3726,NDA-SE.ST,Nordea Bank Abp
2011-01-31,65.63,NDA-SE.ST,Nordea Bank Abp
2011-02-28,63.2471,NDA-SE.ST,Nordea Bank Abp
2011-03-31,63.1098,NDA-SE.ST,Nordea Bank Abp
2011-04-30,66.2676,NDA-SE.ST,Nordea Bank Abp
2011-05-31,62.2403,NDA-SE.ST,Nordea Bank Abp
2011-06-30,61.4165,NDA-SE.ST,Nordea Bank Abp
2011-07-31,53.545,NDA-SE.ST,Nordea Bank Abp
2011-08-31,51.4398,NDA-SE.ST,Nordea Bank Abp
2011-09-30,54.5975,NDA-SE.ST,Nordea Bank Abp
2011-10-31,49.1058,NDA-SE.ST,Nordea Bank Abp
2011-11-30,48.7396,NDA-SE.ST,Nordea Bank Abp
2011-12-31,52.1262,NDA-SE.ST,Nordea Bank Abp
2012-01-31,58.396,NDA-SE.ST,Nordea Bank Abp
2012-02-29,55.2821,NDA-SE.ST,Nordea Bank Abp
2012-03-31,54.7766,NDA-SE.ST,Nordea Bank Abp
2012-04-30,49.3541,NDA-SE.ST,Nordea Bank Abp
2012-05-31,54.5928,NDA-SE.ST,Nordea Bank Abp
2012-06-30,58.4529,NDA-SE.ST,Nordea Bank Abp
2012-07-31,56.2931,NDA-SE.ST,Nordea Bank Abp
2012-08-31,59.6936,NDA-SE.ST,Nordea Bank Abp
2012-09-30,55.374,NDA-SE.ST,Nordea Bank Abp
2012-10-31,55.9714,NDA-SE.ST,Nordea Bank Abp
2012-11-30,57.0743,NDA-SE.ST,Nordea Bank Abp
2012-12-31,64.4728,NDA-SE.ST,Nordea Bank Abp
2013-01-31,68.7924,NDA-SE.ST,Nordea Bank Abp
2013-02-28,68.1249,NDA-SE.ST,Nordea Bank Abp
2013-03-31,71.6789,NDA-SE.ST,Nordea Bank Abp
2013-04-30,75.879,NDA-SE.ST,Nordea Bank Abp
2013-05-31,69.2326,NDA-SE.ST,Nordea Bank Abp
2013-06-30,76.2021,NDA-SE.ST,Nordea Bank Abp
2013-07-31,71.2173,NDA-SE.ST,Nordea Bank Abp
2013-08-31,71.5404,NDA-SE.ST,Nordea Bank Abp
2013-09-30,76.6174,NDA-SE.ST,Nordea Bank Abp
2013-10-31,78.2329,NDA-SE.ST,Nordea Bank Abp
2013-11-30,79.9868,NDA-SE.ST,Nordea Bank Abp
2013-12-31,80.956,NDA-SE.ST,Nordea Bank Abp
2014-01-31,84.7869,NDA-SE.ST,Nordea Bank Abp
2014-02-28,85.137,NDA-SE.ST,Nordea Bank Abp
2014-03-31,87.1309,NDA-SE.ST,Nordea Bank Abp
2014-04-30,91.5361,NDA-SE.ST,Nordea Bank Abp
2014-05-31,87.4555,NDA-SE.ST,Nordea Bank Abp
2014-06-30,86.0644,NDA-SE.ST,Nordea Bank Abp
2014-07-31,84.4878,NDA-SE.ST,Nordea Bank Abp
2014-08-31,87.0845,NDA-SE.ST,Nordea Bank Abp
2014-09-30,87.8265,NDA-SE.ST,Nordea Bank Abp
2014-10-31,86.389,NDA-SE.ST,Nordea Bank Abp
2014-11-30,84.3023,NDA-SE.ST,Nordea Bank Abp
2014-12-31,97.6571,NDA-SE.ST,Nordea Bank Abp
2015-01-31,104.3345,NDA-SE.ST,Nordea Bank Abp
2015-02-28,98.1846,NDA-SE.ST,Nordea Bank Abp
2015-03-31,99.0238,NDA-SE.ST,Nordea Bank Abp
2015-04-30,103.4062,NDA-SE.ST,Nordea Bank Abp
2015-05-31,96.413,NDA-SE.ST,Nordea Bank Abp
2015-06-30,100.2359,NDA-SE.ST,Nordea Bank Abp
2015-07-31,93.4292,NDA-SE.ST,Nordea Bank Abp
2015-08-31,86.9022,NDA-SE.ST,Nordea Bank Abp
2015-09-30,88.1144,NDA-SE.ST,Nordea Bank Abp
2015-10-31,89.7461,NDA-SE.ST,Nordea Bank Abp
2015-11-30,86.9955,NDA-SE.ST,Nordea Bank Abp
2015-12-31,80.0955,NDA-SE.ST,Nordea Bank Abp
2016-01-31,79.8624,NDA-SE.ST,Nordea Bank Abp
2016-02-29,73.2637,NDA-SE.ST,Nordea Bank Abp
2016-03-31,73.2167,NDA-SE.ST,Nordea Bank Abp
2016-04-30,76.0345,NDA-SE.ST,Nordea Bank Abp
2016-05-31,66.5948,NDA-SE.ST,Nordea Bank Abp
2016-06-30,71.6199,NDA-SE.ST,Nordea Bank Abp
2016-07-31,78.6176,NDA-SE.ST,Nordea Bank Abp
2016-08-31,79.9795,NDA-SE.ST,Nordea Bank Abp
2016-09-30,89.1844,NDA-SE.ST,Nordea Bank Abp
2016-10-31,91.016,NDA-SE.ST,Nordea Bank Abp
2016-11-30,95.1489,NDA-SE.ST,Nordea Bank Abp
2016-12-31,99.2817,NDA-SE.ST,Nordea Bank Abp
2017-01-31,99.3756,NDA-SE.ST,Nordea Bank Abp
2017-02-28,96.6641,NDA-SE.ST,Nordea Bank Abp
2017-03-31,102.9949,NDA-SE.ST,Nordea Bank Abp
2017-04-30,105.4517,NDA-SE.ST,Nordea Bank Abp
2017-05-31,101.2941,NDA-SE.ST,Nordea Bank Abp
2017-06-30,96.2861,NDA-SE.ST,Nordea Bank Abp
2017-07-31,101.0106,NDA-SE.ST,Nordea Bank Abp
2017-08-31,104.3178,NDA-SE.ST,Nordea Bank Abp
2017-09-30,95.6246,NDA-SE.ST,Nordea Bank Abp
2017-10-31,92.6954,NDA-SE.ST,Nordea Bank Abp
2017-11-30,93.8293,NDA-SE.ST,Nordea Bank Abp
2017-12-31,91.8828,NDA-SE.ST,Nordea Bank Abp
2018-01-31,89.3505,NDA-SE.ST,Nordea Bank Abp
2018-02-28,84.7848,NDA-SE.ST,Nordea Bank Abp
2018-03-31,85.0512,NDA-SE.ST,Nordea Bank Abp
2018-04-30,80.693,NDA-SE.ST,Nordea Bank Abp
2018-05-31,82.1013,NDA-SE.ST,Nordea Bank Abp
2018-06-30,88.9907,NDA-SE.ST,Nordea Bank Abp
2018-07-31,94.015,NDA-SE.ST,Nordea Bank Abp
2018-08-31,92.169,NDA-SE.ST,Nordea Bank Abp
2018-09-30,75.7354,NDA-SE.ST,Nordea Bank Abp
2018-10-31,76.8772,NDA-SE.ST,Nordea Bank Abp
2018-11-30,70.968,NDA-SE.ST,Nordea Bank Abp
2018-12-31,78.1904,NDA-SE.ST,Nordea Bank Abp
2019-01-31,79.7034,NDA-SE.ST,Nordea Bank Abp
2019-02-28,67.9132,NDA-SE.ST,Nordea Bank Abp
2019-03-31,71.7528,NDA-SE.ST,Nordea Bank Abp
2019-04-30,64.304,NDA-SE.ST,Nordea Bank Abp
2019-05-31,64.7167,NDA-SE.ST,Nordea Bank Abp
2019-06-30,59.5141,NDA-SE.ST,Nordea Bank Abp
2019-07-31,58.8421,NDA-SE.ST,Nordea Bank Abp
2019-08-31,67.0109,NDA-SE.ST,Nordea Bank Abp
2019-09-30,67.798,NDA-SE.ST,Nordea Bank Abp
2019-10-31,65.1103,NDA-SE.ST,Nordea Bank Abp
2019-11-30,72.6072,NDA-SE.ST,Nordea Bank Abp
2019-12-31,73.0679,NDA-SE.ST,Nordea Bank Abp
2020-01-31,72.6456,NDA-SE.ST,Nordea Bank Abp
2020-02-29,53.8314,NDA-SE.ST,Nordea Bank Abp
2020-03-31,60.7043,NDA-SE.ST,Nordea Bank Abp
2020-04-30,61.0883,NDA-SE.ST,Nordea Bank Abp
2020-05-31,61.7314,NDA-SE.ST,Nordea Bank Abp
2020-06-30,64.9951,NDA-SE.ST,Nordea Bank Abp
2020-07-31,66.8381,NDA-SE.ST,Nordea Bank Abp
2020-08-31,65.5711,NDA-SE.ST,Nordea Bank Abp
2020-09-30,64.0064,NDA-SE.ST,Nordea Bank Abp
2020-10-31,70.3322,NDA-SE.ST,Nordea Bank Abp
2020-11-30,64.5248,NDA-SE.ST,Nordea Bank Abp
2020-12-31,65.1487,NDA-SE.ST,Nordea Bank Abp
2021-01-31,73.3281,NDA-SE.ST,Nordea Bank Abp
2021-02-28,82.6286,NDA-SE.ST,Nordea Bank Abp
2021-03-31,84.5118,NDA-SE.ST,Nordea Bank Abp
2021-04-30,85.415,NDA-SE.ST,Nordea Bank Abp
2021-05-31,91.5256,NDA-SE.ST,Nordea Bank Abp
2021-06-30,96.9445,NDA-SE.ST,Nordea Bank Abp
2021-07-31,97.4442,NDA-SE.ST,Nordea Bank Abp
2021-08-31,108.6663,NDA-SE.ST,Nordea Bank Abp
2021-09-30,101.5875,NDA-SE.ST,Nordea Bank Abp
2021-10-31,103.5794,NDA-SE.ST,Nordea Bank Abp
2021-11-30,106.8477,NDA-SE.ST,Nordea Bank Abp
2021-12-31,106.3062,NDA-SE.ST,Nordea Bank Abp
2022-01-31,102.187,NDA-SE.ST,Nordea Bank Abp
2022-02-28,94.7199,NDA-SE.ST,Nordea Bank Abp
2022-03-31,96.3942,NDA-SE.ST,Nordea Bank Abp
2022-04-30,96.5889,NDA-SE.ST,Nordea Bank Abp
2022-05-31,87.6134,NDA-SE.ST,Nordea Bank Abp
2022-06-30,97.2607,NDA-SE.ST,Nordea Bank Abp
2022-07-31,96.5208,NDA-SE.ST,Nordea Bank Abp
2022-08-31,93.1331,NDA-SE.ST,Nordea Bank Abp
2022-09-30,102.7219,NDA-SE.ST,Nordea Bank Abp
2022-10-31,106.5964,NDA-SE.ST,Nordea Bank Abp
2022-11-30,108.7186,NDA-SE.ST,Nordea Bank Abp
2022-12-31,118.5507,NDA-SE.ST,Nordea Bank Abp
2023-01-31,129.1227,NDA-SE.ST,Nordea Bank Abp
2023-02-28,108.4626,NDA-SE.ST,Nordea Bank Abp
2023-03-31,111.58,NDA-SE.ST,Nordea Bank Abp
2023-04-30,104.5805,NDA-SE.ST,Nordea Bank Abp
2023-05-31,114.9916,NDA-SE.ST,Nordea Bank Abp
2023-06-30,116.7365,NDA-SE.ST,Nordea Bank Abp
2023-07-31,117.8149,NDA-SE.ST,Nordea Bank Abp
2023-08-31,117.7561,NDA-SE.ST,Nordea Bank Abp
2023-09-30,114.9916,NDA-SE.ST,Nordea Bank Abp
2023-10-31,114.9523,NDA-SE.ST,Nordea Bank Abp
2023-11-30,122.2655,NDA-SE.ST,Nordea Bank Abp
2023-12-31,125.7163,NDA-SE.ST,Nordea Bank Abp
2024-01-31,123.4615,NDA-SE.ST,Nordea Bank Abp
2024-02-29,117.7078,NDA-SE.ST,Nordea Bank Abp
2024-03-31,126.9901,NDA-SE.ST,Nordea Bank Abp
2024-04-30,127.3851,NDA-SE.ST,Nordea Bank Abp
2024-05-31,124.5214,NDA-SE.ST,Nordea Bank Abp
2024-06-30,123.9783,NDA-SE.ST,Nordea Bank Abp
2024-07-31,119.6827,NDA-SE.ST,Nordea Bank Abp
2024-08-31,118.1028,NDA-SE.ST,Nordea Bank Abp
2024-09-30,123.1389,NDA-SE.ST,Nordea Bank Abp
2024-10-31,121.8058,NDA-SE.ST,Nordea Bank Abp
2024-11-30,118.794,NDA-SE.ST,Nordea Bank Abp
2024-12-31,130.1994,NDA-SE.ST,Nordea Bank Abp
2025-01-31,139.4324,NDA-SE.ST,Nordea Bank Abp
2025-02-28,126.9495,NDA-SE.ST,Nordea Bank Abp
2025-03-31,131.2242,NDA-SE.ST,Nordea Bank Abp
2025-04-30,138.034,NDA-SE.ST,Nordea Bank Abp
2025-05-31,139.9725,NDA-SE.ST,Nordea Bank Abp
2025-06-30,142.1596,NDA-SE.ST,Nordea Bank Abp
2025-07-31,143.7999,NDA-SE.ST,Nordea Bank Abp
2025-08-31,153.3932,NDA-SE.ST,Nordea Bank Abp
2025-09-30,161.3462,NDA-SE.ST,Nordea Bank Abp
2025-10-31,166.0683,NDA-SE.ST,Nordea Bank Abp
2025-11-30,172.9277,NDA-SE.ST,Nordea Bank Abp
2025-12-31,170.8897,NDA-SE.ST,Nordea Bank Abp
2026-01-31,174.4686,NDA-SE.ST,Nordea Bank Abp
2026-02-28,161.05,NDA-SE.ST,Nordea Bank Abp
2026-03-31,172.1,NDA-SE.ST,Nordea Bank Abp
2026-04-30,177.25,NDA-SE.ST,Nordea Bank Abp
2026-05-31,183.65,NDA-SE.ST,Nordea Bank Abp
2026-06-30,,NDA-SE.ST,Nordea Bank Abp
2001-08-31,9.2986,STLAP.PA,STELLANTIS NV
2001-09-30,6.6867,STLAP.PA,STELLANTIS NV
2001-10-31,8.4638,STLAP.PA,STELLANTIS NV
2001-11-30,7.2028,STLAP.PA,STELLANTIS NV
2001-12-31,6.7406,STLAP.PA,STELLANTIS NV
2002-01-31,6.2873,STLAP.PA,STELLANTIS NV
2002-02-28,6.7361,STLAP.PA,STELLANTIS NV
2002-03-31,6.045,STLAP.PA,STELLANTIS NV
2002-04-30,5.9014,STLAP.PA,STELLANTIS NV
2002-05-31,4.7435,STLAP.PA,STELLANTIS NV
2002-06-30,6.027,STLAP.PA,STELLANTIS NV
2002-07-31,5.9687,STLAP.PA,STELLANTIS NV
2002-08-31,3.2985,STLAP.PA,STELLANTIS NV
2002-09-30,6.0495,STLAP.PA,STELLANTIS NV
2002-10-31,2.917,STLAP.PA,STELLANTIS NV
2002-11-30,3.0561,STLAP.PA,STELLANTIS NV
2002-12-31,4.196,STLAP.PA,STELLANTIS NV
2003-01-31,3.9043,STLAP.PA,STELLANTIS NV
2003-02-28,2.558,STLAP.PA,STELLANTIS NV
2003-03-31,2.8991,STLAP.PA,STELLANTIS NV
2003-04-30,2.9664,STLAP.PA,STELLANTIS NV
2003-05-31,3.7876,STLAP.PA,STELLANTIS NV
2003-06-30,2.7375,STLAP.PA,STELLANTIS NV
2003-07-31,2.917,STLAP.PA,STELLANTIS NV
2003-08-31,3.1414,STLAP.PA,STELLANTIS NV
2003-09-30,2.917,STLAP.PA,STELLANTIS NV
2003-10-31,2.8721,STLAP.PA,STELLANTIS NV
2003-11-30,3.0517,STLAP.PA,STELLANTIS NV
2003-12-31,2.733,STLAP.PA,STELLANTIS NV
2004-01-31,3.0876,STLAP.PA,STELLANTIS NV
2004-02-29,2.6253,STLAP.PA,STELLANTIS NV
2004-03-31,2.558,STLAP.PA,STELLANTIS NV
2004-04-30,2.5266,STLAP.PA,STELLANTIS NV
2004-05-31,2.8811,STLAP.PA,STELLANTIS NV
2004-06-30,2.8901,STLAP.PA,STELLANTIS NV
2004-07-31,2.6926,STLAP.PA,STELLANTIS NV
2004-08-31,2.7599,STLAP.PA,STELLANTIS NV
2004-09-30,2.4727,STLAP.PA,STELLANTIS NV
2004-10-31,2.5401,STLAP.PA,STELLANTIS NV
2004-11-30,2.6926,STLAP.PA,STELLANTIS NV
2004-12-31,2.5131,STLAP.PA,STELLANTIS NV
2005-01-31,2.8318,STLAP.PA,STELLANTIS NV
2005-02-28,2.6881,STLAP.PA,STELLANTIS NV
2005-03-31,2.2214,STLAP.PA,STELLANTIS NV
2005-04-30,2.4209,STLAP.PA,STELLANTIS NV
2005-05-31,2.7154,STLAP.PA,STELLANTIS NV
2005-06-30,3.2401,STLAP.PA,STELLANTIS NV
2005-07-31,3.3597,STLAP.PA,STELLANTIS NV
2005-08-31,3.553,STLAP.PA,STELLANTIS NV
2005-09-30,3.1066,STLAP.PA,STELLANTIS NV
2005-10-31,3.2217,STLAP.PA,STELLANTIS NV
2005-11-30,3.4242,STLAP.PA,STELLANTIS NV
2005-12-31,3.797,STLAP.PA,STELLANTIS NV
2006-01-31,4.2572,STLAP.PA,STELLANTIS NV
2006-02-28,4.7221,STLAP.PA,STELLANTIS NV
2006-03-31,5.1547,STLAP.PA,STELLANTIS NV
2006-04-30,4.8095,STLAP.PA,STELLANTIS NV
2006-05-31,4.8095,STLAP.PA,STELLANTIS NV
2006-06-30,4.9246,STLAP.PA,STELLANTIS NV
2006-07-31,5.0718,STLAP.PA,STELLANTIS NV
2006-08-31,5.753,STLAP.PA,STELLANTIS NV
2006-09-30,6.3605,STLAP.PA,STELLANTIS NV
2006-10-31,6.5354,STLAP.PA,STELLANTIS NV
2006-11-30,6.6321,STLAP.PA,STELLANTIS NV
2006-12-31,7.6722,STLAP.PA,STELLANTIS NV
2007-01-31,8.1923,STLAP.PA,STELLANTIS NV
2007-02-28,8.7446,STLAP.PA,STELLANTIS NV
2007-03-31,10.0286,STLAP.PA,STELLANTIS NV
2007-04-30,9.6742,STLAP.PA,STELLANTIS NV
2007-05-31,10.1713,STLAP.PA,STELLANTIS NV
2007-06-30,10.1253,STLAP.PA,STELLANTIS NV
2007-07-31,8.9747,STLAP.PA,STELLANTIS NV
2007-08-31,9.6696,STLAP.PA,STELLANTIS NV
2007-09-30,10.1483,STLAP.PA,STELLANTIS NV
2007-10-31,8.6295,STLAP.PA,STELLANTIS NV
2007-11-30,7.6032,STLAP.PA,STELLANTIS NV
2007-12-31,7.0187,STLAP.PA,STELLANTIS NV
2008-01-31,6.5998,STLAP.PA,STELLANTIS NV
2008-02-29,6.6735,STLAP.PA,STELLANTIS NV
2008-03-31,6.7427,STLAP.PA,STELLANTIS NV
2008-04-30,6.5794,STLAP.PA,STELLANTIS NV
2008-05-31,4.6802,STLAP.PA,STELLANTIS NV
2008-06-30,5.2682,STLAP.PA,STELLANTIS NV
2008-07-31,4.8529,STLAP.PA,STELLANTIS NV
2008-08-31,4.4329,STLAP.PA,STELLANTIS NV
2008-09-30,2.6644,STLAP.PA,STELLANTIS NV
2008-10-31,2.6271,STLAP.PA,STELLANTIS NV
2008-11-30,2.4264,STLAP.PA,STELLANTIS NV
2008-12-31,1.9272,STLAP.PA,STELLANTIS NV
2009-01-31,1.8665,STLAP.PA,STELLANTIS NV
2009-02-28,2.4778,STLAP.PA,STELLANTIS NV
2009-03-31,3.5417,STLAP.PA,STELLANTIS NV
2009-04-30,3.4997,STLAP.PA,STELLANTIS NV
2009-05-31,3.313,STLAP.PA,STELLANTIS NV
2009-06-30,3.621,STLAP.PA,STELLANTIS NV
2009-07-31,3.8496,STLAP.PA,STELLANTIS NV
2009-08-31,4.1203,STLAP.PA,STELLANTIS NV
2009-09-30,4.9089,STLAP.PA,STELLANTIS NV
2009-10-31,4.6336,STLAP.PA,STELLANTIS NV
2009-11-30,4.7596,STLAP.PA,STELLANTIS NV
2009-12-31,4.1949,STLAP.PA,STELLANTIS NV
2010-01-31,3.565,STLAP.PA,STELLANTIS NV
2010-02-28,4.5216,STLAP.PA,STELLANTIS NV
2010-03-31,4.7001,STLAP.PA,STELLANTIS NV
2010-04-30,4.2036,STLAP.PA,STELLANTIS NV
2010-05-31,4.0476,STLAP.PA,STELLANTIS NV
2010-06-30,4.6576,STLAP.PA,STELLANTIS NV
2010-07-31,4.3502,STLAP.PA,STELLANTIS NV
2010-08-31,5.381,STLAP.PA,STELLANTIS NV
2010-09-30,5.6742,STLAP.PA,STELLANTIS NV
2010-10-31,6.1423,STLAP.PA,STELLANTIS NV
2010-11-30,7.2346,STLAP.PA,STELLANTIS NV
2010-12-31,3.3761,STLAP.PA,STELLANTIS NV
2011-01-31,3.1823,STLAP.PA,STELLANTIS NV
2011-02-28,2.9884,STLAP.PA,STELLANTIS NV
2011-03-31,3.4603,STLAP.PA,STELLANTIS NV
2011-04-30,3.5131,STLAP.PA,STELLANTIS NV
2011-05-31,3.6331,STLAP.PA,STELLANTIS NV
2011-06-30,3.3067,STLAP.PA,STELLANTIS NV
2011-07-31,2.1789,STLAP.PA,STELLANTIS NV
2011-08-31,1.9965,STLAP.PA,STELLANTIS NV
2011-09-30,2.2365,STLAP.PA,STELLANTIS NV
2011-10-31,1.8525,STLAP.PA,STELLANTIS NV
2011-11-30,1.7277,STLAP.PA,STELLANTIS NV
2011-12-31,2.2077,STLAP.PA,STELLANTIS NV
2012-01-31,2.1933,STLAP.PA,STELLANTIS NV
2012-02-29,2.1837,STLAP.PA,STELLANTIS NV
2012-03-31,1.7517,STLAP.PA,STELLANTIS NV
2012-04-30,1.9293,STLAP.PA,STELLANTIS NV
2012-05-31,1.8957,STLAP.PA,STELLANTIS NV
2012-06-30,1.8861,STLAP.PA,STELLANTIS NV
2012-07-31,2.0445,STLAP.PA,STELLANTIS NV
2012-08-31,2.0157,STLAP.PA,STELLANTIS NV
2012-09-30,1.7997,STLAP.PA,STELLANTIS NV
2012-10-31,1.7038,STLAP.PA,STELLANTIS NV
2012-11-30,1.7709,STLAP.PA,STELLANTIS NV
2012-12-31,2.1357,STLAP.PA,STELLANTIS NV
2013-01-31,1.9581,STLAP.PA,STELLANTIS NV
2013-02-28,2.0109,STLAP.PA,STELLANTIS NV
2013-03-31,2.1885,STLAP.PA,STELLANTIS NV
2013-04-30,2.9852,STLAP.PA,STELLANTIS NV
2013-05-31,2.6396,STLAP.PA,STELLANTIS NV
2013-06-30,2.9036,STLAP.PA,STELLANTIS NV
2013-07-31,2.8316,STLAP.PA,STELLANTIS NV
2013-08-31,2.8556,STLAP.PA,STELLANTIS NV
2013-09-30,2.6828,STLAP.PA,STELLANTIS NV
2013-10-31,2.7644,STLAP.PA,STELLANTIS NV
2013-11-30,2.7932,STLAP.PA,STELLANTIS NV
2013-12-31,3.5131,STLAP.PA,STELLANTIS NV
2014-01-31,3.6427,STLAP.PA,STELLANTIS NV
2014-02-28,4.065,STLAP.PA,STELLANTIS NV
2014-03-31,4.1178,STLAP.PA,STELLANTIS NV
2014-04-30,3.6475,STLAP.PA,STELLANTIS NV
2014-05-31,3.4363,STLAP.PA,STELLANTIS NV
2014-06-30,3.4843,STLAP.PA,STELLANTIS NV
2014-07-31,3.6715,STLAP.PA,STELLANTIS NV
2014-08-31,3.6667,STLAP.PA,STELLANTIS NV
2014-09-30,3.3067,STLAP.PA,STELLANTIS NV
2014-10-31,3.3067,STLAP.PA,STELLANTIS NV
2014-11-30,3.3067,STLAP.PA,STELLANTIS NV
2014-12-31,3.3067,STLAP.PA,STELLANTIS NV
2015-01-31,3.3067,STLAP.PA,STELLANTIS NV
2015-02-28,3.3067,STLAP.PA,STELLANTIS NV
2015-03-31,3.3067,STLAP.PA,STELLANTIS NV
2015-04-30,3.3067,STLAP.PA,STELLANTIS NV
2015-05-31,3.3067,STLAP.PA,STELLANTIS NV
2015-06-30,3.3067,STLAP.PA,STELLANTIS NV
2015-07-31,3.3067,STLAP.PA,STELLANTIS NV
2015-08-31,3.3067,STLAP.PA,STELLANTIS NV
2015-09-30,3.3067,STLAP.PA,STELLANTIS NV
2015-10-31,3.3067,STLAP.PA,STELLANTIS NV
2015-11-30,3.3067,STLAP.PA,STELLANTIS NV
2015-12-31,3.3067,STLAP.PA,STELLANTIS NV
2016-01-31,3.3067,STLAP.PA,STELLANTIS NV
2016-02-29,3.3067,STLAP.PA,STELLANTIS NV
2016-03-31,3.3067,STLAP.PA,STELLANTIS NV
2016-04-30,3.3067,STLAP.PA,STELLANTIS NV
2016-05-31,3.3067,STLAP.PA,STELLANTIS NV
2016-06-30,3.3067,STLAP.PA,STELLANTIS NV
2016-07-31,3.3067,STLAP.PA,STELLANTIS NV
2016-08-31,3.3067,STLAP.PA,STELLANTIS NV
2016-09-30,3.3067,STLAP.PA,STELLANTIS NV
2016-10-31,3.3067,STLAP.PA,STELLANTIS NV
2016-11-30,3.3067,STLAP.PA,STELLANTIS NV
2016-12-31,3.3067,STLAP.PA,STELLANTIS NV
2017-01-31,3.3067,STLAP.PA,STELLANTIS NV
2017-02-28,3.3067,STLAP.PA,STELLANTIS NV
2017-03-31,3.3067,STLAP.PA,STELLANTIS NV
2017-04-30,3.3067,STLAP.PA,STELLANTIS NV
2017-05-31,3.3067,STLAP.PA,STELLANTIS NV
2017-06-30,3.3067,STLAP.PA,STELLANTIS NV
2017-07-31,3.3067,STLAP.PA,STELLANTIS NV
2017-08-31,3.3067,STLAP.PA,STELLANTIS NV
2017-09-30,3.3067,STLAP.PA,STELLANTIS NV
2017-10-31,3.3067,STLAP.PA,STELLANTIS NV
2017-11-30,3.3067,STLAP.PA,STELLANTIS NV
2017-12-31,3.3067,STLAP.PA,STELLANTIS NV
2018-01-31,3.3067,STLAP.PA,STELLANTIS NV
2018-02-28,3.3067,STLAP.PA,STELLANTIS NV
2018-03-31,3.3067,STLAP.PA,STELLANTIS NV
2018-04-30,3.3067,STLAP.PA,STELLANTIS NV
2018-05-31,3.3067,STLAP.PA,STELLANTIS NV
2018-06-30,3.3067,STLAP.PA,STELLANTIS NV
2018-07-31,3.3067,STLAP.PA,STELLANTIS NV
2018-08-31,3.3067,STLAP.PA,STELLANTIS NV
2018-09-30,3.3067,STLAP.PA,STELLANTIS NV
2018-10-31,3.3067,STLAP.PA,STELLANTIS NV
2018-11-30,3.3067,STLAP.PA,STELLANTIS NV
2018-12-31,3.3067,STLAP.PA,STELLANTIS NV
2019-01-31,3.3067,STLAP.PA,STELLANTIS NV
2019-02-28,3.3067,STLAP.PA,STELLANTIS NV
2019-03-31,3.3067,STLAP.PA,STELLANTIS NV
2019-04-30,3.3067,STLAP.PA,STELLANTIS NV
2019-05-31,3.3067,STLAP.PA,STELLANTIS NV
2019-06-30,3.3067,STLAP.PA,STELLANTIS NV
2019-07-31,3.3067,STLAP.PA,STELLANTIS NV
2019-08-31,3.3067,STLAP.PA,STELLANTIS NV
2019-09-30,3.3067,STLAP.PA,STELLANTIS NV
2019-10-31,3.3067,STLAP.PA,STELLANTIS NV
2019-11-30,3.3067,STLAP.PA,STELLANTIS NV
2019-12-31,3.3067,STLAP.PA,STELLANTIS NV
2020-01-31,3.3067,STLAP.PA,STELLANTIS NV
2020-02-29,3.3067,STLAP.PA,STELLANTIS NV
2020-03-31,3.3067,STLAP.PA,STELLANTIS NV
2020-04-30,3.3067,STLAP.PA,STELLANTIS NV
2020-05-31,3.3067,STLAP.PA,STELLANTIS NV
2020-06-30,3.3067,STLAP.PA,STELLANTIS NV
2020-07-31,3.3067,STLAP.PA,STELLANTIS NV
2020-08-31,3.3067,STLAP.PA,STELLANTIS NV
2020-09-30,3.3067,STLAP.PA,STELLANTIS NV
2020-10-31,3.3067,STLAP.PA,STELLANTIS NV
2020-11-30,3.3067,STLAP.PA,STELLANTIS NV
2020-12-31,8.359,STLAP.PA,STELLANTIS NV
2021-01-31,8.9668,STLAP.PA,STELLANTIS NV
2021-02-28,10.7603,STLAP.PA,STELLANTIS NV
2021-03-31,10.0639,STLAP.PA,STELLANTIS NV
2021-04-30,11.8467,STLAP.PA,STELLANTIS NV
2021-05-31,12.0551,STLAP.PA,STELLANTIS NV
2021-06-30,11.8,STLAP.PA,STELLANTIS NV
2021-07-31,12.3452,STLAP.PA,STELLANTIS NV
2021-08-31,12.0814,STLAP.PA,STELLANTIS NV
2021-09-30,12.5639,STLAP.PA,STELLANTIS NV
2021-10-31,11.0158,STLAP.PA,STELLANTIS NV
2021-11-30,12.1557,STLAP.PA,STELLANTIS NV
2021-12-31,12.3671,STLAP.PA,STELLANTIS NV
2022-01-31,11.9414,STLAP.PA,STELLANTIS NV
2022-02-28,10.7855,STLAP.PA,STELLANTIS NV
2022-03-31,10.2372,STLAP.PA,STELLANTIS NV
2022-04-30,10.9644,STLAP.PA,STELLANTIS NV
2022-05-31,9.2724,STLAP.PA,STELLANTIS NV
2022-06-30,10.9565,STLAP.PA,STELLANTIS NV
2022-07-31,10.4954,STLAP.PA,STELLANTIS NV
2022-08-31,9.6611,STLAP.PA,STELLANTIS NV
2022-09-30,10.7378,STLAP.PA,STELLANTIS NV
2022-10-31,11.7136,STLAP.PA,STELLANTIS NV
2022-11-30,10.4434,STLAP.PA,STELLANTIS NV
2022-12-31,11.3217,STLAP.PA,STELLANTIS NV
2023-01-31,13.009,STLAP.PA,STELLANTIS NV
2023-02-28,13.1648,STLAP.PA,STELLANTIS NV
2023-03-31,12.8808,STLAP.PA,STELLANTIS NV
2023-04-30,12.1917,STLAP.PA,STELLANTIS NV
2023-05-31,13.8156,STLAP.PA,STELLANTIS NV
2023-06-30,16.0271,STLAP.PA,STELLANTIS NV
2023-07-31,14.7314,STLAP.PA,STELLANTIS NV
2023-08-31,15.6387,STLAP.PA,STELLANTIS NV
2023-09-30,15.1284,STLAP.PA,STELLANTIS NV
2023-10-31,17.1028,STLAP.PA,STELLANTIS NV
2023-11-30,18.1673,STLAP.PA,STELLANTIS NV
2023-12-31,17.6045,STLAP.PA,STELLANTIS NV
2024-01-31,20.7319,STLAP.PA,STELLANTIS NV
2024-02-29,22.6178,STLAP.PA,STELLANTIS NV
2024-03-31,19.1656,STLAP.PA,STELLANTIS NV
2024-04-30,18.5644,STLAP.PA,STELLANTIS NV
2024-05-31,16.959,STLAP.PA,STELLANTIS NV
2024-06-30,14.1429,STLAP.PA,STELLANTIS NV
2024-07-31,13.8988,STLAP.PA,STELLANTIS NV
2024-08-31,11.3837,STLAP.PA,STELLANTIS NV
2024-09-30,11.5655,STLAP.PA,STELLANTIS NV
2024-10-31,11.4994,STLAP.PA,STELLANTIS NV
2024-11-30,11.6059,STLAP.PA,STELLANTIS NV
2024-12-31,11.8959,STLAP.PA,STELLANTIS NV
2025-01-31,11.3525,STLAP.PA,STELLANTIS NV
2025-02-28,9.4286,STLAP.PA,STELLANTIS NV
2025-03-31,8.148,STLAP.PA,STELLANTIS NV
2025-04-30,8.957,STLAP.PA,STELLANTIS NV
2025-05-31,8.508,STLAP.PA,STELLANTIS NV
2025-06-30,7.765,STLAP.PA,STELLANTIS NV
2025-07-31,8.179,STLAP.PA,STELLANTIS NV
2025-08-31,7.871,STLAP.PA,STELLANTIS NV
2025-09-30,8.777,STLAP.PA,STELLANTIS NV
2025-10-31,9.199,STLAP.PA,STELLANTIS NV
2025-11-30,9.4,STLAP.PA,STELLANTIS NV
2025-12-31,8.287,STLAP.PA,STELLANTIS NV
2026-01-31,6.935,STLAP.PA,STELLANTIS NV
2026-02-28,6.069,STLAP.PA,STELLANTIS NV
2026-03-31,6.215,STLAP.PA,STELLANTIS NV
2026-04-30,6.857,STLAP.PA,STELLANTIS NV
2026-05-31,4.982,STLAP.PA,STELLANTIS NV
2026-06-30,,STLAP.PA,STELLANTIS NV
2008-09-30,4.6943,AD.AS,KONINKLIJKE AHOLD DELHAIZE N.V.
2008-10-31,4.9041,AD.AS,KONINKLIJKE AHOLD DELHAIZE N.V.
2008-11-30,4.9316,AD.AS,KONINKLIJKE AHOLD DELHAIZE N.V.
2008-12-31,5.28,AD.AS,KONINKLIJKE AHOLD DELHAIZE N.V.
2009-01-31,4.9708,AD.AS,KONINKLIJKE AHOLD DELHAIZE N.V.
2009-02-28,4.6286,AD.AS,KONINKLIJKE AHOLD DELHAIZE N.V.
2009-03-31,4.7728,AD.AS,KONINKLIJKE AHOLD DELHAIZE N.V.
2009-04-30,4.9052,AD.AS,KONINKLIJKE AHOLD DELHAIZE N.V.
2009-05-31,4.6881,AD.AS,KONINKLIJKE AHOLD DELHAIZE N.V.
2009-06-30,4.5706,AD.AS,KONINKLIJKE AHOLD DELHAIZE N.V.
2009-07-31,4.6806,AD.AS,KONINKLIJKE AHOLD DELHAIZE N.V.
2009-08-31,4.7087,AD.AS,KONINKLIJKE AHOLD DELHAIZE N.V.
2009-09-30,4.9149,AD.AS,KONINKLIJKE AHOLD DELHAIZE N.V.
2009-10-31,5.1435,AD.AS,KONINKLIJKE AHOLD DELHAIZE N.V.
2009-11-30,5.3044,AD.AS,KONINKLIJKE AHOLD DELHAIZE N.V.
2009-12-31,5.2122,AD.AS,KONINKLIJKE AHOLD DELHAIZE N.V.
2010-01-31,5.1555,AD.AS,KONINKLIJKE AHOLD DELHAIZE N.V.
2010-02-28,5.6539,AD.AS,KONINKLIJKE AHOLD DELHAIZE N.V.
2010-03-31,6.0446,AD.AS,KONINKLIJKE AHOLD DELHAIZE N.V.
2010-04-30,5.9978,AD.AS,KONINKLIJKE AHOLD DELHAIZE N.V.
2010-05-31,5.9538,AD.AS,KONINKLIJKE AHOLD DELHAIZE N.V.
2010-06-30,5.7693,AD.AS,KONINKLIJKE AHOLD DELHAIZE N.V.
2010-07-31,5.6903,AD.AS,KONINKLIJKE AHOLD DELHAIZE N.V.
2010-08-31,5.7916,AD.AS,KONINKLIJKE AHOLD DELHAIZE N.V.
2010-09-30,5.8162,AD.AS,KONINKLIJKE AHOLD DELHAIZE N.V.
2010-10-31,5.453,AD.AS,KONINKLIJKE AHOLD DELHAIZE N.V.
2010-11-30,5.7846,AD.AS,KONINKLIJKE AHOLD DELHAIZE N.V.
2010-12-31,5.7928,AD.AS,KONINKLIJKE AHOLD DELHAIZE N.V.
2011-01-31,5.6979,AD.AS,KONINKLIJKE AHOLD DELHAIZE N.V.
2011-02-28,5.5456,AD.AS,KONINKLIJKE AHOLD DELHAIZE N.V.
2011-03-31,5.7241,AD.AS,KONINKLIJKE AHOLD DELHAIZE N.V.
2011-04-30,5.9831,AD.AS,KONINKLIJKE AHOLD DELHAIZE N.V.
2011-05-31,5.5954,AD.AS,KONINKLIJKE AHOLD DELHAIZE N.V.
2011-06-30,5.6087,AD.AS,KONINKLIJKE AHOLD DELHAIZE N.V.
2011-07-31,4.8974,AD.AS,KONINKLIJKE AHOLD DELHAIZE N.V.
2011-08-31,5.3237,AD.AS,KONINKLIJKE AHOLD DELHAIZE N.V.
2011-09-30,5.5948,AD.AS,KONINKLIJKE AHOLD DELHAIZE N.V.
2011-10-31,5.7132,AD.AS,KONINKLIJKE AHOLD DELHAIZE N.V.
2011-11-30,6.2832,AD.AS,KONINKLIJKE AHOLD DELHAIZE N.V.
2011-12-31,6.1172,AD.AS,KONINKLIJKE AHOLD DELHAIZE N.V.
2012-01-31,6.2681,AD.AS,KONINKLIJKE AHOLD DELHAIZE N.V.
2012-02-29,6.2742,AD.AS,KONINKLIJKE AHOLD DELHAIZE N.V.
2012-03-31,6.0176,AD.AS,KONINKLIJKE AHOLD DELHAIZE N.V.
2012-04-30,5.9667,AD.AS,KONINKLIJKE AHOLD DELHAIZE N.V.
2012-05-31,6.1382,AD.AS,KONINKLIJKE AHOLD DELHAIZE N.V.
2012-06-30,6.2142,AD.AS,KONINKLIJKE AHOLD DELHAIZE N.V.
2012-07-31,6.1733,AD.AS,KONINKLIJKE AHOLD DELHAIZE N.V.
2012-08-31,6.1212,AD.AS,KONINKLIJKE AHOLD DELHAIZE N.V.
2012-09-30,6.1689,AD.AS,KONINKLIJKE AHOLD DELHAIZE N.V.
2012-10-31,6.1269,AD.AS,KONINKLIJKE AHOLD DELHAIZE N.V.
2012-11-30,6.3649,AD.AS,KONINKLIJKE AHOLD DELHAIZE N.V.
2012-12-31,6.7951,AD.AS,KONINKLIJKE AHOLD DELHAIZE N.V.
2013-01-31,6.9081,AD.AS,KONINKLIJKE AHOLD DELHAIZE N.V.
2013-02-28,7.5079,AD.AS,KONINKLIJKE AHOLD DELHAIZE N.V.
2013-03-31,7.8173,AD.AS,KONINKLIJKE AHOLD DELHAIZE N.V.
2013-04-30,8.1729,AD.AS,KONINKLIJKE AHOLD DELHAIZE N.V.
2013-05-31,7.4617,AD.AS,KONINKLIJKE AHOLD DELHAIZE N.V.
2013-06-30,8.0816,AD.AS,KONINKLIJKE AHOLD DELHAIZE N.V.
2013-07-31,7.8662,AD.AS,KONINKLIJKE AHOLD DELHAIZE N.V.
2013-08-31,8.3556,AD.AS,KONINKLIJKE AHOLD DELHAIZE N.V.
2013-09-30,9.1485,AD.AS,KONINKLIJKE AHOLD DELHAIZE N.V.
2013-10-31,8.7439,AD.AS,KONINKLIJKE AHOLD DELHAIZE N.V.
2013-11-30,8.5155,AD.AS,KONINKLIJKE AHOLD DELHAIZE N.V.
2013-12-31,8.0685,AD.AS,KONINKLIJKE AHOLD DELHAIZE N.V.
2014-01-31,8.8222,AD.AS,KONINKLIJKE AHOLD DELHAIZE N.V.
2014-02-28,9.4847,AD.AS,KONINKLIJKE AHOLD DELHAIZE N.V.
2014-03-31,9.3599,AD.AS,KONINKLIJKE AHOLD DELHAIZE N.V.
2014-04-30,8.9728,AD.AS,KONINKLIJKE AHOLD DELHAIZE N.V.
2014-05-31,9.2286,AD.AS,KONINKLIJKE AHOLD DELHAIZE N.V.
2014-06-30,8.7877,AD.AS,KONINKLIJKE AHOLD DELHAIZE N.V.
2014-07-31,8.7507,AD.AS,KONINKLIJKE AHOLD DELHAIZE N.V.
2014-08-31,8.6295,AD.AS,KONINKLIJKE AHOLD DELHAIZE N.V.
2014-09-30,8.9796,AD.AS,KONINKLIJKE AHOLD DELHAIZE N.V.
2014-10-31,9.5618,AD.AS,KONINKLIJKE AHOLD DELHAIZE N.V.
2014-11-30,9.9321,AD.AS,KONINKLIJKE AHOLD DELHAIZE N.V.
2014-12-31,10.7937,AD.AS,KONINKLIJKE AHOLD DELHAIZE N.V.
2015-01-31,11.285,AD.AS,KONINKLIJKE AHOLD DELHAIZE N.V.
2015-02-28,12.352,AD.AS,KONINKLIJKE AHOLD DELHAIZE N.V.
2015-03-31,11.9412,AD.AS,KONINKLIJKE AHOLD DELHAIZE N.V.
2015-04-30,12.7798,AD.AS,KONINKLIJKE AHOLD DELHAIZE N.V.
2015-05-31,11.596,AD.AS,KONINKLIJKE AHOLD DELHAIZE N.V.
2015-06-30,12.5106,AD.AS,KONINKLIJKE AHOLD DELHAIZE N.V.
2015-07-31,12.1586,AD.AS,KONINKLIJKE AHOLD DELHAIZE N.V.
2015-08-31,12.0171,AD.AS,KONINKLIJKE AHOLD DELHAIZE N.V.
2015-09-30,12.7832,AD.AS,KONINKLIJKE AHOLD DELHAIZE N.V.
2015-10-31,14.212,AD.AS,KONINKLIJKE AHOLD DELHAIZE N.V.
2015-11-30,13.722,AD.AS,KONINKLIJKE AHOLD DELHAIZE N.V.
2015-12-31,14.3743,AD.AS,KONINKLIJKE AHOLD DELHAIZE N.V.
2016-01-31,13.9567,AD.AS,KONINKLIJKE AHOLD DELHAIZE N.V.
2016-02-29,13.646,AD.AS,KONINKLIJKE AHOLD DELHAIZE N.V.
2016-03-31,13.4677,AD.AS,KONINKLIJKE AHOLD DELHAIZE N.V.
2016-04-30,14.1128,AD.AS,KONINKLIJKE AHOLD DELHAIZE N.V.
2016-05-31,14.1057,AD.AS,KONINKLIJKE AHOLD DELHAIZE N.V.
2016-06-30,15.1751,AD.AS,KONINKLIJKE AHOLD DELHAIZE N.V.
2016-07-31,15.2497,AD.AS,KONINKLIJKE AHOLD DELHAIZE N.V.
2016-08-31,14.4149,AD.AS,KONINKLIJKE AHOLD DELHAIZE N.V.
2016-09-30,14.7737,AD.AS,KONINKLIJKE AHOLD DELHAIZE N.V.
2016-10-31,13.2213,AD.AS,KONINKLIJKE AHOLD DELHAIZE N.V.
2016-11-30,14.2302,AD.AS,KONINKLIJKE AHOLD DELHAIZE N.V.
2016-12-31,13.9922,AD.AS,KONINKLIJKE AHOLD DELHAIZE N.V.
2017-01-31,14.2515,AD.AS,KONINKLIJKE AHOLD DELHAIZE N.V.
2017-02-28,14.2515,AD.AS,KONINKLIJKE AHOLD DELHAIZE N.V.
2017-03-31,13.9219,AD.AS,KONINKLIJKE AHOLD DELHAIZE N.V.
2017-04-30,14.3684,AD.AS,KONINKLIJKE AHOLD DELHAIZE N.V.
2017-05-31,12.253,AD.AS,KONINKLIJKE AHOLD DELHAIZE N.V.
2017-06-30,12.6593,AD.AS,KONINKLIJKE AHOLD DELHAIZE N.V.
2017-07-31,11.0526,AD.AS,KONINKLIJKE AHOLD DELHAIZE N.V.
2017-08-31,11.5796,AD.AS,KONINKLIJKE AHOLD DELHAIZE N.V.
2017-09-30,11.8248,AD.AS,KONINKLIJKE AHOLD DELHAIZE N.V.
2017-10-31,13.1716,AD.AS,KONINKLIJKE AHOLD DELHAIZE N.V.
2017-11-30,13.4205,AD.AS,KONINKLIJKE AHOLD DELHAIZE N.V.
2017-12-31,13.1533,AD.AS,KONINKLIJKE AHOLD DELHAIZE N.V.
2018-01-31,13.5427,AD.AS,KONINKLIJKE AHOLD DELHAIZE N.V.
2018-02-28,14.0844,AD.AS,KONINKLIJKE AHOLD DELHAIZE N.V.
2018-03-31,15.126,AD.AS,KONINKLIJKE AHOLD DELHAIZE N.V.
2018-04-30,14.8606,AD.AS,KONINKLIJKE AHOLD DELHAIZE N.V.
2018-05-31,15.5041,AD.AS,KONINKLIJKE AHOLD DELHAIZE N.V.
2018-06-30,16.4492,AD.AS,KONINKLIJKE AHOLD DELHAIZE N.V.
2018-07-31,15.8481,AD.AS,KONINKLIJKE AHOLD DELHAIZE N.V.
2018-08-31,14.9332,AD.AS,KONINKLIJKE AHOLD DELHAIZE N.V.
2018-09-30,15.2961,AD.AS,KONINKLIJKE AHOLD DELHAIZE N.V.
2018-10-31,17.1675,AD.AS,KONINKLIJKE AHOLD DELHAIZE N.V.
2018-11-30,16.6912,AD.AS,KONINKLIJKE AHOLD DELHAIZE N.V.
2018-12-31,17.4057,AD.AS,KONINKLIJKE AHOLD DELHAIZE N.V.
2019-01-31,17.1448,AD.AS,KONINKLIJKE AHOLD DELHAIZE N.V.
2019-02-28,17.9387,AD.AS,KONINKLIJKE AHOLD DELHAIZE N.V.
2019-03-31,16.7369,AD.AS,KONINKLIJKE AHOLD DELHAIZE N.V.
2019-04-30,15.7035,AD.AS,KONINKLIJKE AHOLD DELHAIZE N.V.
2019-05-31,15.425,AD.AS,KONINKLIJKE AHOLD DELHAIZE N.V.
2019-06-30,15.953,AD.AS,KONINKLIJKE AHOLD DELHAIZE N.V.
2019-07-31,16.8397,AD.AS,KONINKLIJKE AHOLD DELHAIZE N.V.
2019-08-31,18.161,AD.AS,KONINKLIJKE AHOLD DELHAIZE N.V.
2019-09-30,17.6625,AD.AS,KONINKLIJKE AHOLD DELHAIZE N.V.
2019-10-31,18.5012,AD.AS,KONINKLIJKE AHOLD DELHAIZE N.V.
2019-11-30,17.6388,AD.AS,KONINKLIJKE AHOLD DELHAIZE N.V.
2019-12-31,17.5637,AD.AS,KONINKLIJKE AHOLD DELHAIZE N.V.
2020-01-31,16.7567,AD.AS,KONINKLIJKE AHOLD DELHAIZE N.V.
2020-02-29,16.8397,AD.AS,KONINKLIJKE AHOLD DELHAIZE N.V.
2020-03-31,17.8993,AD.AS,KONINKLIJKE AHOLD DELHAIZE N.V.
2020-04-30,18.4243,AD.AS,KONINKLIJKE AHOLD DELHAIZE N.V.
2020-05-31,19.5955,AD.AS,KONINKLIJKE AHOLD DELHAIZE N.V.
2020-06-30,19.7651,AD.AS,KONINKLIJKE AHOLD DELHAIZE N.V.
2020-07-31,20.7669,AD.AS,KONINKLIJKE AHOLD DELHAIZE N.V.
2020-08-31,20.7916,AD.AS,KONINKLIJKE AHOLD DELHAIZE N.V.
2020-09-30,19.4247,AD.AS,KONINKLIJKE AHOLD DELHAIZE N.V.
2020-10-31,19.7541,AD.AS,KONINKLIJKE AHOLD DELHAIZE N.V.
2020-11-30,19.0295,AD.AS,KONINKLIJKE AHOLD DELHAIZE N.V.
2020-12-31,19.4247,AD.AS,KONINKLIJKE AHOLD DELHAIZE N.V.
2021-01-31,17.9837,AD.AS,KONINKLIJKE AHOLD DELHAIZE N.V.
2021-02-28,19.5565,AD.AS,KONINKLIJKE AHOLD DELHAIZE N.V.
2021-03-31,18.7647,AD.AS,KONINKLIJKE AHOLD DELHAIZE N.V.
2021-04-30,19.7997,AD.AS,KONINKLIJKE AHOLD DELHAIZE N.V.
2021-05-31,21.0107,AD.AS,KONINKLIJKE AHOLD DELHAIZE N.V.
2021-06-30,21.9536,AD.AS,KONINKLIJKE AHOLD DELHAIZE N.V.
2021-07-31,24.3134,AD.AS,KONINKLIJKE AHOLD DELHAIZE N.V.
2021-08-31,24.4538,AD.AS,KONINKLIJKE AHOLD DELHAIZE N.V.
2021-09-30,23.9389,AD.AS,KONINKLIJKE AHOLD DELHAIZE N.V.
2021-10-31,25.2325,AD.AS,KONINKLIJKE AHOLD DELHAIZE N.V.
2021-11-30,25.6452,AD.AS,KONINKLIJKE AHOLD DELHAIZE N.V.
2021-12-31,24.4708,AD.AS,KONINKLIJKE AHOLD DELHAIZE N.V.
2022-01-31,23.3858,AD.AS,KONINKLIJKE AHOLD DELHAIZE N.V.
2022-02-28,24.7772,AD.AS,KONINKLIJKE AHOLD DELHAIZE N.V.
2022-03-31,24.3505,AD.AS,KONINKLIJKE AHOLD DELHAIZE N.V.
2022-04-30,22.283,AD.AS,KONINKLIJKE AHOLD DELHAIZE N.V.
2022-05-31,21.5505,AD.AS,KONINKLIJKE AHOLD DELHAIZE N.V.
2022-06-30,23.3059,AD.AS,KONINKLIJKE AHOLD DELHAIZE N.V.
2022-07-31,24.1503,AD.AS,KONINKLIJKE AHOLD DELHAIZE N.V.
2022-08-31,23.0354,AD.AS,KONINKLIJKE AHOLD DELHAIZE N.V.
2022-09-30,24.8995,AD.AS,KONINKLIJKE AHOLD DELHAIZE N.V.
2022-10-31,24.5161,AD.AS,KONINKLIJKE AHOLD DELHAIZE N.V.
2022-11-30,23.6567,AD.AS,KONINKLIJKE AHOLD DELHAIZE N.V.
2022-12-31,24.1371,AD.AS,KONINKLIJKE AHOLD DELHAIZE N.V.
2023-01-31,26.4552,AD.AS,KONINKLIJKE AHOLD DELHAIZE N.V.
2023-02-28,27.7552,AD.AS,KONINKLIJKE AHOLD DELHAIZE N.V.
2023-03-31,28.0459,AD.AS,KONINKLIJKE AHOLD DELHAIZE N.V.
2023-04-30,26.6445,AD.AS,KONINKLIJKE AHOLD DELHAIZE N.V.
2023-05-31,28.0819,AD.AS,KONINKLIJKE AHOLD DELHAIZE N.V.
2023-06-30,28.1941,AD.AS,KONINKLIJKE AHOLD DELHAIZE N.V.
2023-07-31,27.5386,AD.AS,KONINKLIJKE AHOLD DELHAIZE N.V.
2023-08-31,26.0282,AD.AS,KONINKLIJKE AHOLD DELHAIZE N.V.
2023-09-30,25.5537,AD.AS,KONINKLIJKE AHOLD DELHAIZE N.V.
2023-10-31,24.2395,AD.AS,KONINKLIJKE AHOLD DELHAIZE N.V.
2023-11-30,23.7421,AD.AS,KONINKLIJKE AHOLD DELHAIZE N.V.
2023-12-31,23.7375,AD.AS,KONINKLIJKE AHOLD DELHAIZE N.V.
2024-01-31,25.1156,AD.AS,KONINKLIJKE AHOLD DELHAIZE N.V.
2024-02-29,25.2981,AD.AS,KONINKLIJKE AHOLD DELHAIZE N.V.
2024-03-31,26.5491,AD.AS,KONINKLIJKE AHOLD DELHAIZE N.V.
2024-04-30,26.6424,AD.AS,KONINKLIJKE AHOLD DELHAIZE N.V.
2024-05-31,25.7556,AD.AS,KONINKLIJKE AHOLD DELHAIZE N.V.
2024-06-30,27.8,AD.AS,KONINKLIJKE AHOLD DELHAIZE N.V.
2024-07-31,29.4783,AD.AS,KONINKLIJKE AHOLD DELHAIZE N.V.
2024-08-31,29.4498,AD.AS,KONINKLIJKE AHOLD DELHAIZE N.V.
2024-09-30,28.7665,AD.AS,KONINKLIJKE AHOLD DELHAIZE N.V.
2024-10-31,30.9873,AD.AS,KONINKLIJKE AHOLD DELHAIZE N.V.
2024-11-30,29.8864,AD.AS,KONINKLIJKE AHOLD DELHAIZE N.V.
2024-12-31,32.4204,AD.AS,KONINKLIJKE AHOLD DELHAIZE N.V.
2025-01-31,32.2401,AD.AS,KONINKLIJKE AHOLD DELHAIZE N.V.
2025-02-28,32.8001,AD.AS,KONINKLIJKE AHOLD DELHAIZE N.V.
2025-03-31,34.9994,AD.AS,KONINKLIJKE AHOLD DELHAIZE N.V.
2025-04-30,36.0066,AD.AS,KONINKLIJKE AHOLD DELHAIZE N.V.
2025-05-31,34.3796,AD.AS,KONINKLIJKE AHOLD DELHAIZE N.V.
2025-06-30,33.508,AD.AS,KONINKLIJKE AHOLD DELHAIZE N.V.
2025-07-31,33.6581,AD.AS,KONINKLIJKE AHOLD DELHAIZE N.V.
2025-08-31,33.8546,AD.AS,KONINKLIJKE AHOLD DELHAIZE N.V.
2025-09-30,34.8963,AD.AS,KONINKLIJKE AHOLD DELHAIZE N.V.
2025-10-31,35.0339,AD.AS,KONINKLIJKE AHOLD DELHAIZE N.V.
2025-11-30,34.2674,AD.AS,KONINKLIJKE AHOLD DELHAIZE N.V.
2025-12-31,32.3904,AD.AS,KONINKLIJKE AHOLD DELHAIZE N.V.
2026-01-31,41.0481,AD.AS,KONINKLIJKE AHOLD DELHAIZE N.V.
2026-02-28,39.5937,AD.AS,KONINKLIJKE AHOLD DELHAIZE N.V.
2026-03-31,40.02,AD.AS,KONINKLIJKE AHOLD DELHAIZE N.V.
2026-04-30,36.17,AD.AS,KONINKLIJKE AHOLD DELHAIZE N.V.
2026-05-31,35.22,AD.AS,KONINKLIJKE AHOLD DELHAIZE N.V.
2026-06-30,,AD.AS,KONINKLIJKE AHOLD DELHAIZE N.V.
1999-12-31,87.1517,KER.PA,KERING
2000-01-31,89.2867,KER.PA,KERING
2000-02-29,82.6682,KER.PA,KERING
2000-03-31,94.7524,KER.PA,KERING
2000-04-30,98.51,KER.PA,KERING
2000-05-31,99.364,KER.PA,KERING
2000-06-30,96.5292,KER.PA,KERING
2000-07-31,91.664,KER.PA,KERING
2000-08-31,85.8946,KER.PA,KERING
2000-09-30,90.5445,KER.PA,KERING
2000-10-31,89.5543,KER.PA,KERING
2000-11-30,98.5528,KER.PA,KERING
2000-12-31,96.9167,KER.PA,KERING
2001-01-31,94.3334,KER.PA,KERING
2001-02-28,83.9571,KER.PA,KERING
2001-03-31,83.5697,KER.PA,KERING
2001-04-30,88.2626,KER.PA,KERING
2001-05-31,74.4829,KER.PA,KERING
2001-06-30,73.5682,KER.PA,KERING
2001-07-31,64.5518,KER.PA,KERING
2001-08-31,52.7478,KER.PA,KERING
2001-09-30,55.7097,KER.PA,KERING
2001-10-31,63.9855,KER.PA,KERING
2001-11-30,62.9837,KER.PA,KERING
2001-12-31,52.138,KER.PA,KERING
2002-01-31,52.6607,KER.PA,KERING
2002-02-28,59.02,KER.PA,KERING
2002-03-31,54.8821,KER.PA,KERING
2002-04-30,57.6262,KER.PA,KERING
2002-05-31,53.3171,KER.PA,KERING
2002-06-30,39.5106,KER.PA,KERING
2002-07-31,37.0689,KER.PA,KERING
2002-08-31,28.4121,KER.PA,KERING
2002-09-30,35.8703,KER.PA,KERING
2002-10-31,39.5106,KER.PA,KERING
2002-11-30,31.1201,KER.PA,KERING
2002-12-31,31.1201,KER.PA,KERING
2003-01-31,26.4144,KER.PA,KERING
2003-02-28,20.9273,KER.PA,KERING
2003-03-31,27.7906,KER.PA,KERING
2003-04-30,31.3199,KER.PA,KERING
2003-05-31,30.1523,KER.PA,KERING
2003-06-30,33.071,KER.PA,KERING
2003-07-31,35.9667,KER.PA,KERING
2003-08-31,32.4045,KER.PA,KERING
2003-09-30,40.2873,KER.PA,KERING
2003-10-31,37.5984,KER.PA,KERING
2003-11-30,35.2313,KER.PA,KERING
2003-12-31,37.2537,KER.PA,KERING
2004-01-31,39.9426,KER.PA,KERING
2004-02-29,39.0923,KER.PA,KERING
2004-03-31,39.5749,KER.PA,KERING
2004-04-30,39.5519,KER.PA,KERING
2004-05-31,40.6339,KER.PA,KERING
2004-06-30,38.9979,KER.PA,KERING
2004-07-31,36.0869,KER.PA,KERING
2004-08-31,35.5817,KER.PA,KERING
2004-09-30,35.5336,KER.PA,KERING
2004-10-31,37.6266,KER.PA,KERING
2004-11-30,35.4373,KER.PA,KERING
2004-12-31,38.9017,KER.PA,KERING
2005-01-31,40.5376,KER.PA,KERING
2005-02-28,39.6956,KER.PA,KERING
2005-03-31,36.5921,KER.PA,KERING
2005-04-30,38.7333,KER.PA,KERING
2005-05-31,42.4679,KER.PA,KERING
2005-06-30,41.4473,KER.PA,KERING
2005-07-31,43.2645,KER.PA,KERING
2005-08-31,43.4636,KER.PA,KERING
2005-09-30,43.6379,KER.PA,KERING
2005-10-31,45.5298,KER.PA,KERING
2005-11-30,47.3719,KER.PA,KERING
2005-12-31,47.7951,KER.PA,KERING
2006-01-31,48.1435,KER.PA,KERING
2006-02-28,49.6123,KER.PA,KERING
2006-03-31,51.1805,KER.PA,KERING
2006-04-30,48.1933,KER.PA,KERING
2006-05-31,51.7265,KER.PA,KERING
2006-06-30,54.2687,KER.PA,KERING
2006-07-31,55.929,KER.PA,KERING
2006-08-31,60.6502,KER.PA,KERING
2006-09-30,60.6502,KER.PA,KERING
2006-10-31,59.7683,KER.PA,KERING
2006-11-30,58.7306,KER.PA,KERING
2006-12-31,58.7306,KER.PA,KERING
2007-01-31,58.99,KER.PA,KERING
2007-02-28,62.1082,KER.PA,KERING
2007-03-31,66.3781,KER.PA,KERING
2007-04-30,70.3834,KER.PA,KERING
2007-05-31,69.2581,KER.PA,KERING
2007-06-30,68.7075,KER.PA,KERING
2007-07-31,67.8361,KER.PA,KERING
2007-08-31,70.5303,KER.PA,KERING
2007-09-30,73.139,KER.PA,KERING
2007-10-31,61.4909,KER.PA,KERING
2007-11-30,58.802,KER.PA,KERING
2007-12-31,50.1848,KER.PA,KERING
2008-01-31,48.533,KER.PA,KERING
2008-02-29,50.1688,KER.PA,KERING
2008-03-31,44.9354,KER.PA,KERING
2008-04-30,44.9034,KER.PA,KERING
2008-05-31,40.1393,KER.PA,KERING
2008-06-30,39.8384,KER.PA,KERING
2008-07-31,45.2603,KER.PA,KERING
2008-08-31,36.086,KER.PA,KERING
2008-09-30,28.5533,KER.PA,KERING
2008-10-31,21.5013,KER.PA,KERING
2008-11-30,26.8263,KER.PA,KERING
2008-12-31,22.8139,KER.PA,KERING
2009-01-31,27.3444,KER.PA,KERING
2009-02-28,27.7934,KER.PA,KERING
2009-03-31,33.648,KER.PA,KERING
2009-04-30,36.1006,KER.PA,KERING
2009-05-31,35.4514,KER.PA,KERING
2009-06-30,47.6647,KER.PA,KERING
2009-07-31,49.3838,KER.PA,KERING
2009-08-31,53.395,KER.PA,KERING
2009-09-30,45.33,KER.PA,KERING
2009-10-31,49.1339,KER.PA,KERING
2009-11-30,51.3528,KER.PA,KERING
2009-12-31,53.9192,KER.PA,KERING
2010-01-31,51.3833,KER.PA,KERING
2010-02-28,60.0884,KER.PA,KERING
2010-03-31,61.8441,KER.PA,KERING
2010-04-30,62.0568,KER.PA,KERING
2010-05-31,64.9049,KER.PA,KERING
2010-06-30,64.9682,KER.PA,KERING
2010-07-31,65.0315,KER.PA,KERING
2010-08-31,75.158,KER.PA,KERING
2010-09-30,74.5568,KER.PA,KERING
2010-10-31,77.4681,KER.PA,KERING
2010-11-30,75.3163,KER.PA,KERING
2010-12-31,73.8922,KER.PA,KERING
2011-01-31,69.6201,KER.PA,KERING
2011-02-28,68.4492,KER.PA,KERING
2011-03-31,76.4238,KER.PA,KERING
2011-04-30,78.9916,KER.PA,KERING
2011-05-31,80.1998,KER.PA,KERING
2011-06-30,84.249,KER.PA,KERING
2011-07-31,75.7588,KER.PA,KERING
2011-08-31,63.6243,KER.PA,KERING
2011-09-30,73.7342,KER.PA,KERING
2011-10-31,72.624,KER.PA,KERING
2011-11-30,72.2648,KER.PA,KERING
2011-12-31,78.5671,KER.PA,KERING
2012-01-31,83.3347,KER.PA,KERING
2012-02-29,84.249,KER.PA,KERING
2012-03-31,82.5183,KER.PA,KERING
2012-04-30,77.4129,KER.PA,KERING
2012-05-31,75.5617,KER.PA,KERING
2012-06-30,82.125,KER.PA,KERING
2012-07-31,83.6059,KER.PA,KERING
2012-08-31,80.3748,KER.PA,KERING
2012-09-30,91.3136,KER.PA,KERING
2012-10-31,96.5305,KER.PA,KERING
2012-11-30,94.8139,KER.PA,KERING
2012-12-31,107.7342,KER.PA,KERING
2013-01-31,116.7801,KER.PA,KERING
2013-02-28,116.5761,KER.PA,KERING
2013-03-31,113.6174,KER.PA,KERING
2013-04-30,114.3996,KER.PA,KERING
2013-05-31,107.811,KER.PA,KERING
2013-06-30,118.8234,KER.PA,KERING
2013-07-31,117.9949,KER.PA,KERING
2013-08-31,114.3701,KER.PA,KERING
2013-09-30,115.5438,KER.PA,KERING
2013-10-31,112.7131,KER.PA,KERING
2013-11-30,106.0849,KER.PA,KERING
2013-12-31,103.3129,KER.PA,KERING
2014-01-31,103.6967,KER.PA,KERING
2014-02-28,103.3129,KER.PA,KERING
2014-03-31,111.2332,KER.PA,KERING
2014-04-30,114.8998,KER.PA,KERING
2014-05-31,113.5175,KER.PA,KERING
2014-06-30,113.3758,KER.PA,KERING
2014-07-31,114.2973,KER.PA,KERING
2014-08-31,113.1631,KER.PA,KERING
2014-09-30,109.1229,KER.PA,KERING
2014-10-31,117.7351,KER.PA,KERING
2014-11-30,113.0568,KER.PA,KERING
2014-12-31,128.3615,KER.PA,KERING
2015-01-31,130.2218,KER.PA,KERING
2015-02-28,130.0788,KER.PA,KERING
2015-03-31,119.9853,KER.PA,KERING
2015-04-30,116.2778,KER.PA,KERING
2015-05-31,116.4231,KER.PA,KERING
2015-06-30,127.6547,KER.PA,KERING
2015-07-31,111.0436,KER.PA,KERING
2015-08-31,106.1366,KER.PA,KERING
2015-09-30,122.5296,KER.PA,KERING
2015-10-31,118.8948,KER.PA,KERING
2015-11-30,114.8238,KER.PA,KERING
2015-12-31,113.9755,KER.PA,KERING
2016-01-31,118.1287,KER.PA,KERING
2016-02-29,115.4824,KER.PA,KERING
2016-03-31,110.006,KER.PA,KERING
2016-04-30,108.6503,KER.PA,KERING
2016-05-31,108.8749,KER.PA,KERING
2016-06-30,127.1767,KER.PA,KERING
2016-07-31,127.2141,KER.PA,KERING
2016-08-31,134.4,KER.PA,KERING
2016-09-30,151.2422,KER.PA,KERING
2016-10-31,153.4503,KER.PA,KERING
2016-11-30,159.6632,KER.PA,KERING
2016-12-31,165.9993,KER.PA,KERING
2017-01-31,173.1986,KER.PA,KERING
2017-02-28,182.7726,KER.PA,KERING
2017-03-31,214.5099,KER.PA,KERING
2017-04-30,224.5635,KER.PA,KERING
2017-05-31,227.4621,KER.PA,KERING
2017-06-30,225.4026,KER.PA,KERING
2017-07-31,240.5057,KER.PA,KERING
2017-08-31,257.0962,KER.PA,KERING
2017-09-30,300.1554,KER.PA,KERING
2017-10-31,284.3276,KER.PA,KERING
2017-11-30,299.7739,KER.PA,KERING
2017-12-31,312.7088,KER.PA,KERING
2018-01-31,297.5258,KER.PA,KERING
2018-02-28,298.1393,KER.PA,KERING
2018-03-31,367.7664,KER.PA,KERING
2018-04-30,407.5699,KER.PA,KERING
2018-05-31,402.493,KER.PA,KERING
2018-06-30,379.5219,KER.PA,KERING
2018-07-31,389.5093,KER.PA,KERING
2018-08-31,384.266,KER.PA,KERING
2018-09-30,327.5874,KER.PA,KERING
2018-10-31,319.5974,KER.PA,KERING
2018-11-30,342.5685,KER.PA,KERING
2018-12-31,367.3576,KER.PA,KERING
2019-01-31,403.1277,KER.PA,KERING
2019-02-28,429.2417,KER.PA,KERING
2019-03-31,442.5085,KER.PA,KERING
2019-04-30,396.5131,KER.PA,KERING
2019-05-31,442.5935,KER.PA,KERING
2019-06-30,399.5341,KER.PA,KERING
2019-07-31,374.7706,KER.PA,KERING
2019-08-31,397.8747,KER.PA,KERING
2019-09-30,434.1689,KER.PA,KERING
2019-10-31,465.2296,KER.PA,KERING
2019-11-30,497.9922,KER.PA,KERING
2019-12-31,475.093,KER.PA,KERING
2020-01-31,432.9767,KER.PA,KERING
2020-02-29,407.3816,KER.PA,KERING
2020-03-31,393.942,KER.PA,KERING
2020-04-30,401.9886,KER.PA,KERING
2020-05-31,418.2639,KER.PA,KERING
2020-06-30,416.1045,KER.PA,KERING
2020-07-31,444.4782,KER.PA,KERING
2020-08-31,490.2562,KER.PA,KERING
2020-09-30,447.8468,KER.PA,KERING
2020-10-31,522.5598,KER.PA,KERING
2020-11-30,513.4043,KER.PA,KERING
2020-12-31,469.8763,KER.PA,KERING
2021-01-31,455.3879,KER.PA,KERING
2021-02-28,510.6522,KER.PA,KERING
2021-03-31,578.2359,KER.PA,KERING
2021-04-30,654.5341,KER.PA,KERING
2021-05-31,644.6501,KER.PA,KERING
2021-06-30,661.4442,KER.PA,KERING
2021-07-31,589.5444,KER.PA,KERING
2021-08-31,538.8119,KER.PA,KERING
2021-09-30,566.9772,KER.PA,KERING
2021-10-31,596.0171,KER.PA,KERING
2021-11-30,618.3218,KER.PA,KERING
2021-12-31,576.8857,KER.PA,KERING
2022-01-31,560.0089,KER.PA,KERING
2022-02-28,506.0386,KER.PA,KERING
2022-03-31,451.0133,KER.PA,KERING
2022-04-30,455.7073,KER.PA,KERING
2022-05-31,438.1836,KER.PA,KERING
2022-06-30,497.9074,KER.PA,KERING
2022-07-31,449.717,KER.PA,KERING
2022-08-31,409.9756,KER.PA,KERING
2022-09-30,414.5801,KER.PA,KERING
2022-10-31,507.2951,KER.PA,KERING
2022-11-30,425.1301,KER.PA,KERING
2022-12-31,514.1721,KER.PA,KERING
2023-01-31,500.2025,KER.PA,KERING
2023-02-28,540.7593,KER.PA,KERING
2023-03-31,522.4637,KER.PA,KERING
2023-04-30,456.6289,KER.PA,KERING
2023-05-31,463.2719,KER.PA,KERING
2023-06-30,479.765,KER.PA,KERING
2023-07-31,452.8263,KER.PA,KERING
2023-08-31,395.742,KER.PA,KERING
2023-09-30,351.1191,KER.PA,KERING
2023-10-31,360.7401,KER.PA,KERING
2023-11-30,365.5963,KER.PA,KERING
2023-12-31,355.5277,KER.PA,KERING
2024-01-31,394.3042,KER.PA,KERING
2024-02-29,339.8502,KER.PA,KERING
2024-03-31,306.1296,KER.PA,KERING
2024-04-30,302.9776,KER.PA,KERING
2024-05-31,323.3225,KER.PA,KERING
2024-06-30,271.7437,KER.PA,KERING
2024-07-31,247.3871,KER.PA,KERING
2024-08-31,245.3335,KER.PA,KERING
2024-09-30,218.5889,KER.PA,KERING
2024-10-31,210.8521,KER.PA,KERING
2024-11-30,227.5674,KER.PA,KERING
2024-12-31,244.234,KER.PA,KERING
2025-01-31,261.2422,KER.PA,KERING
2025-02-28,183.9777,KER.PA,KERING
2025-03-31,171.8551,KER.PA,KERING
2025-04-30,169.7688,KER.PA,KERING
2025-05-31,181.7854,KER.PA,KERING
2025-06-30,213.2453,KER.PA,KERING
2025-07-31,225.7051,KER.PA,KERING
2025-08-31,278.3023,KER.PA,KERING
2025-09-30,302.1877,KER.PA,KERING
2025-10-31,288.3982,KER.PA,KERING
2025-11-30,296.4749,KER.PA,KERING
2025-12-31,261.218,KER.PA,KERING
2026-01-31,282.7265,KER.PA,KERING
2026-02-28,253.7518,KER.PA,KERING
2026-03-31,230.0676,KER.PA,KERING
2026-04-30,252.5157,KER.PA,KERING
2026-05-31,247.3,KER.PA,KERING
2026-06-30,,KER.PA,KERING
1999-12-31,11.6402,RI.PA,PERNOD RICARD
2000-01-31,10.9912,RI.PA,PERNOD RICARD
2000-02-29,10.5201,RI.PA,PERNOD RICARD
2000-03-31,10.4155,RI.PA,PERNOD RICARD
2000-04-30,12.0595,RI.PA,PERNOD RICARD
2000-05-31,12.1662,RI.PA,PERNOD RICARD
2000-06-30,12.5824,RI.PA,PERNOD RICARD
2000-07-31,12.6144,RI.PA,PERNOD RICARD
2000-08-31,12.1662,RI.PA,PERNOD RICARD
2000-09-30,11.5259,RI.PA,PERNOD RICARD
2000-10-31,13.7243,RI.PA,PERNOD RICARD
2000-11-30,15.688,RI.PA,PERNOD RICARD
2000-12-31,17.0955,RI.PA,PERNOD RICARD
2001-01-31,16.2299,RI.PA,PERNOD RICARD
2001-02-28,16.4138,RI.PA,PERNOD RICARD
2001-03-31,16.9115,RI.PA,PERNOD RICARD
2001-04-30,17.7536,RI.PA,PERNOD RICARD
2001-05-31,18.1481,RI.PA,PERNOD RICARD
2001-06-30,18.1919,RI.PA,PERNOD RICARD
2001-07-31,18.4001,RI.PA,PERNOD RICARD
2001-08-31,17.5892,RI.PA,PERNOD RICARD
2001-09-30,17.0412,RI.PA,PERNOD RICARD
2001-10-31,18.0823,RI.PA,PERNOD RICARD
2001-11-30,19.0686,RI.PA,PERNOD RICARD
2001-12-31,18.9619,RI.PA,PERNOD RICARD
2002-01-31,19.9599,RI.PA,PERNOD RICARD
2002-02-28,20.2926,RI.PA,PERNOD RICARD
2002-03-31,22.7321,RI.PA,PERNOD RICARD
2002-04-30,21.3238,RI.PA,PERNOD RICARD
2002-05-31,22.2796,RI.PA,PERNOD RICARD
2002-06-30,19.7192,RI.PA,PERNOD RICARD
2002-07-31,20.0224,RI.PA,PERNOD RICARD
2002-08-31,20.4379,RI.PA,PERNOD RICARD
2002-09-30,22.9758,RI.PA,PERNOD RICARD
2002-10-31,20.3144,RI.PA,PERNOD RICARD
2002-11-30,20.7299,RI.PA,PERNOD RICARD
2002-12-31,20.5542,RI.PA,PERNOD RICARD
2003-01-31,20.4207,RI.PA,PERNOD RICARD
2003-02-28,22.197,RI.PA,PERNOD RICARD
2003-03-31,22.3533,RI.PA,PERNOD RICARD
2003-04-30,24.3089,RI.PA,PERNOD RICARD
2003-05-31,22.3263,RI.PA,PERNOD RICARD
2003-06-30,22.197,RI.PA,PERNOD RICARD
2003-07-31,22.4556,RI.PA,PERNOD RICARD
2003-08-31,23.3607,RI.PA,PERNOD RICARD
2003-09-30,23.8492,RI.PA,PERNOD RICARD
2003-10-31,25.4726,RI.PA,PERNOD RICARD
2003-11-30,25.329,RI.PA,PERNOD RICARD
2003-12-31,25.4079,RI.PA,PERNOD RICARD
2004-01-31,28.6747,RI.PA,PERNOD RICARD
2004-02-29,28.7473,RI.PA,PERNOD RICARD
2004-03-31,30.5766,RI.PA,PERNOD RICARD
2004-04-30,30.6062,RI.PA,PERNOD RICARD
2004-05-31,31.0793,RI.PA,PERNOD RICARD
2004-06-30,29.54,RI.PA,PERNOD RICARD
2004-07-31,30.1041,RI.PA,PERNOD RICARD
2004-08-31,31.737,RI.PA,PERNOD RICARD
2004-09-30,32.212,RI.PA,PERNOD RICARD
2004-10-31,33.3402,RI.PA,PERNOD RICARD
2004-11-30,33.4589,RI.PA,PERNOD RICARD
2004-12-31,32.524,RI.PA,PERNOD RICARD
2005-01-31,32.3443,RI.PA,PERNOD RICARD
2005-02-28,32.2545,RI.PA,PERNOD RICARD
2005-03-31,35.1894,RI.PA,PERNOD RICARD
2005-04-30,37.5853,RI.PA,PERNOD RICARD
2005-05-31,39.9043,RI.PA,PERNOD RICARD
2005-06-30,41.8282,RI.PA,PERNOD RICARD
2005-07-31,42.6157,RI.PA,PERNOD RICARD
2005-08-31,44.4936,RI.PA,PERNOD RICARD
2005-09-30,44.1907,RI.PA,PERNOD RICARD
2005-10-31,42.4007,RI.PA,PERNOD RICARD
2005-11-30,44.9954,RI.PA,PERNOD RICARD
2005-12-31,46.7049,RI.PA,PERNOD RICARD
2006-01-31,43.8354,RI.PA,PERNOD RICARD
2006-02-28,48.2617,RI.PA,PERNOD RICARD
2006-03-31,46.9185,RI.PA,PERNOD RICARD
2006-04-30,46.4912,RI.PA,PERNOD RICARD
2006-05-31,47.3154,RI.PA,PERNOD RICARD
2006-06-30,50.2283,RI.PA,PERNOD RICARD
2006-07-31,52.4778,RI.PA,PERNOD RICARD
2006-08-31,50.5673,RI.PA,PERNOD RICARD
2006-09-30,48.3486,RI.PA,PERNOD RICARD
2006-10-31,51.9779,RI.PA,PERNOD RICARD
2006-11-30,54.0918,RI.PA,PERNOD RICARD
2006-12-31,48.8381,RI.PA,PERNOD RICARD
2007-01-31,48.493,RI.PA,PERNOD RICARD
2007-02-28,47.1967,RI.PA,PERNOD RICARD
2007-03-31,48.7293,RI.PA,PERNOD RICARD
2007-04-30,50.7624,RI.PA,PERNOD RICARD
2007-05-31,50.9676,RI.PA,PERNOD RICARD
2007-06-30,48.5195,RI.PA,PERNOD RICARD
2007-07-31,48.4161,RI.PA,PERNOD RICARD
2007-08-31,47.9462,RI.PA,PERNOD RICARD
2007-09-30,49.9733,RI.PA,PERNOD RICARD
2007-10-31,47.8186,RI.PA,PERNOD RICARD
2007-11-30,49.9513,RI.PA,PERNOD RICARD
2007-12-31,45.0225,RI.PA,PERNOD RICARD
2008-01-31,44.4854,RI.PA,PERNOD RICARD
2008-02-29,41.1743,RI.PA,PERNOD RICARD
2008-03-31,46.7602,RI.PA,PERNOD RICARD
2008-04-30,46.1283,RI.PA,PERNOD RICARD
2008-05-31,41.6394,RI.PA,PERNOD RICARD
2008-06-30,35.8195,RI.PA,PERNOD RICARD
2008-07-31,40.8417,RI.PA,PERNOD RICARD
2008-08-31,39.425,RI.PA,PERNOD RICARD
2008-09-30,32.4054,RI.PA,PERNOD RICARD
2008-10-31,29.9379,RI.PA,PERNOD RICARD
2008-11-30,34.3175,RI.PA,PERNOD RICARD
2008-12-31,31.901,RI.PA,PERNOD RICARD
2009-01-31,28.1952,RI.PA,PERNOD RICARD
2009-02-28,27.1942,RI.PA,PERNOD RICARD
2009-03-31,30.9005,RI.PA,PERNOD RICARD
2009-04-30,30.2239,RI.PA,PERNOD RICARD
2009-05-31,30.8215,RI.PA,PERNOD RICARD
2009-06-30,37.8613,RI.PA,PERNOD RICARD
2009-07-31,37.7571,RI.PA,PERNOD RICARD
2009-08-31,37.6877,RI.PA,PERNOD RICARD
2009-09-30,39.4377,RI.PA,PERNOD RICARD
2009-10-31,39.4377,RI.PA,PERNOD RICARD
2009-11-30,41.6043,RI.PA,PERNOD RICARD
2009-12-31,40.4932,RI.PA,PERNOD RICARD
2010-01-31,38.4238,RI.PA,PERNOD RICARD
2010-02-28,43.6599,RI.PA,PERNOD RICARD
2010-03-31,44.4099,RI.PA,PERNOD RICARD
2010-04-30,42.9307,RI.PA,PERNOD RICARD
2010-05-31,44.4307,RI.PA,PERNOD RICARD
2010-06-30,42.1174,RI.PA,PERNOD RICARD
2010-07-31,43.2604,RI.PA,PERNOD RICARD
2010-08-31,42.9519,RI.PA,PERNOD RICARD
2010-09-30,44.6769,RI.PA,PERNOD RICARD
2010-10-31,44.5462,RI.PA,PERNOD RICARD
2010-11-30,49.9167,RI.PA,PERNOD RICARD
2010-12-31,49.3989,RI.PA,PERNOD RICARD
2011-01-31,47.3982,RI.PA,PERNOD RICARD
2011-02-28,46.7526,RI.PA,PERNOD RICARD
2011-03-31,48.1431,RI.PA,PERNOD RICARD
2011-04-30,49.7678,RI.PA,PERNOD RICARD
2011-05-31,48.2212,RI.PA,PERNOD RICARD
2011-06-30,49.5252,RI.PA,PERNOD RICARD
2011-07-31,44.7819,RI.PA,PERNOD RICARD
2011-08-31,42.1523,RI.PA,PERNOD RICARD
2011-09-30,48.3645,RI.PA,PERNOD RICARD
2011-10-31,50.7647,RI.PA,PERNOD RICARD
2011-11-30,51.9389,RI.PA,PERNOD RICARD
2011-12-31,53.1928,RI.PA,PERNOD RICARD
2012-01-31,56.2877,RI.PA,PERNOD RICARD
2012-02-29,56.824,RI.PA,PERNOD RICARD
2012-03-31,56.8312,RI.PA,PERNOD RICARD
2012-04-30,57.2589,RI.PA,PERNOD RICARD
2012-05-31,61.0713,RI.PA,PERNOD RICARD
2012-06-30,63.9736,RI.PA,PERNOD RICARD
2012-07-31,62.6284,RI.PA,PERNOD RICARD
2012-08-31,63.8273,RI.PA,PERNOD RICARD
2012-09-30,60.6985,RI.PA,PERNOD RICARD
2012-10-31,64.302,RI.PA,PERNOD RICARD
2012-11-30,64.5826,RI.PA,PERNOD RICARD
2012-12-31,68.0984,RI.PA,PERNOD RICARD
2013-01-31,73.4088,RI.PA,PERNOD RICARD
2013-02-28,71.7987,RI.PA,PERNOD RICARD
2013-03-31,69.4278,RI.PA,PERNOD RICARD
2013-04-30,68.4603,RI.PA,PERNOD RICARD
2013-05-31,62.9208,RI.PA,PERNOD RICARD
2013-06-30,66.7036,RI.PA,PERNOD RICARD
2013-07-31,65.4664,RI.PA,PERNOD RICARD
2013-08-31,68.4104,RI.PA,PERNOD RICARD
2013-09-30,65.9583,RI.PA,PERNOD RICARD
2013-10-31,62.7779,RI.PA,PERNOD RICARD
2013-11-30,62.3114,RI.PA,PERNOD RICARD
2013-12-31,59.9261,RI.PA,PERNOD RICARD
2014-01-31,64.1775,RI.PA,PERNOD RICARD
2014-02-28,63.5831,RI.PA,PERNOD RICARD
2014-03-31,65.0955,RI.PA,PERNOD RICARD
2014-04-30,67.684,RI.PA,PERNOD RICARD
2014-05-31,65.9909,RI.PA,PERNOD RICARD
2014-06-30,63.5709,RI.PA,PERNOD RICARD
2014-07-31,68.1583,RI.PA,PERNOD RICARD
2014-08-31,68.0824,RI.PA,PERNOD RICARD
2014-09-30,68.9862,RI.PA,PERNOD RICARD
2014-10-31,73.0428,RI.PA,PERNOD RICARD
2014-11-30,70.7054,RI.PA,PERNOD RICARD
2014-12-31,81.6952,RI.PA,PERNOD RICARD
2015-01-31,81.197,RI.PA,PERNOD RICARD
2015-02-28,84.4158,RI.PA,PERNOD RICARD
2015-03-31,85.0672,RI.PA,PERNOD RICARD
2015-04-30,86.2551,RI.PA,PERNOD RICARD
2015-05-31,79.3961,RI.PA,PERNOD RICARD
2015-06-30,84.237,RI.PA,PERNOD RICARD
2015-07-31,72.2406,RI.PA,PERNOD RICARD
2015-08-31,69.6606,RI.PA,PERNOD RICARD
2015-09-30,82.8079,RI.PA,PERNOD RICARD
2015-10-31,83.9708,RI.PA,PERNOD RICARD
2015-11-30,82.0216,RI.PA,PERNOD RICARD
2015-12-31,84.1657,RI.PA,PERNOD RICARD
2016-01-31,76.4938,RI.PA,PERNOD RICARD
2016-02-29,76.408,RI.PA,PERNOD RICARD
2016-03-31,73.5076,RI.PA,PERNOD RICARD
2016-04-30,76.3378,RI.PA,PERNOD RICARD
2016-05-31,78.0453,RI.PA,PERNOD RICARD
2016-06-30,80.4086,RI.PA,PERNOD RICARD
2016-07-31,80.9594,RI.PA,PERNOD RICARD
2016-08-31,82.887,RI.PA,PERNOD RICARD
2016-09-30,85.2473,RI.PA,PERNOD RICARD
2016-10-31,78.6707,RI.PA,PERNOD RICARD
2016-11-30,81.8095,RI.PA,PERNOD RICARD
2016-12-31,86.1006,RI.PA,PERNOD RICARD
2017-01-31,85.7431,RI.PA,PERNOD RICARD
2017-02-28,88.127,RI.PA,PERNOD RICARD
2017-03-31,91.2659,RI.PA,PERNOD RICARD
2017-04-30,96.0735,RI.PA,PERNOD RICARD
2017-05-31,93.1731,RI.PA,PERNOD RICARD
2017-06-30,93.9219,RI.PA,PERNOD RICARD
2017-07-31,91.9594,RI.PA,PERNOD RICARD
2017-08-31,93.7617,RI.PA,PERNOD RICARD
2017-09-30,103.1339,RI.PA,PERNOD RICARD
2017-10-31,105.8685,RI.PA,PERNOD RICARD
2017-11-30,106.5955,RI.PA,PERNOD RICARD
2017-12-31,103.6469,RI.PA,PERNOD RICARD
2018-01-31,109.0595,RI.PA,PERNOD RICARD
2018-02-28,109.2614,RI.PA,PERNOD RICARD
2018-03-31,111.1195,RI.PA,PERNOD RICARD
2018-04-30,116.0877,RI.PA,PERNOD RICARD
2018-05-31,113.0179,RI.PA,PERNOD RICARD
2018-06-30,112.2613,RI.PA,PERNOD RICARD
2018-07-31,110.6744,RI.PA,PERNOD RICARD
2018-08-31,114.9874,RI.PA,PERNOD RICARD
2018-09-30,109.6979,RI.PA,PERNOD RICARD
2018-10-31,116.0109,RI.PA,PERNOD RICARD
2018-11-30,117.7363,RI.PA,PERNOD RICARD
2018-12-31,119.133,RI.PA,PERNOD RICARD
2019-01-31,124.3913,RI.PA,PERNOD RICARD
2019-02-28,131.4571,RI.PA,PERNOD RICARD
2019-03-31,127.6367,RI.PA,PERNOD RICARD
2019-04-30,129.6496,RI.PA,PERNOD RICARD
2019-05-31,133.1414,RI.PA,PERNOD RICARD
2019-06-30,131.6384,RI.PA,PERNOD RICARD
2019-07-31,143.7635,RI.PA,PERNOD RICARD
2019-08-31,135.2387,RI.PA,PERNOD RICARD
2019-09-30,136.9768,RI.PA,PERNOD RICARD
2019-10-31,139.5965,RI.PA,PERNOD RICARD
2019-11-30,133.4834,RI.PA,PERNOD RICARD
2019-12-31,131.0549,RI.PA,PERNOD RICARD
2020-01-31,122.5971,RI.PA,PERNOD RICARD
2020-02-29,108.4029,RI.PA,PERNOD RICARD
2020-03-31,116.484,RI.PA,PERNOD RICARD
2020-04-30,117.3214,RI.PA,PERNOD RICARD
2020-05-31,117.2795,RI.PA,PERNOD RICARD
2020-06-30,123.2884,RI.PA,PERNOD RICARD
2020-07-31,121.1773,RI.PA,PERNOD RICARD
2020-08-31,114.9706,RI.PA,PERNOD RICARD
2020-09-30,116.8707,RI.PA,PERNOD RICARD
2020-10-31,135.1106,RI.PA,PERNOD RICARD
2020-11-30,133.6693,RI.PA,PERNOD RICARD
2020-12-31,132.7315,RI.PA,PERNOD RICARD
2021-01-31,134.1381,RI.PA,PERNOD RICARD
2021-02-28,136.4398,RI.PA,PERNOD RICARD
2021-03-31,145.5187,RI.PA,PERNOD RICARD
2021-04-30,153.5747,RI.PA,PERNOD RICARD
2021-05-31,159.5847,RI.PA,PERNOD RICARD
2021-06-30,159.8014,RI.PA,PERNOD RICARD
2021-07-31,152.8031,RI.PA,PERNOD RICARD
2021-08-31,163.7513,RI.PA,PERNOD RICARD
2021-09-30,170.6208,RI.PA,PERNOD RICARD
2021-10-31,175.3631,RI.PA,PERNOD RICARD
2021-11-30,183.157,RI.PA,PERNOD RICARD
2021-12-31,163.6723,RI.PA,PERNOD RICARD
2022-01-31,169.4311,RI.PA,PERNOD RICARD
2022-02-28,172.592,RI.PA,PERNOD RICARD
2022-03-31,171.1631,RI.PA,PERNOD RICARD
2022-04-30,158.0433,RI.PA,PERNOD RICARD
2022-05-31,151.8082,RI.PA,PERNOD RICARD
2022-06-30,167.3165,RI.PA,PERNOD RICARD
2022-07-31,160.3704,RI.PA,PERNOD RICARD
2022-08-31,165.0011,RI.PA,PERNOD RICARD
2022-09-30,155.2592,RI.PA,PERNOD RICARD
2022-10-31,167.3354,RI.PA,PERNOD RICARD
2022-11-30,162.7303,RI.PA,PERNOD RICARD
2022-12-31,168.1768,RI.PA,PERNOD RICARD
2023-01-31,175.0845,RI.PA,PERNOD RICARD
2023-02-28,184.8262,RI.PA,PERNOD RICARD
2023-03-31,185.4461,RI.PA,PERNOD RICARD
2023-04-30,178.9812,RI.PA,PERNOD RICARD
2023-05-31,179.2468,RI.PA,PERNOD RICARD
2023-06-30,179.4632,RI.PA,PERNOD RICARD
2023-07-31,162.1073,RI.PA,PERNOD RICARD
2023-08-31,141.2177,RI.PA,PERNOD RICARD
2023-09-30,149.8509,RI.PA,PERNOD RICARD
2023-10-31,144.1181,RI.PA,PERNOD RICARD
2023-11-30,145.2089,RI.PA,PERNOD RICARD
2023-12-31,138.6188,RI.PA,PERNOD RICARD
2024-01-31,140.4822,RI.PA,PERNOD RICARD
2024-02-29,136.3009,RI.PA,PERNOD RICARD
2024-03-31,129.0746,RI.PA,PERNOD RICARD
2024-04-30,124.4842,RI.PA,PERNOD RICARD
2024-05-31,115.1672,RI.PA,PERNOD RICARD
2024-06-30,114.8691,RI.PA,PERNOD RICARD
2024-07-31,119.3156,RI.PA,PERNOD RICARD
2024-08-31,125.6149,RI.PA,PERNOD RICARD
2024-09-30,105.8371,RI.PA,PERNOD RICARD
2024-10-31,100.3123,RI.PA,PERNOD RICARD
2024-11-30,103.2487,RI.PA,PERNOD RICARD
2024-12-31,104.3854,RI.PA,PERNOD RICARD
2025-01-31,97.8021,RI.PA,PERNOD RICARD
2025-02-28,86.4447,RI.PA,PERNOD RICARD
2025-03-31,90.1958,RI.PA,PERNOD RICARD
2025-04-30,86.2174,RI.PA,PERNOD RICARD
2025-05-31,80.1361,RI.PA,PERNOD RICARD
2025-06-30,87.7455,RI.PA,PERNOD RICARD
2025-07-31,94.3876,RI.PA,PERNOD RICARD
2025-08-31,81.1229,RI.PA,PERNOD RICARD
2025-09-30,82.5018,RI.PA,PERNOD RICARD
2025-10-31,77.58,RI.PA,PERNOD RICARD
2025-11-30,73.1,RI.PA,PERNOD RICARD
2025-12-31,75.08,RI.PA,PERNOD RICARD
2026-01-31,78.26,RI.PA,PERNOD RICARD
2026-02-28,64.22,RI.PA,PERNOD RICARD
2026-03-31,62.84,RI.PA,PERNOD RICARD
2026-04-30,63.42,RI.PA,PERNOD RICARD
2026-05-31,63.86,RI.PA,PERNOD RICARD
2026-06-30,,RI.PA,PERNOD RICARD
1999-12-31,21.8186,NOKIA.HE,Nokia Corporation
2000-01-31,24.3606,NOKIA.HE,Nokia Corporation
2000-02-29,26.3972,NOKIA.HE,Nokia Corporation
2000-03-31,30.0535,NOKIA.HE,Nokia Corporation
2000-04-30,26.6612,NOKIA.HE,Nokia Corporation
2000-05-31,25.5383,NOKIA.HE,Nokia Corporation
2000-06-30,22.8435,NOKIA.HE,Nokia Corporation
2000-07-31,23.5889,NOKIA.HE,Nokia Corporation
2000-08-31,21.9405,NOKIA.HE,Nokia Corporation
2000-09-30,22.5186,NOKIA.HE,Nokia Corporation
2000-10-31,23.006,NOKIA.HE,Nokia Corporation
2000-11-30,22.6954,NOKIA.HE,Nokia Corporation
2000-12-31,18.0608,NOKIA.HE,Nokia Corporation
2001-01-31,11.7538,NOKIA.HE,Nokia Corporation
2001-02-28,13.1294,NOKIA.HE,Nokia Corporation
2001-03-31,17.9981,NOKIA.HE,Nokia Corporation
2001-04-30,16.4926,NOKIA.HE,Nokia Corporation
2001-05-31,12.9171,NOKIA.HE,Nokia Corporation
2001-06-30,12.1354,NOKIA.HE,Nokia Corporation
2001-07-31,8.3139,NOKIA.HE,Nokia Corporation
2001-08-31,8.1546,NOKIA.HE,Nokia Corporation
2001-09-30,11.209,NOKIA.HE,Nokia Corporation
2001-10-31,12.5938,NOKIA.HE,Nokia Corporation
2001-11-30,13.9739,NOKIA.HE,Nokia Corporation
2001-12-31,12.8978,NOKIA.HE,Nokia Corporation
2002-01-31,11.8556,NOKIA.HE,Nokia Corporation
2002-02-28,11.8256,NOKIA.HE,Nokia Corporation
2002-03-31,8.7655,NOKIA.HE,Nokia Corporation
2002-04-30,7.4673,NOKIA.HE,Nokia Corporation
2002-05-31,7.233,NOKIA.HE,Nokia Corporation
2002-06-30,6.1983,NOKIA.HE,Nokia Corporation
2002-07-31,6.6473,NOKIA.HE,Nokia Corporation
2002-08-31,6.5644,NOKIA.HE,Nokia Corporation
2002-09-30,8.3702,NOKIA.HE,Nokia Corporation
2002-10-31,9.4683,NOKIA.HE,Nokia Corporation
2002-11-30,7.3941,NOKIA.HE,Nokia Corporation
2002-12-31,6.3838,NOKIA.HE,Nokia Corporation
2003-01-31,6.0519,NOKIA.HE,Nokia Corporation
2003-02-28,6.3078,NOKIA.HE,Nokia Corporation
2003-03-31,7.5534,NOKIA.HE,Nokia Corporation
2003-04-30,7.6232,NOKIA.HE,Nokia Corporation
2003-05-31,7.1449,NOKIA.HE,Nokia Corporation
2003-06-30,6.7861,NOKIA.HE,Nokia Corporation
2003-07-31,7.4339,NOKIA.HE,Nokia Corporation
2003-08-31,6.5868,NOKIA.HE,Nokia Corporation
2003-09-30,7.2794,NOKIA.HE,Nokia Corporation
2003-10-31,7.4887,NOKIA.HE,Nokia Corporation
2003-11-30,6.831,NOKIA.HE,Nokia Corporation
2003-12-31,8.2759,NOKIA.HE,Nokia Corporation
2004-01-31,8.7841,NOKIA.HE,Nokia Corporation
2004-02-29,8.4646,NOKIA.HE,Nokia Corporation
2004-03-31,5.9577,NOKIA.HE,Nokia Corporation
2004-04-30,5.8004,NOKIA.HE,Nokia Corporation
2004-05-31,6.0186,NOKIA.HE,Nokia Corporation
2004-06-30,4.8362,NOKIA.HE,Nokia Corporation
2004-07-31,4.8818,NOKIA.HE,Nokia Corporation
2004-08-31,5.6228,NOKIA.HE,Nokia Corporation
2004-09-30,6.1353,NOKIA.HE,Nokia Corporation
2004-10-31,6.2114,NOKIA.HE,Nokia Corporation
2004-11-30,5.8968,NOKIA.HE,Nokia Corporation
2004-12-31,5.9628,NOKIA.HE,Nokia Corporation
2005-01-31,6.2317,NOKIA.HE,Nokia Corporation
2005-02-28,6.0693,NOKIA.HE,Nokia Corporation
2005-03-31,6.4275,NOKIA.HE,Nokia Corporation
2005-04-30,7.1161,NOKIA.HE,Nokia Corporation
2005-05-31,7.2257,NOKIA.HE,Nokia Corporation
2005-06-30,6.8709,NOKIA.HE,Nokia Corporation
2005-07-31,6.6153,NOKIA.HE,Nokia Corporation
2005-08-31,7.2726,NOKIA.HE,Nokia Corporation
2005-09-30,7.2413,NOKIA.HE,Nokia Corporation
2005-10-31,7.5648,NOKIA.HE,Nokia Corporation
2005-11-30,8.0604,NOKIA.HE,Nokia Corporation
2005-12-31,7.8517,NOKIA.HE,Nokia Corporation
2006-01-31,8.1908,NOKIA.HE,Nokia Corporation
2006-02-28,9.1034,NOKIA.HE,Nokia Corporation
2006-03-31,9.6204,NOKIA.HE,Nokia Corporation
2006-04-30,8.9062,NOKIA.HE,Nokia Corporation
2006-05-31,8.5064,NOKIA.HE,Nokia Corporation
2006-06-30,8.2772,NOKIA.HE,Nokia Corporation
2006-07-31,8.7143,NOKIA.HE,Nokia Corporation
2006-08-31,8.3465,NOKIA.HE,Nokia Corporation
2006-09-30,8.2879,NOKIA.HE,Nokia Corporation
2006-10-31,8.096,NOKIA.HE,Nokia Corporation
2006-11-30,8.2506,NOKIA.HE,Nokia Corporation
2006-12-31,8.9488,NOKIA.HE,Nokia Corporation
2007-01-31,8.7889,NOKIA.HE,Nokia Corporation
2007-02-28,9.1833,NOKIA.HE,Nokia Corporation
2007-03-31,9.9455,NOKIA.HE,Nokia Corporation
2007-04-30,11.099,NOKIA.HE,Nokia Corporation
2007-05-31,11.3499,NOKIA.HE,Nokia Corporation
2007-06-30,11.5462,NOKIA.HE,Nokia Corporation
2007-07-31,13.1825,NOKIA.HE,Nokia Corporation
2007-08-31,14.5405,NOKIA.HE,Nokia Corporation
2007-09-30,14.9169,NOKIA.HE,Nokia Corporation
2007-10-31,14.8732,NOKIA.HE,Nokia Corporation
2007-11-30,14.4642,NOKIA.HE,Nokia Corporation
2007-12-31,13.2861,NOKIA.HE,Nokia Corporation
2008-01-31,13.1443,NOKIA.HE,Nokia Corporation
2008-02-29,10.9299,NOKIA.HE,Nokia Corporation
2008-03-31,10.7554,NOKIA.HE,Nokia Corporation
2008-04-30,10.3925,NOKIA.HE,Nokia Corporation
2008-05-31,8.6875,NOKIA.HE,Nokia Corporation
2008-06-30,9.899,NOKIA.HE,Nokia Corporation
2008-07-31,9.5793,NOKIA.HE,Nokia Corporation
2008-08-31,7.2349,NOKIA.HE,Nokia Corporation
2008-09-30,6.8311,NOKIA.HE,Nokia Corporation
2008-10-31,6.2198,NOKIA.HE,Nokia Corporation
2008-11-30,6.2254,NOKIA.HE,Nokia Corporation
2008-12-31,5.3785,NOKIA.HE,Nokia Corporation
2009-01-31,4.2176,NOKIA.HE,Nokia Corporation
2009-02-28,4.9803,NOKIA.HE,Nokia Corporation
2009-03-31,6.3567,NOKIA.HE,Nokia Corporation
2009-04-30,6.316,NOKIA.HE,Nokia Corporation
2009-05-31,6.0717,NOKIA.HE,Nokia Corporation
2009-06-30,5.432,NOKIA.HE,Nokia Corporation
2009-07-31,5.6413,NOKIA.HE,Nokia Corporation
2009-08-31,5.8449,NOKIA.HE,Nokia Corporation
2009-09-30,5.019,NOKIA.HE,Nokia Corporation
2009-10-31,5.1005,NOKIA.HE,Nokia Corporation
2009-11-30,5.1877,NOKIA.HE,Nokia Corporation
2009-12-31,5.8972,NOKIA.HE,Nokia Corporation
2010-01-31,5.7547,NOKIA.HE,Nokia Corporation
2010-02-28,6.7056,NOKIA.HE,Nokia Corporation
2010-03-31,5.3244,NOKIA.HE,Nokia Corporation
2010-04-30,5.0958,NOKIA.HE,Nokia Corporation
2010-05-31,4.0852,NOKIA.HE,Nokia Corporation
2010-06-30,4.3196,NOKIA.HE,Nokia Corporation
2010-07-31,4.1065,NOKIA.HE,Nokia Corporation
2010-08-31,4.487,NOKIA.HE,Nokia Corporation
2010-09-30,4.7245,NOKIA.HE,Nokia Corporation
2010-10-31,4.3318,NOKIA.HE,Nokia Corporation
2010-11-30,4.7123,NOKIA.HE,Nokia Corporation
2010-12-31,4.761,NOKIA.HE,Nokia Corporation
2011-01-31,3.8234,NOKIA.HE,Nokia Corporation
2011-02-28,3.6742,NOKIA.HE,Nokia Corporation
2011-03-31,3.7869,NOKIA.HE,Nokia Corporation
2011-04-30,3.0883,NOKIA.HE,Nokia Corporation
2011-05-31,2.9062,NOKIA.HE,Nokia Corporation
2011-06-30,2.6371,NOKIA.HE,Nokia Corporation
2011-07-31,2.9258,NOKIA.HE,Nokia Corporation
2011-08-31,2.7619,NOKIA.HE,Nokia Corporation
2011-09-30,3.1663,NOKIA.HE,Nokia Corporation
2011-10-31,2.7788,NOKIA.HE,Nokia Corporation
2011-11-30,2.4524,NOKIA.HE,Nokia Corporation
2011-12-31,2.4823,NOKIA.HE,Nokia Corporation
2012-01-31,2.5617,NOKIA.HE,Nokia Corporation
2012-02-29,2.654,NOKIA.HE,Nokia Corporation
2012-03-31,1.7646,NOKIA.HE,Nokia Corporation
2012-04-30,1.4927,NOKIA.HE,Nokia Corporation
2012-05-31,1.1385,NOKIA.HE,Nokia Corporation
2012-06-30,1.3704,NOKIA.HE,Nokia Corporation
2012-07-31,1.5883,NOKIA.HE,Nokia Corporation
2012-08-31,1.4126,NOKIA.HE,Nokia Corporation
2012-09-30,1.4604,NOKIA.HE,Nokia Corporation
2012-10-31,1.7921,NOKIA.HE,Nokia Corporation
2012-11-30,2.0563,NOKIA.HE,Nokia Corporation
2012-12-31,2.0254,NOKIA.HE,Nokia Corporation
2013-01-31,1.9509,NOKIA.HE,Nokia Corporation
2013-02-28,1.7738,NOKIA.HE,Nokia Corporation
2013-03-31,1.7878,NOKIA.HE,Nokia Corporation
2013-04-30,1.8567,NOKIA.HE,Nokia Corporation
2013-05-31,2.0001,NOKIA.HE,Nokia Corporation
2013-06-30,2.0732,NOKIA.HE,Nokia Corporation
2013-07-31,2.0563,NOKIA.HE,Nokia Corporation
2013-08-31,3.4141,NOKIA.HE,Nokia Corporation
2013-09-30,3.9144,NOKIA.HE,Nokia Corporation
2013-10-31,4.1885,NOKIA.HE,Nokia Corporation
2013-11-30,4.0901,NOKIA.HE,Nokia Corporation
2013-12-31,3.6158,NOKIA.HE,Nokia Corporation
2014-01-31,3.925,NOKIA.HE,Nokia Corporation
2014-02-28,3.7879,NOKIA.HE,Nokia Corporation
2014-03-31,3.7914,NOKIA.HE,Nokia Corporation
2014-04-30,4.1639,NOKIA.HE,Nokia Corporation
2014-05-31,4.1468,NOKIA.HE,Nokia Corporation
2014-06-30,4.4468,NOKIA.HE,Nokia Corporation
2014-07-31,4.7955,NOKIA.HE,Nokia Corporation
2014-08-31,5.0654,NOKIA.HE,Nokia Corporation
2014-09-30,4.9942,NOKIA.HE,Nokia Corporation
2014-10-31,5.0167,NOKIA.HE,Nokia Corporation
2014-11-30,4.9192,NOKIA.HE,Nokia Corporation
2014-12-31,5.1329,NOKIA.HE,Nokia Corporation
2015-01-31,5.3879,NOKIA.HE,Nokia Corporation
2015-02-28,5.3316,NOKIA.HE,Nokia Corporation
2015-03-31,4.533,NOKIA.HE,Nokia Corporation
2015-04-30,5.1062,NOKIA.HE,Nokia Corporation
2015-05-31,4.6797,NOKIA.HE,Nokia Corporation
2015-06-30,4.941,NOKIA.HE,Nokia Corporation
2015-07-31,4.2878,NOKIA.HE,Nokia Corporation
2015-08-31,4.6912,NOKIA.HE,Nokia Corporation
2015-09-30,5.2022,NOKIA.HE,Nokia Corporation
2015-10-31,5.2522,NOKIA.HE,Nokia Corporation
2015-11-30,5.0678,NOKIA.HE,Nokia Corporation
2015-12-31,5.0716,NOKIA.HE,Nokia Corporation
2016-01-31,4.307,NOKIA.HE,Nokia Corporation
2016-02-29,4.015,NOKIA.HE,Nokia Corporation
2016-03-31,3.9574,NOKIA.HE,Nokia Corporation
2016-04-30,3.9497,NOKIA.HE,Nokia Corporation
2016-05-31,4.1346,NOKIA.HE,Nokia Corporation
2016-06-30,4.163,NOKIA.HE,Nokia Corporation
2016-07-31,4.082,NOKIA.HE,Nokia Corporation
2016-08-31,4.1792,NOKIA.HE,Nokia Corporation
2016-09-30,3.2947,NOKIA.HE,Nokia Corporation
2016-10-31,3.2883,NOKIA.HE,Nokia Corporation
2016-11-30,3.7159,NOKIA.HE,Nokia Corporation
2016-12-31,3.3612,NOKIA.HE,Nokia Corporation
2017-01-31,3.9184,NOKIA.HE,Nokia Corporation
2017-02-28,4.0739,NOKIA.HE,Nokia Corporation
2017-03-31,4.2521,NOKIA.HE,Nokia Corporation
2017-04-30,4.7082,NOKIA.HE,Nokia Corporation
2017-05-31,4.4663,NOKIA.HE,Nokia Corporation
2017-06-30,4.4872,NOKIA.HE,Nokia Corporation
2017-07-31,4.3412,NOKIA.HE,Nokia Corporation
2017-08-31,4.237,NOKIA.HE,Nokia Corporation
2017-09-30,3.5164,NOKIA.HE,Nokia Corporation
2017-10-31,3.5164,NOKIA.HE,Nokia Corporation
2017-11-30,3.2478,NOKIA.HE,Nokia Corporation
2017-12-31,3.2336,NOKIA.HE,Nokia Corporation
2018-01-31,4.006,NOKIA.HE,Nokia Corporation
2018-02-28,3.7407,NOKIA.HE,Nokia Corporation
2018-03-31,4.1519,NOKIA.HE,Nokia Corporation
2018-04-30,4.28,NOKIA.HE,Nokia Corporation
2018-05-31,4.2713,NOKIA.HE,Nokia Corporation
2018-06-30,4.0253,NOKIA.HE,Nokia Corporation
2018-07-31,4.157,NOKIA.HE,Nokia Corporation
2018-08-31,4.1388,NOKIA.HE,Nokia Corporation
2018-09-30,4.332,NOKIA.HE,Nokia Corporation
2018-10-31,4.2072,NOKIA.HE,Nokia Corporation
2018-11-30,4.358,NOKIA.HE,Nokia Corporation
2018-12-31,4.7721,NOKIA.HE,Nokia Corporation
2019-01-31,4.6057,NOKIA.HE,Nokia Corporation
2019-02-28,4.3961,NOKIA.HE,Nokia Corporation
2019-03-31,4.0539,NOKIA.HE,Nokia Corporation
2019-04-30,3.9243,NOKIA.HE,Nokia Corporation
2019-05-31,3.8245,NOKIA.HE,Nokia Corporation
2019-06-30,4.3169,NOKIA.HE,Nokia Corporation
2019-07-31,3.9807,NOKIA.HE,Nokia Corporation
2019-08-31,4.1138,NOKIA.HE,Nokia Corporation
2019-09-30,2.9138,NOKIA.HE,Nokia Corporation
2019-10-31,2.8412,NOKIA.HE,Nokia Corporation
2019-11-30,2.916,NOKIA.HE,Nokia Corporation
2019-12-31,3.1137,NOKIA.HE,Nokia Corporation
2020-01-31,3.0478,NOKIA.HE,Nokia Corporation
2020-02-29,2.5382,NOKIA.HE,Nokia Corporation
2020-03-31,2.9407,NOKIA.HE,Nokia Corporation
2020-04-30,3.1544,NOKIA.HE,Nokia Corporation
2020-05-31,3.4401,NOKIA.HE,Nokia Corporation
2020-06-30,3.5919,NOKIA.HE,Nokia Corporation
2020-07-31,3.6029,NOKIA.HE,Nokia Corporation
2020-08-31,2.9637,NOKIA.HE,Nokia Corporation
2020-09-30,2.5656,NOKIA.HE,Nokia Corporation
2020-10-31,2.9615,NOKIA.HE,Nokia Corporation
2020-11-30,2.7877,NOKIA.HE,Nokia Corporation
2020-12-31,3.5069,NOKIA.HE,Nokia Corporation
2021-01-31,2.9195,NOKIA.HE,Nokia Corporation
2021-02-28,3.012,NOKIA.HE,Nokia Corporation
2021-03-31,3.4879,NOKIA.HE,Nokia Corporation
2021-04-30,3.7582,NOKIA.HE,Nokia Corporation
2021-05-31,3.9949,NOKIA.HE,Nokia Corporation
2021-06-30,4.5748,NOKIA.HE,Nokia Corporation
2021-07-31,4.4943,NOKIA.HE,Nokia Corporation
2021-08-31,4.2103,NOKIA.HE,Nokia Corporation
2021-09-30,4.3969,NOKIA.HE,Nokia Corporation
2021-10-31,4.3478,NOKIA.HE,Nokia Corporation
2021-11-30,4.9313,NOKIA.HE,Nokia Corporation
2021-12-31,4.642,NOKIA.HE,Nokia Corporation
2022-01-31,4.2797,NOKIA.HE,Nokia Corporation
2022-02-28,4.4107,NOKIA.HE,Nokia Corporation
2022-03-31,4.3089,NOKIA.HE,Nokia Corporation
2022-04-30,4.1583,NOKIA.HE,Nokia Corporation
2022-05-31,3.9438,NOKIA.HE,Nokia Corporation
2022-06-30,4.5478,NOKIA.HE,Nokia Corporation
2022-07-31,4.4702,NOKIA.HE,Nokia Corporation
2022-08-31,3.9427,NOKIA.HE,Nokia Corporation
2022-09-30,4.0386,NOKIA.HE,Nokia Corporation
2022-10-31,4.1694,NOKIA.HE,Nokia Corporation
2022-11-30,3.8773,NOKIA.HE,Nokia Corporation
2022-12-31,3.9171,NOKIA.HE,Nokia Corporation
2023-01-31,3.9423,NOKIA.HE,Nokia Corporation
2023-02-28,4.0647,NOKIA.HE,Nokia Corporation
2023-03-31,3.4855,NOKIA.HE,Nokia Corporation
2023-04-30,3.4429,NOKIA.HE,Nokia Corporation
2023-05-31,3.4796,NOKIA.HE,Nokia Corporation
2023-06-30,3.2734,NOKIA.HE,Nokia Corporation
2023-07-31,3.3732,NOKIA.HE,Nokia Corporation
2023-08-31,3.2643,NOKIA.HE,Nokia Corporation
2023-09-30,2.9015,NOKIA.HE,Nokia Corporation
2023-10-31,2.9736,NOKIA.HE,Nokia Corporation
2023-11-30,2.8229,NOKIA.HE,Nokia Corporation
2023-12-31,3.096,NOKIA.HE,Nokia Corporation
2024-01-31,3.0378,NOKIA.HE,Nokia Corporation
2024-02-29,3.0671,NOKIA.HE,Nokia Corporation
2024-03-31,3.2183,NOKIA.HE,Nokia Corporation
2024-04-30,3.3877,NOKIA.HE,Nokia Corporation
2024-05-31,3.357,NOKIA.HE,Nokia Corporation
2024-06-30,3.4466,NOKIA.HE,Nokia Corporation
2024-07-31,3.7864,NOKIA.HE,Nokia Corporation
2024-08-31,3.735,NOKIA.HE,Nokia Corporation
2024-09-30,4.1458,NOKIA.HE,Nokia Corporation
2024-10-31,3.8146,NOKIA.HE,Nokia Corporation
2024-11-30,4.0974,NOKIA.HE,Nokia Corporation
2024-12-31,4.3524,NOKIA.HE,Nokia Corporation
2025-01-31,4.472,NOKIA.HE,Nokia Corporation
2025-02-28,4.6703,NOKIA.HE,Nokia Corporation
2025-03-31,4.2351,NOKIA.HE,Nokia Corporation
2025-04-30,4.4562,NOKIA.HE,Nokia Corporation
2025-05-31,4.2906,NOKIA.HE,Nokia Corporation
2025-06-30,3.5322,NOKIA.HE,Nokia Corporation
2025-07-31,3.6218,NOKIA.HE,Nokia Corporation
2025-08-31,4.0156,NOKIA.HE,Nokia Corporation
2025-09-30,5.8055,NOKIA.HE,Nokia Corporation
2025-10-31,5.1897,NOKIA.HE,Nokia Corporation
2025-11-30,5.5164,NOKIA.HE,Nokia Corporation
2025-12-31,5.3699,NOKIA.HE,Nokia Corporation
2026-01-31,6.455,NOKIA.HE,Nokia Corporation
2026-02-28,6.7656,NOKIA.HE,Nokia Corporation
2026-03-31,10.605,NOKIA.HE,Nokia Corporation
2026-04-30,12.58,NOKIA.HE,Nokia Corporation
2026-05-31,11.555,NOKIA.HE,Nokia Corporation
2026-06-30,,NOKIA.HE,Nokia Corporation
1996-11-30,15.3028,BAYN.DE,Bayer AG                      N
1996-12-31,15.0113,BAYN.DE,Bayer AG                      N
1997-01-31,17.2582,BAYN.DE,Bayer AG                      N
1997-02-28,16.889,BAYN.DE,Bayer AG                      N
1997-03-31,16.3328,BAYN.DE,Bayer AG                      N
1997-04-30,16.2501,BAYN.DE,Bayer AG                      N
1997-05-31,16.3959,BAYN.DE,Bayer AG                      N
1997-06-30,18.497,BAYN.DE,Bayer AG                      N
1997-07-31,16.0072,BAYN.DE,Bayer AG                      N
1997-08-31,17.0031,BAYN.DE,Bayer AG                      N
1997-09-30,14.7684,BAYN.DE,Bayer AG                      N
1997-10-31,15.949,BAYN.DE,Bayer AG                      N
1997-11-30,16.1773,BAYN.DE,Bayer AG                      N
1997-12-31,16.6971,BAYN.DE,Bayer AG                      N
1998-01-31,18.5942,BAYN.DE,Bayer AG                      N
1998-02-28,20.3625,BAYN.DE,Bayer AG                      N
1998-03-31,19.6678,BAYN.DE,Bayer AG                      N
1998-04-30,20.7438,BAYN.DE,Bayer AG                      N
1998-05-31,22.6142,BAYN.DE,Bayer AG                      N
1998-06-30,20.2824,BAYN.DE,Bayer AG                      N
1998-07-31,16.0801,BAYN.DE,Bayer AG                      N
1998-08-31,15.3271,BAYN.DE,Bayer AG                      N
1998-09-30,15.9101,BAYN.DE,Bayer AG                      N
1998-10-31,17.2461,BAYN.DE,Bayer AG                      N
1998-11-30,17.0372,BAYN.DE,Bayer AG                      N
1998-12-31,16.0196,BAYN.DE,Bayer AG                      N
1999-01-31,15.0599,BAYN.DE,Bayer AG                      N
1999-02-28,16.4614,BAYN.DE,Bayer AG                      N
1999-03-31,18.7037,BAYN.DE,Bayer AG                      N
1999-04-30,17.7678,BAYN.DE,Bayer AG                      N
1999-05-31,18.9888,BAYN.DE,Bayer AG                      N
1999-06-30,19.1931,BAYN.DE,Bayer AG                      N
1999-07-31,19.8819,BAYN.DE,Bayer AG                      N
1999-08-31,17.7203,BAYN.DE,Bayer AG                      N
1999-09-30,18.3807,BAYN.DE,Bayer AG                      N
1999-10-31,19.8914,BAYN.DE,Bayer AG                      N
1999-11-30,21.9247,BAYN.DE,Bayer AG                      N
1999-12-31,18.965,BAYN.DE,Bayer AG                      N
2000-01-31,20.8036,BAYN.DE,Bayer AG                      N
2000-02-29,22.224,BAYN.DE,Bayer AG                      N
2000-03-31,21.7727,BAYN.DE,Bayer AG                      N
2000-04-30,20.2423,BAYN.DE,Bayer AG                      N
2000-05-31,19.9881,BAYN.DE,Bayer AG                      N
2000-06-30,22.0612,BAYN.DE,Bayer AG                      N
2000-07-31,23.2249,BAYN.DE,Bayer AG                      N
2000-08-31,20.609,BAYN.DE,Bayer AG                      N
2000-09-30,24.193,BAYN.DE,Bayer AG                      N
2000-10-31,24.5695,BAYN.DE,Bayer AG                      N
2000-11-30,27.3174,BAYN.DE,Bayer AG                      N
2000-12-31,26.0559,BAYN.DE,Bayer AG                      N
2001-01-31,25.963,BAYN.DE,Bayer AG                      N
2001-02-28,23.5378,BAYN.DE,Bayer AG                      N
2001-03-31,23.9241,BAYN.DE,Bayer AG                      N
2001-04-30,23.5162,BAYN.DE,Bayer AG                      N
2001-05-31,23.3449,BAYN.DE,Bayer AG                      N
2001-06-30,23.7982,BAYN.DE,Bayer AG                      N
2001-07-31,17.8046,BAYN.DE,Bayer AG                      N
2001-08-31,15.8353,BAYN.DE,Bayer AG                      N
2001-09-30,16.621,BAYN.DE,Bayer AG                      N
2001-10-31,18.3486,BAYN.DE,Bayer AG                      N
2001-11-30,18.0312,BAYN.DE,Bayer AG                      N
2001-12-31,18.7263,BAYN.DE,Bayer AG                      N
2002-01-31,18.5601,BAYN.DE,Bayer AG                      N
2002-02-28,19.5674,BAYN.DE,Bayer AG                      N
2002-03-31,18.774,BAYN.DE,Bayer AG                      N
2002-04-30,17.9636,BAYN.DE,Bayer AG                      N
2002-05-31,16.7505,BAYN.DE,Bayer AG                      N
2002-06-30,13.0081,BAYN.DE,Bayer AG                      N
2002-07-31,12.5074,BAYN.DE,Bayer AG                      N
2002-08-31,9.0076,BAYN.DE,Bayer AG                      N
2002-09-30,9.8903,BAYN.DE,Bayer AG                      N
2002-10-31,11.8622,BAYN.DE,Bayer AG                      N
2002-11-30,10.5562,BAYN.DE,Bayer AG                      N
2002-12-31,8.4604,BAYN.DE,Bayer AG                      N
2003-01-31,6.3234,BAYN.DE,Bayer AG                      N
2003-02-28,6.4473,BAYN.DE,Bayer AG                      N
2003-03-31,8.919,BAYN.DE,Bayer AG                      N
2003-04-30,9.4754,BAYN.DE,Bayer AG                      N
2003-05-31,11.0083,BAYN.DE,Bayer AG                      N
2003-06-30,11.5647,BAYN.DE,Bayer AG                      N
2003-07-31,10.621,BAYN.DE,Bayer AG                      N
2003-08-31,10.1191,BAYN.DE,Bayer AG                      N
2003-09-30,11.2756,BAYN.DE,Bayer AG                      N
2003-10-31,12.2957,BAYN.DE,Bayer AG                      N
2003-11-30,12.6666,BAYN.DE,Bayer AG                      N
2003-12-31,13.2994,BAYN.DE,Bayer AG                      N
2004-01-31,12.4375,BAYN.DE,Bayer AG                      N
2004-02-29,10.8065,BAYN.DE,Bayer AG                      N
2004-03-31,12.3993,BAYN.DE,Bayer AG                      N
2004-04-30,13.0519,BAYN.DE,Bayer AG                      N
2004-05-31,13.2193,BAYN.DE,Bayer AG                      N
2004-06-30,12.3715,BAYN.DE,Bayer AG                      N
2004-07-31,11.6965,BAYN.DE,Bayer AG                      N
2004-08-31,12.2822,BAYN.DE,Bayer AG                      N
2004-09-30,12.3882,BAYN.DE,Bayer AG                      N
2004-10-31,13.2974,BAYN.DE,Bayer AG                      N
2004-11-30,13.9109,BAYN.DE,Bayer AG                      N
2004-12-31,13.6041,BAYN.DE,Bayer AG                      N
2005-01-31,14.7253,BAYN.DE,Bayer AG                      N
2005-02-28,14.2065,BAYN.DE,Bayer AG                      N
2005-03-31,14.1452,BAYN.DE,Bayer AG                      N
2005-04-30,15.5591,BAYN.DE,Bayer AG                      N
2005-05-31,15.7302,BAYN.DE,Bayer AG                      N
2005-06-30,16.8077,BAYN.DE,Bayer AG                      N
2005-07-31,16.3117,BAYN.DE,Bayer AG                      N
2005-08-31,17.3836,BAYN.DE,Bayer AG                      N
2005-09-30,16.517,BAYN.DE,Bayer AG                      N
2005-10-31,19.305,BAYN.DE,Bayer AG                      N
2005-11-30,20.1203,BAYN.DE,Bayer AG                      N
2005-12-31,19.5957,BAYN.DE,Bayer AG                      N
2006-01-31,19.265,BAYN.DE,Bayer AG                      N
2006-02-28,18.8488,BAYN.DE,Bayer AG                      N
2006-03-31,20.8728,BAYN.DE,Bayer AG                      N
2006-04-30,20.5099,BAYN.DE,Bayer AG                      N
2006-05-31,21.0367,BAYN.DE,Bayer AG                      N
2006-06-30,22.5761,BAYN.DE,Bayer AG                      N
2006-07-31,22.6347,BAYN.DE,Bayer AG                      N
2006-08-31,23.5302,BAYN.DE,Bayer AG                      N
2006-09-30,23.0912,BAYN.DE,Bayer AG                      N
2006-10-31,22.7869,BAYN.DE,Bayer AG                      N
2006-11-30,23.7995,BAYN.DE,Bayer AG                      N
2006-12-31,26.4569,BAYN.DE,Bayer AG                      N
2007-01-31,25.4443,BAYN.DE,Bayer AG                      N
2007-02-28,28.0021,BAYN.DE,Bayer AG                      N
2007-03-31,30.0976,BAYN.DE,Bayer AG                      N
2007-04-30,31.9366,BAYN.DE,Bayer AG                      N
2007-05-31,33.4949,BAYN.DE,Bayer AG                      N
2007-06-30,31.2082,BAYN.DE,Bayer AG                      N
2007-07-31,34.5815,BAYN.DE,Bayer AG                      N
2007-08-31,33.3277,BAYN.DE,Bayer AG                      N
2007-09-30,34.3546,BAYN.DE,Bayer AG                      N
2007-10-31,33.6382,BAYN.DE,Bayer AG                      N
2007-11-30,37.334,BAYN.DE,Bayer AG                      N
2007-12-31,32.7366,BAYN.DE,Bayer AG                      N
2008-01-31,30.3603,BAYN.DE,Bayer AG                      N
2008-02-29,30.3066,BAYN.DE,Bayer AG                      N
2008-03-31,33.5365,BAYN.DE,Bayer AG                      N
2008-04-30,34.8829,BAYN.DE,Bayer AG                      N
2008-05-31,32.7165,BAYN.DE,Bayer AG                      N
2008-06-30,33.916,BAYN.DE,Bayer AG                      N
2008-07-31,33.0531,BAYN.DE,Bayer AG                      N
2008-08-31,31.7006,BAYN.DE,Bayer AG                      N
2008-09-30,26.4131,BAYN.DE,Bayer AG                      N
2008-10-31,24.8954,BAYN.DE,Bayer AG                      N
2008-11-30,25.4278,BAYN.DE,Bayer AG                      N
2008-12-31,25.4645,BAYN.DE,Bayer AG                      N
2009-01-31,23.3042,BAYN.DE,Bayer AG                      N
2009-02-28,22.0313,BAYN.DE,Bayer AG                      N
2009-03-31,23.0166,BAYN.DE,Bayer AG                      N
2009-04-30,25.5355,BAYN.DE,Bayer AG                      N
2009-05-31,24.2778,BAYN.DE,Bayer AG                      N
2009-06-30,25.0845,BAYN.DE,Bayer AG                      N
2009-07-31,26.7361,BAYN.DE,Bayer AG                      N
2009-08-31,30.0773,BAYN.DE,Bayer AG                      N
2009-09-30,30.0011,BAYN.DE,Bayer AG                      N
2009-10-31,32.3895,BAYN.DE,Bayer AG                      N
2009-11-30,35.5465,BAYN.DE,Bayer AG                      N
2009-12-31,31.4271,BAYN.DE,Bayer AG                      N
2010-01-31,30.9158,BAYN.DE,Bayer AG                      N
2010-02-28,31.8114,BAYN.DE,Bayer AG                      N
2010-03-31,30.5378,BAYN.DE,Bayer AG                      N
2010-04-30,29.769,BAYN.DE,Bayer AG                      N
2010-05-31,30.0962,BAYN.DE,Bayer AG                      N
2010-06-30,28.8629,BAYN.DE,Bayer AG                      N
2010-07-31,31.5225,BAYN.DE,Bayer AG                      N
2010-08-31,33.4656,BAYN.DE,Bayer AG                      N
2010-09-30,35.0817,BAYN.DE,Bayer AG                      N
2010-10-31,36.6061,BAYN.DE,Bayer AG                      N
2010-11-30,36.1808,BAYN.DE,Bayer AG                      N
2010-12-31,35.2387,BAYN.DE,Bayer AG                      N
2011-01-31,36.7566,BAYN.DE,Bayer AG                      N
2011-02-28,35.749,BAYN.DE,Bayer AG                      N
2011-03-31,38.8306,BAYN.DE,Bayer AG                      N
2011-04-30,38.2265,BAYN.DE,Bayer AG                      N
2011-05-31,37.213,BAYN.DE,Bayer AG                      N
2011-06-30,37.5419,BAYN.DE,Bayer AG                      N
2011-07-31,30.1315,BAYN.DE,Bayer AG                      N
2011-08-31,27.8225,BAYN.DE,Bayer AG                      N
2011-09-30,31.0746,BAYN.DE,Bayer AG                      N
2011-10-31,32.7291,BAYN.DE,Bayer AG                      N
2011-11-30,33.1587,BAYN.DE,Bayer AG                      N
2011-12-31,35.9376,BAYN.DE,Bayer AG                      N
2012-01-31,37.2532,BAYN.DE,Bayer AG                      N
2012-02-29,35.4006,BAYN.DE,Bayer AG                      N
2012-03-31,36.8072,BAYN.DE,Bayer AG                      N
2012-04-30,35.3753,BAYN.DE,Bayer AG                      N
2012-05-31,39.2767,BAYN.DE,Bayer AG                      N
2012-06-30,42.8253,BAYN.DE,Bayer AG                      N
2012-07-31,42.6593,BAYN.DE,Bayer AG                      N
2012-08-31,46.2287,BAYN.DE,Bayer AG                      N
2012-09-30,46.4777,BAYN.DE,Bayer AG                      N
2012-10-31,48.1102,BAYN.DE,Bayer AG                      N
2012-11-30,49.7288,BAYN.DE,Bayer AG                      N
2012-12-31,50.2753,BAYN.DE,Bayer AG                      N
2013-01-31,52.475,BAYN.DE,Bayer AG                      N
2013-02-28,55.6639,BAYN.DE,Bayer AG                      N
2013-03-31,56.1129,BAYN.DE,Bayer AG                      N
2013-04-30,58.7124,BAYN.DE,Bayer AG                      N
2013-05-31,58.0324,BAYN.DE,Bayer AG                      N
2013-06-30,61.8715,BAYN.DE,Bayer AG                      N
2013-07-31,59.527,BAYN.DE,Bayer AG                      N
2013-08-31,61.7369,BAYN.DE,Bayer AG                      N
2013-09-30,64.8394,BAYN.DE,Bayer AG                      N
2013-10-31,69.5568,BAYN.DE,Bayer AG                      N
2013-11-30,72.213,BAYN.DE,Bayer AG                      N
2013-12-31,69.3372,BAYN.DE,Bayer AG                      N
2014-01-31,72.8858,BAYN.DE,Bayer AG                      N
2014-02-28,69.5426,BAYN.DE,Bayer AG                      N
2014-03-31,72.3282,BAYN.DE,Bayer AG                      N
2014-04-30,76.7402,BAYN.DE,Bayer AG                      N
2014-05-31,74.6065,BAYN.DE,Bayer AG                      N
2014-06-30,71.547,BAYN.DE,Bayer AG                      N
2014-07-31,73.8109,BAYN.DE,Bayer AG                      N
2014-08-31,80.212,BAYN.DE,Bayer AG                      N
2014-09-30,82.0563,BAYN.DE,Bayer AG                      N
2014-10-31,87.4809,BAYN.DE,Bayer AG                      N
2014-11-30,81.7309,BAYN.DE,Bayer AG                      N
2014-12-31,92.6162,BAYN.DE,Bayer AG                      N
2015-01-31,95.5094,BAYN.DE,Bayer AG                      N
2015-02-28,101.2233,BAYN.DE,Bayer AG                      N
2015-03-31,93.9543,BAYN.DE,Bayer AG                      N
2015-04-30,94.9728,BAYN.DE,Bayer AG                      N
2015-05-31,92.3255,BAYN.DE,Bayer AG                      N
2015-06-30,98.7599,BAYN.DE,Bayer AG                      N
2015-07-31,88.9427,BAYN.DE,Bayer AG                      N
2015-08-31,84.1629,BAYN.DE,Bayer AG                      N
2015-09-30,89.2369,BAYN.DE,Bayer AG                      N
2015-10-31,92.877,BAYN.DE,Bayer AG                      N
2015-11-30,85.1556,BAYN.DE,Bayer AG                      N
2015-12-31,76.037,BAYN.DE,Bayer AG                      N
2016-01-31,70.9115,BAYN.DE,Bayer AG                      N
2016-02-29,75.9635,BAYN.DE,Bayer AG                      N
2016-03-31,74.0883,BAYN.DE,Bayer AG                      N
2016-04-30,64.5718,BAYN.DE,Bayer AG                      N
2016-05-31,67.8672,BAYN.DE,Bayer AG                      N
2016-06-30,72.5575,BAYN.DE,Bayer AG                      N
2016-07-31,72.369,BAYN.DE,Bayer AG                      N
2016-08-31,67.4373,BAYN.DE,Bayer AG                      N
2016-09-30,68.0858,BAYN.DE,Bayer AG                      N
2016-10-31,66.8039,BAYN.DE,Bayer AG                      N
2016-11-30,74.7519,BAYN.DE,Bayer AG                      N
2016-12-31,77.1423,BAYN.DE,Bayer AG                      N
2017-01-31,78.2735,BAYN.DE,Bayer AG                      N
2017-02-28,81.4783,BAYN.DE,Bayer AG                      N
2017-03-31,85.6634,BAYN.DE,Bayer AG                      N
2017-04-30,91.225,BAYN.DE,Bayer AG                      N
2017-05-31,87.44,BAYN.DE,Bayer AG                      N
2017-06-30,82.7668,BAYN.DE,Bayer AG                      N
2017-07-31,83.0371,BAYN.DE,Bayer AG                      N
2017-08-31,89.0622,BAYN.DE,Bayer AG                      N
2017-09-30,86.2814,BAYN.DE,Bayer AG                      N
2017-10-31,82.7668,BAYN.DE,Bayer AG                      N
2017-11-30,80.3336,BAYN.DE,Bayer AG                      N
2017-12-31,81.4305,BAYN.DE,Bayer AG                      N
2018-01-31,74.3318,BAYN.DE,Bayer AG                      N
2018-02-28,70.9021,BAYN.DE,Bayer AG                      N
2018-03-31,76.6877,BAYN.DE,Bayer AG                      N
2018-04-30,80.885,BAYN.DE,Bayer AG                      N
2018-05-31,76.1323,BAYN.DE,Bayer AG                      N
2018-06-30,76.8666,BAYN.DE,Bayer AG                      N
2018-07-31,64.8597,BAYN.DE,Bayer AG                      N
2018-08-31,61.737,BAYN.DE,Bayer AG                      N
2018-09-30,54.6926,BAYN.DE,Bayer AG                      N
2018-10-31,52.1105,BAYN.DE,Bayer AG                      N
2018-11-30,48.8667,BAYN.DE,Bayer AG                      N
2018-12-31,53.4177,BAYN.DE,Bayer AG                      N
2019-01-31,56.7099,BAYN.DE,Bayer AG                      N
2019-02-28,46.4782,BAYN.DE,Bayer AG                      N
2019-03-31,50.1647,BAYN.DE,Bayer AG                      N
2019-04-30,44.6528,BAYN.DE,Bayer AG                      N
2019-05-31,51.5173,BAYN.DE,Bayer AG                      N
2019-06-30,49.6659,BAYN.DE,Bayer AG                      N
2019-07-31,56.9277,BAYN.DE,Bayer AG                      N
2019-08-31,54.6875,BAYN.DE,Bayer AG                      N
2019-09-30,58.8214,BAYN.DE,Bayer AG                      N
2019-10-31,58.0774,BAYN.DE,Bayer AG                      N
2019-11-30,61.5519,BAYN.DE,Bayer AG                      N
2019-12-31,61.7548,BAYN.DE,Bayer AG                      N
2020-01-31,55.1271,BAYN.DE,Bayer AG                      N
2020-02-29,44.6782,BAYN.DE,Bayer AG                      N
2020-03-31,53.2049,BAYN.DE,Bayer AG                      N
2020-04-30,53.718,BAYN.DE,Bayer AG                      N
2020-05-31,58.2034,BAYN.DE,Bayer AG                      N
2020-06-30,49.7546,BAYN.DE,Bayer AG                      N
2020-07-31,49.1354,BAYN.DE,Bayer AG                      N
2020-08-31,47.1625,BAYN.DE,Bayer AG                      N
2020-09-30,35.7059,BAYN.DE,Bayer AG                      N
2020-10-31,42.7037,BAYN.DE,Bayer AG                      N
2020-11-30,42.602,BAYN.DE,Bayer AG                      N
2020-12-31,44.159,BAYN.DE,Bayer AG                      N
2021-01-31,44.3404,BAYN.DE,Bayer AG                      N
2021-02-28,47.7376,BAYN.DE,Bayer AG                      N
2021-03-31,49.4352,BAYN.DE,Bayer AG                      N
2021-04-30,47.2858,BAYN.DE,Bayer AG                      N
2021-05-31,47.0378,BAYN.DE,Bayer AG                      N
2021-06-30,46.1928,BAYN.DE,Bayer AG                      N
2021-07-31,43.304,BAYN.DE,Bayer AG                      N
2021-08-31,43.1754,BAYN.DE,Bayer AG                      N
2021-09-30,44.7048,BAYN.DE,Bayer AG                      N
2021-10-31,40.8929,BAYN.DE,Bayer AG                      N
2021-11-30,43.1708,BAYN.DE,Bayer AG                      N
2021-12-31,49.4536,BAYN.DE,Bayer AG                      N
2022-01-31,47.3134,BAYN.DE,Bayer AG                      N
2022-02-28,57.0406,BAYN.DE,Bayer AG                      N
2022-03-31,57.7754,BAYN.DE,Bayer AG                      N
2022-04-30,63.164,BAYN.DE,Bayer AG                      N
2022-05-31,53.8099,BAYN.DE,Bayer AG                      N
2022-06-30,54.0755,BAYN.DE,Bayer AG                      N
2022-07-31,49.9013,BAYN.DE,Bayer AG                      N
2022-08-31,44.9823,BAYN.DE,Bayer AG                      N
2022-09-30,50.4895,BAYN.DE,Bayer AG                      N
2022-10-31,52.5386,BAYN.DE,Bayer AG                      N
2022-11-30,45.8456,BAYN.DE,Bayer AG                      N
2022-12-31,54.0755,BAYN.DE,Bayer AG                      N
2023-01-31,53.402,BAYN.DE,Bayer AG                      N
2023-02-28,55.7073,BAYN.DE,Bayer AG                      N
2023-03-31,56.6939,BAYN.DE,Bayer AG                      N
2023-04-30,51.5345,BAYN.DE,Bayer AG                      N
2023-05-31,50.0816,BAYN.DE,Bayer AG                      N
2023-06-30,52.5229,BAYN.DE,Bayer AG                      N
2023-07-31,49.9531,BAYN.DE,Bayer AG                      N
2023-08-31,44.9222,BAYN.DE,Bayer AG                      N
2023-09-30,40.1878,BAYN.DE,Bayer AG                      N
2023-10-31,30.9958,BAYN.DE,Bayer AG                      N
2023-11-30,33.2395,BAYN.DE,Bayer AG                      N
2023-12-31,28.5644,BAYN.DE,Bayer AG                      N
2024-01-31,27.7638,BAYN.DE,Bayer AG                      N
2024-02-29,28.0999,BAYN.DE,Bayer AG                      N
2024-03-31,27.1414,BAYN.DE,Bayer AG                      N
2024-04-30,28.0246,BAYN.DE,Bayer AG                      N
2024-05-31,26.1788,BAYN.DE,Bayer AG                      N
2024-06-30,27.2853,BAYN.DE,Bayer AG                      N
2024-07-31,27.6524,BAYN.DE,Bayer AG                      N
2024-08-31,30.0937,BAYN.DE,Bayer AG                      N
2024-09-30,24.6059,BAYN.DE,Bayer AG                      N
2024-10-31,19.2401,BAYN.DE,Bayer AG                      N
2024-11-30,19.1667,BAYN.DE,Bayer AG                      N
2024-12-31,21.4749,BAYN.DE,Bayer AG                      N
2025-01-31,22.5368,BAYN.DE,Bayer AG                      N
2025-02-28,21.9016,BAYN.DE,Bayer AG                      N
2025-03-31,22.9642,BAYN.DE,Bayer AG                      N
2025-04-30,24.6643,BAYN.DE,Bayer AG                      N
2025-05-31,25.462,BAYN.DE,Bayer AG                      N
2025-06-30,27.2719,BAYN.DE,Bayer AG                      N
2025-07-31,27.9798,BAYN.DE,Bayer AG                      N
2025-08-31,28.1493,BAYN.DE,Bayer AG                      N
2025-09-30,26.873,BAYN.DE,Bayer AG                      N
2025-10-31,30.3979,BAYN.DE,Bayer AG                      N
2025-11-30,36.9043,BAYN.DE,Bayer AG                      N
2025-12-31,44.4327,BAYN.DE,Bayer AG                      N
2026-01-31,41.89,BAYN.DE,Bayer AG                      N
2026-02-28,39.2725,BAYN.DE,Bayer AG                      N
2026-03-31,38.05,BAYN.DE,Bayer AG                      N
2026-04-30,36.53,BAYN.DE,Bayer AG                      N
2026-05-31,48.41,BAYN.DE,Bayer AG                      N
2026-06-30,,BAYN.DE,Bayer AG                      N
2005-06-30,29.2166,MT.AS,ARCELORMITTAL SA
2005-07-31,27.5766,MT.AS,ARCELORMITTAL SA
2005-08-31,29.1437,MT.AS,ARCELORMITTAL SA
2005-09-30,25.6936,MT.AS,ARCELORMITTAL SA
2005-10-31,28.4634,MT.AS,ARCELORMITTAL SA
2005-11-30,27.1878,MT.AS,ARCELORMITTAL SA
2005-12-31,35.4729,MT.AS,ARCELORMITTAL SA
2006-01-31,33.8936,MT.AS,ARCELORMITTAL SA
2006-02-28,38.3763,MT.AS,ARCELORMITTAL SA
2006-03-31,35.5094,MT.AS,ARCELORMITTAL SA
2006-04-30,33.7291,MT.AS,ARCELORMITTAL SA
2006-05-31,31.735,MT.AS,ARCELORMITTAL SA
2006-06-30,34.8967,MT.AS,ARCELORMITTAL SA
2006-07-31,34.1621,MT.AS,ARCELORMITTAL SA
2006-08-31,36.1037,MT.AS,ARCELORMITTAL SA
2006-09-30,44.1194,MT.AS,ARCELORMITTAL SA
2006-10-31,40.7741,MT.AS,ARCELORMITTAL SA
2006-11-30,41.9417,MT.AS,ARCELORMITTAL SA
2006-12-31,46.8088,MT.AS,ARCELORMITTAL SA
2007-01-31,50.6844,MT.AS,ARCELORMITTAL SA
2007-02-28,52.5895,MT.AS,ARCELORMITTAL SA
2007-03-31,53.5233,MT.AS,ARCELORMITTAL SA
2007-04-30,60.6257,MT.AS,ARCELORMITTAL SA
2007-05-31,63.2481,MT.AS,ARCELORMITTAL SA
2007-06-30,62.1475,MT.AS,ARCELORMITTAL SA
2007-07-31,66.0545,MT.AS,ARCELORMITTAL SA
2007-08-31,75.7821,MT.AS,ARCELORMITTAL SA
2007-09-30,75.7684,MT.AS,ARCELORMITTAL SA
2007-10-31,69.4215,MT.AS,ARCELORMITTAL SA
2007-11-30,74.4147,MT.AS,ARCELORMITTAL SA
2007-12-31,61.8392,MT.AS,ARCELORMITTAL SA
2008-01-31,71.0182,MT.AS,ARCELORMITTAL SA
2008-02-29,73.3584,MT.AS,ARCELORMITTAL SA
2008-03-31,80.3153,MT.AS,ARCELORMITTAL SA
2008-04-30,90.2415,MT.AS,ARCELORMITTAL SA
2008-05-31,89.3241,MT.AS,ARCELORMITTAL SA
2008-06-30,81.4158,MT.AS,ARCELORMITTAL SA
2008-07-31,76.4091,MT.AS,ARCELORMITTAL SA
2008-08-31,50.3197,MT.AS,ARCELORMITTAL SA
2008-09-30,28.6804,MT.AS,ARCELORMITTAL SA
2008-10-31,26.7966,MT.AS,ARCELORMITTAL SA
2008-11-30,24.93,MT.AS,ARCELORMITTAL SA
2008-12-31,25.9639,MT.AS,ARCELORMITTAL SA
2009-01-31,22.8975,MT.AS,ARCELORMITTAL SA
2009-02-28,22.6381,MT.AS,ARCELORMITTAL SA
2009-03-31,26.6767,MT.AS,ARCELORMITTAL SA
2009-04-30,34.8386,MT.AS,ARCELORMITTAL SA
2009-05-31,34.9807,MT.AS,ARCELORMITTAL SA
2009-06-30,37.7624,MT.AS,ARCELORMITTAL SA
2009-07-31,37.6276,MT.AS,ARCELORMITTAL SA
2009-08-31,38.5016,MT.AS,ARCELORMITTAL SA
2009-09-30,34.6289,MT.AS,ARCELORMITTAL SA
2009-10-31,39.3953,MT.AS,ARCELORMITTAL SA
2009-11-30,48.8532,MT.AS,ARCELORMITTAL SA
2009-12-31,43.2438,MT.AS,ARCELORMITTAL SA
2010-01-31,42.7401,MT.AS,ARCELORMITTAL SA
2010-02-28,49.647,MT.AS,ARCELORMITTAL SA
2010-03-31,45.3225,MT.AS,ARCELORMITTAL SA
2010-04-30,38.3431,MT.AS,ARCELORMITTAL SA
2010-05-31,34.4311,MT.AS,ARCELORMITTAL SA
2010-06-30,36.0252,MT.AS,ARCELORMITTAL SA
2010-07-31,35.7441,MT.AS,ARCELORMITTAL SA
2010-08-31,37.5061,MT.AS,ARCELORMITTAL SA
2010-09-30,35.8528,MT.AS,ARCELORMITTAL SA
2010-10-31,37.9838,MT.AS,ARCELORMITTAL SA
2010-11-30,44.3887,MT.AS,ARCELORMITTAL SA
2010-12-31,41.6203,MT.AS,ARCELORMITTAL SA
2011-01-31,41.9269,MT.AS,ARCELORMITTAL SA
2011-02-28,40.1947,MT.AS,ARCELORMITTAL SA
2011-03-31,39.116,MT.AS,ARCELORMITTAL SA
2011-04-30,36.7884,MT.AS,ARCELORMITTAL SA
2011-05-31,38.0901,MT.AS,ARCELORMITTAL SA
2011-06-30,34.6137,MT.AS,ARCELORMITTAL SA
2011-07-31,25.1335,MT.AS,ARCELORMITTAL SA
2011-08-31,19.4312,MT.AS,ARCELORMITTAL SA
2011-09-30,24.1765,MT.AS,ARCELORMITTAL SA
2011-10-31,22.7554,MT.AS,ARCELORMITTAL SA
2011-11-30,23.049,MT.AS,ARCELORMITTAL SA
2011-12-31,25.0962,MT.AS,ARCELORMITTAL SA
2012-01-31,26.1168,MT.AS,ARCELORMITTAL SA
2012-02-29,23.6496,MT.AS,ARCELORMITTAL SA
2012-03-31,21.5619,MT.AS,ARCELORMITTAL SA
2012-04-30,18.7395,MT.AS,ARCELORMITTAL SA
2012-05-31,20.3074,MT.AS,ARCELORMITTAL SA
2012-06-30,21.9088,MT.AS,ARCELORMITTAL SA
2012-07-31,20.1699,MT.AS,ARCELORMITTAL SA
2012-08-31,18.9874,MT.AS,ARCELORMITTAL SA
2012-09-30,19.4468,MT.AS,ARCELORMITTAL SA
2012-10-31,20.2107,MT.AS,ARCELORMITTAL SA
2012-11-30,22.3728,MT.AS,ARCELORMITTAL SA
2012-12-31,21.8193,MT.AS,ARCELORMITTAL SA
2013-01-31,19.9167,MT.AS,ARCELORMITTAL SA
2013-02-28,17.3828,MT.AS,ARCELORMITTAL SA
2013-03-31,16.0717,MT.AS,ARCELORMITTAL SA
2013-04-30,17.4785,MT.AS,ARCELORMITTAL SA
2013-05-31,15.1374,MT.AS,ARCELORMITTAL SA
2013-06-30,17.4732,MT.AS,ARCELORMITTAL SA
2013-07-31,17.1483,MT.AS,ARCELORMITTAL SA
2013-08-31,17.9375,MT.AS,ARCELORMITTAL SA
2013-09-30,20.5416,MT.AS,ARCELORMITTAL SA
2013-10-31,22.3866,MT.AS,ARCELORMITTAL SA
2013-11-30,22.8986,MT.AS,ARCELORMITTAL SA
2013-12-31,21.751,MT.AS,ARCELORMITTAL SA
2014-01-31,20.2415,MT.AS,ARCELORMITTAL SA
2014-02-28,20.6475,MT.AS,ARCELORMITTAL SA
2014-03-31,20.6652,MT.AS,ARCELORMITTAL SA
2014-04-30,20.1236,MT.AS,ARCELORMITTAL SA
2014-05-31,19.4588,MT.AS,ARCELORMITTAL SA
2014-06-30,20.429,MT.AS,ARCELORMITTAL SA
2014-07-31,19.899,MT.AS,ARCELORMITTAL SA
2014-08-31,19.5846,MT.AS,ARCELORMITTAL SA
2014-09-30,18.7581,MT.AS,ARCELORMITTAL SA
2014-10-31,17.7249,MT.AS,ARCELORMITTAL SA
2014-11-30,16.3289,MT.AS,ARCELORMITTAL SA
2014-12-31,15.2059,MT.AS,ARCELORMITTAL SA
2015-01-31,17.5542,MT.AS,ARCELORMITTAL SA
2015-02-28,15.7665,MT.AS,ARCELORMITTAL SA
2015-03-31,17.0997,MT.AS,ARCELORMITTAL SA
2015-04-30,17.8066,MT.AS,ARCELORMITTAL SA
2015-05-31,16.0348,MT.AS,ARCELORMITTAL SA
2015-06-30,15.1663,MT.AS,ARCELORMITTAL SA
2015-07-31,12.7408,MT.AS,ARCELORMITTAL SA
2015-08-31,8.5544,MT.AS,ARCELORMITTAL SA
2015-09-30,9.3146,MT.AS,ARCELORMITTAL SA
2015-10-31,8.5232,MT.AS,ARCELORMITTAL SA
2015-11-30,7.2949,MT.AS,ARCELORMITTAL SA
2015-12-31,6.3878,MT.AS,ARCELORMITTAL SA
2016-01-31,6.5641,MT.AS,ARCELORMITTAL SA
2016-02-29,10.7458,MT.AS,ARCELORMITTAL SA
2016-03-31,13.3329,MT.AS,ARCELORMITTAL SA
2016-04-30,11.9488,MT.AS,ARCELORMITTAL SA
2016-05-31,11.0594,MT.AS,ARCELORMITTAL SA
2016-06-30,15.5415,MT.AS,ARCELORMITTAL SA
2016-07-31,14.3034,MT.AS,ARCELORMITTAL SA
2016-08-31,14.7278,MT.AS,ARCELORMITTAL SA
2016-09-30,16.5931,MT.AS,ARCELORMITTAL SA
2016-10-31,19.2695,MT.AS,ARCELORMITTAL SA
2016-11-30,18.9667,MT.AS,ARCELORMITTAL SA
2016-12-31,19.4344,MT.AS,ARCELORMITTAL SA
2017-01-31,22.4648,MT.AS,ARCELORMITTAL SA
2017-02-28,21.3186,MT.AS,ARCELORMITTAL SA
2017-03-31,19.5803,MT.AS,ARCELORMITTAL SA
2017-04-30,17.396,MT.AS,ARCELORMITTAL SA
2017-05-31,17.8961,MT.AS,ARCELORMITTAL SA
2017-06-30,20.0002,MT.AS,ARCELORMITTAL SA
2017-07-31,20.221,MT.AS,ARCELORMITTAL SA
2017-08-31,19.6668,MT.AS,ARCELORMITTAL SA
2017-09-30,22.1809,MT.AS,ARCELORMITTAL SA
2017-10-31,22.8568,MT.AS,ARCELORMITTAL SA
2017-11-30,24.4337,MT.AS,ARCELORMITTAL SA
2017-12-31,26.3351,MT.AS,ARCELORMITTAL SA
2018-01-31,25.4565,MT.AS,ARCELORMITTAL SA
2018-02-28,23.1587,MT.AS,ARCELORMITTAL SA
2018-03-31,25.3168,MT.AS,ARCELORMITTAL SA
2018-04-30,25.03,MT.AS,ARCELORMITTAL SA
2018-05-31,22.6896,MT.AS,ARCELORMITTAL SA
2018-06-30,24.8628,MT.AS,ARCELORMITTAL SA
2018-07-31,23.4396,MT.AS,ARCELORMITTAL SA
2018-08-31,24.2167,MT.AS,ARCELORMITTAL SA
2018-09-30,19.9155,MT.AS,ARCELORMITTAL SA
2018-10-31,18.0857,MT.AS,ARCELORMITTAL SA
2018-11-30,16.3915,MT.AS,ARCELORMITTAL SA
2018-12-31,18.2484,MT.AS,ARCELORMITTAL SA
2019-01-31,18.2619,MT.AS,ARCELORMITTAL SA
2019-02-28,16.3174,MT.AS,ARCELORMITTAL SA
2019-03-31,17.465,MT.AS,ARCELORMITTAL SA
2019-04-30,12.1406,MT.AS,ARCELORMITTAL SA
2019-05-31,14.4075,MT.AS,ARCELORMITTAL SA
2019-06-30,13.2924,MT.AS,ARCELORMITTAL SA
2019-07-31,11.9867,MT.AS,ARCELORMITTAL SA
2019-08-31,11.8164,MT.AS,ARCELORMITTAL SA
2019-09-30,12.1131,MT.AS,ARCELORMITTAL SA
2019-10-31,14.2171,MT.AS,ARCELORMITTAL SA
2019-11-30,14.3215,MT.AS,ARCELORMITTAL SA
2019-12-31,12.2284,MT.AS,ARCELORMITTAL SA
2020-01-31,11.7523,MT.AS,ARCELORMITTAL SA
2020-02-29,7.9298,MT.AS,ARCELORMITTAL SA
2020-03-31,9.1576,MT.AS,ARCELORMITTAL SA
2020-04-30,7.8785,MT.AS,ARCELORMITTAL SA
2020-05-31,8.579,MT.AS,ARCELORMITTAL SA
2020-06-30,8.5515,MT.AS,ARCELORMITTAL SA
2020-07-31,9.707,MT.AS,ARCELORMITTAL SA
2020-08-31,10.4229,MT.AS,ARCELORMITTAL SA
2020-09-30,10.6683,MT.AS,ARCELORMITTAL SA
2020-10-31,14.0541,MT.AS,ARCELORMITTAL SA
2020-11-30,17.2861,MT.AS,ARCELORMITTAL SA
2020-12-31,16.5188,MT.AS,ARCELORMITTAL SA
2021-01-31,17.7237,MT.AS,ARCELORMITTAL SA
2021-02-28,22.5507,MT.AS,ARCELORMITTAL SA
2021-03-31,22.2027,MT.AS,ARCELORMITTAL SA
2021-04-30,24.6245,MT.AS,ARCELORMITTAL SA
2021-05-31,23.8896,MT.AS,ARCELORMITTAL SA
2021-06-30,27.1473,MT.AS,ARCELORMITTAL SA
2021-07-31,26.2416,MT.AS,ARCELORMITTAL SA
2021-08-31,24.4533,MT.AS,ARCELORMITTAL SA
2021-09-30,27.101,MT.AS,ARCELORMITTAL SA
2021-10-31,22.1152,MT.AS,ARCELORMITTAL SA
2021-11-30,26.0105,MT.AS,ARCELORMITTAL SA
2021-12-31,24.2084,MT.AS,ARCELORMITTAL SA
2022-01-31,25.6039,MT.AS,ARCELORMITTAL SA
2022-02-28,27.0779,MT.AS,ARCELORMITTAL SA
2022-03-31,25.9828,MT.AS,ARCELORMITTAL SA
2022-04-30,28.0931,MT.AS,ARCELORMITTAL SA
2022-05-31,20.173,MT.AS,ARCELORMITTAL SA
2022-06-30,22.4285,MT.AS,ARCELORMITTAL SA
2022-07-31,22.2784,MT.AS,ARCELORMITTAL SA
2022-08-31,19.3805,MT.AS,ARCELORMITTAL SA
2022-09-30,21.2468,MT.AS,ARCELORMITTAL SA
2022-10-31,24.2057,MT.AS,ARCELORMITTAL SA
2022-11-30,23.0475,MT.AS,ARCELORMITTAL SA
2022-12-31,26.5972,MT.AS,ARCELORMITTAL SA
2023-01-31,26.6769,MT.AS,ARCELORMITTAL SA
2023-02-28,26.1377,MT.AS,ARCELORMITTAL SA
2023-03-31,24.1119,MT.AS,ARCELORMITTAL SA
2023-04-30,21.9808,MT.AS,ARCELORMITTAL SA
2023-05-31,23.5894,MT.AS,ARCELORMITTAL SA
2023-06-30,24.8857,MT.AS,ARCELORMITTAL SA
2023-07-31,23.2109,MT.AS,ARCELORMITTAL SA
2023-08-31,22.4965,MT.AS,ARCELORMITTAL SA
2023-09-30,19.7572,MT.AS,ARCELORMITTAL SA
2023-10-31,22.0879,MT.AS,ARCELORMITTAL SA
2023-11-30,24.5607,MT.AS,ARCELORMITTAL SA
2023-12-31,24.5273,MT.AS,ARCELORMITTAL SA
2024-01-31,23.0732,MT.AS,ARCELORMITTAL SA
2024-02-29,24.3503,MT.AS,ARCELORMITTAL SA
2024-03-31,22.5662,MT.AS,ARCELORMITTAL SA
2024-04-30,23.356,MT.AS,ARCELORMITTAL SA
2024-05-31,20.6588,MT.AS,ARCELORMITTAL SA
2024-06-30,20.2432,MT.AS,ARCELORMITTAL SA
2024-07-31,20.4655,MT.AS,ARCELORMITTAL SA
2024-08-31,22.7566,MT.AS,ARCELORMITTAL SA
2024-09-30,21.9252,MT.AS,ARCELORMITTAL SA
2024-10-31,23.2878,MT.AS,ARCELORMITTAL SA
2024-11-30,21.9105,MT.AS,ARCELORMITTAL SA
2024-12-31,23.6102,MT.AS,ARCELORMITTAL SA
2025-01-31,26.8044,MT.AS,ARCELORMITTAL SA
2025-02-28,25.8569,MT.AS,ARCELORMITTAL SA
2025-03-31,25.3196,MT.AS,ARCELORMITTAL SA
2025-04-30,26.3594,MT.AS,ARCELORMITTAL SA
2025-05-31,26.5074,MT.AS,ARCELORMITTAL SA
2025-06-30,27.1487,MT.AS,ARCELORMITTAL SA
2025-07-31,28.076,MT.AS,ARCELORMITTAL SA
2025-08-31,30.1674,MT.AS,ARCELORMITTAL SA
2025-09-30,32.7125,MT.AS,ARCELORMITTAL SA
2025-10-31,36.9737,MT.AS,ARCELORMITTAL SA
2025-11-30,38.8731,MT.AS,ARCELORMITTAL SA
2025-12-31,45.7249,MT.AS,ARCELORMITTAL SA
2026-01-31,55.3224,MT.AS,ARCELORMITTAL SA
2026-02-28,43.7155,MT.AS,ARCELORMITTAL SA
2026-03-31,49.1001,MT.AS,ARCELORMITTAL SA
2026-04-30,59.32,MT.AS,ARCELORMITTAL SA
2026-05-31,52.7,MT.AS,ARCELORMITTAL SA
2026-06-30,,MT.AS,ARCELORMITTAL SA
