date,close,ticker_cryptos_yf,short_name_cryptos
2014-09-01,386.944,BTC-USD,Bitcoin
2014-10-01,338.321,BTC-USD,Bitcoin
2014-11-01,378.047,BTC-USD,Bitcoin
2014-12-01,320.193,BTC-USD,Bitcoin
2015-01-01,217.464,BTC-USD,Bitcoin
2015-02-01,254.263,BTC-USD,Bitcoin
2015-03-01,244.224,BTC-USD,Bitcoin
2015-04-01,236.145,BTC-USD,Bitcoin
2015-05-01,230.19,BTC-USD,Bitcoin
2015-06-01,263.072,BTC-USD,Bitcoin
2015-07-01,284.65,BTC-USD,Bitcoin
2015-08-01,230.056,BTC-USD,Bitcoin
2015-09-01,236.06,BTC-USD,Bitcoin
2015-10-01,314.166,BTC-USD,Bitcoin
2015-11-01,377.321,BTC-USD,Bitcoin
2015-12-01,430.567,BTC-USD,Bitcoin
2016-01-01,368.767,BTC-USD,Bitcoin
2016-02-01,437.697,BTC-USD,Bitcoin
2016-03-01,416.729,BTC-USD,Bitcoin
2016-04-01,448.318,BTC-USD,Bitcoin
2016-05-01,531.386,BTC-USD,Bitcoin
2016-06-01,673.337,BTC-USD,Bitcoin
2016-07-01,624.681,BTC-USD,Bitcoin
2016-08-01,575.472,BTC-USD,Bitcoin
2016-09-01,609.735,BTC-USD,Bitcoin
2016-10-01,700.972,BTC-USD,Bitcoin
2016-11-01,745.691,BTC-USD,Bitcoin
2016-12-01,963.743,BTC-USD,Bitcoin
2017-01-01,970.403,BTC-USD,Bitcoin
2017-02-01,1179.97,BTC-USD,Bitcoin
2017-03-01,1071.79,BTC-USD,Bitcoin
2017-04-01,1347.89,BTC-USD,Bitcoin
2017-05-01,2286.41,BTC-USD,Bitcoin
2017-06-01,2480.84,BTC-USD,Bitcoin
2017-07-01,2875.34,BTC-USD,Bitcoin
2017-08-01,4703.39,BTC-USD,Bitcoin
2017-09-01,4338.71,BTC-USD,Bitcoin
2017-10-01,6468.4,BTC-USD,Bitcoin
2017-11-01,10233.6,BTC-USD,Bitcoin
2017-12-01,14156.4,BTC-USD,Bitcoin
2018-01-01,10221.1,BTC-USD,Bitcoin
2018-02-01,10397.9,BTC-USD,Bitcoin
2018-03-01,6973.53,BTC-USD,Bitcoin
2018-04-01,9240.55,BTC-USD,Bitcoin
2018-05-01,7494.17,BTC-USD,Bitcoin
2018-06-01,6404.0,BTC-USD,Bitcoin
2018-07-01,7780.44,BTC-USD,Bitcoin
2018-08-01,7037.58,BTC-USD,Bitcoin
2018-09-01,6625.56,BTC-USD,Bitcoin
2018-10-01,6317.61,BTC-USD,Bitcoin
2018-11-01,4017.269,BTC-USD,Bitcoin
2018-12-01,3742.7,BTC-USD,Bitcoin
2019-01-01,3457.793,BTC-USD,Bitcoin
2019-02-01,3854.785,BTC-USD,Bitcoin
2019-03-01,4105.404,BTC-USD,Bitcoin
2019-04-01,5350.727,BTC-USD,Bitcoin
2019-05-01,8574.502,BTC-USD,Bitcoin
2019-06-01,10817.155,BTC-USD,Bitcoin
2019-07-01,10085.628,BTC-USD,Bitcoin
2019-08-01,9630.664,BTC-USD,Bitcoin
2019-09-01,8293.868,BTC-USD,Bitcoin
2019-10-01,9199.585,BTC-USD,Bitcoin
2019-11-01,7569.63,BTC-USD,Bitcoin
2019-12-01,7193.599,BTC-USD,Bitcoin
2020-01-01,9350.529,BTC-USD,Bitcoin
2020-02-01,8599.509,BTC-USD,Bitcoin
2020-03-01,6438.645,BTC-USD,Bitcoin
2020-04-01,8658.554,BTC-USD,Bitcoin
2020-05-01,9461.059,BTC-USD,Bitcoin
2020-06-01,9137.993,BTC-USD,Bitcoin
2020-07-01,11323.467,BTC-USD,Bitcoin
2020-08-01,11680.82,BTC-USD,Bitcoin
2020-09-01,10784.491,BTC-USD,Bitcoin
2020-10-01,13780.995,BTC-USD,Bitcoin
2020-11-01,19625.836,BTC-USD,Bitcoin
2020-12-01,29001.721,BTC-USD,Bitcoin
2021-01-01,33114.359,BTC-USD,Bitcoin
2021-02-01,45137.77,BTC-USD,Bitcoin
2021-03-01,58918.832,BTC-USD,Bitcoin
2021-04-01,57750.176,BTC-USD,Bitcoin
2021-05-01,37332.855,BTC-USD,Bitcoin
2021-06-01,35040.836,BTC-USD,Bitcoin
2021-07-01,41626.195,BTC-USD,Bitcoin
2021-08-01,47166.688,BTC-USD,Bitcoin
2021-09-01,43790.895,BTC-USD,Bitcoin
2021-10-01,61318.957,BTC-USD,Bitcoin
2021-11-01,57005.426,BTC-USD,Bitcoin
2021-12-01,46306.445,BTC-USD,Bitcoin
2022-01-01,38483.125,BTC-USD,Bitcoin
2022-02-01,43193.234,BTC-USD,Bitcoin
2022-03-01,45538.676,BTC-USD,Bitcoin
2022-04-01,37714.875,BTC-USD,Bitcoin
2022-05-01,31792.311,BTC-USD,Bitcoin
2022-06-01,19784.727,BTC-USD,Bitcoin
2022-07-01,23336.896,BTC-USD,Bitcoin
2022-08-01,20049.764,BTC-USD,Bitcoin
2022-09-01,19431.789,BTC-USD,Bitcoin
2022-10-01,20495.773,BTC-USD,Bitcoin
2022-11-01,17168.566,BTC-USD,Bitcoin
2022-12-01,16547.496,BTC-USD,Bitcoin
2023-01-01,23139.283,BTC-USD,Bitcoin
2023-02-01,23147.354,BTC-USD,Bitcoin
2023-03-01,28478.484,BTC-USD,Bitcoin
2023-04-01,29268.807,BTC-USD,Bitcoin
2023-05-01,27219.658,BTC-USD,Bitcoin
2023-06-01,30477.252,BTC-USD,Bitcoin
2023-07-01,29230.111,BTC-USD,Bitcoin
2023-08-01,25931.473,BTC-USD,Bitcoin
2023-09-01,26967.916,BTC-USD,Bitcoin
2023-10-01,34667.781,BTC-USD,Bitcoin
2023-11-01,37712.746,BTC-USD,Bitcoin
2023-12-01,42265.188,BTC-USD,Bitcoin
2024-01-01,42582.605,BTC-USD,Bitcoin
2024-02-01,61198.383,BTC-USD,Bitcoin
2024-03-01,71333.648,BTC-USD,Bitcoin
2024-04-01,60636.855,BTC-USD,Bitcoin
2024-05-01,67491.414,BTC-USD,Bitcoin
2024-06-01,62678.293,BTC-USD,Bitcoin
2024-07-01,64619.25,BTC-USD,Bitcoin
2024-08-01,58969.898,BTC-USD,Bitcoin
2024-09-01,63329.5,BTC-USD,Bitcoin
2024-10-01,70215.188,BTC-USD,Bitcoin
2024-11-01,96449.055,BTC-USD,Bitcoin
2024-12-01,93429.203,BTC-USD,Bitcoin
2025-01-01,102405.023,BTC-USD,Bitcoin
2025-02-01,84373.008,BTC-USD,Bitcoin
2025-03-01,82548.914,BTC-USD,Bitcoin
2025-04-01,94207.312,BTC-USD,Bitcoin
2025-05-01,104638.094,BTC-USD,Bitcoin
2025-06-01,107135.336,BTC-USD,Bitcoin
2025-07-01,115758.203,BTC-USD,Bitcoin
2025-08-01,108236.711,BTC-USD,Bitcoin
2025-09-01,114056.086,BTC-USD,Bitcoin
2025-10-01,109556.164,BTC-USD,Bitcoin
2025-11-01,90394.312,BTC-USD,Bitcoin
2025-12-01,87508.828,BTC-USD,Bitcoin
2026-01-01,78621.117,BTC-USD,Bitcoin
2026-02-01,66995.859,BTC-USD,Bitcoin
2026-03-01,68233.312,BTC-USD,Bitcoin
2026-04-01,76304.32,BTC-USD,Bitcoin
2026-05-01,73579.688,BTC-USD,Bitcoin
2026-06-01,58558.859,BTC-USD,Bitcoin
2026-07-01,59901.551,BTC-USD,Bitcoin
2017-11-01,447.114,ETH-USD,Ethereum
2017-12-01,756.733,ETH-USD,Ethereum
2018-01-01,1118.31,ETH-USD,Ethereum
2018-02-01,855.199,ETH-USD,Ethereum
2018-03-01,396.457,ETH-USD,Ethereum
2018-04-01,669.924,ETH-USD,Ethereum
2018-05-01,577.645,ETH-USD,Ethereum
2018-06-01,455.18,ETH-USD,Ethereum
2018-07-01,433.867,ETH-USD,Ethereum
2018-08-01,283.004,ETH-USD,Ethereum
2018-09-01,232.848,ETH-USD,Ethereum
2018-10-01,197.381,ETH-USD,Ethereum
2018-11-01,113.171,ETH-USD,Ethereum
2018-12-01,133.368,ETH-USD,Ethereum
2019-01-01,107.061,ETH-USD,Ethereum
2019-02-01,136.746,ETH-USD,Ethereum
2019-03-01,141.514,ETH-USD,Ethereum
2019-04-01,162.166,ETH-USD,Ethereum
2019-05-01,268.114,ETH-USD,Ethereum
2019-06-01,290.696,ETH-USD,Ethereum
2019-07-01,218.654,ETH-USD,Ethereum
2019-08-01,172.47,ETH-USD,Ethereum
2019-09-01,179.872,ETH-USD,Ethereum
2019-10-01,183.967,ETH-USD,Ethereum
2019-11-01,152.54,ETH-USD,Ethereum
2019-12-01,129.611,ETH-USD,Ethereum
2020-01-01,180.16,ETH-USD,Ethereum
2020-02-01,219.849,ETH-USD,Ethereum
2020-03-01,133.594,ETH-USD,Ethereum
2020-04-01,207.602,ETH-USD,Ethereum
2020-05-01,230.976,ETH-USD,Ethereum
2020-06-01,226.315,ETH-USD,Ethereum
2020-07-01,345.555,ETH-USD,Ethereum
2020-08-01,435.08,ETH-USD,Ethereum
2020-09-01,359.938,ETH-USD,Ethereum
2020-10-01,386.59,ETH-USD,Ethereum
2020-11-01,614.843,ETH-USD,Ethereum
2020-12-01,737.803,ETH-USD,Ethereum
2021-01-01,1314.986,ETH-USD,Ethereum
2021-02-01,1416.049,ETH-USD,Ethereum
2021-03-01,1918.362,ETH-USD,Ethereum
2021-04-01,2773.207,ETH-USD,Ethereum
2021-05-01,2714.945,ETH-USD,Ethereum
2021-06-01,2274.548,ETH-USD,Ethereum
2021-07-01,2536.21,ETH-USD,Ethereum
2021-08-01,3433.733,ETH-USD,Ethereum
2021-09-01,3001.679,ETH-USD,Ethereum
2021-10-01,4288.074,ETH-USD,Ethereum
2021-11-01,4631.479,ETH-USD,Ethereum
2021-12-01,3682.633,ETH-USD,Ethereum
2022-01-01,2688.279,ETH-USD,Ethereum
2022-02-01,2919.201,ETH-USD,Ethereum
2022-03-01,3281.643,ETH-USD,Ethereum
2022-04-01,2730.187,ETH-USD,Ethereum
2022-05-01,1942.328,ETH-USD,Ethereum
2022-06-01,1067.299,ETH-USD,Ethereum
2022-07-01,1681.517,ETH-USD,Ethereum
2022-08-01,1553.685,ETH-USD,Ethereum
2022-09-01,1327.979,ETH-USD,Ethereum
2022-10-01,1572.714,ETH-USD,Ethereum
2022-11-01,1295.689,ETH-USD,Ethereum
2022-12-01,1196.771,ETH-USD,Ethereum
2023-01-01,1586.535,ETH-USD,Ethereum
2023-02-01,1605.895,ETH-USD,Ethereum
2023-03-01,1822.022,ETH-USD,Ethereum
2023-04-01,1876.924,ETH-USD,Ethereum
2023-05-01,1874.13,ETH-USD,Ethereum
2023-06-01,1933.189,ETH-USD,Ethereum
2023-07-01,1856.162,ETH-USD,Ethereum
2023-08-01,1645.639,ETH-USD,Ethereum
2023-09-01,1671.162,ETH-USD,Ethereum
2023-10-01,1816.459,ETH-USD,Ethereum
2023-11-01,2052.556,ETH-USD,Ethereum
2023-12-01,2281.471,ETH-USD,Ethereum
2024-01-01,2282.544,ETH-USD,Ethereum
2024-02-01,3341.92,ETH-USD,Ethereum
2024-03-01,3647.856,ETH-USD,Ethereum
2024-04-01,3012.287,ETH-USD,Ethereum
2024-05-01,3760.027,ETH-USD,Ethereum
2024-06-01,3432.889,ETH-USD,Ethereum
2024-07-01,3231.296,ETH-USD,Ethereum
2024-08-01,2513.394,ETH-USD,Ethereum
2024-09-01,2603.063,ETH-USD,Ethereum
2024-10-01,2515.799,ETH-USD,Ethereum
2024-11-01,3705.705,ETH-USD,Ethereum
2024-12-01,3332.532,ETH-USD,Ethereum
2025-01-01,3298.265,ETH-USD,Ethereum
2025-02-01,2237.905,ETH-USD,Ethereum
2025-03-01,1823.48,ETH-USD,Ethereum
2025-04-01,1793.775,ETH-USD,Ethereum
2025-05-01,2529.087,ETH-USD,Ethereum
2025-06-01,2486.464,ETH-USD,Ethereum
2025-07-01,3696.708,ETH-USD,Ethereum
2025-08-01,4390.019,ETH-USD,Ethereum
2025-09-01,4145.958,ETH-USD,Ethereum
2025-10-01,3847.08,ETH-USD,Ethereum
2025-11-01,2992.113,ETH-USD,Ethereum
2025-12-01,2967.038,ETH-USD,Ethereum
2026-01-01,2445.092,ETH-USD,Ethereum
2026-02-01,1965.051,ETH-USD,Ethereum
2026-03-01,2104.708,ETH-USD,Ethereum
2026-04-01,2256.251,ETH-USD,Ethereum
2026-05-01,2004.342,ETH-USD,Ethereum
2026-06-01,1569.584,ETH-USD,Ethereum
2026-07-01,1612.11,ETH-USD,Ethereum
2017-11-01,1.008,USDT-USD,Tether
2017-12-01,1.012,USDT-USD,Tether
2018-01-01,0.99,USDT-USD,Tether
2018-02-01,0.999,USDT-USD,Tether
2018-03-01,1.001,USDT-USD,Tether
2018-04-01,0.999,USDT-USD,Tether
2018-05-01,0.998,USDT-USD,Tether
2018-06-01,0.999,USDT-USD,Tether
2018-07-01,1.0,USDT-USD,Tether
2018-08-01,1.004,USDT-USD,Tether
2018-09-01,1.0,USDT-USD,Tether
2018-10-01,0.988,USDT-USD,Tether
2018-11-01,0.992,USDT-USD,Tether
2018-12-01,1.014,USDT-USD,Tether
2019-01-01,1.006,USDT-USD,Tether
2019-02-01,1.01,USDT-USD,Tether
2019-03-01,1.001,USDT-USD,Tether
2019-04-01,1.006,USDT-USD,Tether
2019-05-01,1.003,USDT-USD,Tether
2019-06-01,0.992,USDT-USD,Tether
2019-07-01,1.004,USDT-USD,Tether
2019-08-01,1.004,USDT-USD,Tether
2019-09-01,1.004,USDT-USD,Tether
2019-10-01,1.006,USDT-USD,Tether
2019-11-01,1.002,USDT-USD,Tether
2019-12-01,1.0,USDT-USD,Tether
2020-01-01,1.001,USDT-USD,Tether
2020-02-01,1.006,USDT-USD,Tether
2020-03-01,1.003,USDT-USD,Tether
2020-04-01,1.005,USDT-USD,Tether
2020-05-01,0.998,USDT-USD,Tether
2020-06-01,1.0,USDT-USD,Tether
2020-07-01,1.0,USDT-USD,Tether
2020-08-01,1.003,USDT-USD,Tether
2020-09-01,1.001,USDT-USD,Tether
2020-10-01,1.0,USDT-USD,Tether
2020-11-01,1.0,USDT-USD,Tether
2020-12-01,1.001,USDT-USD,Tether
2021-01-01,1.001,USDT-USD,Tether
2021-02-01,1.002,USDT-USD,Tether
2021-03-01,1.0,USDT-USD,Tether
2021-04-01,1.0,USDT-USD,Tether
2021-05-01,1.001,USDT-USD,Tether
2021-06-01,1.0,USDT-USD,Tether
2021-07-01,1.0,USDT-USD,Tether
2021-08-01,1.001,USDT-USD,Tether
2021-09-01,1.0,USDT-USD,Tether
2021-10-01,1.0,USDT-USD,Tether
2021-11-01,1.0,USDT-USD,Tether
2021-12-01,1.0,USDT-USD,Tether
2022-01-01,1.0,USDT-USD,Tether
2022-02-01,1.0,USDT-USD,Tether
2022-03-01,1.0,USDT-USD,Tether
2022-04-01,1.0,USDT-USD,Tether
2022-05-01,0.999,USDT-USD,Tether
2022-06-01,0.999,USDT-USD,Tether
2022-07-01,1.0,USDT-USD,Tether
2022-08-01,1.0,USDT-USD,Tether
2022-09-01,1.0,USDT-USD,Tether
2022-10-01,1.0,USDT-USD,Tether
2022-11-01,1.0,USDT-USD,Tether
2022-12-01,1.0,USDT-USD,Tether
2023-01-01,1.0,USDT-USD,Tether
2023-02-01,1.0,USDT-USD,Tether
2023-03-01,1.0,USDT-USD,Tether
2023-04-01,1.0,USDT-USD,Tether
2023-05-01,1.0,USDT-USD,Tether
2023-06-01,1.0,USDT-USD,Tether
2023-07-01,1.0,USDT-USD,Tether
2023-08-01,1.0,USDT-USD,Tether
2023-09-01,1.0,USDT-USD,Tether
2023-10-01,1.0,USDT-USD,Tether
2023-11-01,1.0,USDT-USD,Tether
2023-12-01,1.0,USDT-USD,Tether
2024-01-01,1.0,USDT-USD,Tether
2024-02-01,1.0,USDT-USD,Tether
2024-03-01,1.0,USDT-USD,Tether
2024-04-01,0.999,USDT-USD,Tether
2024-05-01,0.999,USDT-USD,Tether
2024-06-01,0.998,USDT-USD,Tether
2024-07-01,1.0,USDT-USD,Tether
2024-08-01,1.0,USDT-USD,Tether
2024-09-01,1.0,USDT-USD,Tether
2024-10-01,0.999,USDT-USD,Tether
2024-11-01,1.001,USDT-USD,Tether
2024-12-01,0.998,USDT-USD,Tether
2025-01-01,1.0,USDT-USD,Tether
2025-02-01,1.0,USDT-USD,Tether
2025-03-01,1.0,USDT-USD,Tether
2025-04-01,1.0,USDT-USD,Tether
2025-05-01,1.0,USDT-USD,Tether
2025-06-01,1.0,USDT-USD,Tether
2025-07-01,1.0,USDT-USD,Tether
2025-08-01,1.0,USDT-USD,Tether
2025-09-01,1.0,USDT-USD,Tether
2025-10-01,1.0,USDT-USD,Tether
2025-11-01,1.0,USDT-USD,Tether
2025-12-01,0.998,USDT-USD,Tether
2026-01-01,0.999,USDT-USD,Tether
2026-02-01,1.0,USDT-USD,Tether
2026-03-01,0.999,USDT-USD,Tether
2026-04-01,1.0,USDT-USD,Tether
2026-05-01,0.999,USDT-USD,Tether
2026-06-01,0.998,USDT-USD,Tether
2026-07-01,0.999,USDT-USD,Tether
2017-11-01,1.997,BNB-USD,BNB
2017-12-01,8.636,BNB-USD,BNB
2018-01-01,11.145,BNB-USD,BNB
2018-02-01,10.438,BNB-USD,BNB
2018-03-01,11.056,BNB-USD,BNB
2018-04-01,14.312,BNB-USD,BNB
2018-05-01,14.19,BNB-USD,BNB
2018-06-01,14.657,BNB-USD,BNB
2018-07-01,13.775,BNB-USD,BNB
2018-08-01,11.014,BNB-USD,BNB
2018-09-01,10.018,BNB-USD,BNB
2018-10-01,9.365,BNB-USD,BNB
2018-11-01,5.079,BNB-USD,BNB
2018-12-01,6.165,BNB-USD,BNB
2019-01-01,6.268,BNB-USD,BNB
2019-02-01,10.365,BNB-USD,BNB
2019-03-01,17.402,BNB-USD,BNB
2019-04-01,22.128,BNB-USD,BNB
2019-05-01,32.748,BNB-USD,BNB
2019-06-01,32.442,BNB-USD,BNB
2019-07-01,27.645,BNB-USD,BNB
2019-08-01,21.266,BNB-USD,BNB
2019-09-01,15.863,BNB-USD,BNB
2019-10-01,20.0,BNB-USD,BNB
2019-11-01,15.716,BNB-USD,BNB
2019-12-01,13.728,BNB-USD,BNB
2020-01-01,18.211,BNB-USD,BNB
2020-02-01,19.584,BNB-USD,BNB
2020-03-01,12.582,BNB-USD,BNB
2020-04-01,17.034,BNB-USD,BNB
2020-05-01,17.04,BNB-USD,BNB
2020-06-01,15.414,BNB-USD,BNB
2020-07-01,20.668,BNB-USD,BNB
2020-08-01,23.193,BNB-USD,BNB
2020-09-01,29.291,BNB-USD,BNB
2020-10-01,28.431,BNB-USD,BNB
2020-11-01,31.393,BNB-USD,BNB
2020-12-01,37.376,BNB-USD,BNB
2021-01-01,44.276,BNB-USD,BNB
2021-02-01,209.574,BNB-USD,BNB
2021-03-01,302.063,BNB-USD,BNB
2021-04-01,624.081,BNB-USD,BNB
2021-05-01,354.329,BNB-USD,BNB
2021-06-01,303.296,BNB-USD,BNB
2021-07-01,333.55,BNB-USD,BNB
2021-08-01,464.419,BNB-USD,BNB
2021-09-01,387.057,BNB-USD,BNB
2021-10-01,524.364,BNB-USD,BNB
2021-11-01,622.67,BNB-USD,BNB
2021-12-01,511.708,BNB-USD,BNB
2022-01-01,375.277,BNB-USD,BNB
2022-02-01,395.612,BNB-USD,BNB
2022-03-01,428.916,BNB-USD,BNB
2022-04-01,377.768,BNB-USD,BNB
2022-05-01,320.485,BNB-USD,BNB
2022-06-01,219.3,BNB-USD,BNB
2022-07-01,283.579,BNB-USD,BNB
2022-08-01,279.238,BNB-USD,BNB
2022-09-01,284.192,BNB-USD,BNB
2022-10-01,326.361,BNB-USD,BNB
2022-11-01,300.794,BNB-USD,BNB
2022-12-01,246.349,BNB-USD,BNB
2023-01-01,312.361,BNB-USD,BNB
2023-02-01,301.475,BNB-USD,BNB
2023-03-01,317.04,BNB-USD,BNB
2023-04-01,337.646,BNB-USD,BNB
2023-05-01,306.867,BNB-USD,BNB
2023-06-01,240.37,BNB-USD,BNB
2023-07-01,241.121,BNB-USD,BNB
2023-08-01,216.598,BNB-USD,BNB
2023-09-01,214.821,BNB-USD,BNB
2023-10-01,226.44,BNB-USD,BNB
2023-11-01,227.684,BNB-USD,BNB
2023-12-01,312.436,BNB-USD,BNB
2024-01-01,300.351,BNB-USD,BNB
2024-02-01,399.779,BNB-USD,BNB
2024-03-01,606.909,BNB-USD,BNB
2024-04-01,578.488,BNB-USD,BNB
2024-05-01,593.522,BNB-USD,BNB
2024-06-01,581.771,BNB-USD,BNB
2024-07-01,576.368,BNB-USD,BNB
2024-08-01,532.897,BNB-USD,BNB
2024-09-01,567.26,BNB-USD,BNB
2024-10-01,576.034,BNB-USD,BNB
2024-11-01,654.329,BNB-USD,BNB
2024-12-01,700.987,BNB-USD,BNB
2025-01-01,677.375,BNB-USD,BNB
2025-02-01,587.452,BNB-USD,BNB
2025-03-01,605.073,BNB-USD,BNB
2025-04-01,599.682,BNB-USD,BNB
2025-05-01,658.501,BNB-USD,BNB
2025-06-01,657.025,BNB-USD,BNB
2025-07-01,783.667,BNB-USD,BNB
2025-08-01,857.817,BNB-USD,BNB
2025-09-01,1008.483,BNB-USD,BNB
2025-10-01,1088.955,BNB-USD,BNB
2025-11-01,877.577,BNB-USD,BNB
2025-12-01,863.257,BNB-USD,BNB
2026-01-01,780.485,BNB-USD,BNB
2026-02-01,617.246,BNB-USD,BNB
2026-03-01,617.049,BNB-USD,BNB
2026-04-01,615.067,BNB-USD,BNB
2026-05-01,708.584,BNB-USD,BNB
2026-06-01,545.686,BNB-USD,BNB
2026-07-01,550.29,BNB-USD,BNB
2018-10-01,0.996,USDC-USD,USDC
2018-11-01,1.01,USDC-USD,USDC
2018-12-01,1.017,USDC-USD,USDC
2019-01-01,1.012,USDC-USD,USDC
2019-02-01,1.014,USDC-USD,USDC
2019-03-01,1.001,USDC-USD,USDC
2019-04-01,1.015,USDC-USD,USDC
2019-05-01,1.001,USDC-USD,USDC
2019-06-01,1.003,USDC-USD,USDC
2019-07-01,1.002,USDC-USD,USDC
2019-08-01,1.003,USDC-USD,USDC
2019-09-01,1.001,USDC-USD,USDC
2019-10-01,1.005,USDC-USD,USDC
2019-11-01,0.998,USDC-USD,USDC
2019-12-01,1.004,USDC-USD,USDC
2020-01-01,1.028,USDC-USD,USDC
2020-02-01,1.005,USDC-USD,USDC
2020-03-01,1.001,USDC-USD,USDC
2020-04-01,1.002,USDC-USD,USDC
2020-05-01,1.002,USDC-USD,USDC
2020-06-01,1.0,USDC-USD,USDC
2020-07-01,1.006,USDC-USD,USDC
2020-08-01,1.004,USDC-USD,USDC
2020-09-01,1.001,USDC-USD,USDC
2020-10-01,1.0,USDC-USD,USDC
2020-11-01,1.0,USDC-USD,USDC
2020-12-01,1.0,USDC-USD,USDC
2021-01-01,1.0,USDC-USD,USDC
2021-02-01,1.0,USDC-USD,USDC
2021-03-01,1.0,USDC-USD,USDC
2021-04-01,1.0,USDC-USD,USDC
2021-05-01,1.0,USDC-USD,USDC
2021-06-01,1.0,USDC-USD,USDC
2021-07-01,1.0,USDC-USD,USDC
2021-08-01,1.0,USDC-USD,USDC
2021-09-01,1.0,USDC-USD,USDC
2021-10-01,1.0,USDC-USD,USDC
2021-11-01,0.999,USDC-USD,USDC
2021-12-01,1.0,USDC-USD,USDC
2022-01-01,1.0,USDC-USD,USDC
2022-02-01,1.0,USDC-USD,USDC
2022-03-01,0.999,USDC-USD,USDC
2022-04-01,1.0,USDC-USD,USDC
2022-05-01,1.0,USDC-USD,USDC
2022-06-01,1.0,USDC-USD,USDC
2022-07-01,1.0,USDC-USD,USDC
2022-08-01,1.0,USDC-USD,USDC
2022-09-01,1.0,USDC-USD,USDC
2022-10-01,1.0,USDC-USD,USDC
2022-11-01,1.0,USDC-USD,USDC
2022-12-01,1.0,USDC-USD,USDC
2023-01-01,1.0,USDC-USD,USDC
2023-02-01,1.0,USDC-USD,USDC
2023-03-01,1.0,USDC-USD,USDC
2023-04-01,1.0,USDC-USD,USDC
2023-05-01,1.0,USDC-USD,USDC
2023-06-01,1.0,USDC-USD,USDC
2023-07-01,1.0,USDC-USD,USDC
2023-08-01,1.0,USDC-USD,USDC
2023-09-01,1.0,USDC-USD,USDC
2023-10-01,1.0,USDC-USD,USDC
2023-11-01,1.0,USDC-USD,USDC
2023-12-01,1.0,USDC-USD,USDC
2024-01-01,1.0,USDC-USD,USDC
2024-02-01,1.0,USDC-USD,USDC
2024-03-01,1.0,USDC-USD,USDC
2024-04-01,1.0,USDC-USD,USDC
2024-05-01,1.0,USDC-USD,USDC
2024-06-01,1.0,USDC-USD,USDC
2024-07-01,1.0,USDC-USD,USDC
2024-08-01,1.0,USDC-USD,USDC
2024-09-01,1.0,USDC-USD,USDC
2024-10-01,1.0,USDC-USD,USDC
2024-11-01,1.0,USDC-USD,USDC
2024-12-01,1.0,USDC-USD,USDC
2025-01-01,1.0,USDC-USD,USDC
2025-02-01,1.0,USDC-USD,USDC
2025-03-01,1.0,USDC-USD,USDC
2025-04-01,1.0,USDC-USD,USDC
2025-05-01,1.0,USDC-USD,USDC
2025-06-01,1.0,USDC-USD,USDC
2025-07-01,1.0,USDC-USD,USDC
2025-08-01,1.0,USDC-USD,USDC
2025-09-01,1.0,USDC-USD,USDC
2025-10-01,1.0,USDC-USD,USDC
2025-11-01,1.0,USDC-USD,USDC
2025-12-01,1.0,USDC-USD,USDC
2026-01-01,1.0,USDC-USD,USDC
2026-02-01,1.0,USDC-USD,USDC
2026-03-01,1.0,USDC-USD,USDC
2026-04-01,1.0,USDC-USD,USDC
2026-05-01,1.0,USDC-USD,USDC
2026-06-01,1.0,USDC-USD,USDC
2026-07-01,1.0,USDC-USD,USDC
2017-11-01,0.251,XRP-USD,XRP
2017-12-01,2.301,XRP-USD,XRP
2018-01-01,1.162,XRP-USD,XRP
2018-02-01,0.905,XRP-USD,XRP
2018-03-01,0.512,XRP-USD,XRP
2018-04-01,0.838,XRP-USD,XRP
2018-05-01,0.613,XRP-USD,XRP
2018-06-01,0.466,XRP-USD,XRP
2018-07-01,0.435,XRP-USD,XRP
2018-08-01,0.335,XRP-USD,XRP
2018-09-01,0.582,XRP-USD,XRP
2018-10-01,0.448,XRP-USD,XRP
2018-11-01,0.362,XRP-USD,XRP
2018-12-01,0.353,XRP-USD,XRP
2019-01-01,0.31,XRP-USD,XRP
2019-02-01,0.315,XRP-USD,XRP
2019-03-01,0.309,XRP-USD,XRP
2019-04-01,0.309,XRP-USD,XRP
2019-05-01,0.439,XRP-USD,XRP
2019-06-01,0.396,XRP-USD,XRP
2019-07-01,0.321,XRP-USD,XRP
2019-08-01,0.259,XRP-USD,XRP
2019-09-01,0.256,XRP-USD,XRP
2019-10-01,0.296,XRP-USD,XRP
2019-11-01,0.226,XRP-USD,XRP
2019-12-01,0.193,XRP-USD,XRP
2020-01-01,0.239,XRP-USD,XRP
2020-02-01,0.231,XRP-USD,XRP
2020-03-01,0.175,XRP-USD,XRP
2020-04-01,0.213,XRP-USD,XRP
2020-05-01,0.203,XRP-USD,XRP
2020-06-01,0.176,XRP-USD,XRP
2020-07-01,0.259,XRP-USD,XRP
2020-08-01,0.282,XRP-USD,XRP
2020-09-01,0.242,XRP-USD,XRP
2020-10-01,0.24,XRP-USD,XRP
2020-11-01,0.664,XRP-USD,XRP
2020-12-01,0.22,XRP-USD,XRP
2021-01-01,0.492,XRP-USD,XRP
2021-02-01,0.415,XRP-USD,XRP
2021-03-01,0.574,XRP-USD,XRP
2021-04-01,1.592,XRP-USD,XRP
2021-05-01,1.047,XRP-USD,XRP
2021-06-01,0.706,XRP-USD,XRP
2021-07-01,0.748,XRP-USD,XRP
2021-08-01,1.188,XRP-USD,XRP
2021-09-01,0.953,XRP-USD,XRP
2021-10-01,1.113,XRP-USD,XRP
2021-11-01,0.999,XRP-USD,XRP
2021-12-01,0.831,XRP-USD,XRP
2022-01-01,0.619,XRP-USD,XRP
2022-02-01,0.782,XRP-USD,XRP
2022-03-01,0.815,XRP-USD,XRP
2022-04-01,0.587,XRP-USD,XRP
2022-05-01,0.422,XRP-USD,XRP
2022-06-01,0.331,XRP-USD,XRP
2022-07-01,0.38,XRP-USD,XRP
2022-08-01,0.328,XRP-USD,XRP
2022-09-01,0.48,XRP-USD,XRP
2022-10-01,0.466,XRP-USD,XRP
2022-11-01,0.409,XRP-USD,XRP
2022-12-01,0.34,XRP-USD,XRP
2023-01-01,0.406,XRP-USD,XRP
2023-02-01,0.377,XRP-USD,XRP
2023-03-01,0.538,XRP-USD,XRP
2023-04-01,0.472,XRP-USD,XRP
2023-05-01,0.517,XRP-USD,XRP
2023-06-01,0.474,XRP-USD,XRP
2023-07-01,0.699,XRP-USD,XRP
2023-08-01,0.511,XRP-USD,XRP
2023-09-01,0.515,XRP-USD,XRP
2023-10-01,0.6,XRP-USD,XRP
2023-11-01,0.606,XRP-USD,XRP
2023-12-01,0.615,XRP-USD,XRP
2024-01-01,0.503,XRP-USD,XRP
2024-02-01,0.586,XRP-USD,XRP
2024-03-01,0.629,XRP-USD,XRP
2024-04-01,0.5,XRP-USD,XRP
2024-05-01,0.518,XRP-USD,XRP
2024-06-01,0.475,XRP-USD,XRP
2024-07-01,0.624,XRP-USD,XRP
2024-08-01,0.566,XRP-USD,XRP
2024-09-01,0.611,XRP-USD,XRP
2024-10-01,0.509,XRP-USD,XRP
2024-11-01,1.944,XRP-USD,XRP
2024-12-01,2.08,XRP-USD,XRP
2025-01-01,3.035,XRP-USD,XRP
2025-02-01,2.146,XRP-USD,XRP
2025-03-01,2.09,XRP-USD,XRP
2025-04-01,2.192,XRP-USD,XRP
2025-05-01,2.175,XRP-USD,XRP
2025-06-01,2.239,XRP-USD,XRP
2025-07-01,3.025,XRP-USD,XRP
2025-08-01,2.777,XRP-USD,XRP
2025-09-01,2.847,XRP-USD,XRP
2025-10-01,2.509,XRP-USD,XRP
2025-11-01,2.161,XRP-USD,XRP
2025-12-01,1.84,XRP-USD,XRP
2026-01-01,1.645,XRP-USD,XRP
2026-02-01,1.377,XRP-USD,XRP
2026-03-01,1.34,XRP-USD,XRP
2026-04-01,1.367,XRP-USD,XRP
2026-05-01,1.331,XRP-USD,XRP
2026-06-01,1.038,XRP-USD,XRP
2026-07-01,1.058,XRP-USD,XRP
2020-04-01,0.691,SOL-USD,Solana
2020-05-01,0.57,SOL-USD,Solana
2020-06-01,0.86,SOL-USD,Solana
2020-07-01,1.538,SOL-USD,Solana
2020-08-01,4.782,SOL-USD,Solana
2020-09-01,2.898,SOL-USD,Solana
2020-10-01,1.541,SOL-USD,Solana
2020-11-01,1.967,SOL-USD,Solana
2020-12-01,1.511,SOL-USD,Solana
2021-01-01,4.264,SOL-USD,Solana
2021-02-01,13.089,SOL-USD,Solana
2021-03-01,19.465,SOL-USD,Solana
2021-04-01,42.956,SOL-USD,Solana
2021-05-01,32.816,SOL-USD,Solana
2021-06-01,35.556,SOL-USD,Solana
2021-07-01,36.827,SOL-USD,Solana
2021-08-01,108.484,SOL-USD,Solana
2021-09-01,141.069,SOL-USD,Solana
2021-10-01,202.421,SOL-USD,Solana
2021-11-01,208.671,SOL-USD,Solana
2021-12-01,170.299,SOL-USD,Solana
2022-01-01,99.739,SOL-USD,Solana
2022-02-01,99.52,SOL-USD,Solana
2022-03-01,122.661,SOL-USD,Solana
2022-04-01,85.096,SOL-USD,Solana
2022-05-01,45.768,SOL-USD,Solana
2022-06-01,33.588,SOL-USD,Solana
2022-07-01,42.4,SOL-USD,Solana
2022-08-01,31.473,SOL-USD,Solana
2022-09-01,33.212,SOL-USD,Solana
2022-10-01,32.611,SOL-USD,Solana
2022-11-01,14.115,SOL-USD,Solana
2022-12-01,9.961,SOL-USD,Solana
2023-01-01,23.953,SOL-USD,Solana
2023-02-01,21.916,SOL-USD,Solana
2023-03-01,21.17,SOL-USD,Solana
2023-04-01,22.832,SOL-USD,Solana
2023-05-01,20.825,SOL-USD,Solana
2023-06-01,18.897,SOL-USD,Solana
2023-07-01,23.721,SOL-USD,Solana
2023-08-01,19.735,SOL-USD,Solana
2023-09-01,21.395,SOL-USD,Solana
2023-10-01,38.52,SOL-USD,Solana
2023-11-01,59.242,SOL-USD,Solana
2023-12-01,101.506,SOL-USD,Solana
2024-01-01,97.029,SOL-USD,Solana
2024-02-01,125.712,SOL-USD,Solana
2024-03-01,202.874,SOL-USD,Solana
2024-04-01,126.963,SOL-USD,Solana
2024-05-01,165.638,SOL-USD,Solana
2024-06-01,146.492,SOL-USD,Solana
2024-07-01,171.826,SOL-USD,Solana
2024-08-01,135.374,SOL-USD,Solana
2024-09-01,152.618,SOL-USD,Solana
2024-10-01,168.43,SOL-USD,Solana
2024-11-01,237.744,SOL-USD,Solana
2024-12-01,189.264,SOL-USD,Solana
2025-01-01,231.638,SOL-USD,Solana
2025-02-01,148.03,SOL-USD,Solana
2025-03-01,124.694,SOL-USD,Solana
2025-04-01,147.643,SOL-USD,Solana
2025-05-01,156.639,SOL-USD,Solana
2025-06-01,154.735,SOL-USD,Solana
2025-07-01,172.424,SOL-USD,Solana
2025-08-01,200.864,SOL-USD,Solana
2025-09-01,208.743,SOL-USD,Solana
2025-10-01,187.209,SOL-USD,Solana
2025-11-01,133.565,SOL-USD,Solana
2025-12-01,124.484,SOL-USD,Solana
2026-01-01,105.442,SOL-USD,Solana
2026-02-01,84.366,SOL-USD,Solana
2026-03-01,83.106,SOL-USD,Solana
2026-04-01,83.024,SOL-USD,Solana
2026-05-01,82.298,SOL-USD,Solana
2026-06-01,73.523,SOL-USD,Solana
2026-07-01,76.79,SOL-USD,Solana
2017-11-01,0.002,TRX-USD,TRON
2017-12-01,0.045,TRX-USD,TRON
2018-01-01,0.054,TRX-USD,TRON
2018-02-01,0.043,TRX-USD,TRON
2018-03-01,0.034,TRX-USD,TRON
2018-04-01,0.094,TRX-USD,TRON
2018-05-01,0.061,TRX-USD,TRON
2018-06-01,0.038,TRX-USD,TRON
2018-07-01,0.034,TRX-USD,TRON
2018-08-01,0.025,TRX-USD,TRON
2018-09-01,0.022,TRX-USD,TRON
2018-10-01,0.022,TRX-USD,TRON
2018-11-01,0.014,TRX-USD,TRON
2018-12-01,0.019,TRX-USD,TRON
2019-01-01,0.025,TRX-USD,TRON
2019-02-01,0.024,TRX-USD,TRON
2019-03-01,0.024,TRX-USD,TRON
2019-04-01,0.024,TRX-USD,TRON
2019-05-01,0.033,TRX-USD,TRON
2019-06-01,0.032,TRX-USD,TRON
2019-07-01,0.022,TRX-USD,TRON
2019-08-01,0.016,TRX-USD,TRON
2019-09-01,0.015,TRX-USD,TRON
2019-10-01,0.02,TRX-USD,TRON
2019-11-01,0.016,TRX-USD,TRON
2019-12-01,0.013,TRX-USD,TRON
2020-01-01,0.019,TRX-USD,TRON
2020-02-01,0.017,TRX-USD,TRON
2020-03-01,0.012,TRX-USD,TRON
2020-04-01,0.015,TRX-USD,TRON
2020-05-01,0.016,TRX-USD,TRON
2020-06-01,0.016,TRX-USD,TRON
2020-07-01,0.02,TRX-USD,TRON
2020-08-01,0.029,TRX-USD,TRON
2020-09-01,0.026,TRX-USD,TRON
2020-10-01,0.026,TRX-USD,TRON
2020-11-01,0.032,TRX-USD,TRON
2020-12-01,0.027,TRX-USD,TRON
2021-01-01,0.032,TRX-USD,TRON
2021-02-01,0.046,TRX-USD,TRON
2021-03-01,0.092,TRX-USD,TRON
2021-04-01,0.132,TRX-USD,TRON
2021-05-01,0.077,TRX-USD,TRON
2021-06-01,0.068,TRX-USD,TRON
2021-07-01,0.064,TRX-USD,TRON
2021-08-01,0.089,TRX-USD,TRON
2021-09-01,0.089,TRX-USD,TRON
2021-10-01,0.102,TRX-USD,TRON
2021-11-01,0.097,TRX-USD,TRON
2021-12-01,0.075,TRX-USD,TRON
2022-01-01,0.059,TRX-USD,TRON
2022-02-01,0.062,TRX-USD,TRON
2022-03-01,0.074,TRX-USD,TRON
2022-04-01,0.063,TRX-USD,TRON
2022-05-01,0.084,TRX-USD,TRON
2022-06-01,0.065,TRX-USD,TRON
2022-07-01,0.069,TRX-USD,TRON
2022-08-01,0.063,TRX-USD,TRON
2022-09-01,0.061,TRX-USD,TRON
2022-10-01,0.063,TRX-USD,TRON
2022-11-01,0.055,TRX-USD,TRON
2022-12-01,0.054,TRX-USD,TRON
2023-01-01,0.062,TRX-USD,TRON
2023-02-01,0.069,TRX-USD,TRON
2023-03-01,0.066,TRX-USD,TRON
2023-04-01,0.067,TRX-USD,TRON
2023-05-01,0.075,TRX-USD,TRON
2023-06-01,0.076,TRX-USD,TRON
2023-07-01,0.078,TRX-USD,TRON
2023-08-01,0.077,TRX-USD,TRON
2023-09-01,0.089,TRX-USD,TRON
2023-10-01,0.097,TRX-USD,TRON
2023-11-01,0.104,TRX-USD,TRON
2023-12-01,0.108,TRX-USD,TRON
2024-01-01,0.112,TRX-USD,TRON
2024-02-01,0.141,TRX-USD,TRON
2024-03-01,0.123,TRX-USD,TRON
2024-04-01,0.119,TRX-USD,TRON
2024-05-01,0.112,TRX-USD,TRON
2024-06-01,0.125,TRX-USD,TRON
2024-07-01,0.129,TRX-USD,TRON
2024-08-01,0.158,TRX-USD,TRON
2024-09-01,0.156,TRX-USD,TRON
2024-10-01,0.168,TRX-USD,TRON
2024-11-01,0.205,TRX-USD,TRON
2024-12-01,0.254,TRX-USD,TRON
2025-01-01,0.254,TRX-USD,TRON
2025-02-01,0.233,TRX-USD,TRON
2025-03-01,0.239,TRX-USD,TRON
2025-04-01,0.247,TRX-USD,TRON
2025-05-01,0.266,TRX-USD,TRON
2025-06-01,0.28,TRX-USD,TRON
2025-07-01,0.325,TRX-USD,TRON
2025-08-01,0.341,TRX-USD,TRON
2025-09-01,0.334,TRX-USD,TRON
2025-10-01,0.296,TRX-USD,TRON
2025-11-01,0.282,TRX-USD,TRON
2025-12-01,0.284,TRX-USD,TRON
2026-01-01,0.286,TRX-USD,TRON
2026-02-01,0.282,TRX-USD,TRON
2026-03-01,0.313,TRX-USD,TRON
2026-04-01,0.326,TRX-USD,TRON
2026-05-01,0.351,TRX-USD,TRON
2026-06-01,0.315,TRX-USD,TRON
2026-07-01,0.317,TRX-USD,TRON
2021-01-01,3.562,HYPE-USD,Hyperliquid
2021-02-01,4.296,HYPE-USD,Hyperliquid
2021-03-01,3.455,HYPE-USD,Hyperliquid
2021-04-01,1.993,HYPE-USD,Hyperliquid
2021-05-01,0.786,HYPE-USD,Hyperliquid
2021-06-01,0.442,HYPE-USD,Hyperliquid
2021-07-01,0.333,HYPE-USD,Hyperliquid
2021-08-01,0.244,HYPE-USD,Hyperliquid
2021-09-01,0.336,HYPE-USD,Hyperliquid
2021-10-01,0.137,HYPE-USD,Hyperliquid
2021-11-01,0.062,HYPE-USD,Hyperliquid
2021-12-01,0.065,HYPE-USD,Hyperliquid
2022-01-01,0.03,HYPE-USD,Hyperliquid
2022-02-01,0.011,HYPE-USD,Hyperliquid
2022-03-01,0.012,HYPE-USD,Hyperliquid
2022-04-01,0.01,HYPE-USD,Hyperliquid
2022-05-01,0.011,HYPE-USD,Hyperliquid
2022-06-01,0.139,HYPE-USD,Hyperliquid
2022-07-01,0.173,HYPE-USD,Hyperliquid
2022-08-01,0.239,HYPE-USD,Hyperliquid
2022-09-01,0.124,HYPE-USD,Hyperliquid
2022-10-01,0.004,HYPE-USD,Hyperliquid
2022-11-01,0.002,HYPE-USD,Hyperliquid
2022-12-01,0.001,HYPE-USD,Hyperliquid
2023-01-01,0.001,HYPE-USD,Hyperliquid
2023-02-01,0.0,HYPE-USD,Hyperliquid
2023-03-01,0.001,HYPE-USD,Hyperliquid
2023-04-01,0.005,HYPE-USD,Hyperliquid
2023-05-01,0.003,HYPE-USD,Hyperliquid
2023-06-01,0.002,HYPE-USD,Hyperliquid
2023-07-01,0.001,HYPE-USD,Hyperliquid
2023-08-01,0.0,HYPE-USD,Hyperliquid
2023-09-01,0.0,HYPE-USD,Hyperliquid
2023-10-01,0.0,HYPE-USD,Hyperliquid
2023-11-01,0.0,HYPE-USD,Hyperliquid
2023-12-01,0.0,HYPE-USD,Hyperliquid
2024-01-01,0.0,HYPE-USD,Hyperliquid
2024-02-01,0.0,HYPE-USD,Hyperliquid
2024-03-01,0.0,HYPE-USD,Hyperliquid
2024-04-01,0.0,HYPE-USD,Hyperliquid
2024-05-01,0.0,HYPE-USD,Hyperliquid
2024-06-01,0.0,HYPE-USD,Hyperliquid
2024-07-01,0.0,HYPE-USD,Hyperliquid
2024-08-01,0.0,HYPE-USD,Hyperliquid
2017-11-01,0.002,DOGE-USD,Dogecoin
2017-12-01,0.009,DOGE-USD,Dogecoin
2018-01-01,0.006,DOGE-USD,Dogecoin
2018-02-01,0.006,DOGE-USD,Dogecoin
2018-03-01,0.003,DOGE-USD,Dogecoin
2018-04-01,0.005,DOGE-USD,Dogecoin
2018-05-01,0.003,DOGE-USD,Dogecoin
2018-06-01,0.002,DOGE-USD,Dogecoin
2018-07-01,0.003,DOGE-USD,Dogecoin
2018-08-01,0.005,DOGE-USD,Dogecoin
2018-09-01,0.006,DOGE-USD,Dogecoin
2018-10-01,0.004,DOGE-USD,Dogecoin
2018-11-01,0.002,DOGE-USD,Dogecoin
2018-12-01,0.002,DOGE-USD,Dogecoin
2019-01-01,0.002,DOGE-USD,Dogecoin
2019-02-01,0.002,DOGE-USD,Dogecoin
2019-03-01,0.002,DOGE-USD,Dogecoin
2019-04-01,0.003,DOGE-USD,Dogecoin
2019-05-01,0.003,DOGE-USD,Dogecoin
2019-06-01,0.003,DOGE-USD,Dogecoin
2019-07-01,0.003,DOGE-USD,Dogecoin
2019-08-01,0.003,DOGE-USD,Dogecoin
2019-09-01,0.002,DOGE-USD,Dogecoin
2019-10-01,0.003,DOGE-USD,Dogecoin
2019-11-01,0.002,DOGE-USD,Dogecoin
2019-12-01,0.002,DOGE-USD,Dogecoin
2020-01-01,0.002,DOGE-USD,Dogecoin
2020-02-01,0.002,DOGE-USD,Dogecoin
2020-03-01,0.002,DOGE-USD,Dogecoin
2020-04-01,0.002,DOGE-USD,Dogecoin
2020-05-01,0.003,DOGE-USD,Dogecoin
2020-06-01,0.002,DOGE-USD,Dogecoin
2020-07-01,0.003,DOGE-USD,Dogecoin
2020-08-01,0.003,DOGE-USD,Dogecoin
2020-09-01,0.003,DOGE-USD,Dogecoin
2020-10-01,0.003,DOGE-USD,Dogecoin
2020-11-01,0.004,DOGE-USD,Dogecoin
2020-12-01,0.005,DOGE-USD,Dogecoin
2021-01-01,0.037,DOGE-USD,Dogecoin
2021-02-01,0.048,DOGE-USD,Dogecoin
2021-03-01,0.054,DOGE-USD,Dogecoin
2021-04-01,0.338,DOGE-USD,Dogecoin
2021-05-01,0.326,DOGE-USD,Dogecoin
2021-06-01,0.254,DOGE-USD,Dogecoin
2021-07-01,0.208,DOGE-USD,Dogecoin
2021-08-01,0.278,DOGE-USD,Dogecoin
2021-09-01,0.204,DOGE-USD,Dogecoin
2021-10-01,0.28,DOGE-USD,Dogecoin
2021-11-01,0.215,DOGE-USD,Dogecoin
2021-12-01,0.17,DOGE-USD,Dogecoin
2022-01-01,0.142,DOGE-USD,Dogecoin
2022-02-01,0.133,DOGE-USD,Dogecoin
2022-03-01,0.138,DOGE-USD,Dogecoin
2022-04-01,0.128,DOGE-USD,Dogecoin
2022-05-01,0.086,DOGE-USD,Dogecoin
2022-06-01,0.066,DOGE-USD,Dogecoin
2022-07-01,0.068,DOGE-USD,Dogecoin
2022-08-01,0.061,DOGE-USD,Dogecoin
2022-09-01,0.062,DOGE-USD,Dogecoin
2022-10-01,0.127,DOGE-USD,Dogecoin
2022-11-01,0.107,DOGE-USD,Dogecoin
2022-12-01,0.07,DOGE-USD,Dogecoin
2023-01-01,0.096,DOGE-USD,Dogecoin
2023-02-01,0.081,DOGE-USD,Dogecoin
2023-03-01,0.077,DOGE-USD,Dogecoin
2023-04-01,0.08,DOGE-USD,Dogecoin
2023-05-01,0.072,DOGE-USD,Dogecoin
2023-06-01,0.066,DOGE-USD,Dogecoin
2023-07-01,0.078,DOGE-USD,Dogecoin
2023-08-01,0.064,DOGE-USD,Dogecoin
2023-09-01,0.062,DOGE-USD,Dogecoin
2023-10-01,0.068,DOGE-USD,Dogecoin
2023-11-01,0.083,DOGE-USD,Dogecoin
2023-12-01,0.089,DOGE-USD,Dogecoin
2024-01-01,0.079,DOGE-USD,Dogecoin
2024-02-01,0.117,DOGE-USD,Dogecoin
2024-03-01,0.22,DOGE-USD,Dogecoin
2024-04-01,0.133,DOGE-USD,Dogecoin
2024-05-01,0.159,DOGE-USD,Dogecoin
2024-06-01,0.124,DOGE-USD,Dogecoin
2024-07-01,0.122,DOGE-USD,Dogecoin
2024-08-01,0.101,DOGE-USD,Dogecoin
2024-09-01,0.114,DOGE-USD,Dogecoin
2024-10-01,0.161,DOGE-USD,Dogecoin
2024-11-01,0.422,DOGE-USD,Dogecoin
2024-12-01,0.316,DOGE-USD,Dogecoin
2025-01-01,0.329,DOGE-USD,Dogecoin
2025-02-01,0.202,DOGE-USD,Dogecoin
2025-03-01,0.167,DOGE-USD,Dogecoin
2025-04-01,0.172,DOGE-USD,Dogecoin
2025-05-01,0.193,DOGE-USD,Dogecoin
2025-06-01,0.165,DOGE-USD,Dogecoin
2025-07-01,0.21,DOGE-USD,Dogecoin
2025-08-01,0.214,DOGE-USD,Dogecoin
2025-09-01,0.233,DOGE-USD,Dogecoin
2025-10-01,0.186,DOGE-USD,Dogecoin
2025-11-01,0.147,DOGE-USD,Dogecoin
2025-12-01,0.117,DOGE-USD,Dogecoin
2026-01-01,0.104,DOGE-USD,Dogecoin
2026-02-01,0.094,DOGE-USD,Dogecoin
2026-03-01,0.092,DOGE-USD,Dogecoin
2026-04-01,0.106,DOGE-USD,Dogecoin
2026-05-01,0.1,DOGE-USD,Dogecoin
2026-06-01,0.072,DOGE-USD,Dogecoin
2026-07-01,0.073,DOGE-USD,Dogecoin
2021-12-01,0.888,RAIN-USD,Rain
2022-01-01,0.503,RAIN-USD,Rain
2022-02-01,0.365,RAIN-USD,Rain
2022-03-01,0.341,RAIN-USD,Rain
2022-04-01,0.258,RAIN-USD,Rain
2022-05-01,0.127,RAIN-USD,Rain
2022-06-01,0.066,RAIN-USD,Rain
2022-07-01,0.073,RAIN-USD,Rain
2022-08-01,0.06,RAIN-USD,Rain
2022-09-01,0.057,RAIN-USD,Rain
2022-10-01,0.061,RAIN-USD,Rain
2022-11-01,0.035,RAIN-USD,Rain
2022-12-01,0.025,RAIN-USD,Rain
2023-01-01,0.017,RAIN-USD,Rain
2023-02-01,0.01,RAIN-USD,Rain
2023-03-01,0.002,RAIN-USD,Rain
2023-04-01,0.002,RAIN-USD,Rain
2023-05-01,0.001,RAIN-USD,Rain
2023-06-01,0.002,RAIN-USD,Rain
2023-07-01,0.001,RAIN-USD,Rain
2023-08-01,0.001,RAIN-USD,Rain
2023-09-01,0.001,RAIN-USD,Rain
2023-10-01,0.001,RAIN-USD,Rain
2023-11-01,0.004,RAIN-USD,Rain
2023-12-01,0.005,RAIN-USD,Rain
2024-01-01,0.002,RAIN-USD,Rain
2024-02-01,0.001,RAIN-USD,Rain
2024-03-01,0.002,RAIN-USD,Rain
2024-04-01,0.002,RAIN-USD,Rain
2024-05-01,0.002,RAIN-USD,Rain
2024-06-01,0.001,RAIN-USD,Rain
2024-07-01,0.001,RAIN-USD,Rain
2024-08-01,0.001,RAIN-USD,Rain
2024-09-01,0.001,RAIN-USD,Rain
2024-10-01,0.001,RAIN-USD,Rain
2024-11-01,0.001,RAIN-USD,Rain
2024-12-01,0.001,RAIN-USD,Rain
2025-01-01,0.001,RAIN-USD,Rain
2025-02-01,0.0,RAIN-USD,Rain
2025-03-01,0.001,RAIN-USD,Rain
2025-04-01,0.0,RAIN-USD,Rain
2025-05-01,0.0,RAIN-USD,Rain
2025-06-01,0.0,RAIN-USD,Rain
2025-07-01,0.0,RAIN-USD,Rain
2025-08-01,0.0,RAIN-USD,Rain
2025-09-01,0.0,RAIN-USD,Rain
2025-10-01,0.0,RAIN-USD,Rain
2025-11-01,0.0,RAIN-USD,Rain
2025-12-01,0.0,RAIN-USD,Rain
2026-01-01,0.0,RAIN-USD,Rain
2026-02-01,0.0,RAIN-USD,Rain
2026-03-01,0.0,RAIN-USD,Rain
2026-04-01,0.0,RAIN-USD,Rain
2019-02-01,1.015,USDS-USD,USDS
2019-03-01,1.002,USDS-USD,USDS
2019-04-01,1.014,USDS-USD,USDS
2019-05-01,1.0,USDS-USD,USDS
2019-06-01,1.0,USDS-USD,USDS
2019-07-01,1.005,USDS-USD,USDS
2019-08-01,0.999,USDS-USD,USDS
2019-09-01,1.004,USDS-USD,USDS
2019-10-01,1.005,USDS-USD,USDS
2019-11-01,0.997,USDS-USD,USDS
2019-12-01,1.006,USDS-USD,USDS
2020-01-01,1.001,USDS-USD,USDS
2020-02-01,0.933,USDS-USD,USDS
2020-03-01,0.97,USDS-USD,USDS
2020-04-01,0.953,USDS-USD,USDS
2020-05-01,0.977,USDS-USD,USDS
2020-06-01,1.08,USDS-USD,USDS
2020-07-01,1.062,USDS-USD,USDS
2020-08-01,0.999,USDS-USD,USDS
2020-09-01,0.97,USDS-USD,USDS
2020-10-01,1.013,USDS-USD,USDS
2020-11-01,1.02,USDS-USD,USDS
2020-12-01,1.008,USDS-USD,USDS
2021-01-01,0.994,USDS-USD,USDS
2021-02-01,0.874,USDS-USD,USDS
2021-03-01,0.997,USDS-USD,USDS
2021-04-01,1.024,USDS-USD,USDS
2021-05-01,1.064,USDS-USD,USDS
2021-06-01,1.035,USDS-USD,USDS
2021-07-01,1.138,USDS-USD,USDS
2021-08-01,1.509,USDS-USD,USDS
2021-10-01,1.038,USDS-USD,USDS
2021-11-01,1.024,USDS-USD,USDS
2021-12-01,0.99,USDS-USD,USDS
2022-01-01,1.003,USDS-USD,USDS
2022-02-01,1.0,USDS-USD,USDS
2022-03-01,0.986,USDS-USD,USDS
2022-04-01,0.993,USDS-USD,USDS
2022-05-01,0.999,USDS-USD,USDS
2022-06-01,0.998,USDS-USD,USDS
2022-07-01,1.005,USDS-USD,USDS
2022-08-01,1.0,USDS-USD,USDS
2022-09-01,0.999,USDS-USD,USDS
2022-10-01,0.999,USDS-USD,USDS
2022-11-01,1.0,USDS-USD,USDS
2022-12-01,0.999,USDS-USD,USDS
2023-01-01,1.006,USDS-USD,USDS
2023-02-01,1.0,USDS-USD,USDS
2023-03-01,1.003,USDS-USD,USDS
2023-04-01,1.025,USDS-USD,USDS
2019-05-01,1.495,LEO-USD,LEO Token
2019-06-01,1.758,LEO-USD,LEO Token
2019-07-01,1.309,LEO-USD,LEO Token
2019-08-01,1.135,LEO-USD,LEO Token
2019-09-01,1.041,LEO-USD,LEO Token
2019-10-01,0.981,LEO-USD,LEO Token
2019-11-01,0.914,LEO-USD,LEO Token
2019-12-01,0.816,LEO-USD,LEO Token
2020-01-01,0.872,LEO-USD,LEO Token
2020-02-01,0.965,LEO-USD,LEO Token
2020-03-01,1.044,LEO-USD,LEO Token
2020-04-01,1.068,LEO-USD,LEO Token
2020-05-01,1.184,LEO-USD,LEO Token
2020-06-01,1.261,LEO-USD,LEO Token
2020-07-01,1.258,LEO-USD,LEO Token
2020-08-01,1.275,LEO-USD,LEO Token
2020-09-01,1.277,LEO-USD,LEO Token
2020-10-01,1.266,LEO-USD,LEO Token
2020-11-01,1.351,LEO-USD,LEO Token
2020-12-01,1.358,LEO-USD,LEO Token
2021-01-01,1.303,LEO-USD,LEO Token
2021-02-01,1.909,LEO-USD,LEO Token
2021-03-01,2.039,LEO-USD,LEO Token
2021-04-01,2.411,LEO-USD,LEO Token
2021-05-01,2.405,LEO-USD,LEO Token
2021-06-01,2.545,LEO-USD,LEO Token
2021-07-01,3.058,LEO-USD,LEO Token
2021-08-01,2.945,LEO-USD,LEO Token
2021-09-01,2.821,LEO-USD,LEO Token
2021-10-01,3.35,LEO-USD,LEO Token
2021-11-01,3.358,LEO-USD,LEO Token
2021-12-01,3.768,LEO-USD,LEO Token
2022-01-01,3.706,LEO-USD,LEO Token
2022-02-01,5.942,LEO-USD,LEO Token
2022-03-01,5.808,LEO-USD,LEO Token
2022-04-01,5.667,LEO-USD,LEO Token
2022-05-01,5.307,LEO-USD,LEO Token
2022-06-01,5.77,LEO-USD,LEO Token
2022-07-01,5.003,LEO-USD,LEO Token
2022-08-01,5.777,LEO-USD,LEO Token
2022-09-01,4.19,LEO-USD,LEO Token
2022-10-01,4.536,LEO-USD,LEO Token
2022-11-01,3.926,LEO-USD,LEO Token
2022-12-01,3.609,LEO-USD,LEO Token
2023-01-01,3.542,LEO-USD,LEO Token
2023-02-01,3.334,LEO-USD,LEO Token
2023-03-01,3.481,LEO-USD,LEO Token
2023-04-01,3.548,LEO-USD,LEO Token
2023-05-01,3.491,LEO-USD,LEO Token
2023-06-01,3.959,LEO-USD,LEO Token
2023-07-01,3.952,LEO-USD,LEO Token
2023-08-01,3.878,LEO-USD,LEO Token
2023-09-01,3.655,LEO-USD,LEO Token
2023-10-01,3.955,LEO-USD,LEO Token
2023-11-01,3.98,LEO-USD,LEO Token
2023-12-01,3.974,LEO-USD,LEO Token
2024-01-01,3.957,LEO-USD,LEO Token
2024-02-01,4.758,LEO-USD,LEO Token
2024-03-01,6.004,LEO-USD,LEO Token
2024-04-01,5.83,LEO-USD,LEO Token
2024-05-01,5.94,LEO-USD,LEO Token
2024-06-01,5.837,LEO-USD,LEO Token
2024-07-01,5.673,LEO-USD,LEO Token
2024-08-01,6.131,LEO-USD,LEO Token
2024-09-01,5.981,LEO-USD,LEO Token
2024-10-01,6.052,LEO-USD,LEO Token
2024-11-01,8.784,LEO-USD,LEO Token
2024-12-01,9.051,LEO-USD,LEO Token
2025-01-01,9.762,LEO-USD,LEO Token
2025-02-01,9.297,LEO-USD,LEO Token
2025-03-01,9.144,LEO-USD,LEO Token
2025-04-01,9.068,LEO-USD,LEO Token
2025-05-01,8.624,LEO-USD,LEO Token
2025-06-01,9.047,LEO-USD,LEO Token
2025-07-01,8.938,LEO-USD,LEO Token
2025-08-01,9.612,LEO-USD,LEO Token
2025-09-01,9.505,LEO-USD,LEO Token
2025-10-01,9.522,LEO-USD,LEO Token
2025-11-01,9.838,LEO-USD,LEO Token
2025-12-01,9.608,LEO-USD,LEO Token
2026-01-01,8.766,LEO-USD,LEO Token
2026-02-01,8.959,LEO-USD,LEO Token
2026-03-01,10.0,LEO-USD,LEO Token
2026-04-01,10.338,LEO-USD,LEO Token
2026-05-01,10.025,LEO-USD,LEO Token
2026-06-01,9.263,LEO-USD,LEO Token
2026-07-01,9.3,LEO-USD,LEO Token
2017-11-01,308.486,ZEC-USD,Zcash
2017-12-01,505.511,ZEC-USD,Zcash
2018-01-01,397.882,ZEC-USD,Zcash
2018-02-01,382.033,ZEC-USD,Zcash
2018-03-01,185.535,ZEC-USD,Zcash
2018-04-01,285.145,ZEC-USD,Zcash
2018-05-01,245.673,ZEC-USD,Zcash
2018-06-01,163.985,ZEC-USD,Zcash
2018-07-01,209.571,ZEC-USD,Zcash
2018-08-01,150.359,ZEC-USD,Zcash
2018-09-01,131.993,ZEC-USD,Zcash
2018-10-01,115.453,ZEC-USD,Zcash
2018-11-01,80.948,ZEC-USD,Zcash
2018-12-01,56.544,ZEC-USD,Zcash
2019-01-01,49.001,ZEC-USD,Zcash
2019-02-01,51.827,ZEC-USD,Zcash
2019-03-01,58.507,ZEC-USD,Zcash
2019-04-01,60.578,ZEC-USD,Zcash
2019-05-01,90.478,ZEC-USD,Zcash
2019-06-01,102.854,ZEC-USD,Zcash
2019-07-01,68.169,ZEC-USD,Zcash
2019-08-01,44.77,ZEC-USD,Zcash
2019-09-01,38.716,ZEC-USD,Zcash
2019-10-01,37.905,ZEC-USD,Zcash
2019-11-01,29.056,ZEC-USD,Zcash
2019-12-01,27.626,ZEC-USD,Zcash
2020-01-01,66.533,ZEC-USD,Zcash
2020-02-01,49.312,ZEC-USD,Zcash
2020-03-01,31.083,ZEC-USD,Zcash
2020-04-01,44.999,ZEC-USD,Zcash
2020-05-01,51.686,ZEC-USD,Zcash
2020-06-01,51.583,ZEC-USD,Zcash
2020-07-01,74.604,ZEC-USD,Zcash
2020-08-01,79.503,ZEC-USD,Zcash
2020-09-01,65.986,ZEC-USD,Zcash
2020-10-01,58.123,ZEC-USD,Zcash
2020-11-01,78.128,ZEC-USD,Zcash
2020-12-01,63.989,ZEC-USD,Zcash
2021-01-01,85.738,ZEC-USD,Zcash
2021-02-01,109.712,ZEC-USD,Zcash
2021-03-01,156.916,ZEC-USD,Zcash
2021-04-01,245.431,ZEC-USD,Zcash
2021-05-01,162.248,ZEC-USD,Zcash
2021-06-01,130.822,ZEC-USD,Zcash
2021-07-01,111.651,ZEC-USD,Zcash
2021-08-01,143.997,ZEC-USD,Zcash
2021-09-01,107.004,ZEC-USD,Zcash
2021-10-01,166.809,ZEC-USD,Zcash
2021-11-01,220.582,ZEC-USD,Zcash
2021-12-01,146.561,ZEC-USD,Zcash
2022-01-01,94.672,ZEC-USD,Zcash
2022-02-01,118.715,ZEC-USD,Zcash
2022-03-01,178.019,ZEC-USD,Zcash
2022-04-01,114.171,ZEC-USD,Zcash
2022-05-01,93.426,ZEC-USD,Zcash
2022-06-01,54.584,ZEC-USD,Zcash
2022-07-01,64.593,ZEC-USD,Zcash
2022-08-01,59.936,ZEC-USD,Zcash
2022-09-01,55.729,ZEC-USD,Zcash
2022-10-01,52.628,ZEC-USD,Zcash
2022-11-01,43.335,ZEC-USD,Zcash
2022-12-01,37.344,ZEC-USD,Zcash
2023-01-01,45.196,ZEC-USD,Zcash
2023-02-01,43.076,ZEC-USD,Zcash
2023-03-01,38.754,ZEC-USD,Zcash
2023-04-01,37.706,ZEC-USD,Zcash
2023-05-01,32.212,ZEC-USD,Zcash
2023-06-01,33.813,ZEC-USD,Zcash
2023-07-01,30.291,ZEC-USD,Zcash
2023-08-01,24.736,ZEC-USD,Zcash
2023-09-01,26.932,ZEC-USD,Zcash
2023-10-01,28.299,ZEC-USD,Zcash
2023-11-01,29.483,ZEC-USD,Zcash
2023-12-01,26.905,ZEC-USD,Zcash
2024-01-01,21.703,ZEC-USD,Zcash
2024-02-01,27.872,ZEC-USD,Zcash
2024-03-01,30.454,ZEC-USD,Zcash
2024-04-01,21.377,ZEC-USD,Zcash
2024-05-01,26.911,ZEC-USD,Zcash
2024-06-01,20.873,ZEC-USD,Zcash
2024-07-01,33.665,ZEC-USD,Zcash
2024-08-01,32.211,ZEC-USD,Zcash
2024-09-01,27.778,ZEC-USD,Zcash
2024-10-01,36.773,ZEC-USD,Zcash
2024-11-01,59.36,ZEC-USD,Zcash
2024-12-01,56.126,ZEC-USD,Zcash
2025-01-01,43.164,ZEC-USD,Zcash
2025-02-01,37.567,ZEC-USD,Zcash
2025-03-01,39.318,ZEC-USD,Zcash
2025-04-01,35.928,ZEC-USD,Zcash
2025-05-01,50.569,ZEC-USD,Zcash
2025-06-01,38.251,ZEC-USD,Zcash
2025-07-01,36.966,ZEC-USD,Zcash
2025-08-01,40.423,ZEC-USD,Zcash
2025-09-01,74.463,ZEC-USD,Zcash
2025-10-01,405.141,ZEC-USD,Zcash
2025-11-01,427.72,ZEC-USD,Zcash
2025-12-01,512.558,ZEC-USD,Zcash
2026-01-01,302.734,ZEC-USD,Zcash
2026-02-01,220.102,ZEC-USD,Zcash
2026-03-01,248.494,ZEC-USD,Zcash
2026-04-01,350.983,ZEC-USD,Zcash
2026-05-01,567.268,ZEC-USD,Zcash
2026-06-01,399.147,ZEC-USD,Zcash
2026-07-01,411.11,ZEC-USD,Zcash
2017-11-01,0.073,XLM-USD,Stellar
2017-12-01,0.361,XLM-USD,Stellar
2018-01-01,0.54,XLM-USD,Stellar
2018-02-01,0.334,XLM-USD,Stellar
2018-03-01,0.207,XLM-USD,Stellar
2018-04-01,0.425,XLM-USD,Stellar
2018-05-01,0.297,XLM-USD,Stellar
2018-06-01,0.193,XLM-USD,Stellar
2018-07-01,0.278,XLM-USD,Stellar
2018-08-01,0.222,XLM-USD,Stellar
2018-09-01,0.26,XLM-USD,Stellar
2018-10-01,0.223,XLM-USD,Stellar
2018-11-01,0.159,XLM-USD,Stellar
2018-12-01,0.113,XLM-USD,Stellar
2019-01-01,0.083,XLM-USD,Stellar
2019-02-01,0.086,XLM-USD,Stellar
2019-03-01,0.108,XLM-USD,Stellar
2019-04-01,0.1,XLM-USD,Stellar
2019-05-01,0.134,XLM-USD,Stellar
2019-06-01,0.104,XLM-USD,Stellar
2019-07-01,0.084,XLM-USD,Stellar
2019-08-01,0.063,XLM-USD,Stellar
2019-09-01,0.061,XLM-USD,Stellar
2019-10-01,0.065,XLM-USD,Stellar
2019-11-01,0.06,XLM-USD,Stellar
2019-12-01,0.045,XLM-USD,Stellar
2020-01-01,0.062,XLM-USD,Stellar
2020-02-01,0.057,XLM-USD,Stellar
2020-03-01,0.041,XLM-USD,Stellar
2020-04-01,0.068,XLM-USD,Stellar
2020-05-01,0.071,XLM-USD,Stellar
2020-06-01,0.067,XLM-USD,Stellar
2020-07-01,0.097,XLM-USD,Stellar
2020-08-01,0.097,XLM-USD,Stellar
2020-09-01,0.075,XLM-USD,Stellar
2020-10-01,0.078,XLM-USD,Stellar
2020-11-01,0.202,XLM-USD,Stellar
2020-12-01,0.128,XLM-USD,Stellar
2021-01-01,0.306,XLM-USD,Stellar
2021-02-01,0.407,XLM-USD,Stellar
2021-03-01,0.411,XLM-USD,Stellar
2021-04-01,0.53,XLM-USD,Stellar
2021-05-01,0.403,XLM-USD,Stellar
2021-06-01,0.283,XLM-USD,Stellar
2021-07-01,0.286,XLM-USD,Stellar
2021-08-01,0.341,XLM-USD,Stellar
2021-09-01,0.279,XLM-USD,Stellar
2021-10-01,0.373,XLM-USD,Stellar
2021-11-01,0.336,XLM-USD,Stellar
2021-12-01,0.267,XLM-USD,Stellar
2022-01-01,0.2,XLM-USD,Stellar
2022-02-01,0.197,XLM-USD,Stellar
2022-03-01,0.228,XLM-USD,Stellar
2022-04-01,0.169,XLM-USD,Stellar
2022-05-01,0.15,XLM-USD,Stellar
2022-06-01,0.112,XLM-USD,Stellar
2022-07-01,0.118,XLM-USD,Stellar
2022-08-01,0.104,XLM-USD,Stellar
2022-09-01,0.114,XLM-USD,Stellar
2022-10-01,0.111,XLM-USD,Stellar
2022-11-01,0.09,XLM-USD,Stellar
2022-12-01,0.071,XLM-USD,Stellar
2023-01-01,0.091,XLM-USD,Stellar
2023-02-01,0.087,XLM-USD,Stellar
2023-03-01,0.112,XLM-USD,Stellar
2023-04-01,0.095,XLM-USD,Stellar
2023-05-01,0.093,XLM-USD,Stellar
2023-06-01,0.111,XLM-USD,Stellar
2023-07-01,0.15,XLM-USD,Stellar
2023-08-01,0.115,XLM-USD,Stellar
2023-09-01,0.112,XLM-USD,Stellar
2023-10-01,0.121,XLM-USD,Stellar
2023-11-01,0.118,XLM-USD,Stellar
2023-12-01,0.129,XLM-USD,Stellar
2024-01-01,0.11,XLM-USD,Stellar
2024-02-01,0.122,XLM-USD,Stellar
2024-03-01,0.141,XLM-USD,Stellar
2024-04-01,0.108,XLM-USD,Stellar
2024-05-01,0.106,XLM-USD,Stellar
2024-06-01,0.091,XLM-USD,Stellar
2024-07-01,0.101,XLM-USD,Stellar
2024-08-01,0.093,XLM-USD,Stellar
2024-09-01,0.099,XLM-USD,Stellar
2024-10-01,0.092,XLM-USD,Stellar
2024-11-01,0.524,XLM-USD,Stellar
2024-12-01,0.332,XLM-USD,Stellar
2025-01-01,0.414,XLM-USD,Stellar
2025-02-01,0.286,XLM-USD,Stellar
2025-03-01,0.264,XLM-USD,Stellar
2025-04-01,0.271,XLM-USD,Stellar
2025-05-01,0.264,XLM-USD,Stellar
2025-06-01,0.238,XLM-USD,Stellar
2025-07-01,0.402,XLM-USD,Stellar
2025-08-01,0.353,XLM-USD,Stellar
2025-09-01,0.364,XLM-USD,Stellar
2025-10-01,0.305,XLM-USD,Stellar
2025-11-01,0.249,XLM-USD,Stellar
2025-12-01,0.201,XLM-USD,Stellar
2026-01-01,0.181,XLM-USD,Stellar
2026-02-01,0.159,XLM-USD,Stellar
2026-03-01,0.167,XLM-USD,Stellar
2026-04-01,0.158,XLM-USD,Stellar
2026-05-01,0.259,XLM-USD,Stellar
2026-06-01,0.189,XLM-USD,Stellar
2026-07-01,0.2,XLM-USD,Stellar
2022-08-01,6.378,WBT-USD,WhiteBIT Coin
2022-09-01,10.391,WBT-USD,WhiteBIT Coin
2022-10-01,12.382,WBT-USD,WhiteBIT Coin
2022-11-01,4.849,WBT-USD,WhiteBIT Coin
2022-12-01,4.081,WBT-USD,WhiteBIT Coin
2023-01-01,3.345,WBT-USD,WhiteBIT Coin
2023-02-01,3.823,WBT-USD,WhiteBIT Coin
2023-03-01,5.345,WBT-USD,WhiteBIT Coin
2023-04-01,4.78,WBT-USD,WhiteBIT Coin
2023-05-01,4.859,WBT-USD,WhiteBIT Coin
2023-06-01,5.259,WBT-USD,WhiteBIT Coin
2023-07-01,5.545,WBT-USD,WhiteBIT Coin
2023-08-01,5.366,WBT-USD,WhiteBIT Coin
2023-09-01,5.162,WBT-USD,WhiteBIT Coin
2023-10-01,5.417,WBT-USD,WhiteBIT Coin
2023-11-01,5.371,WBT-USD,WhiteBIT Coin
2023-12-01,5.772,WBT-USD,WhiteBIT Coin
2024-01-01,6.43,WBT-USD,WhiteBIT Coin
2024-02-01,7.749,WBT-USD,WhiteBIT Coin
2024-03-01,8.562,WBT-USD,WhiteBIT Coin
2024-04-01,10.212,WBT-USD,WhiteBIT Coin
2024-05-01,9.823,WBT-USD,WhiteBIT Coin
2024-06-01,9.624,WBT-USD,WhiteBIT Coin
2024-07-01,10.334,WBT-USD,WhiteBIT Coin
2024-08-01,10.882,WBT-USD,WhiteBIT Coin
2024-09-01,11.443,WBT-USD,WhiteBIT Coin
2024-10-01,18.757,WBT-USD,WhiteBIT Coin
2024-11-01,23.488,WBT-USD,WhiteBIT Coin
2024-12-01,24.597,WBT-USD,WhiteBIT Coin
2025-01-01,28.25,WBT-USD,WhiteBIT Coin
2025-02-01,26.657,WBT-USD,WhiteBIT Coin
2025-03-01,28.303,WBT-USD,WhiteBIT Coin
2025-04-01,28.935,WBT-USD,WhiteBIT Coin
2025-05-01,31.161,WBT-USD,WhiteBIT Coin
2025-06-01,44.366,WBT-USD,WhiteBIT Coin
2025-07-01,43.104,WBT-USD,WhiteBIT Coin
2025-08-01,42.049,WBT-USD,WhiteBIT Coin
2025-09-01,41.853,WBT-USD,WhiteBIT Coin
2025-10-01,47.046,WBT-USD,WhiteBIT Coin
2025-11-01,57.958,WBT-USD,WhiteBIT Coin
2025-12-01,56.181,WBT-USD,WhiteBIT Coin
2026-01-01,49.205,WBT-USD,WhiteBIT Coin
2026-02-01,49.9,WBT-USD,WhiteBIT Coin
2026-03-01,52.381,WBT-USD,WhiteBIT Coin
2026-04-01,57.217,WBT-USD,WhiteBIT Coin
2026-05-01,53.867,WBT-USD,WhiteBIT Coin
2026-06-01,53.911,WBT-USD,WhiteBIT Coin
2026-07-01,54.723,WBT-USD,WhiteBIT Coin
2017-11-01,180.138,XMR-USD,Monero
2017-12-01,349.026,XMR-USD,Monero
2018-01-01,272.889,XMR-USD,Monero
2018-02-01,285.697,XMR-USD,Monero
2018-03-01,179.56,XMR-USD,Monero
2018-04-01,242.456,XMR-USD,Monero
2018-05-01,155.521,XMR-USD,Monero
2018-06-01,131.006,XMR-USD,Monero
2018-07-01,122.318,XMR-USD,Monero
2018-08-01,116.658,XMR-USD,Monero
2018-09-01,116.256,XMR-USD,Monero
2018-10-01,103.834,XMR-USD,Monero
2018-11-01,57.793,XMR-USD,Monero
2018-12-01,46.228,XMR-USD,Monero
2019-01-01,43.664,XMR-USD,Monero
2019-02-01,49.121,XMR-USD,Monero
2019-03-01,55.885,XMR-USD,Monero
2019-04-01,62.096,XMR-USD,Monero
2019-05-01,93.217,XMR-USD,Monero
2019-06-01,87.745,XMR-USD,Monero
2019-07-01,80.681,XMR-USD,Monero
2019-08-01,67.536,XMR-USD,Monero
2019-09-01,56.817,XMR-USD,Monero
2019-10-01,59.296,XMR-USD,Monero
2019-11-01,54.766,XMR-USD,Monero
2019-12-01,44.568,XMR-USD,Monero
2020-01-01,72.087,XMR-USD,Monero
2020-02-01,66.489,XMR-USD,Monero
2020-03-01,47.779,XMR-USD,Monero
2020-04-01,62.479,XMR-USD,Monero
2020-05-01,65.065,XMR-USD,Monero
2020-06-01,63.537,XMR-USD,Monero
2020-07-01,84.465,XMR-USD,Monero
2020-08-01,93.347,XMR-USD,Monero
2020-09-01,108.151,XMR-USD,Monero
2020-10-01,126.335,XMR-USD,Monero
2020-11-01,129.714,XMR-USD,Monero
2020-12-01,156.572,XMR-USD,Monero
2021-01-01,138.061,XMR-USD,Monero
2021-02-01,217.99,XMR-USD,Monero
2021-03-01,246.151,XMR-USD,Monero
2021-04-01,421.891,XMR-USD,Monero
2021-05-01,272.919,XMR-USD,Monero
2021-06-01,222.269,XMR-USD,Monero
2021-07-01,240.17,XMR-USD,Monero
2021-08-01,286.189,XMR-USD,Monero
2021-09-01,250.825,XMR-USD,Monero
2021-10-01,273.707,XMR-USD,Monero
2021-11-01,238.097,XMR-USD,Monero
2021-12-01,228.825,XMR-USD,Monero
2022-01-01,147.375,XMR-USD,Monero
2022-02-01,170.19,XMR-USD,Monero
2022-03-01,212.7,XMR-USD,Monero
2022-04-01,214.663,XMR-USD,Monero
2022-05-01,198.54,XMR-USD,Monero
2022-06-01,112.763,XMR-USD,Monero
2022-07-01,154.846,XMR-USD,Monero
2022-08-01,149.028,XMR-USD,Monero
2022-09-01,147.307,XMR-USD,Monero
2022-10-01,149.146,XMR-USD,Monero
2022-11-01,142.121,XMR-USD,Monero
2022-12-01,147.285,XMR-USD,Monero
2023-01-01,177.598,XMR-USD,Monero
2023-02-01,150.279,XMR-USD,Monero
2023-03-01,157.707,XMR-USD,Monero
2023-04-01,156.457,XMR-USD,Monero
2023-05-01,146.068,XMR-USD,Monero
2023-06-01,168.279,XMR-USD,Monero
2023-07-01,161.257,XMR-USD,Monero
2023-08-01,142.971,XMR-USD,Monero
2023-09-01,146.554,XMR-USD,Monero
2023-10-01,172.36,XMR-USD,Monero
2023-11-01,169.788,XMR-USD,Monero
2023-12-01,165.028,XMR-USD,Monero
2024-01-01,163.862,XMR-USD,Monero
2024-02-01,137.174,XMR-USD,Monero
2024-03-01,128.286,XMR-USD,Monero
2024-04-01,119.372,XMR-USD,Monero
2024-05-01,148.393,XMR-USD,Monero
2024-06-01,167.92,XMR-USD,Monero
2024-07-01,157.669,XMR-USD,Monero
2024-08-01,168.864,XMR-USD,Monero
2024-09-01,154.372,XMR-USD,Monero
2024-10-01,155.679,XMR-USD,Monero
2024-11-01,162.32,XMR-USD,Monero
2024-12-01,193.399,XMR-USD,Monero
2025-01-01,238.586,XMR-USD,Monero
2025-02-01,217.186,XMR-USD,Monero
2025-03-01,214.869,XMR-USD,Monero
2025-04-01,278.481,XMR-USD,Monero
2025-05-01,324.183,XMR-USD,Monero
2025-06-01,325.055,XMR-USD,Monero
2025-07-01,306.287,XMR-USD,Monero
2025-08-01,261.984,XMR-USD,Monero
2025-09-01,295.326,XMR-USD,Monero
2025-10-01,334.769,XMR-USD,Monero
2025-11-01,436.302,XMR-USD,Monero
2025-12-01,433.272,XMR-USD,Monero
2026-01-01,463.89,XMR-USD,Monero
2026-02-01,336.872,XMR-USD,Monero
2026-03-01,333.049,XMR-USD,Monero
2026-04-01,379.809,XMR-USD,Monero
2026-05-01,367.19,XMR-USD,Monero
2026-06-01,303.106,XMR-USD,Monero
2026-07-01,310.689,XMR-USD,Monero
2017-11-01,0.12,ADA-USD,Cardano
2017-12-01,0.72,ADA-USD,Cardano
2018-01-01,0.519,ADA-USD,Cardano
2018-02-01,0.313,ADA-USD,Cardano
2018-03-01,0.156,ADA-USD,Cardano
2018-04-01,0.343,ADA-USD,Cardano
2018-05-01,0.225,ADA-USD,Cardano
2018-06-01,0.138,ADA-USD,Cardano
2018-07-01,0.143,ADA-USD,Cardano
2018-08-01,0.102,ADA-USD,Cardano
2018-09-01,0.085,ADA-USD,Cardano
2018-10-01,0.07,ADA-USD,Cardano
2018-11-01,0.039,ADA-USD,Cardano
2018-12-01,0.041,ADA-USD,Cardano
2019-01-01,0.038,ADA-USD,Cardano
2019-02-01,0.043,ADA-USD,Cardano
2019-03-01,0.07,ADA-USD,Cardano
2019-04-01,0.07,ADA-USD,Cardano
2019-05-01,0.089,ADA-USD,Cardano
2019-06-01,0.082,ADA-USD,Cardano
2019-07-01,0.06,ADA-USD,Cardano
2019-08-01,0.045,ADA-USD,Cardano
2019-09-01,0.039,ADA-USD,Cardano
2019-10-01,0.042,ADA-USD,Cardano
2019-11-01,0.04,ADA-USD,Cardano
2019-12-01,0.033,ADA-USD,Cardano
2020-01-01,0.054,ADA-USD,Cardano
2020-02-01,0.048,ADA-USD,Cardano
2020-03-01,0.031,ADA-USD,Cardano
2020-04-01,0.048,ADA-USD,Cardano
2020-05-01,0.074,ADA-USD,Cardano
2020-06-01,0.083,ADA-USD,Cardano
2020-07-01,0.139,ADA-USD,Cardano
2020-08-01,0.123,ADA-USD,Cardano
2020-09-01,0.101,ADA-USD,Cardano
2020-10-01,0.093,ADA-USD,Cardano
2020-11-01,0.171,ADA-USD,Cardano
2020-12-01,0.181,ADA-USD,Cardano
2021-01-01,0.345,ADA-USD,Cardano
2021-02-01,1.308,ADA-USD,Cardano
2021-03-01,1.193,ADA-USD,Cardano
2021-04-01,1.352,ADA-USD,Cardano
2021-05-01,1.743,ADA-USD,Cardano
2021-06-01,1.383,ADA-USD,Cardano
2021-07-01,1.322,ADA-USD,Cardano
2021-08-01,2.772,ADA-USD,Cardano
2021-09-01,2.114,ADA-USD,Cardano
2021-10-01,1.965,ADA-USD,Cardano
2021-11-01,1.555,ADA-USD,Cardano
2021-12-01,1.31,ADA-USD,Cardano
2022-01-01,1.052,ADA-USD,Cardano
2022-02-01,0.96,ADA-USD,Cardano
2022-03-01,1.142,ADA-USD,Cardano
2022-04-01,0.757,ADA-USD,Cardano
2022-05-01,0.625,ADA-USD,Cardano
2022-06-01,0.459,ADA-USD,Cardano
2022-07-01,0.517,ADA-USD,Cardano
2022-08-01,0.447,ADA-USD,Cardano
2022-09-01,0.434,ADA-USD,Cardano
2022-10-01,0.406,ADA-USD,Cardano
2022-11-01,0.319,ADA-USD,Cardano
2022-12-01,0.246,ADA-USD,Cardano
2023-01-01,0.391,ADA-USD,Cardano
2023-02-01,0.352,ADA-USD,Cardano
2023-03-01,0.399,ADA-USD,Cardano
2023-04-01,0.397,ADA-USD,Cardano
2023-05-01,0.374,ADA-USD,Cardano
2023-06-01,0.287,ADA-USD,Cardano
2023-07-01,0.307,ADA-USD,Cardano
2023-08-01,0.255,ADA-USD,Cardano
2023-09-01,0.254,ADA-USD,Cardano
2023-10-01,0.293,ADA-USD,Cardano
2023-11-01,0.376,ADA-USD,Cardano
2023-12-01,0.594,ADA-USD,Cardano
2024-01-01,0.498,ADA-USD,Cardano
2024-02-01,0.656,ADA-USD,Cardano
2024-03-01,0.65,ADA-USD,Cardano
2024-04-01,0.441,ADA-USD,Cardano
2024-05-01,0.447,ADA-USD,Cardano
2024-06-01,0.392,ADA-USD,Cardano
2024-07-01,0.389,ADA-USD,Cardano
2024-08-01,0.345,ADA-USD,Cardano
2024-09-01,0.373,ADA-USD,Cardano
2024-10-01,0.342,ADA-USD,Cardano
2024-11-01,1.079,ADA-USD,Cardano
2024-12-01,0.844,ADA-USD,Cardano
2025-01-01,0.942,ADA-USD,Cardano
2025-02-01,0.633,ADA-USD,Cardano
2025-03-01,0.661,ADA-USD,Cardano
2025-04-01,0.682,ADA-USD,Cardano
2025-05-01,0.686,ADA-USD,Cardano
2025-06-01,0.572,ADA-USD,Cardano
2025-07-01,0.74,ADA-USD,Cardano
2025-08-01,0.811,ADA-USD,Cardano
2025-09-01,0.807,ADA-USD,Cardano
2025-10-01,0.609,ADA-USD,Cardano
2025-11-01,0.416,ADA-USD,Cardano
2025-12-01,0.333,ADA-USD,Cardano
2026-01-01,0.293,ADA-USD,Cardano
2026-02-01,0.282,ADA-USD,Cardano
2026-03-01,0.242,ADA-USD,Cardano
2026-04-01,0.246,ADA-USD,Cardano
2026-05-01,0.235,ADA-USD,Cardano
2026-06-01,0.144,ADA-USD,Cardano
2026-07-01,0.153,ADA-USD,Cardano
2017-11-01,0.17,LINK-USD,Chainlink
2017-12-01,0.602,LINK-USD,Chainlink
2018-01-01,0.62,LINK-USD,Chainlink
2018-02-01,0.661,LINK-USD,Chainlink
2018-03-01,0.28,LINK-USD,Chainlink
2018-04-01,0.545,LINK-USD,Chainlink
2018-05-01,0.345,LINK-USD,Chainlink
2018-06-01,0.227,LINK-USD,Chainlink
2018-07-01,0.294,LINK-USD,Chainlink
2018-08-01,0.328,LINK-USD,Chainlink
2018-09-01,0.332,LINK-USD,Chainlink
2018-10-01,0.506,LINK-USD,Chainlink
2018-11-01,0.322,LINK-USD,Chainlink
2018-12-01,0.289,LINK-USD,Chainlink
2019-01-01,0.388,LINK-USD,Chainlink
2019-02-01,0.427,LINK-USD,Chainlink
2019-03-01,0.508,LINK-USD,Chainlink
2019-04-01,0.473,LINK-USD,Chainlink
2019-05-01,1.022,LINK-USD,Chainlink
2019-06-01,3.447,LINK-USD,Chainlink
2019-07-01,2.197,LINK-USD,Chainlink
2019-08-01,1.79,LINK-USD,Chainlink
2019-09-01,1.764,LINK-USD,Chainlink
2019-10-01,2.738,LINK-USD,Chainlink
2019-11-01,2.242,LINK-USD,Chainlink
2019-12-01,1.769,LINK-USD,Chainlink
2020-01-01,2.824,LINK-USD,Chainlink
2020-02-01,4.109,LINK-USD,Chainlink
2020-03-01,2.27,LINK-USD,Chainlink
2020-04-01,3.72,LINK-USD,Chainlink
2020-05-01,4.13,LINK-USD,Chainlink
2020-06-01,4.569,LINK-USD,Chainlink
2020-07-01,7.773,LINK-USD,Chainlink
2020-08-01,15.708,LINK-USD,Chainlink
2020-09-01,9.851,LINK-USD,Chainlink
2020-10-01,11.221,LINK-USD,Chainlink
2020-11-01,14.226,LINK-USD,Chainlink
2020-12-01,11.271,LINK-USD,Chainlink
2021-01-01,22.598,LINK-USD,Chainlink
2021-02-01,24.664,LINK-USD,Chainlink
2021-03-01,29.351,LINK-USD,Chainlink
2021-04-01,38.129,LINK-USD,Chainlink
2021-05-01,32.089,LINK-USD,Chainlink
2021-06-01,19.497,LINK-USD,Chainlink
2021-07-01,22.754,LINK-USD,Chainlink
2021-08-01,26.751,LINK-USD,Chainlink
2021-09-01,23.986,LINK-USD,Chainlink
2021-10-01,29.985,LINK-USD,Chainlink
2021-11-01,25.342,LINK-USD,Chainlink
2021-12-01,19.592,LINK-USD,Chainlink
2022-01-01,17.24,LINK-USD,Chainlink
2022-02-01,15.116,LINK-USD,Chainlink
2022-03-01,16.911,LINK-USD,Chainlink
2022-04-01,10.997,LINK-USD,Chainlink
2022-05-01,7.595,LINK-USD,Chainlink
2022-06-01,6.253,LINK-USD,Chainlink
2022-07-01,7.666,LINK-USD,Chainlink
2022-08-01,6.631,LINK-USD,Chainlink
2022-09-01,7.581,LINK-USD,Chainlink
2022-10-01,7.862,LINK-USD,Chainlink
2022-11-01,7.68,LINK-USD,Chainlink
2022-12-01,5.569,LINK-USD,Chainlink
2023-01-01,6.952,LINK-USD,Chainlink
2023-02-01,7.193,LINK-USD,Chainlink
2023-03-01,7.595,LINK-USD,Chainlink
2023-04-01,7.052,LINK-USD,Chainlink
2023-05-01,6.48,LINK-USD,Chainlink
2023-06-01,6.308,LINK-USD,Chainlink
2023-07-01,7.545,LINK-USD,Chainlink
2023-08-01,5.875,LINK-USD,Chainlink
2023-09-01,8.181,LINK-USD,Chainlink
2023-10-01,11.375,LINK-USD,Chainlink
2023-11-01,14.404,LINK-USD,Chainlink
2023-12-01,14.946,LINK-USD,Chainlink
2024-01-01,15.399,LINK-USD,Chainlink
2024-02-01,19.288,LINK-USD,Chainlink
2024-03-01,19.138,LINK-USD,Chainlink
2024-04-01,13.134,LINK-USD,Chainlink
2024-05-01,18.422,LINK-USD,Chainlink
2024-06-01,14.26,LINK-USD,Chainlink
2024-07-01,12.829,LINK-USD,Chainlink
2024-08-01,11.025,LINK-USD,Chainlink
2024-09-01,11.851,LINK-USD,Chainlink
2024-10-01,11.422,LINK-USD,Chainlink
2024-11-01,19.023,LINK-USD,Chainlink
2024-12-01,20.001,LINK-USD,Chainlink
2025-01-01,25.148,LINK-USD,Chainlink
2025-02-01,14.817,LINK-USD,Chainlink
2025-03-01,13.512,LINK-USD,Chainlink
2025-04-01,14.293,LINK-USD,Chainlink
2025-05-01,13.977,LINK-USD,Chainlink
2025-06-01,13.381,LINK-USD,Chainlink
2025-07-01,16.955,LINK-USD,Chainlink
2025-08-01,23.224,LINK-USD,Chainlink
2025-09-01,21.329,LINK-USD,Chainlink
2025-10-01,17.24,LINK-USD,Chainlink
2025-11-01,12.981,LINK-USD,Chainlink
2025-12-01,12.188,LINK-USD,Chainlink
2026-01-01,9.969,LINK-USD,Chainlink
2026-02-01,8.844,LINK-USD,Chainlink
2026-03-01,8.778,LINK-USD,Chainlink
2026-04-01,9.104,LINK-USD,Chainlink
2026-05-01,9.127,LINK-USD,Chainlink
2026-06-01,7.189,LINK-USD,Chainlink
2026-07-01,7.37,LINK-USD,Chainlink
2020-11-01,0.005,CC-USD,Canton
2020-12-01,0.007,CC-USD,Canton
2021-01-01,0.004,CC-USD,Canton
2021-02-01,0.006,CC-USD,Canton
2021-03-01,0.007,CC-USD,Canton
2021-04-01,0.006,CC-USD,Canton
2021-05-01,10.545,CC-USD,Canton
2021-06-01,12.597,CC-USD,Canton
2021-07-01,10.346,CC-USD,Canton
2021-08-01,12.549,CC-USD,Canton
2021-09-01,6.316,CC-USD,Canton
2021-10-01,15.372,CC-USD,Canton
2021-11-01,4.836,CC-USD,Canton
2021-12-01,1.1,CC-USD,Canton
2022-01-01,0.707,CC-USD,Canton
2022-02-01,0.015,CC-USD,Canton
2022-03-01,0.021,CC-USD,Canton
2022-04-01,0.024,CC-USD,Canton
2022-05-01,0.015,CC-USD,Canton
2022-06-01,0.008,CC-USD,Canton
2022-07-01,0.007,CC-USD,Canton
2022-08-01,0.24,CC-USD,Canton
2022-09-01,0.27,CC-USD,Canton
2022-10-01,0.17,CC-USD,Canton
2022-11-01,0.18,CC-USD,Canton
2022-12-01,0.18,CC-USD,Canton
2023-01-01,0.18,CC-USD,Canton
2019-11-01,1.005,DAI-USD,Dai
2019-12-01,0.998,DAI-USD,Dai
2020-01-01,1.006,DAI-USD,Dai
2020-02-01,0.996,DAI-USD,Dai
2020-03-01,1.011,DAI-USD,Dai
2020-04-01,1.0,DAI-USD,Dai
2020-05-01,0.992,DAI-USD,Dai
2020-06-01,1.003,DAI-USD,Dai
2020-07-01,1.027,DAI-USD,Dai
2020-08-01,1.022,DAI-USD,Dai
2020-09-01,1.01,DAI-USD,Dai
2020-10-01,1.006,DAI-USD,Dai
2020-11-01,1.006,DAI-USD,Dai
2020-12-01,1.004,DAI-USD,Dai
2021-01-01,1.0,DAI-USD,Dai
2021-02-01,1.003,DAI-USD,Dai
2021-03-01,1.004,DAI-USD,Dai
2021-04-01,1.0,DAI-USD,Dai
2021-05-01,1.001,DAI-USD,Dai
2021-06-01,1.002,DAI-USD,Dai
2021-07-01,1.001,DAI-USD,Dai
2021-08-01,1.001,DAI-USD,Dai
2021-09-01,1.001,DAI-USD,Dai
2021-10-01,1.0,DAI-USD,Dai
2021-11-01,1.0,DAI-USD,Dai
2021-12-01,0.999,DAI-USD,Dai
2022-01-01,1.0,DAI-USD,Dai
2022-02-01,1.0,DAI-USD,Dai
2022-03-01,1.0,DAI-USD,Dai
2022-04-01,1.0,DAI-USD,Dai
2022-05-01,1.0,DAI-USD,Dai
2022-06-01,1.0,DAI-USD,Dai
2022-07-01,0.999,DAI-USD,Dai
2022-08-01,1.0,DAI-USD,Dai
2022-09-01,1.0,DAI-USD,Dai
2022-10-01,1.0,DAI-USD,Dai
2022-11-01,0.999,DAI-USD,Dai
2022-12-01,1.0,DAI-USD,Dai
2023-01-01,1.0,DAI-USD,Dai
2023-02-01,0.999,DAI-USD,Dai
2023-03-01,0.999,DAI-USD,Dai
2023-04-01,0.999,DAI-USD,Dai
2023-05-01,1.0,DAI-USD,Dai
2023-06-01,1.0,DAI-USD,Dai
2023-07-01,1.0,DAI-USD,Dai
2023-08-01,1.0,DAI-USD,Dai
2023-09-01,1.0,DAI-USD,Dai
2023-10-01,1.001,DAI-USD,Dai
2023-11-01,1.0,DAI-USD,Dai
2023-12-01,0.999,DAI-USD,Dai
2024-01-01,1.0,DAI-USD,Dai
2024-02-01,1.0,DAI-USD,Dai
2024-03-01,1.0,DAI-USD,Dai
2024-04-01,1.0,DAI-USD,Dai
2024-05-01,1.0,DAI-USD,Dai
2024-06-01,1.0,DAI-USD,Dai
2024-07-01,1.0,DAI-USD,Dai
2024-08-01,1.0,DAI-USD,Dai
2024-09-01,1.0,DAI-USD,Dai
2024-10-01,1.0,DAI-USD,Dai
2024-11-01,1.0,DAI-USD,Dai
2024-12-01,1.0,DAI-USD,Dai
2025-01-01,1.0,DAI-USD,Dai
2025-02-01,1.0,DAI-USD,Dai
2025-03-01,1.0,DAI-USD,Dai
2025-04-01,1.0,DAI-USD,Dai
2025-05-01,1.0,DAI-USD,Dai
2025-06-01,1.0,DAI-USD,Dai
2025-07-01,1.0,DAI-USD,Dai
2025-08-01,1.0,DAI-USD,Dai
2025-09-01,1.0,DAI-USD,Dai
2025-10-01,1.0,DAI-USD,Dai
2025-11-01,1.0,DAI-USD,Dai
2025-12-01,0.999,DAI-USD,Dai
2026-01-01,1.0,DAI-USD,Dai
2026-02-01,1.0,DAI-USD,Dai
2026-03-01,1.0,DAI-USD,Dai
2026-04-01,1.0,DAI-USD,Dai
2026-05-01,1.0,DAI-USD,Dai
2026-06-01,0.999,DAI-USD,Dai
2026-07-01,1.0,DAI-USD,Dai
2025-04-01,0.994,USD1-USD,USD1
2025-05-01,0.996,USD1-USD,USD1
2025-06-01,1.001,USD1-USD,USD1
2023-02-01,1.0,USDE-USD,Ethena USDe
2023-03-01,1.004,USDE-USD,Ethena USDe
2023-04-01,1.0,USDE-USD,Ethena USDe
2023-05-01,1.03,USDE-USD,Ethena USDe
2023-06-01,1.03,USDE-USD,Ethena USDe
2023-11-01,0.0,USDE-USD,Ethena USDe
2023-12-01,0.996,USDE-USD,Ethena USDe
2024-01-01,1.023,USDE-USD,Ethena USDe
2024-02-01,1.003,USDE-USD,Ethena USDe
2024-03-01,1.0,USDE-USD,Ethena USDe
2024-04-01,0.994,USDE-USD,Ethena USDe
2024-05-01,1.014,USDE-USD,Ethena USDe
2024-06-01,0.991,USDE-USD,Ethena USDe
2024-07-01,1.062,USDE-USD,Ethena USDe
2024-08-01,1.007,USDE-USD,Ethena USDe
2024-09-01,0.922,USDE-USD,Ethena USDe
2024-10-01,0.974,USDE-USD,Ethena USDe
2024-11-01,0.557,USDE-USD,Ethena USDe
2024-12-01,0.995,USDE-USD,Ethena USDe
2025-01-01,1.009,USDE-USD,Ethena USDe
2017-11-01,1389.78,BCH-USD,Bitcoin Cash
2017-12-01,2533.01,BCH-USD,Bitcoin Cash
2018-01-01,1486.89,BCH-USD,Bitcoin Cash
2018-02-01,1204.16,BCH-USD,Bitcoin Cash
2018-03-01,685.247,BCH-USD,Bitcoin Cash
2018-04-01,1350.05,BCH-USD,Bitcoin Cash
2018-05-01,995.344,BCH-USD,Bitcoin Cash
2018-06-01,748.709,BCH-USD,Bitcoin Cash
2018-07-01,777.146,BCH-USD,Bitcoin Cash
2018-08-01,543.078,BCH-USD,Bitcoin Cash
2018-09-01,529.925,BCH-USD,Bitcoin Cash
2018-10-01,422.859,BCH-USD,Bitcoin Cash
2018-11-01,173.067,BCH-USD,Bitcoin Cash
2018-12-01,151.046,BCH-USD,Bitcoin Cash
2019-01-01,114.81,BCH-USD,Bitcoin Cash
2019-02-01,132.187,BCH-USD,Bitcoin Cash
2019-03-01,168.938,BCH-USD,Bitcoin Cash
2019-04-01,267.758,BCH-USD,Bitcoin Cash
2019-05-01,445.07,BCH-USD,Bitcoin Cash
2019-06-01,399.47,BCH-USD,Bitcoin Cash
2019-07-01,326.57,BCH-USD,Bitcoin Cash
2019-08-01,279.94,BCH-USD,Bitcoin Cash
2019-09-01,228.123,BCH-USD,Bitcoin Cash
2019-10-01,284.477,BCH-USD,Bitcoin Cash
2019-11-01,218.908,BCH-USD,Bitcoin Cash
2019-12-01,204.623,BCH-USD,Bitcoin Cash
2020-01-01,375.39,BCH-USD,Bitcoin Cash
2020-02-01,308.326,BCH-USD,Bitcoin Cash
2020-03-01,219.628,BCH-USD,Bitcoin Cash
2020-04-01,249.843,BCH-USD,Bitcoin Cash
2020-05-01,239.877,BCH-USD,Bitcoin Cash
2020-06-01,221.992,BCH-USD,Bitcoin Cash
2020-07-01,300.505,BCH-USD,Bitcoin Cash
2020-08-01,274.543,BCH-USD,Bitcoin Cash
2020-09-01,228.006,BCH-USD,Bitcoin Cash
2020-10-01,261.758,BCH-USD,Bitcoin Cash
2020-11-01,316.42,BCH-USD,Bitcoin Cash
2020-12-01,343.053,BCH-USD,Bitcoin Cash
2021-01-01,399.77,BCH-USD,Bitcoin Cash
2021-02-01,459.914,BCH-USD,Bitcoin Cash
2021-03-01,543.238,BCH-USD,Bitcoin Cash
2021-04-01,993.426,BCH-USD,Bitcoin Cash
2021-05-01,703.883,BCH-USD,Bitcoin Cash
2021-06-01,526.296,BCH-USD,Bitcoin Cash
2021-07-01,547.803,BCH-USD,Bitcoin Cash
2021-08-01,636.766,BCH-USD,Bitcoin Cash
2021-09-01,502.504,BCH-USD,Bitcoin Cash
2021-10-01,596.239,BCH-USD,Bitcoin Cash
2021-11-01,570.53,BCH-USD,Bitcoin Cash
2021-12-01,430.64,BCH-USD,Bitcoin Cash
2022-01-01,285.539,BCH-USD,Bitcoin Cash
2022-02-01,337.122,BCH-USD,Bitcoin Cash
2022-03-01,384.044,BCH-USD,Bitcoin Cash
2022-04-01,278.669,BCH-USD,Bitcoin Cash
2022-05-01,203.657,BCH-USD,Bitcoin Cash
2022-06-01,102.735,BCH-USD,Bitcoin Cash
2022-07-01,139.986,BCH-USD,Bitcoin Cash
2022-08-01,115.342,BCH-USD,Bitcoin Cash
2022-09-01,120.04,BCH-USD,Bitcoin Cash
2022-10-01,115.11,BCH-USD,Bitcoin Cash
2022-11-01,113.391,BCH-USD,Bitcoin Cash
2022-12-01,97.072,BCH-USD,Bitcoin Cash
2023-01-01,133.397,BCH-USD,Bitcoin Cash
2023-02-01,131.938,BCH-USD,Bitcoin Cash
2023-03-01,124.009,BCH-USD,Bitcoin Cash
2023-04-01,118.217,BCH-USD,Bitcoin Cash
2023-05-01,113.266,BCH-USD,Bitcoin Cash
2023-06-01,305.007,BCH-USD,Bitcoin Cash
2023-07-01,248.185,BCH-USD,Bitcoin Cash
2023-08-01,207.488,BCH-USD,Bitcoin Cash
2023-09-01,234.351,BCH-USD,Bitcoin Cash
2023-10-01,244.864,BCH-USD,Bitcoin Cash
2023-11-01,221.582,BCH-USD,Bitcoin Cash
2023-12-01,259.263,BCH-USD,Bitcoin Cash
2024-01-01,234.254,BCH-USD,Bitcoin Cash
2024-02-01,298.562,BCH-USD,Bitcoin Cash
2024-03-01,680.421,BCH-USD,Bitcoin Cash
2024-04-01,434.157,BCH-USD,Bitcoin Cash
2024-05-01,454.901,BCH-USD,Bitcoin Cash
2024-06-01,393.645,BCH-USD,Bitcoin Cash
2024-07-01,414.818,BCH-USD,Bitcoin Cash
2024-08-01,322.249,BCH-USD,Bitcoin Cash
2024-09-01,337.378,BCH-USD,Bitcoin Cash
2024-10-01,358.22,BCH-USD,Bitcoin Cash
2024-11-01,525.265,BCH-USD,Bitcoin Cash
2024-12-01,433.818,BCH-USD,Bitcoin Cash
2025-01-01,424.243,BCH-USD,Bitcoin Cash
2025-02-01,315.865,BCH-USD,Bitcoin Cash
2025-03-01,303.316,BCH-USD,Bitcoin Cash
2025-04-01,366.227,BCH-USD,Bitcoin Cash
2025-05-01,414.508,BCH-USD,Bitcoin Cash
2025-06-01,506.029,BCH-USD,Bitcoin Cash
2025-07-01,562.239,BCH-USD,Bitcoin Cash
2025-08-01,544.555,BCH-USD,Bitcoin Cash
2025-09-01,560.042,BCH-USD,Bitcoin Cash
2025-10-01,536.194,BCH-USD,Bitcoin Cash
2025-11-01,541.789,BCH-USD,Bitcoin Cash
2025-12-01,598.957,BCH-USD,Bitcoin Cash
2026-01-01,506.092,BCH-USD,Bitcoin Cash
2026-02-01,457.357,BCH-USD,Bitcoin Cash
2026-03-01,466.335,BCH-USD,Bitcoin Cash
2026-04-01,441.127,BCH-USD,Bitcoin Cash
2026-05-01,302.382,BCH-USD,Bitcoin Cash
2026-06-01,199.492,BCH-USD,Bitcoin Cash
2026-07-01,212.81,BCH-USD,Bitcoin Cash
2024-03-01,0.074,GRAM-USD,Gram (prev. Toncoin)
2024-04-01,0.021,GRAM-USD,Gram (prev. Toncoin)
2024-05-01,0.014,GRAM-USD,Gram (prev. Toncoin)
2024-06-01,0.009,GRAM-USD,Gram (prev. Toncoin)
2024-07-01,0.006,GRAM-USD,Gram (prev. Toncoin)
2024-08-01,0.004,GRAM-USD,Gram (prev. Toncoin)
2024-09-01,0.004,GRAM-USD,Gram (prev. Toncoin)
2024-10-01,0.003,GRAM-USD,Gram (prev. Toncoin)
2024-11-01,0.005,GRAM-USD,Gram (prev. Toncoin)
2024-12-01,0.004,GRAM-USD,Gram (prev. Toncoin)
2025-01-01,0.003,GRAM-USD,Gram (prev. Toncoin)
2025-02-01,0.003,GRAM-USD,Gram (prev. Toncoin)
2025-03-01,0.005,GRAM-USD,Gram (prev. Toncoin)
2025-04-01,0.004,GRAM-USD,Gram (prev. Toncoin)
2025-05-01,0.003,GRAM-USD,Gram (prev. Toncoin)
2025-06-01,0.003,GRAM-USD,Gram (prev. Toncoin)
2025-07-01,0.004,GRAM-USD,Gram (prev. Toncoin)
2025-08-01,0.003,GRAM-USD,Gram (prev. Toncoin)
2025-09-01,0.003,GRAM-USD,Gram (prev. Toncoin)
2025-10-01,0.003,GRAM-USD,Gram (prev. Toncoin)
2025-11-01,0.003,GRAM-USD,Gram (prev. Toncoin)
2025-12-01,0.003,GRAM-USD,Gram (prev. Toncoin)
2026-01-01,0.002,GRAM-USD,Gram (prev. Toncoin)
2026-02-01,0.002,GRAM-USD,Gram (prev. Toncoin)
2026-03-01,0.002,GRAM-USD,Gram (prev. Toncoin)
2026-04-01,0.002,GRAM-USD,Gram (prev. Toncoin)
2026-05-01,0.001,GRAM-USD,Gram (prev. Toncoin)
2026-06-01,1.501,GRAM-USD,Gram (prev. Toncoin)
2026-07-01,1.539,GRAM-USD,Gram (prev. Toncoin)
2014-09-01,4.475,LTC-USD,Litecoin
2014-10-01,3.754,LTC-USD,Litecoin
2014-11-01,3.576,LTC-USD,Litecoin
2014-12-01,2.719,LTC-USD,Litecoin
2015-01-01,1.873,LTC-USD,Litecoin
2015-02-01,1.841,LTC-USD,Litecoin
2015-03-01,1.653,LTC-USD,Litecoin
2015-04-01,1.44,LTC-USD,Litecoin
2015-05-01,1.637,LTC-USD,Litecoin
2015-06-01,4.087,LTC-USD,Litecoin
2015-07-01,4.641,LTC-USD,Litecoin
2015-08-01,2.842,LTC-USD,Litecoin
2015-09-01,3.01,LTC-USD,Litecoin
2015-10-01,3.804,LTC-USD,Litecoin
2015-11-01,3.621,LTC-USD,Litecoin
2015-12-01,3.48,LTC-USD,Litecoin
2016-01-01,3.052,LTC-USD,Litecoin
2016-02-01,3.446,LTC-USD,Litecoin
2016-03-01,3.257,LTC-USD,Litecoin
2016-04-01,3.66,LTC-USD,Litecoin
2016-05-01,4.65,LTC-USD,Litecoin
2016-06-01,4.194,LTC-USD,Litecoin
2016-07-01,4.014,LTC-USD,Litecoin
2016-08-01,3.797,LTC-USD,Litecoin
2016-09-01,3.842,LTC-USD,Litecoin
2016-10-01,3.994,LTC-USD,Litecoin
2016-11-01,3.894,LTC-USD,Litecoin
2016-12-01,4.325,LTC-USD,Litecoin
2017-01-01,4.079,LTC-USD,Litecoin
2017-02-01,3.771,LTC-USD,Litecoin
2017-03-01,6.667,LTC-USD,Litecoin
2017-04-01,15.706,LTC-USD,Litecoin
2017-05-01,25.298,LTC-USD,Litecoin
2017-06-01,40.354,LTC-USD,Litecoin
2017-07-01,43.023,LTC-USD,Litecoin
2017-08-01,71.055,LTC-USD,Litecoin
2017-09-01,55.142,LTC-USD,Litecoin
2017-10-01,55.754,LTC-USD,Litecoin
2017-11-01,88.331,LTC-USD,Litecoin
2017-12-01,232.096,LTC-USD,Litecoin
2018-01-01,163.351,LTC-USD,Litecoin
2018-02-01,202.895,LTC-USD,Litecoin
2018-03-01,116.607,LTC-USD,Litecoin
2018-04-01,148.477,LTC-USD,Litecoin
2018-05-01,118.074,LTC-USD,Litecoin
2018-06-01,81.374,LTC-USD,Litecoin
2018-07-01,79.702,LTC-USD,Litecoin
2018-08-01,61.925,LTC-USD,Litecoin
2018-09-01,61.142,LTC-USD,Litecoin
2018-10-01,49.442,LTC-USD,Litecoin
2018-11-01,32.065,LTC-USD,Litecoin
2018-12-01,30.468,LTC-USD,Litecoin
2019-01-01,31.652,LTC-USD,Litecoin
2019-02-01,46.237,LTC-USD,Litecoin
2019-03-01,60.755,LTC-USD,Litecoin
2019-04-01,74.281,LTC-USD,Litecoin
2019-05-01,114.537,LTC-USD,Litecoin
2019-06-01,122.249,LTC-USD,Litecoin
2019-07-01,98.51,LTC-USD,Litecoin
2019-08-01,64.576,LTC-USD,Litecoin
2019-09-01,56.057,LTC-USD,Litecoin
2019-10-01,58.781,LTC-USD,Litecoin
2019-11-01,47.475,LTC-USD,Litecoin
2019-12-01,41.34,LTC-USD,Litecoin
2020-01-01,67.879,LTC-USD,Litecoin
2020-02-01,58.543,LTC-USD,Litecoin
2020-03-01,39.299,LTC-USD,Litecoin
2020-04-01,46.714,LTC-USD,Litecoin
2020-05-01,45.592,LTC-USD,Litecoin
2020-06-01,41.468,LTC-USD,Litecoin
2020-07-01,57.998,LTC-USD,Litecoin
2020-08-01,61.114,LTC-USD,Litecoin
2020-09-01,46.371,LTC-USD,Litecoin
2020-10-01,55.59,LTC-USD,Litecoin
2020-11-01,87.575,LTC-USD,Litecoin
2020-12-01,124.69,LTC-USD,Litecoin
2021-01-01,129.571,LTC-USD,Litecoin
2021-02-01,164.927,LTC-USD,Litecoin
2021-03-01,197.499,LTC-USD,Litecoin
2021-04-01,271.167,LTC-USD,Litecoin
2021-05-01,188.034,LTC-USD,Litecoin
2021-06-01,144.136,LTC-USD,Litecoin
2021-07-01,144.933,LTC-USD,Litecoin
2021-08-01,171.659,LTC-USD,Litecoin
2021-09-01,153.148,LTC-USD,Litecoin
2021-10-01,191.816,LTC-USD,Litecoin
2021-11-01,208.015,LTC-USD,Litecoin
2021-12-01,146.515,LTC-USD,Litecoin
2022-01-01,109.588,LTC-USD,Litecoin
2022-02-01,113.475,LTC-USD,Litecoin
2022-03-01,123.716,LTC-USD,Litecoin
2022-04-01,96.166,LTC-USD,Litecoin
2022-05-01,68.411,LTC-USD,Litecoin
2022-06-01,53.648,LTC-USD,Litecoin
2022-07-01,59.91,LTC-USD,Litecoin
2022-08-01,53.857,LTC-USD,Litecoin
2022-09-01,53.397,LTC-USD,Litecoin
2022-10-01,55.084,LTC-USD,Litecoin
2022-11-01,79.298,LTC-USD,Litecoin
2022-12-01,69.996,LTC-USD,Litecoin
2023-01-01,94.308,LTC-USD,Litecoin
2023-02-01,93.793,LTC-USD,Litecoin
2023-03-01,89.684,LTC-USD,Litecoin
2023-04-01,88.534,LTC-USD,Litecoin
2023-05-01,90.539,LTC-USD,Litecoin
2023-06-01,108.165,LTC-USD,Litecoin
2023-07-01,92.243,LTC-USD,Litecoin
2023-08-01,63.951,LTC-USD,Litecoin
2023-09-01,66.07,LTC-USD,Litecoin
2023-10-01,68.95,LTC-USD,Litecoin
2023-11-01,69.446,LTC-USD,Litecoin
2023-12-01,72.798,LTC-USD,Litecoin
2024-01-01,66.753,LTC-USD,Litecoin
2024-02-01,79.941,LTC-USD,Litecoin
2024-03-01,105.183,LTC-USD,Litecoin
2024-04-01,79.495,LTC-USD,Litecoin
2024-05-01,83.239,LTC-USD,Litecoin
2024-06-01,75.28,LTC-USD,Litecoin
2024-07-01,70.19,LTC-USD,Litecoin
2024-08-01,65.059,LTC-USD,Litecoin
2024-09-01,66.82,LTC-USD,Litecoin
2024-10-01,69.205,LTC-USD,Litecoin
2024-11-01,102.668,LTC-USD,Litecoin
2024-12-01,103.069,LTC-USD,Litecoin
2025-01-01,128.013,LTC-USD,Litecoin
2025-02-01,127.962,LTC-USD,Litecoin
2025-03-01,83.034,LTC-USD,Litecoin
2025-04-01,83.513,LTC-USD,Litecoin
2025-05-01,87.128,LTC-USD,Litecoin
2025-06-01,85.983,LTC-USD,Litecoin
2025-07-01,106.224,LTC-USD,Litecoin
2025-08-01,108.908,LTC-USD,Litecoin
2025-09-01,106.898,LTC-USD,Litecoin
2025-10-01,95.494,LTC-USD,Litecoin
2025-11-01,82.556,LTC-USD,Litecoin
2025-12-01,76.777,LTC-USD,Litecoin
2026-01-01,59.433,LTC-USD,Litecoin
2026-02-01,54.388,LTC-USD,Litecoin
2026-03-01,53.918,LTC-USD,Litecoin
2026-04-01,55.17,LTC-USD,Litecoin
2026-05-01,52.004,LTC-USD,Litecoin
2026-06-01,41.877,LTC-USD,Litecoin
2026-07-01,42.41,LTC-USD,Litecoin
2019-09-01,0.038,HBAR-USD,Hedera
2019-10-01,0.033,HBAR-USD,Hedera
2019-11-01,0.025,HBAR-USD,Hedera
2019-12-01,0.01,HBAR-USD,Hedera
2020-01-01,0.013,HBAR-USD,Hedera
2020-02-01,0.034,HBAR-USD,Hedera
2020-03-01,0.032,HBAR-USD,Hedera
2020-04-01,0.035,HBAR-USD,Hedera
2020-05-01,0.044,HBAR-USD,Hedera
2020-06-01,0.038,HBAR-USD,Hedera
2020-07-01,0.044,HBAR-USD,Hedera
2020-08-01,0.046,HBAR-USD,Hedera
2020-09-01,0.032,HBAR-USD,Hedera
2020-10-01,0.029,HBAR-USD,Hedera
2020-11-01,0.034,HBAR-USD,Hedera
2020-12-01,0.032,HBAR-USD,Hedera
2021-01-01,0.082,HBAR-USD,Hedera
2021-02-01,0.115,HBAR-USD,Hedera
2021-03-01,0.368,HBAR-USD,Hedera
2021-04-01,0.3,HBAR-USD,Hedera
2021-05-01,0.234,HBAR-USD,Hedera
2021-06-01,0.195,HBAR-USD,Hedera
2021-07-01,0.214,HBAR-USD,Hedera
2021-08-01,0.252,HBAR-USD,Hedera
2021-09-01,0.338,HBAR-USD,Hedera
2021-10-01,0.407,HBAR-USD,Hedera
2021-11-01,0.349,HBAR-USD,Hedera
2021-12-01,0.291,HBAR-USD,Hedera
2022-01-01,0.222,HBAR-USD,Hedera
2022-02-01,0.23,HBAR-USD,Hedera
2022-03-01,0.236,HBAR-USD,Hedera
2022-04-01,0.141,HBAR-USD,Hedera
2022-05-01,0.094,HBAR-USD,Hedera
2022-06-01,0.063,HBAR-USD,Hedera
2022-07-01,0.076,HBAR-USD,Hedera
2022-08-01,0.063,HBAR-USD,Hedera
2022-09-01,0.057,HBAR-USD,Hedera
2022-10-01,0.06,HBAR-USD,Hedera
2022-11-01,0.051,HBAR-USD,Hedera
2022-12-01,0.036,HBAR-USD,Hedera
2023-01-01,0.065,HBAR-USD,Hedera
2023-02-01,0.069,HBAR-USD,Hedera
2023-03-01,0.073,HBAR-USD,Hedera
2023-04-01,0.064,HBAR-USD,Hedera
2023-05-01,0.051,HBAR-USD,Hedera
2023-06-01,0.051,HBAR-USD,Hedera
2023-07-01,0.052,HBAR-USD,Hedera
2023-08-01,0.052,HBAR-USD,Hedera
2023-09-01,0.05,HBAR-USD,Hedera
2023-10-01,0.052,HBAR-USD,Hedera
2023-11-01,0.06,HBAR-USD,Hedera
2023-12-01,0.086,HBAR-USD,Hedera
2024-01-01,0.07,HBAR-USD,Hedera
2024-02-01,0.114,HBAR-USD,Hedera
2024-03-01,0.116,HBAR-USD,Hedera
2024-04-01,0.094,HBAR-USD,Hedera
2024-05-01,0.1,HBAR-USD,Hedera
2024-06-01,0.077,HBAR-USD,Hedera
2024-07-01,0.063,HBAR-USD,Hedera
2024-08-01,0.05,HBAR-USD,Hedera
2024-09-01,0.057,HBAR-USD,Hedera
2024-10-01,0.046,HBAR-USD,Hedera
2024-11-01,0.169,HBAR-USD,Hedera
2024-12-01,0.268,HBAR-USD,Hedera
2025-01-01,0.306,HBAR-USD,Hedera
2025-02-01,0.213,HBAR-USD,Hedera
2025-03-01,0.163,HBAR-USD,Hedera
2025-04-01,0.182,HBAR-USD,Hedera
2025-05-01,0.168,HBAR-USD,Hedera
2025-06-01,0.15,HBAR-USD,Hedera
2025-07-01,0.251,HBAR-USD,Hedera
2025-08-01,0.219,HBAR-USD,Hedera
2025-09-01,0.215,HBAR-USD,Hedera
2025-10-01,0.201,HBAR-USD,Hedera
2025-11-01,0.142,HBAR-USD,Hedera
2025-12-01,0.106,HBAR-USD,Hedera
2026-01-01,0.093,HBAR-USD,Hedera
2026-02-01,0.1,HBAR-USD,Hedera
2026-03-01,0.088,HBAR-USD,Hedera
2026-04-01,0.087,HBAR-USD,Hedera
2026-05-01,0.096,HBAR-USD,Hedera
2026-06-01,0.069,HBAR-USD,Hedera
2026-07-01,0.072,HBAR-USD,Hedera
2024-11-01,1.0,USDG-USD,Global Dollar
2024-12-01,1.0,USDG-USD,Global Dollar
2025-01-01,1.823,USDG-USD,Global Dollar
2025-02-01,4.427,USDG-USD,Global Dollar
2025-03-01,5.552,USDG-USD,Global Dollar
2025-04-01,7.811,USDG-USD,Global Dollar
2025-05-01,5.273,USDG-USD,Global Dollar
2025-06-01,4.933,USDG-USD,Global Dollar
2025-07-01,6.102,USDG-USD,Global Dollar
2025-08-01,6.818,USDG-USD,Global Dollar
2025-09-01,6.905,USDG-USD,Global Dollar
2025-10-01,5.526,USDG-USD,Global Dollar
2025-11-01,5.807,USDG-USD,Global Dollar
2025-12-01,5.009,USDG-USD,Global Dollar
2026-01-01,5.595,USDG-USD,Global Dollar
2026-02-01,4.903,USDG-USD,Global Dollar
2026-03-01,5.995,USDG-USD,Global Dollar
2026-04-01,5.964,USDG-USD,Global Dollar
2026-05-01,5.492,USDG-USD,Global Dollar
2026-06-01,5.393,USDG-USD,Global Dollar
2026-07-01,5.395,USDG-USD,Global Dollar
2020-07-01,4.987,AVAX-USD,Avalanche
2020-09-01,4.323,AVAX-USD,Avalanche
2020-10-01,3.648,AVAX-USD,Avalanche
2020-11-01,3.686,AVAX-USD,Avalanche
2020-12-01,3.136,AVAX-USD,Avalanche
2021-01-01,13.516,AVAX-USD,Avalanche
2021-02-01,23.823,AVAX-USD,Avalanche
2021-03-01,28.729,AVAX-USD,Avalanche
2021-04-01,32.918,AVAX-USD,Avalanche
2021-05-01,18.161,AVAX-USD,Avalanche
2021-06-01,11.956,AVAX-USD,Avalanche
2021-07-01,13.592,AVAX-USD,Avalanche
2021-08-01,39.487,AVAX-USD,Avalanche
2021-09-01,66.766,AVAX-USD,Avalanche
2021-10-01,64.288,AVAX-USD,Avalanche
2021-11-01,120.344,AVAX-USD,Avalanche
2021-12-01,109.27,AVAX-USD,Avalanche
2022-01-01,69.992,AVAX-USD,Avalanche
2022-02-01,84.339,AVAX-USD,Avalanche
2022-03-01,96.925,AVAX-USD,Avalanche
2022-04-01,57.048,AVAX-USD,Avalanche
2022-05-01,26.39,AVAX-USD,Avalanche
2022-06-01,16.929,AVAX-USD,Avalanche
2022-07-01,23.746,AVAX-USD,Avalanche
2022-08-01,19.128,AVAX-USD,Avalanche
2022-09-01,17.196,AVAX-USD,Avalanche
2022-10-01,19.312,AVAX-USD,Avalanche
2022-11-01,13.157,AVAX-USD,Avalanche
2022-12-01,10.903,AVAX-USD,Avalanche
2023-01-01,19.844,AVAX-USD,Avalanche
2023-02-01,17.081,AVAX-USD,Avalanche
2023-03-01,17.717,AVAX-USD,Avalanche
2023-04-01,17.166,AVAX-USD,Avalanche
2023-05-01,14.12,AVAX-USD,Avalanche
2023-06-01,13.013,AVAX-USD,Avalanche
2023-07-01,12.825,AVAX-USD,Avalanche
2023-08-01,9.987,AVAX-USD,Avalanche
2023-09-01,9.244,AVAX-USD,Avalanche
2023-10-01,11.324,AVAX-USD,Avalanche
2023-11-01,21.387,AVAX-USD,Avalanche
2023-12-01,38.545,AVAX-USD,Avalanche
2024-01-01,33.162,AVAX-USD,Avalanche
2024-02-01,40.935,AVAX-USD,Avalanche
2024-03-01,54.11,AVAX-USD,Avalanche
2024-04-01,32.706,AVAX-USD,Avalanche
2024-05-01,36.056,AVAX-USD,Avalanche
2024-06-01,29.361,AVAX-USD,Avalanche
2024-07-01,25.719,AVAX-USD,Avalanche
2024-08-01,22.798,AVAX-USD,Avalanche
2024-09-01,27.739,AVAX-USD,Avalanche
2024-10-01,25.017,AVAX-USD,Avalanche
2024-11-01,44.893,AVAX-USD,Avalanche
2024-12-01,35.691,AVAX-USD,Avalanche
2025-01-01,34.398,AVAX-USD,Avalanche
2025-02-01,22.369,AVAX-USD,Avalanche
2025-03-01,18.769,AVAX-USD,Avalanche
2025-04-01,20.909,AVAX-USD,Avalanche
2025-05-01,20.801,AVAX-USD,Avalanche
2025-06-01,17.975,AVAX-USD,Avalanche
2025-07-01,22.5,AVAX-USD,Avalanche
2025-08-01,23.406,AVAX-USD,Avalanche
2025-09-01,30.004,AVAX-USD,Avalanche
2025-10-01,18.193,AVAX-USD,Avalanche
2025-11-01,13.775,AVAX-USD,Avalanche
2025-12-01,12.305,AVAX-USD,Avalanche
2026-01-01,10.106,AVAX-USD,Avalanche
2026-02-01,9.165,AVAX-USD,Avalanche
2026-03-01,8.909,AVAX-USD,Avalanche
2026-04-01,9.088,AVAX-USD,Avalanche
2026-05-01,8.96,AVAX-USD,Avalanche
2026-06-01,6.527,AVAX-USD,Avalanche
2026-07-01,6.68,AVAX-USD,Avalanche
2022-03-01,0.009,SUI-USD,Sui
2022-04-01,0.005,SUI-USD,Sui
2022-05-01,0.004,SUI-USD,Sui
2022-06-01,0.002,SUI-USD,Sui
2022-07-01,0.003,SUI-USD,Sui
2022-08-01,0.004,SUI-USD,Sui
2022-09-01,0.004,SUI-USD,Sui
2022-10-01,0.006,SUI-USD,Sui
2022-11-01,0.005,SUI-USD,Sui
2022-12-01,0.004,SUI-USD,Sui
2023-01-01,0.007,SUI-USD,Sui
2023-02-01,0.01,SUI-USD,Sui
2023-03-01,0.01,SUI-USD,Sui
2023-04-01,0.014,SUI-USD,Sui
2023-05-01,0.008,SUI-USD,Sui
2023-06-01,0.006,SUI-USD,Sui
2023-07-01,0.005,SUI-USD,Sui
2023-08-01,0.004,SUI-USD,Sui
2023-09-01,0.004,SUI-USD,Sui
2023-10-01,0.004,SUI-USD,Sui
2023-11-01,0.004,SUI-USD,Sui
2023-12-01,0.004,SUI-USD,Sui
2024-01-01,0.0,SUI-USD,Sui
2024-02-01,0.0,SUI-USD,Sui
2024-03-01,0.0,SUI-USD,Sui
2024-04-01,0.001,SUI-USD,Sui
2024-05-01,0.0,SUI-USD,Sui
2024-06-01,0.0,SUI-USD,Sui
2024-05-01,0.002,LAB-USD,LAB
2024-06-01,0.011,LAB-USD,LAB
2024-07-01,0.008,LAB-USD,LAB
2024-08-01,0.003,LAB-USD,LAB
2024-09-01,0.001,LAB-USD,LAB
2024-10-01,0.002,LAB-USD,LAB
2024-11-01,0.001,LAB-USD,LAB
2024-12-01,0.001,LAB-USD,LAB
2025-01-01,0.001,LAB-USD,LAB
2025-02-01,0.0,LAB-USD,LAB
2025-03-01,0.0,LAB-USD,LAB
2025-04-01,0.0,LAB-USD,LAB
2025-05-01,0.0,LAB-USD,LAB
2025-06-01,0.0,LAB-USD,LAB
2025-07-01,0.0,LAB-USD,LAB
2025-08-01,0.0,LAB-USD,LAB
2025-09-01,0.0,LAB-USD,LAB
2025-10-01,0.0,LAB-USD,LAB
2025-11-01,0.0,LAB-USD,LAB
2025-12-01,0.0,LAB-USD,LAB
2026-01-01,0.0,LAB-USD,LAB
2026-02-01,0.0,LAB-USD,LAB
2023-08-01,1.003,PYUSD-USD,PayPal USD
2023-09-01,0.999,PYUSD-USD,PayPal USD
2023-10-01,1.0,PYUSD-USD,PayPal USD
2023-11-01,1.0,PYUSD-USD,PayPal USD
2023-12-01,1.001,PYUSD-USD,PayPal USD
2024-01-01,0.999,PYUSD-USD,PayPal USD
2024-02-01,0.999,PYUSD-USD,PayPal USD
2024-03-01,1.0,PYUSD-USD,PayPal USD
2024-04-01,0.999,PYUSD-USD,PayPal USD
2024-05-01,0.998,PYUSD-USD,PayPal USD
2024-06-01,0.997,PYUSD-USD,PayPal USD
2024-07-01,1.0,PYUSD-USD,PayPal USD
2024-08-01,1.0,PYUSD-USD,PayPal USD
2024-09-01,0.999,PYUSD-USD,PayPal USD
2024-10-01,0.998,PYUSD-USD,PayPal USD
2024-11-01,0.999,PYUSD-USD,PayPal USD
2024-12-01,0.999,PYUSD-USD,PayPal USD
2025-01-01,0.999,PYUSD-USD,PayPal USD
2025-02-01,1.0,PYUSD-USD,PayPal USD
2025-03-01,1.0,PYUSD-USD,PayPal USD
2025-04-01,1.0,PYUSD-USD,PayPal USD
2025-05-01,0.999,PYUSD-USD,PayPal USD
2025-06-01,1.0,PYUSD-USD,PayPal USD
2025-07-01,1.0,PYUSD-USD,PayPal USD
2025-08-01,1.0,PYUSD-USD,PayPal USD
2025-09-01,1.0,PYUSD-USD,PayPal USD
2025-10-01,0.999,PYUSD-USD,PayPal USD
2025-11-01,1.0,PYUSD-USD,PayPal USD
2025-12-01,1.0,PYUSD-USD,PayPal USD
2026-01-01,0.999,PYUSD-USD,PayPal USD
2026-02-01,1.0,PYUSD-USD,PayPal USD
2026-03-01,1.0,PYUSD-USD,PayPal USD
2026-04-01,1.0,PYUSD-USD,PayPal USD
2026-05-01,1.0,PYUSD-USD,PayPal USD
2026-06-01,1.0,PYUSD-USD,PayPal USD
2026-07-01,1.0,PYUSD-USD,PayPal USD
2020-08-01,0.0,SHIB-USD,Shiba Inu
2020-09-01,0.0,SHIB-USD,Shiba Inu
2020-10-01,0.0,SHIB-USD,Shiba Inu
2020-11-01,0.0,SHIB-USD,Shiba Inu
2020-12-01,0.0,SHIB-USD,Shiba Inu
2021-01-01,0.0,SHIB-USD,Shiba Inu
2021-02-01,0.0,SHIB-USD,Shiba Inu
2021-03-01,0.0,SHIB-USD,Shiba Inu
2021-04-01,0.0,SHIB-USD,Shiba Inu
2021-05-01,0.0,SHIB-USD,Shiba Inu
2021-06-01,0.0,SHIB-USD,Shiba Inu
2021-07-01,0.0,SHIB-USD,Shiba Inu
2021-08-01,0.0,SHIB-USD,Shiba Inu
2021-09-01,0.0,SHIB-USD,Shiba Inu
2021-10-01,0.0,SHIB-USD,Shiba Inu
2021-11-01,0.0,SHIB-USD,Shiba Inu
2021-12-01,0.0,SHIB-USD,Shiba Inu
2022-01-01,0.0,SHIB-USD,Shiba Inu
2022-02-01,0.0,SHIB-USD,Shiba Inu
2022-03-01,0.0,SHIB-USD,Shiba Inu
2022-04-01,0.0,SHIB-USD,Shiba Inu
2022-05-01,0.0,SHIB-USD,Shiba Inu
2022-06-01,0.0,SHIB-USD,Shiba Inu
2022-07-01,0.0,SHIB-USD,Shiba Inu
2022-08-01,0.0,SHIB-USD,Shiba Inu
2022-09-01,0.0,SHIB-USD,Shiba Inu
2022-10-01,0.0,SHIB-USD,Shiba Inu
2022-11-01,0.0,SHIB-USD,Shiba Inu
2022-12-01,0.0,SHIB-USD,Shiba Inu
2023-01-01,0.0,SHIB-USD,Shiba Inu
2023-02-01,0.0,SHIB-USD,Shiba Inu
2023-03-01,0.0,SHIB-USD,Shiba Inu
2023-04-01,0.0,SHIB-USD,Shiba Inu
2023-05-01,0.0,SHIB-USD,Shiba Inu
2023-06-01,0.0,SHIB-USD,Shiba Inu
2023-07-01,0.0,SHIB-USD,Shiba Inu
2023-08-01,0.0,SHIB-USD,Shiba Inu
2023-09-01,0.0,SHIB-USD,Shiba Inu
2023-10-01,0.0,SHIB-USD,Shiba Inu
2023-11-01,0.0,SHIB-USD,Shiba Inu
2023-12-01,0.0,SHIB-USD,Shiba Inu
2024-01-01,0.0,SHIB-USD,Shiba Inu
2024-02-01,0.0,SHIB-USD,Shiba Inu
2024-03-01,0.0,SHIB-USD,Shiba Inu
2024-04-01,0.0,SHIB-USD,Shiba Inu
2024-05-01,0.0,SHIB-USD,Shiba Inu
2024-06-01,0.0,SHIB-USD,Shiba Inu
2024-07-01,0.0,SHIB-USD,Shiba Inu
2024-08-01,0.0,SHIB-USD,Shiba Inu
2024-09-01,0.0,SHIB-USD,Shiba Inu
2024-10-01,0.0,SHIB-USD,Shiba Inu
2024-11-01,0.0,SHIB-USD,Shiba Inu
2024-12-01,0.0,SHIB-USD,Shiba Inu
2025-01-01,0.0,SHIB-USD,Shiba Inu
2025-02-01,0.0,SHIB-USD,Shiba Inu
2025-03-01,0.0,SHIB-USD,Shiba Inu
2025-04-01,0.0,SHIB-USD,Shiba Inu
2025-05-01,0.0,SHIB-USD,Shiba Inu
2025-06-01,0.0,SHIB-USD,Shiba Inu
2025-07-01,0.0,SHIB-USD,Shiba Inu
2025-08-01,0.0,SHIB-USD,Shiba Inu
2025-09-01,0.0,SHIB-USD,Shiba Inu
2025-10-01,0.0,SHIB-USD,Shiba Inu
2025-11-01,0.0,SHIB-USD,Shiba Inu
2025-12-01,0.0,SHIB-USD,Shiba Inu
2026-01-01,0.0,SHIB-USD,Shiba Inu
2026-02-01,0.0,SHIB-USD,Shiba Inu
2026-03-01,0.0,SHIB-USD,Shiba Inu
2026-04-01,0.0,SHIB-USD,Shiba Inu
2026-05-01,0.0,SHIB-USD,Shiba Inu
2026-06-01,0.0,SHIB-USD,Shiba Inu
2026-07-01,0.0,SHIB-USD,Shiba Inu
2018-12-01,0.02,CRO-USD,Cronos
2019-01-01,0.013,CRO-USD,Cronos
2019-02-01,0.013,CRO-USD,Cronos
2019-03-01,0.044,CRO-USD,Cronos
2019-04-01,0.073,CRO-USD,Cronos
2019-05-01,0.07,CRO-USD,Cronos
2019-06-01,0.061,CRO-USD,Cronos
2019-07-01,0.059,CRO-USD,Cronos
2019-08-01,0.039,CRO-USD,Cronos
2019-09-01,0.036,CRO-USD,Cronos
2019-10-01,0.037,CRO-USD,Cronos
2019-11-01,0.027,CRO-USD,Cronos
2019-12-01,0.034,CRO-USD,Cronos
2020-01-01,0.053,CRO-USD,Cronos
2020-02-01,0.052,CRO-USD,Cronos
2020-03-01,0.049,CRO-USD,Cronos
2020-04-01,0.058,CRO-USD,Cronos
2020-05-01,0.085,CRO-USD,Cronos
2020-06-01,0.125,CRO-USD,Cronos
2020-07-01,0.164,CRO-USD,Cronos
2020-08-01,0.178,CRO-USD,Cronos
2020-09-01,0.152,CRO-USD,Cronos
2020-10-01,0.084,CRO-USD,Cronos
2020-11-01,0.07,CRO-USD,Cronos
2020-12-01,0.059,CRO-USD,Cronos
2021-01-01,0.063,CRO-USD,Cronos
2021-02-01,0.134,CRO-USD,Cronos
2021-03-01,0.216,CRO-USD,Cronos
2021-04-01,0.198,CRO-USD,Cronos
2021-05-01,0.126,CRO-USD,Cronos
2021-06-01,0.115,CRO-USD,Cronos
2021-07-01,0.13,CRO-USD,Cronos
2021-08-01,0.154,CRO-USD,Cronos
2021-09-01,0.159,CRO-USD,Cronos
2021-10-01,0.211,CRO-USD,Cronos
2021-11-01,0.69,CRO-USD,Cronos
2021-12-01,0.558,CRO-USD,Cronos
2022-01-01,0.429,CRO-USD,Cronos
2022-02-01,0.439,CRO-USD,Cronos
2022-03-01,0.46,CRO-USD,Cronos
2022-04-01,0.35,CRO-USD,Cronos
2022-05-01,0.189,CRO-USD,Cronos
2022-06-01,0.115,CRO-USD,Cronos
2022-07-01,0.137,CRO-USD,Cronos
2022-08-01,0.122,CRO-USD,Cronos
2022-09-01,0.11,CRO-USD,Cronos
2022-10-01,0.115,CRO-USD,Cronos
2022-11-01,0.066,CRO-USD,Cronos
2022-12-01,0.056,CRO-USD,Cronos
2023-01-01,0.079,CRO-USD,Cronos
2023-02-01,0.078,CRO-USD,Cronos
2023-03-01,0.069,CRO-USD,Cronos
2023-04-01,0.073,CRO-USD,Cronos
2023-05-01,0.06,CRO-USD,Cronos
2023-06-01,0.056,CRO-USD,Cronos
2023-07-01,0.059,CRO-USD,Cronos
2023-08-01,0.05,CRO-USD,Cronos
2023-09-01,0.051,CRO-USD,Cronos
2023-10-01,0.062,CRO-USD,Cronos
2023-11-01,0.089,CRO-USD,Cronos
2023-12-01,0.099,CRO-USD,Cronos
2024-01-01,0.082,CRO-USD,Cronos
2024-02-01,0.109,CRO-USD,Cronos
2024-03-01,0.153,CRO-USD,Cronos
2024-04-01,0.134,CRO-USD,Cronos
2024-05-01,0.113,CRO-USD,Cronos
2024-06-01,0.092,CRO-USD,Cronos
2024-07-01,0.086,CRO-USD,Cronos
2024-08-01,0.081,CRO-USD,Cronos
2024-09-01,0.083,CRO-USD,Cronos
2024-10-01,0.073,CRO-USD,Cronos
2024-11-01,0.187,CRO-USD,Cronos
2024-12-01,0.141,CRO-USD,Cronos
2025-01-01,0.13,CRO-USD,Cronos
2025-02-01,0.074,CRO-USD,Cronos
2025-03-01,0.099,CRO-USD,Cronos
2025-04-01,0.088,CRO-USD,Cronos
2025-05-01,0.105,CRO-USD,Cronos
2025-06-01,0.082,CRO-USD,Cronos
2025-07-01,0.139,CRO-USD,Cronos
2025-08-01,0.293,CRO-USD,Cronos
2025-09-01,0.198,CRO-USD,Cronos
2025-10-01,0.146,CRO-USD,Cronos
2025-11-01,0.106,CRO-USD,Cronos
2025-12-01,0.091,CRO-USD,Cronos
2026-01-01,0.079,CRO-USD,Cronos
2026-02-01,0.076,CRO-USD,Cronos
2026-03-01,0.071,CRO-USD,Cronos
2026-04-01,0.068,CRO-USD,Cronos
2026-05-01,0.067,CRO-USD,Cronos
2026-06-01,0.054,CRO-USD,Cronos
2026-07-01,0.055,CRO-USD,Cronos
2020-02-01,1577.89,XAUT-USD,Tether Gold
2020-03-01,1626.854,XAUT-USD,Tether Gold
2020-04-01,1708.826,XAUT-USD,Tether Gold
2020-05-01,1726.351,XAUT-USD,Tether Gold
2020-06-01,1776.697,XAUT-USD,Tether Gold
2020-07-01,1955.217,XAUT-USD,Tether Gold
2020-08-01,1989.141,XAUT-USD,Tether Gold
2020-09-01,1880.657,XAUT-USD,Tether Gold
2020-10-01,1887.2,XAUT-USD,Tether Gold
2020-11-01,1785.125,XAUT-USD,Tether Gold
2020-12-01,1919.483,XAUT-USD,Tether Gold
2021-01-01,1854.083,XAUT-USD,Tether Gold
2021-02-01,1739.611,XAUT-USD,Tether Gold
2021-03-01,1709.21,XAUT-USD,Tether Gold
2021-04-01,1769.929,XAUT-USD,Tether Gold
2021-05-01,1906.472,XAUT-USD,Tether Gold
2021-06-01,1767.444,XAUT-USD,Tether Gold
2021-07-01,1814.783,XAUT-USD,Tether Gold
2021-08-01,1814.451,XAUT-USD,Tether Gold
2021-09-01,1755.101,XAUT-USD,Tether Gold
2021-10-01,1781.996,XAUT-USD,Tether Gold
2021-11-01,1803.468,XAUT-USD,Tether Gold
2021-12-01,1825.829,XAUT-USD,Tether Gold
2022-01-01,1803.341,XAUT-USD,Tether Gold
2022-02-01,1906.603,XAUT-USD,Tether Gold
2022-03-01,1936.049,XAUT-USD,Tether Gold
2022-04-01,1894.948,XAUT-USD,Tether Gold
2022-05-01,1843.118,XAUT-USD,Tether Gold
2022-06-01,1821.881,XAUT-USD,Tether Gold
2022-07-01,1753.766,XAUT-USD,Tether Gold
2022-08-01,1704.769,XAUT-USD,Tether Gold
2022-09-01,1660.824,XAUT-USD,Tether Gold
2022-10-01,1631.203,XAUT-USD,Tether Gold
2022-11-01,1750.081,XAUT-USD,Tether Gold
2022-12-01,1814.805,XAUT-USD,Tether Gold
2023-01-01,1916.68,XAUT-USD,Tether Gold
2023-02-01,1822.507,XAUT-USD,Tether Gold
2023-03-01,1978.331,XAUT-USD,Tether Gold
2023-04-01,1990.87,XAUT-USD,Tether Gold
2023-05-01,1962.86,XAUT-USD,Tether Gold
2023-06-01,1922.514,XAUT-USD,Tether Gold
2023-07-01,1967.011,XAUT-USD,Tether Gold
2023-08-01,1943.722,XAUT-USD,Tether Gold
2023-09-01,1854.965,XAUT-USD,Tether Gold
2023-10-01,1993.868,XAUT-USD,Tether Gold
2023-11-01,2042.541,XAUT-USD,Tether Gold
2023-12-01,2065.949,XAUT-USD,Tether Gold
2024-01-01,2035.49,XAUT-USD,Tether Gold
2024-02-01,2040.878,XAUT-USD,Tether Gold
2024-03-01,2244.591,XAUT-USD,Tether Gold
2024-04-01,2293.983,XAUT-USD,Tether Gold
2024-05-01,2329.304,XAUT-USD,Tether Gold
2024-06-01,2327.489,XAUT-USD,Tether Gold
2024-07-01,2446.494,XAUT-USD,Tether Gold
2024-08-01,2504.189,XAUT-USD,Tether Gold
2024-09-01,2632.286,XAUT-USD,Tether Gold
2024-10-01,2748.028,XAUT-USD,Tether Gold
2024-11-01,2655.226,XAUT-USD,Tether Gold
2024-12-01,2622.176,XAUT-USD,Tether Gold
2025-01-01,2797.372,XAUT-USD,Tether Gold
2025-02-01,2856.316,XAUT-USD,Tether Gold
2025-03-01,3168.58,XAUT-USD,Tether Gold
2025-04-01,3280.658,XAUT-USD,Tether Gold
2025-05-01,3289.12,XAUT-USD,Tether Gold
2025-06-01,3312.151,XAUT-USD,Tether Gold
2025-07-01,3294.021,XAUT-USD,Tether Gold
2025-08-01,3457.418,XAUT-USD,Tether Gold
2025-09-01,3864.647,XAUT-USD,Tether Gold
2025-10-01,3998.33,XAUT-USD,Tether Gold
2025-11-01,4220.601,XAUT-USD,Tether Gold
2025-12-01,4323.823,XAUT-USD,Tether Gold
2026-01-01,4803.951,XAUT-USD,Tether Gold
2026-02-01,5304.055,XAUT-USD,Tether Gold
2026-03-01,4666.734,XAUT-USD,Tether Gold
2026-04-01,4616.266,XAUT-USD,Tether Gold
2026-05-01,4518.743,XAUT-USD,Tether Gold
2026-06-01,3996.262,XAUT-USD,Tether Gold
2026-07-01,4028.894,XAUT-USD,Tether Gold
2020-10-01,0.634,NEAR-USD,NEAR Protocol
2020-11-01,1.076,NEAR-USD,NEAR Protocol
2020-12-01,1.394,NEAR-USD,NEAR Protocol
2021-01-01,2.145,NEAR-USD,NEAR Protocol
2021-02-01,3.808,NEAR-USD,NEAR Protocol
2021-03-01,5.996,NEAR-USD,NEAR Protocol
2021-04-01,5.557,NEAR-USD,NEAR Protocol
2021-05-01,3.371,NEAR-USD,NEAR Protocol
2021-06-01,2.087,NEAR-USD,NEAR Protocol
2021-07-01,2.4,NEAR-USD,NEAR Protocol
2021-08-01,5.288,NEAR-USD,NEAR Protocol
2021-09-01,6.919,NEAR-USD,NEAR Protocol
2021-10-01,10.161,NEAR-USD,NEAR Protocol
2021-11-01,8.763,NEAR-USD,NEAR Protocol
2021-12-01,14.606,NEAR-USD,NEAR Protocol
2022-01-01,11.123,NEAR-USD,NEAR Protocol
2022-02-01,9.73,NEAR-USD,NEAR Protocol
2022-03-01,13.271,NEAR-USD,NEAR Protocol
2022-04-01,10.338,NEAR-USD,NEAR Protocol
2022-05-01,5.939,NEAR-USD,NEAR Protocol
2022-06-01,3.332,NEAR-USD,NEAR Protocol
2022-07-01,4.237,NEAR-USD,NEAR Protocol
2022-08-01,4.37,NEAR-USD,NEAR Protocol
2022-09-01,3.558,NEAR-USD,NEAR Protocol
2022-10-01,3.107,NEAR-USD,NEAR Protocol
2022-11-01,1.721,NEAR-USD,NEAR Protocol
2022-12-01,1.255,NEAR-USD,NEAR Protocol
2023-01-01,2.332,NEAR-USD,NEAR Protocol
2023-02-01,2.229,NEAR-USD,NEAR Protocol
2023-03-01,1.992,NEAR-USD,NEAR Protocol
2023-04-01,1.937,NEAR-USD,NEAR Protocol
2023-05-01,1.566,NEAR-USD,NEAR Protocol
2023-06-01,1.384,NEAR-USD,NEAR Protocol
2023-07-01,1.37,NEAR-USD,NEAR Protocol
2023-08-01,1.155,NEAR-USD,NEAR Protocol
2023-09-01,1.134,NEAR-USD,NEAR Protocol
2023-10-01,1.334,NEAR-USD,NEAR Protocol
2023-11-01,1.881,NEAR-USD,NEAR Protocol
2023-12-01,3.653,NEAR-USD,NEAR Protocol
2024-01-01,2.822,NEAR-USD,NEAR Protocol
2024-02-01,3.87,NEAR-USD,NEAR Protocol
2024-03-01,7.303,NEAR-USD,NEAR Protocol
2024-04-01,6.182,NEAR-USD,NEAR Protocol
2024-05-01,7.249,NEAR-USD,NEAR Protocol
2024-06-01,5.302,NEAR-USD,NEAR Protocol
2024-07-01,4.994,NEAR-USD,NEAR Protocol
2024-08-01,4.035,NEAR-USD,NEAR Protocol
2024-09-01,5.293,NEAR-USD,NEAR Protocol
2024-10-01,4.05,NEAR-USD,NEAR Protocol
2024-11-01,7.006,NEAR-USD,NEAR Protocol
2024-12-01,4.903,NEAR-USD,NEAR Protocol
2025-01-01,4.618,NEAR-USD,NEAR Protocol
2025-02-01,3.066,NEAR-USD,NEAR Protocol
2025-03-01,2.513,NEAR-USD,NEAR Protocol
2025-04-01,2.463,NEAR-USD,NEAR Protocol
2025-05-01,2.421,NEAR-USD,NEAR Protocol
2025-06-01,2.148,NEAR-USD,NEAR Protocol
2025-07-01,2.54,NEAR-USD,NEAR Protocol
2025-08-01,2.367,NEAR-USD,NEAR Protocol
2025-09-01,2.631,NEAR-USD,NEAR Protocol
2025-10-01,2.099,NEAR-USD,NEAR Protocol
2025-11-01,1.808,NEAR-USD,NEAR Protocol
2025-12-01,1.512,NEAR-USD,NEAR Protocol
2026-01-01,1.205,NEAR-USD,NEAR Protocol
2026-02-01,1.167,NEAR-USD,NEAR Protocol
2026-03-01,1.187,NEAR-USD,NEAR Protocol
2026-04-01,1.296,NEAR-USD,NEAR Protocol
2026-05-01,2.323,NEAR-USD,NEAR Protocol
2026-06-01,1.779,NEAR-USD,NEAR Protocol
2026-07-01,1.824,NEAR-USD,NEAR Protocol
2020-06-01,0.373,BUIDL-USD,BlackRock USD Institutional Digital Liquidity Fund
2020-07-01,2.566,BUIDL-USD,BlackRock USD Institutional Digital Liquidity Fund
2020-08-01,3.841,BUIDL-USD,BlackRock USD Institutional Digital Liquidity Fund
2020-09-01,1.235,BUIDL-USD,BlackRock USD Institutional Digital Liquidity Fund
2020-10-01,0.525,BUIDL-USD,BlackRock USD Institutional Digital Liquidity Fund
2020-11-01,0.814,BUIDL-USD,BlackRock USD Institutional Digital Liquidity Fund
2020-12-01,0.779,BUIDL-USD,BlackRock USD Institutional Digital Liquidity Fund
2021-01-01,1.175,BUIDL-USD,BlackRock USD Institutional Digital Liquidity Fund
2021-02-01,4.609,BUIDL-USD,BlackRock USD Institutional Digital Liquidity Fund
2021-03-01,5.396,BUIDL-USD,BlackRock USD Institutional Digital Liquidity Fund
2021-04-01,15.249,BUIDL-USD,BlackRock USD Institutional Digital Liquidity Fund
2021-05-01,6.439,BUIDL-USD,BlackRock USD Institutional Digital Liquidity Fund
2021-06-01,6.077,BUIDL-USD,BlackRock USD Institutional Digital Liquidity Fund
2021-07-01,1.439,BUIDL-USD,BlackRock USD Institutional Digital Liquidity Fund
2021-08-01,1.66,BUIDL-USD,BlackRock USD Institutional Digital Liquidity Fund
2021-09-01,1.092,BUIDL-USD,BlackRock USD Institutional Digital Liquidity Fund
2021-10-01,1.659,BUIDL-USD,BlackRock USD Institutional Digital Liquidity Fund
2021-11-01,3.36,BUIDL-USD,BlackRock USD Institutional Digital Liquidity Fund
2021-12-01,2.603,BUIDL-USD,BlackRock USD Institutional Digital Liquidity Fund
2022-01-01,1.38,BUIDL-USD,BlackRock USD Institutional Digital Liquidity Fund
2022-02-01,0.933,BUIDL-USD,BlackRock USD Institutional Digital Liquidity Fund
2022-03-01,0.73,BUIDL-USD,BlackRock USD Institutional Digital Liquidity Fund
2022-04-01,0.634,BUIDL-USD,BlackRock USD Institutional Digital Liquidity Fund
2022-05-01,0.582,BUIDL-USD,BlackRock USD Institutional Digital Liquidity Fund
2022-06-01,0.424,BUIDL-USD,BlackRock USD Institutional Digital Liquidity Fund
2022-07-01,0.529,BUIDL-USD,BlackRock USD Institutional Digital Liquidity Fund
2022-08-01,0.707,BUIDL-USD,BlackRock USD Institutional Digital Liquidity Fund
2023-09-18,0.822,USDY-USD,Ondo US Dollar Yield
2024-09-01,0.0,WLFI-USD,World Liberty Financial
2024-10-01,0.0,WLFI-USD,World Liberty Financial
2024-11-01,0.0,WLFI-USD,World Liberty Financial
2024-12-01,0.0,WLFI-USD,World Liberty Financial
2025-01-01,0.0,WLFI-USD,World Liberty Financial
2025-02-01,0.0,WLFI-USD,World Liberty Financial
2025-03-01,0.0,WLFI-USD,World Liberty Financial
2025-04-01,0.0,WLFI-USD,World Liberty Financial
2025-05-01,0.0,WLFI-USD,World Liberty Financial
2025-06-01,0.0,WLFI-USD,World Liberty Financial
2025-07-01,0.0,WLFI-USD,World Liberty Financial
2025-08-01,0.0,WLFI-USD,World Liberty Financial
2025-09-01,0.0,WLFI-USD,World Liberty Financial
2025-10-01,0.0,WLFI-USD,World Liberty Financial
2025-11-01,0.0,WLFI-USD,World Liberty Financial
2025-12-01,0.0,WLFI-USD,World Liberty Financial
2026-01-01,0.0,WLFI-USD,World Liberty Financial
2026-02-01,0.0,WLFI-USD,World Liberty Financial
2026-03-01,0.0,WLFI-USD,World Liberty Financial
2026-04-01,0.0,WLFI-USD,World Liberty Financial
2026-07-01,0.0,WLFI-USD,World Liberty Financial
2019-09-01,1513.878,PAXG-USD,PAX Gold
2019-10-01,1493.362,PAXG-USD,PAX Gold
2019-11-01,1467.611,PAXG-USD,PAX Gold
2019-12-01,1532.916,PAXG-USD,PAX Gold
2020-01-01,1596.104,PAXG-USD,PAX Gold
2020-02-01,1621.633,PAXG-USD,PAX Gold
2020-03-01,1644.365,PAXG-USD,PAX Gold
2020-04-01,1697.923,PAXG-USD,PAX Gold
2020-05-01,1749.81,PAXG-USD,PAX Gold
2020-06-01,1790.047,PAXG-USD,PAX Gold
2020-07-01,1986.944,PAXG-USD,PAX Gold
2020-08-01,1969.627,PAXG-USD,PAX Gold
2020-09-01,1880.542,PAXG-USD,PAX Gold
2020-10-01,1898.778,PAXG-USD,PAX Gold
2020-11-01,1788.481,PAXG-USD,PAX Gold
2020-12-01,1930.473,PAXG-USD,PAX Gold
2021-01-01,1873.112,PAXG-USD,PAX Gold
2021-02-01,1747.423,PAXG-USD,PAX Gold
2021-03-01,1716.323,PAXG-USD,PAX Gold
2021-04-01,1785.073,PAXG-USD,PAX Gold
2021-05-01,1919.002,PAXG-USD,PAX Gold
2021-06-01,1777.65,PAXG-USD,PAX Gold
2021-07-01,1820.982,PAXG-USD,PAX Gold
2021-08-01,1816.963,PAXG-USD,PAX Gold
2021-09-01,1762.339,PAXG-USD,PAX Gold
2021-10-01,1779.962,PAXG-USD,PAX Gold
2021-11-01,1776.724,PAXG-USD,PAX Gold
2021-12-01,1833.609,PAXG-USD,PAX Gold
2022-01-01,1806.45,PAXG-USD,PAX Gold
2022-02-01,1896.833,PAXG-USD,PAX Gold
2022-03-01,1934.364,PAXG-USD,PAX Gold
2022-04-01,1901.596,PAXG-USD,PAX Gold
2022-05-01,1838.106,PAXG-USD,PAX Gold
2022-06-01,1814.808,PAXG-USD,PAX Gold
2022-07-01,1762.634,PAXG-USD,PAX Gold
2022-08-01,1704.783,PAXG-USD,PAX Gold
2022-09-01,1655.732,PAXG-USD,PAX Gold
2022-10-01,1627.892,PAXG-USD,PAX Gold
2022-11-01,1762.913,PAXG-USD,PAX Gold
2022-12-01,1819.547,PAXG-USD,PAX Gold
2023-01-01,1900.024,PAXG-USD,PAX Gold
2023-02-01,1808.871,PAXG-USD,PAX Gold
2023-03-01,1978.317,PAXG-USD,PAX Gold
2023-04-01,2000.938,PAXG-USD,PAX Gold
2023-05-01,1969.739,PAXG-USD,PAX Gold
2023-06-01,1901.829,PAXG-USD,PAX Gold
2023-07-01,1954.409,PAXG-USD,PAX Gold
2023-08-01,1918.421,PAXG-USD,PAX Gold
2023-09-01,1870.108,PAXG-USD,PAX Gold
2023-10-01,1969.421,PAXG-USD,PAX Gold
2023-11-01,2021.532,PAXG-USD,PAX Gold
2023-12-01,2026.456,PAXG-USD,PAX Gold
2024-01-01,2019.105,PAXG-USD,PAX Gold
2024-02-01,1995.535,PAXG-USD,PAX Gold
2024-03-01,2220.931,PAXG-USD,PAX Gold
2024-04-01,2299.806,PAXG-USD,PAX Gold
2024-05-01,2330.932,PAXG-USD,PAX Gold
2024-06-01,2308.783,PAXG-USD,PAX Gold
2024-07-01,2430.603,PAXG-USD,PAX Gold
2024-08-01,2496.409,PAXG-USD,PAX Gold
2024-09-01,2635.932,PAXG-USD,PAX Gold
2024-10-01,2750.898,PAXG-USD,PAX Gold
2024-11-01,2639.065,PAXG-USD,PAX Gold
2024-12-01,2627.803,PAXG-USD,PAX Gold
2025-01-01,2803.65,PAXG-USD,PAX Gold
2025-02-01,2859.842,PAXG-USD,PAX Gold
2025-03-01,3147.985,PAXG-USD,PAX Gold
2025-04-01,3284.044,PAXG-USD,PAX Gold
2025-05-01,3299.066,PAXG-USD,PAX Gold
2025-06-01,3320.522,PAXG-USD,PAX Gold
2025-07-01,3294.707,PAXG-USD,PAX Gold
2025-08-01,3462.174,PAXG-USD,PAX Gold
2025-09-01,3875.141,PAXG-USD,PAX Gold
2025-10-01,3998.997,PAXG-USD,PAX Gold
2025-11-01,4240.223,PAXG-USD,PAX Gold
2025-12-01,4330.378,PAXG-USD,PAX Gold
2026-01-01,4834.162,PAXG-USD,PAX Gold
2026-02-01,5372.896,PAXG-USD,PAX Gold
2026-03-01,4683.306,PAXG-USD,PAX Gold
2026-04-01,4618.77,PAXG-USD,PAX Gold
2026-05-01,4530.793,PAXG-USD,PAX Gold
2026-06-01,3999.095,PAXG-USD,PAX Gold
2026-07-01,4027.27,PAXG-USD,PAX Gold
2019-10-01,0.012,UNI-USD,Uniswap
2019-11-01,0.004,UNI-USD,Uniswap
2019-12-01,0.003,UNI-USD,Uniswap
2020-01-01,0.004,UNI-USD,Uniswap
2020-02-01,0.001,UNI-USD,Uniswap
2020-03-01,0.0,UNI-USD,Uniswap
2020-04-01,0.0,UNI-USD,Uniswap
2020-05-01,0.0,UNI-USD,Uniswap
2020-06-01,0.0,UNI-USD,Uniswap
2020-07-01,0.0,UNI-USD,Uniswap
2020-08-01,0.0,UNI-USD,Uniswap
2020-09-01,0.0,UNI-USD,Uniswap
2020-10-01,0.0,UNI-USD,Uniswap
2020-11-01,0.0,UNI-USD,Uniswap
2020-12-01,0.0,UNI-USD,Uniswap
2021-01-01,0.0,UNI-USD,Uniswap
2021-02-01,0.0,UNI-USD,Uniswap
2021-03-01,0.001,UNI-USD,Uniswap
2021-04-01,0.001,UNI-USD,Uniswap
2021-05-01,0.001,UNI-USD,Uniswap
2021-06-01,0.0,UNI-USD,Uniswap
2021-07-01,0.001,UNI-USD,Uniswap
2021-08-01,0.0,UNI-USD,Uniswap
2021-09-01,0.0,UNI-USD,Uniswap
2021-10-01,0.0,UNI-USD,Uniswap
2021-11-01,0.0,UNI-USD,Uniswap
2021-12-01,0.0,UNI-USD,Uniswap
2022-01-01,0.0,UNI-USD,Uniswap
2022-02-01,0.0,UNI-USD,Uniswap
2022-03-01,0.0,UNI-USD,Uniswap
2022-04-01,0.0,UNI-USD,Uniswap
2022-05-01,0.0,UNI-USD,Uniswap
2022-06-01,0.0,UNI-USD,Uniswap
2022-07-01,0.0,UNI-USD,Uniswap
2022-08-01,0.0,UNI-USD,Uniswap
2022-09-01,0.0,UNI-USD,Uniswap
2022-10-01,0.001,UNI-USD,Uniswap
2022-11-01,0.0,UNI-USD,Uniswap
2022-12-01,0.0,UNI-USD,Uniswap
2023-01-01,0.0,UNI-USD,Uniswap
2023-02-01,0.001,UNI-USD,Uniswap
2023-03-01,0.001,UNI-USD,Uniswap
2023-04-01,0.0,UNI-USD,Uniswap
2023-05-01,0.0,UNI-USD,Uniswap
2023-06-01,0.0,UNI-USD,Uniswap
2023-07-01,0.001,UNI-USD,Uniswap
2023-08-01,0.0,UNI-USD,Uniswap
2023-09-01,0.0,UNI-USD,Uniswap
2023-10-01,0.0,UNI-USD,Uniswap
2023-11-01,0.001,UNI-USD,Uniswap
2023-12-01,0.0,UNI-USD,Uniswap
2024-01-01,0.0,UNI-USD,Uniswap
2024-02-01,0.0,UNI-USD,Uniswap
2024-03-01,0.0,UNI-USD,Uniswap
2024-04-01,0.0,UNI-USD,Uniswap
2024-05-01,0.0,UNI-USD,Uniswap
2024-06-01,0.0,UNI-USD,Uniswap
2024-07-01,0.0,UNI-USD,Uniswap
2024-08-01,0.0,UNI-USD,Uniswap
2024-09-01,0.0,UNI-USD,Uniswap
2024-10-01,0.0,UNI-USD,Uniswap
2024-11-01,0.0,UNI-USD,Uniswap
2024-12-01,0.0,UNI-USD,Uniswap
2025-01-01,0.0,UNI-USD,Uniswap
2025-02-01,0.0,UNI-USD,Uniswap
2025-03-01,0.0,UNI-USD,Uniswap
2025-04-01,0.0,UNI-USD,Uniswap
2019-04-01,1.6,OKB-USD,OKB
2019-05-01,1.507,OKB-USD,OKB
2019-06-01,1.808,OKB-USD,OKB
2019-07-01,2.694,OKB-USD,OKB
2019-08-01,2.469,OKB-USD,OKB
2019-09-01,2.111,OKB-USD,OKB
2019-10-01,2.973,OKB-USD,OKB
2019-11-01,2.434,OKB-USD,OKB
2019-12-01,2.616,OKB-USD,OKB
2020-01-01,3.182,OKB-USD,OKB
2020-02-01,5.86,OKB-USD,OKB
2020-03-01,4.321,OKB-USD,OKB
2020-04-01,5.342,OKB-USD,OKB
2020-05-01,5.177,OKB-USD,OKB
2020-06-01,5.056,OKB-USD,OKB
2020-07-01,5.855,OKB-USD,OKB
2020-08-01,5.646,OKB-USD,OKB
2020-09-01,6.15,OKB-USD,OKB
2020-10-01,4.473,OKB-USD,OKB
2020-11-01,5.511,OKB-USD,OKB
2020-12-01,7.779,OKB-USD,OKB
2021-01-01,5.737,OKB-USD,OKB
2021-02-01,15.673,OKB-USD,OKB
2021-03-01,16.944,OKB-USD,OKB
2021-04-01,21.261,OKB-USD,OKB
2021-05-01,13.686,OKB-USD,OKB
2021-06-01,10.934,OKB-USD,OKB
2021-07-01,19.442,OKB-USD,OKB
2021-08-01,20.423,OKB-USD,OKB
2021-09-01,15.862,OKB-USD,OKB
2021-10-01,21.581,OKB-USD,OKB
2021-11-01,24.256,OKB-USD,OKB
2021-12-01,28.816,OKB-USD,OKB
2022-01-01,21.612,OKB-USD,OKB
2022-02-01,18.075,OKB-USD,OKB
2022-03-01,20.908,OKB-USD,OKB
2022-04-01,17.797,OKB-USD,OKB
2022-05-01,12.227,OKB-USD,OKB
2022-06-01,12.231,OKB-USD,OKB
2022-07-01,18.281,OKB-USD,OKB
2022-08-01,15.313,OKB-USD,OKB
2022-09-01,16.05,OKB-USD,OKB
2022-10-01,17.194,OKB-USD,OKB
2022-11-01,21.487,OKB-USD,OKB
2022-12-01,26.005,OKB-USD,OKB
2023-01-01,37.624,OKB-USD,OKB
2023-02-01,51.723,OKB-USD,OKB
2023-03-01,42.01,OKB-USD,OKB
2023-04-01,47.079,OKB-USD,OKB
2023-05-01,45.835,OKB-USD,OKB
2023-06-01,44.58,OKB-USD,OKB
2023-07-01,42.628,OKB-USD,OKB
2023-08-01,42.853,OKB-USD,OKB
2023-09-01,42.754,OKB-USD,OKB
2023-10-01,45.048,OKB-USD,OKB
2023-11-01,56.341,OKB-USD,OKB
2023-12-01,54.801,OKB-USD,OKB
2024-01-01,49.123,OKB-USD,OKB
2024-02-01,51.86,OKB-USD,OKB
2024-03-01,63.531,OKB-USD,OKB
2024-04-01,51.013,OKB-USD,OKB
2024-05-01,46.961,OKB-USD,OKB
2024-06-01,42.856,OKB-USD,OKB
2024-07-01,39.362,OKB-USD,OKB
2024-08-01,36.999,OKB-USD,OKB
2024-09-01,41.391,OKB-USD,OKB
2024-10-01,38.249,OKB-USD,OKB
2024-11-01,53.979,OKB-USD,OKB
2024-12-01,49.073,OKB-USD,OKB
2025-01-01,52.838,OKB-USD,OKB
2025-02-01,45.063,OKB-USD,OKB
2025-03-01,47.944,OKB-USD,OKB
2025-04-01,51.162,OKB-USD,OKB
2025-05-01,50.555,OKB-USD,OKB
2025-06-01,49.922,OKB-USD,OKB
2025-07-01,46.974,OKB-USD,OKB
2025-08-01,173.731,OKB-USD,OKB
2025-09-01,188.812,OKB-USD,OKB
2025-10-01,142.915,OKB-USD,OKB
2025-11-01,105.171,OKB-USD,OKB
2025-12-01,109.543,OKB-USD,OKB
2026-01-01,90.639,OKB-USD,OKB
2026-02-01,76.857,OKB-USD,OKB
2026-03-01,83.946,OKB-USD,OKB
2026-04-01,82.396,OKB-USD,OKB
2026-05-01,92.764,OKB-USD,OKB
2026-06-01,78.816,OKB-USD,OKB
2026-07-01,79.956,OKB-USD,OKB
2025-01-01,1.067,ASTER-USD,Aster
2025-02-01,0.445,ASTER-USD,Aster
2025-03-01,0.236,ASTER-USD,Aster
2025-04-01,0.013,ASTER-USD,Aster
2025-05-01,0.011,ASTER-USD,Aster
2025-06-01,0.008,ASTER-USD,Aster
2025-07-01,0.002,ASTER-USD,Aster
2025-08-01,0.001,ASTER-USD,Aster
2025-09-01,0.001,ASTER-USD,Aster
2025-10-01,0.001,ASTER-USD,Aster
2024-01-01,0.215,ONDO-USD,Ondo
2024-02-01,0.43,ONDO-USD,Ondo
2024-03-01,0.979,ONDO-USD,Ondo
2024-04-01,0.745,ONDO-USD,Ondo
2024-05-01,1.242,ONDO-USD,Ondo
2024-06-01,1.201,ONDO-USD,Ondo
2024-07-01,0.928,ONDO-USD,Ondo
2024-08-01,0.631,ONDO-USD,Ondo
2024-09-01,0.751,ONDO-USD,Ondo
2024-10-01,0.692,ONDO-USD,Ondo
2024-11-01,1.231,ONDO-USD,Ondo
2024-12-01,1.345,ONDO-USD,Ondo
2025-01-01,1.486,ONDO-USD,Ondo
2025-02-01,0.99,ONDO-USD,Ondo
2025-03-01,0.779,ONDO-USD,Ondo
2025-04-01,0.908,ONDO-USD,Ondo
2025-05-01,0.832,ONDO-USD,Ondo
2025-06-01,0.769,ONDO-USD,Ondo
2025-07-01,0.92,ONDO-USD,Ondo
2025-08-01,0.897,ONDO-USD,Ondo
2025-09-01,0.884,ONDO-USD,Ondo
2025-10-01,0.687,ONDO-USD,Ondo
2025-11-01,0.506,ONDO-USD,Ondo
2025-12-01,0.359,ONDO-USD,Ondo
2026-01-01,0.287,ONDO-USD,Ondo
2026-02-01,0.261,ONDO-USD,Ondo
2026-03-01,0.272,ONDO-USD,Ondo
2026-04-01,0.262,ONDO-USD,Ondo
2026-05-01,0.363,ONDO-USD,Ondo
2026-06-01,0.308,ONDO-USD,Ondo
2026-07-01,0.318,ONDO-USD,Ondo
2022-06-01,0.015,M-USD,MemeCore
2022-07-01,0.008,M-USD,MemeCore
2022-08-01,0.005,M-USD,MemeCore
2022-09-01,0.002,M-USD,MemeCore
2022-10-01,0.001,M-USD,MemeCore
2022-11-01,0.004,M-USD,MemeCore
2022-12-01,0.002,M-USD,MemeCore
2023-01-01,0.002,M-USD,MemeCore
2023-02-01,0.002,M-USD,MemeCore
2023-03-01,0.001,M-USD,MemeCore
2023-04-01,0.008,M-USD,MemeCore
2023-05-01,0.006,M-USD,MemeCore
2023-06-01,0.004,M-USD,MemeCore
2023-07-01,0.004,M-USD,MemeCore
2023-08-01,0.003,M-USD,MemeCore
2023-09-01,0.002,M-USD,MemeCore
2023-10-01,0.003,M-USD,MemeCore
2023-11-01,0.007,M-USD,MemeCore
2023-12-01,0.003,M-USD,MemeCore
2024-01-01,0.004,M-USD,MemeCore
2024-02-01,0.004,M-USD,MemeCore
2024-03-01,0.004,M-USD,MemeCore
2024-04-01,0.002,M-USD,MemeCore
2024-05-01,0.001,M-USD,MemeCore
2024-06-01,0.001,M-USD,MemeCore
2024-07-01,0.001,M-USD,MemeCore
2024-08-01,0.0,M-USD,MemeCore
2024-09-01,0.0,M-USD,MemeCore
2024-10-01,0.0,M-USD,MemeCore
2024-11-01,0.0,M-USD,MemeCore
2024-12-01,0.001,M-USD,MemeCore
2025-01-01,0.001,M-USD,MemeCore
2025-02-01,0.001,M-USD,MemeCore
2025-03-01,0.001,M-USD,MemeCore
2025-04-01,0.0,M-USD,MemeCore
2025-05-01,0.0,M-USD,MemeCore
2025-06-01,0.001,M-USD,MemeCore
2025-07-01,0.001,M-USD,MemeCore
2025-08-01,0.0,M-USD,MemeCore
2025-09-01,0.001,M-USD,MemeCore
2025-10-01,0.001,M-USD,MemeCore
2025-11-01,0.001,M-USD,MemeCore
2025-12-01,0.0,M-USD,MemeCore
2026-01-01,0.0,M-USD,MemeCore
2026-02-01,0.0,M-USD,MemeCore
2026-03-01,0.0,M-USD,MemeCore
2026-04-01,0.0,M-USD,MemeCore
2026-05-01,0.0,M-USD,MemeCore
2026-06-01,0.0,M-USD,MemeCore
2026-07-01,0.0,M-USD,MemeCore
2024-01-01,0.0,HTX-USD,HTX DAO
2024-02-01,0.0,HTX-USD,HTX DAO
2024-03-01,0.0,HTX-USD,HTX DAO
2024-04-01,0.0,HTX-USD,HTX DAO
2024-05-01,0.0,HTX-USD,HTX DAO
2024-06-01,0.0,HTX-USD,HTX DAO
2024-07-01,0.0,HTX-USD,HTX DAO
2024-08-01,0.0,HTX-USD,HTX DAO
2024-09-01,0.0,HTX-USD,HTX DAO
2024-10-01,0.0,HTX-USD,HTX DAO
2024-11-01,0.0,HTX-USD,HTX DAO
2024-12-01,0.0,HTX-USD,HTX DAO
2025-01-01,0.0,HTX-USD,HTX DAO
2025-02-01,0.0,HTX-USD,HTX DAO
2025-03-01,0.0,HTX-USD,HTX DAO
2025-04-01,0.0,HTX-USD,HTX DAO
2025-05-01,0.0,HTX-USD,HTX DAO
2025-06-01,0.0,HTX-USD,HTX DAO
2025-07-01,0.0,HTX-USD,HTX DAO
2025-08-01,0.0,HTX-USD,HTX DAO
2025-09-01,0.0,HTX-USD,HTX DAO
2025-10-01,0.0,HTX-USD,HTX DAO
2025-11-01,0.0,HTX-USD,HTX DAO
2025-12-01,0.0,HTX-USD,HTX DAO
2026-01-01,0.0,HTX-USD,HTX DAO
2026-02-01,0.0,HTX-USD,HTX DAO
2026-03-01,0.0,HTX-USD,HTX DAO
2026-04-01,0.0,HTX-USD,HTX DAO
2026-05-01,0.0,HTX-USD,HTX DAO
2026-06-01,0.0,HTX-USD,HTX DAO
2026-07-01,0.0,HTX-USD,HTX DAO
2024-12-01,1.0,RLUSD-USD,Ripple USD
2025-01-01,1.0,RLUSD-USD,Ripple USD
2025-02-01,1.0,RLUSD-USD,Ripple USD
2025-03-01,1.0,RLUSD-USD,Ripple USD
2025-04-01,1.0,RLUSD-USD,Ripple USD
2025-05-01,1.0,RLUSD-USD,Ripple USD
2025-06-01,1.0,RLUSD-USD,Ripple USD
2025-07-01,1.0,RLUSD-USD,Ripple USD
2025-08-01,1.0,RLUSD-USD,Ripple USD
2025-09-01,1.0,RLUSD-USD,Ripple USD
2025-10-01,0.999,RLUSD-USD,Ripple USD
2025-11-01,1.0,RLUSD-USD,Ripple USD
2025-12-01,1.0,RLUSD-USD,Ripple USD
2026-01-01,1.0,RLUSD-USD,Ripple USD
2026-02-01,1.0,RLUSD-USD,Ripple USD
2026-03-01,1.0,RLUSD-USD,Ripple USD
2026-04-01,1.0,RLUSD-USD,Ripple USD
2026-05-01,1.0,RLUSD-USD,Ripple USD
2026-06-01,1.0,RLUSD-USD,Ripple USD
2026-07-01,1.0,RLUSD-USD,Ripple USD
2020-09-01,1.0,USDF-USD,Falcon USD
2020-10-01,0.998,USDF-USD,Falcon USD
2020-11-01,1.0,USDF-USD,Falcon USD
2020-12-01,1.001,USDF-USD,Falcon USD
2021-01-01,0.998,USDF-USD,Falcon USD
2021-02-01,1.0,USDF-USD,Falcon USD
2021-03-01,1.003,USDF-USD,Falcon USD
2021-04-01,1.001,USDF-USD,Falcon USD
2021-05-01,1.0,USDF-USD,Falcon USD
2021-06-01,1.001,USDF-USD,Falcon USD
2021-07-01,0.997,USDF-USD,Falcon USD
2021-08-01,1.0,USDF-USD,Falcon USD
2021-09-01,1.001,USDF-USD,Falcon USD
2021-10-01,0.998,USDF-USD,Falcon USD
2021-11-01,1.0,USDF-USD,Falcon USD
2021-12-01,0.999,USDF-USD,Falcon USD
2022-01-01,1.001,USDF-USD,Falcon USD
2022-02-01,1.003,USDF-USD,Falcon USD
2022-03-01,1.001,USDF-USD,Falcon USD
2022-04-01,1.005,USDF-USD,Falcon USD
2022-05-01,0.995,USDF-USD,Falcon USD
2022-06-01,1.03,USDF-USD,Falcon USD
2022-07-01,0.996,USDF-USD,Falcon USD
2022-08-01,1.005,USDF-USD,Falcon USD
2022-09-01,1.0,USDF-USD,Falcon USD
2022-10-01,1.0,USDF-USD,Falcon USD
2022-11-01,0.999,USDF-USD,Falcon USD
2022-12-01,0.999,USDF-USD,Falcon USD
2023-01-01,0.999,USDF-USD,Falcon USD
2023-02-01,1.0,USDF-USD,Falcon USD
2023-03-01,1.001,USDF-USD,Falcon USD
2023-04-01,1.0,USDF-USD,Falcon USD
2023-05-01,1.0,USDF-USD,Falcon USD
2023-06-01,1.001,USDF-USD,Falcon USD
2023-07-01,1.001,USDF-USD,Falcon USD
2023-08-01,1.0,USDF-USD,Falcon USD
2023-09-01,1.0,USDF-USD,Falcon USD
2023-10-01,1.001,USDF-USD,Falcon USD
2023-11-01,1.0,USDF-USD,Falcon USD
2023-12-01,1.077,USDF-USD,Falcon USD
2024-01-01,0.99,USDF-USD,Falcon USD
2024-02-01,1.325,USDF-USD,Falcon USD
2024-03-01,2.105,USDF-USD,Falcon USD
2024-04-01,1.624,USDF-USD,Falcon USD
2024-05-01,1.854,USDF-USD,Falcon USD
2024-06-01,1.497,USDF-USD,Falcon USD
2024-07-01,1.519,USDF-USD,Falcon USD
2024-08-01,1.318,USDF-USD,Falcon USD
2024-09-01,1.489,USDF-USD,Falcon USD
2024-10-01,1.565,USDF-USD,Falcon USD
2024-11-01,2.251,USDF-USD,Falcon USD
2024-12-01,1.899,USDF-USD,Falcon USD
2025-01-01,2.142,USDF-USD,Falcon USD
2025-02-01,2.142,USDF-USD,Falcon USD
2025-03-01,2.142,USDF-USD,Falcon USD
2025-04-01,2.142,USDF-USD,Falcon USD
2025-05-01,2.142,USDF-USD,Falcon USD
2025-06-01,2.142,USDF-USD,Falcon USD
2025-07-01,2.142,USDF-USD,Falcon USD
2025-08-01,2.142,USDF-USD,Falcon USD
2025-09-01,2.142,USDF-USD,Falcon USD
2025-10-01,2.142,USDF-USD,Falcon USD
2025-11-01,2.142,USDF-USD,Falcon USD
2025-12-01,2.142,USDF-USD,Falcon USD
2026-01-01,2.142,USDF-USD,Falcon USD
2026-02-01,2.142,USDF-USD,Falcon USD
2026-03-01,2.142,USDF-USD,Falcon USD
2026-04-01,2.142,USDF-USD,Falcon USD
2026-05-01,2.142,USDF-USD,Falcon USD
2026-06-01,2.142,USDF-USD,Falcon USD
2026-07-01,2.142,USDF-USD,Falcon USD
2020-08-01,6.3,DOT-USD,Polkadot
2020-09-01,4.35,DOT-USD,Polkadot
2020-10-01,4.182,DOT-USD,Polkadot
2020-11-01,5.376,DOT-USD,Polkadot
2020-12-01,9.293,DOT-USD,Polkadot
2021-01-01,16.121,DOT-USD,Polkadot
2021-02-01,33.607,DOT-USD,Polkadot
2021-03-01,37.027,DOT-USD,Polkadot
2021-04-01,36.541,DOT-USD,Polkadot
2021-05-01,23.431,DOT-USD,Polkadot
2021-06-01,16.402,DOT-USD,Polkadot
2021-07-01,16.847,DOT-USD,Polkadot
2021-08-01,31.47,DOT-USD,Polkadot
2021-09-01,28.581,DOT-USD,Polkadot
2021-10-01,42.742,DOT-USD,Polkadot
2021-11-01,37.96,DOT-USD,Polkadot
2021-12-01,26.72,DOT-USD,Polkadot
2022-01-01,19.421,DOT-USD,Polkadot
2022-02-01,18.941,DOT-USD,Polkadot
2022-03-01,21.303,DOT-USD,Polkadot
2022-04-01,14.52,DOT-USD,Polkadot
2022-05-01,10.366,DOT-USD,Polkadot
2022-06-01,7.04,DOT-USD,Polkadot
2022-07-01,8.646,DOT-USD,Polkadot
2022-08-01,7.027,DOT-USD,Polkadot
2022-09-01,6.315,DOT-USD,Polkadot
2022-10-01,6.631,DOT-USD,Polkadot
2022-11-01,5.473,DOT-USD,Polkadot
2022-12-01,4.315,DOT-USD,Polkadot
2023-01-01,6.264,DOT-USD,Polkadot
2023-02-01,6.345,DOT-USD,Polkadot
2023-03-01,6.341,DOT-USD,Polkadot
2023-04-01,5.901,DOT-USD,Polkadot
2023-05-01,5.318,DOT-USD,Polkadot
2023-06-01,5.172,DOT-USD,Polkadot
2023-07-01,5.108,DOT-USD,Polkadot
2023-08-01,4.269,DOT-USD,Polkadot
2023-09-01,4.106,DOT-USD,Polkadot
2023-10-01,4.451,DOT-USD,Polkadot
2023-11-01,5.466,DOT-USD,Polkadot
2023-12-01,8.194,DOT-USD,Polkadot
2024-01-01,6.656,DOT-USD,Polkadot
2024-02-01,8.255,DOT-USD,Polkadot
2024-03-01,9.643,DOT-USD,Polkadot
2024-04-01,6.422,DOT-USD,Polkadot
2024-05-01,6.987,DOT-USD,Polkadot
2024-06-01,6.209,DOT-USD,Polkadot
2024-07-01,5.385,DOT-USD,Polkadot
2024-08-01,4.258,DOT-USD,Polkadot
2024-09-01,4.437,DOT-USD,Polkadot
2024-10-01,3.956,DOT-USD,Polkadot
2024-11-01,8.967,DOT-USD,Polkadot
2024-12-01,6.635,DOT-USD,Polkadot
2025-01-01,6.318,DOT-USD,Polkadot
2025-02-01,4.713,DOT-USD,Polkadot
2025-03-01,4.023,DOT-USD,Polkadot
2025-04-01,4.068,DOT-USD,Polkadot
2025-05-01,4.082,DOT-USD,Polkadot
2025-06-01,3.4,DOT-USD,Polkadot
2025-07-01,3.689,DOT-USD,Polkadot
2025-08-01,3.742,DOT-USD,Polkadot
2025-09-01,3.908,DOT-USD,Polkadot
2025-10-01,2.882,DOT-USD,Polkadot
2025-11-01,2.219,DOT-USD,Polkadot
2025-12-01,1.789,DOT-USD,Polkadot
2026-01-01,1.544,DOT-USD,Polkadot
2026-02-01,1.671,DOT-USD,Polkadot
2026-03-01,1.252,DOT-USD,Polkadot
2026-04-01,1.203,DOT-USD,Polkadot
2026-05-01,1.186,DOT-USD,Polkadot
2026-06-01,0.821,DOT-USD,Polkadot
2026-07-01,0.832,DOT-USD,Polkadot
2022-05-01,1.001,USDD-USD,USDD
2022-06-01,0.992,USDD-USD,USDD
2022-07-01,0.999,USDD-USD,USDD
2022-08-01,0.999,USDD-USD,USDD
2022-09-01,1.0,USDD-USD,USDD
2022-10-01,0.997,USDD-USD,USDD
2022-11-01,0.989,USDD-USD,USDD
2022-12-01,0.982,USDD-USD,USDD
2023-01-01,0.992,USDD-USD,USDD
2023-02-01,0.996,USDD-USD,USDD
2023-03-01,0.987,USDD-USD,USDD
2023-04-01,0.99,USDD-USD,USDD
2023-05-01,0.999,USDD-USD,USDD
2023-06-01,1.0,USDD-USD,USDD
2023-07-01,0.998,USDD-USD,USDD
2023-08-01,0.997,USDD-USD,USDD
2023-09-01,0.998,USDD-USD,USDD
2023-10-01,1.0,USDD-USD,USDD
2023-11-01,0.985,USDD-USD,USDD
2023-12-01,0.98,USDD-USD,USDD
2024-01-01,0.993,USDD-USD,USDD
2024-02-01,0.999,USDD-USD,USDD
2024-03-01,0.999,USDD-USD,USDD
2024-04-01,0.972,USDD-USD,USDD
2024-05-01,0.998,USDD-USD,USDD
2024-06-01,0.997,USDD-USD,USDD
2024-07-01,0.999,USDD-USD,USDD
2024-08-01,0.999,USDD-USD,USDD
2024-09-01,0.997,USDD-USD,USDD
2024-10-01,0.998,USDD-USD,USDD
2024-11-01,1.0,USDD-USD,USDD
2024-12-01,0.997,USDD-USD,USDD
2025-01-01,0.997,USDD-USD,USDD
2025-02-01,1.0,USDD-USD,USDD
2025-03-01,0.999,USDD-USD,USDD
2025-04-01,1.0,USDD-USD,USDD
2025-05-01,1.0,USDD-USD,USDD
2025-06-01,1.0,USDD-USD,USDD
2025-07-01,1.0,USDD-USD,USDD
2025-08-01,0.999,USDD-USD,USDD
2025-09-01,1.0,USDD-USD,USDD
2025-10-01,1.0,USDD-USD,USDD
2025-11-01,1.0,USDD-USD,USDD
2025-12-01,0.998,USDD-USD,USDD
2026-01-01,0.998,USDD-USD,USDD
2026-02-01,1.0,USDD-USD,USDD
2026-03-01,0.999,USDD-USD,USDD
2026-04-01,0.999,USDD-USD,USDD
2026-05-01,0.999,USDD-USD,USDD
2026-06-01,0.998,USDD-USD,USDD
2026-07-01,0.999,USDD-USD,USDD
2022-09-01,3.385,MNT-USD,Mantle
2022-10-01,0.154,MNT-USD,Mantle
2022-11-01,0.072,MNT-USD,Mantle
2022-12-01,0.057,MNT-USD,Mantle
2023-01-01,0.086,MNT-USD,Mantle
2023-02-01,0.163,MNT-USD,Mantle
2023-03-01,0.109,MNT-USD,Mantle
2023-04-01,0.124,MNT-USD,Mantle
2023-05-01,0.135,MNT-USD,Mantle
2023-06-01,0.14,MNT-USD,Mantle
2023-07-01,0.119,MNT-USD,Mantle
2023-08-01,0.13,MNT-USD,Mantle
2023-09-01,0.052,MNT-USD,Mantle
2023-10-01,0.095,MNT-USD,Mantle
2023-11-01,0.095,MNT-USD,Mantle
2023-12-01,0.05,MNT-USD,Mantle
2024-01-01,0.122,MNT-USD,Mantle
2026-06-01,1.076,MNT-USD,Mantle
2026-07-01,1.113,MNT-USD,Mantle
2022-12-01,0.007,MORPHO-USD,Morpho
2023-01-01,0.002,MORPHO-USD,Morpho
2023-02-01,0.002,MORPHO-USD,Morpho
2023-03-01,0.002,MORPHO-USD,Morpho
2025-08-01,0.999,BFUSD-USD,BFUSD
2025-09-01,0.999,BFUSD-USD,BFUSD
2025-10-01,0.999,BFUSD-USD,BFUSD
2025-11-01,0.999,BFUSD-USD,BFUSD
2025-12-01,0.998,BFUSD-USD,BFUSD
2026-01-01,0.998,BFUSD-USD,BFUSD
2026-02-01,1.0,BFUSD-USD,BFUSD
2026-03-01,0.998,BFUSD-USD,BFUSD
2026-04-01,0.999,BFUSD-USD,BFUSD
2026-05-01,0.998,BFUSD-USD,BFUSD
2026-06-01,0.998,BFUSD-USD,BFUSD
2026-07-01,0.998,BFUSD-USD,BFUSD
2020-10-01,29.708,AAVE-USD,Aave
2020-11-01,76.42,AAVE-USD,Aave
2020-12-01,87.527,AAVE-USD,Aave
2021-01-01,300.063,AAVE-USD,Aave
2021-02-01,344.87,AAVE-USD,Aave
2021-03-01,377.008,AAVE-USD,Aave
2021-04-01,444.729,AAVE-USD,Aave
2021-05-01,383.083,AAVE-USD,Aave
2021-06-01,250.385,AAVE-USD,Aave
2021-07-01,331.018,AAVE-USD,Aave
2021-08-01,391.724,AAVE-USD,Aave
2021-09-01,276.122,AAVE-USD,Aave
2021-10-01,314.173,AAVE-USD,Aave
2021-11-01,257.101,AAVE-USD,Aave
2021-12-01,255.11,AAVE-USD,Aave
2022-01-01,157.603,AAVE-USD,Aave
2022-02-01,145.805,AAVE-USD,Aave
2022-03-01,206.278,AAVE-USD,Aave
2022-04-01,142.741,AAVE-USD,Aave
2022-05-01,113.12,AAVE-USD,Aave
2022-06-01,56.97,AAVE-USD,Aave
2022-07-01,97.961,AAVE-USD,Aave
2022-08-01,84.923,AAVE-USD,Aave
2022-09-01,74.518,AAVE-USD,Aave
2022-10-01,83.951,AAVE-USD,Aave
2022-11-01,65.353,AAVE-USD,Aave
2022-12-01,51.979,AAVE-USD,Aave
2023-01-01,83.019,AAVE-USD,Aave
2023-02-01,77.555,AAVE-USD,Aave
2023-03-01,74.199,AAVE-USD,Aave
2023-04-01,70.587,AAVE-USD,Aave
2023-05-01,63.861,AAVE-USD,Aave
2023-06-01,70.422,AAVE-USD,Aave
2023-07-01,65.324,AAVE-USD,Aave
2023-08-01,55.517,AAVE-USD,Aave
2023-09-01,67.553,AAVE-USD,Aave
2023-10-01,81.446,AAVE-USD,Aave
2023-11-01,98.24,AAVE-USD,Aave
2023-12-01,109.056,AAVE-USD,Aave
2024-01-01,85.961,AAVE-USD,Aave
2024-02-01,105.769,AAVE-USD,Aave
2024-03-01,128.254,AAVE-USD,Aave
2024-04-01,83.363,AAVE-USD,Aave
2024-05-01,103.941,AAVE-USD,Aave
2024-06-01,97.205,AAVE-USD,Aave
2024-07-01,107.573,AAVE-USD,Aave
2024-08-01,129.799,AAVE-USD,Aave
2024-09-01,156.475,AAVE-USD,Aave
2024-10-01,143.452,AAVE-USD,Aave
2024-11-01,211.885,AAVE-USD,Aave
2024-12-01,308.641,AAVE-USD,Aave
2025-01-01,332.52,AAVE-USD,Aave
2025-02-01,192.576,AAVE-USD,Aave
2025-03-01,159.624,AAVE-USD,Aave
2025-04-01,164.281,AAVE-USD,Aave
2025-05-01,247.292,AAVE-USD,Aave
2025-06-01,274.651,AAVE-USD,Aave
2025-07-01,261.052,AAVE-USD,Aave
2025-08-01,315.859,AAVE-USD,Aave
2025-09-01,274.506,AAVE-USD,Aave
2025-10-01,228.488,AAVE-USD,Aave
2025-11-01,177.805,AAVE-USD,Aave
2025-12-01,146.158,AAVE-USD,Aave
2026-01-01,128.825,AAVE-USD,Aave
2026-02-01,112.066,AAVE-USD,Aave
2026-03-01,98.076,AAVE-USD,Aave
2026-04-01,92.809,AAVE-USD,Aave
2026-05-01,82.05,AAVE-USD,Aave
2026-06-01,85.011,AAVE-USD,Aave
2026-07-01,85.46,AAVE-USD,Aave
2022-03-01,0.012,WLD-USD,Worldcoin
2022-04-01,0.01,WLD-USD,Worldcoin
2022-05-01,0.018,WLD-USD,Worldcoin
2022-06-01,0.017,WLD-USD,Worldcoin
2022-07-01,0.013,WLD-USD,Worldcoin
2022-08-01,0.012,WLD-USD,Worldcoin
2022-09-01,0.009,WLD-USD,Worldcoin
2022-10-01,0.008,WLD-USD,Worldcoin
2022-11-01,0.013,WLD-USD,Worldcoin
2022-12-01,0.01,WLD-USD,Worldcoin
2023-01-01,0.008,WLD-USD,Worldcoin
2023-02-01,0.008,WLD-USD,Worldcoin
2023-03-01,0.006,WLD-USD,Worldcoin
2023-04-01,0.009,WLD-USD,Worldcoin
2023-05-01,0.009,WLD-USD,Worldcoin
2023-06-01,0.007,WLD-USD,Worldcoin
2023-07-01,0.008,WLD-USD,Worldcoin
2023-08-01,1.135,WLD-USD,Worldcoin
2023-09-01,1.671,WLD-USD,Worldcoin
2023-10-01,2.039,WLD-USD,Worldcoin
2023-11-01,2.435,WLD-USD,Worldcoin
2023-12-01,3.639,WLD-USD,Worldcoin
2024-01-01,2.297,WLD-USD,Worldcoin
2024-02-01,7.336,WLD-USD,Worldcoin
2024-03-01,8.222,WLD-USD,Worldcoin
2024-04-01,4.542,WLD-USD,Worldcoin
2024-05-01,4.836,WLD-USD,Worldcoin
2024-06-01,2.463,WLD-USD,Worldcoin
2024-07-01,2.106,WLD-USD,Worldcoin
2024-08-01,1.491,WLD-USD,Worldcoin
2024-09-01,1.861,WLD-USD,Worldcoin
2024-10-01,1.921,WLD-USD,Worldcoin
2024-11-01,3.649,WLD-USD,Worldcoin
2024-12-01,2.087,WLD-USD,Worldcoin
2025-01-01,1.77,WLD-USD,Worldcoin
2025-02-01,1.11,WLD-USD,Worldcoin
2025-03-01,0.77,WLD-USD,Worldcoin
2025-04-01,1.132,WLD-USD,Worldcoin
2025-05-01,1.138,WLD-USD,Worldcoin
2025-06-01,0.899,WLD-USD,Worldcoin
2025-07-01,1.007,WLD-USD,Worldcoin
2025-08-01,0.883,WLD-USD,Worldcoin
2025-09-01,1.244,WLD-USD,Worldcoin
2025-10-01,0.799,WLD-USD,Worldcoin
2025-11-01,0.625,WLD-USD,Worldcoin
2025-12-01,0.481,WLD-USD,Worldcoin
2026-01-01,0.414,WLD-USD,Worldcoin
2026-02-01,0.399,WLD-USD,Worldcoin
2026-03-01,0.276,WLD-USD,Worldcoin
2026-04-01,0.243,WLD-USD,Worldcoin
2026-05-01,0.35,WLD-USD,Worldcoin
2026-06-01,0.407,WLD-USD,Worldcoin
2026-07-01,0.364,WLD-USD,Worldcoin
2018-06-01,0.074,PI-USD,Pi Network
2018-07-01,0.047,PI-USD,Pi Network
2018-08-01,0.028,PI-USD,Pi Network
2018-09-01,0.019,PI-USD,Pi Network
2018-10-01,0.019,PI-USD,Pi Network
2018-11-01,0.009,PI-USD,Pi Network
2018-12-01,0.007,PI-USD,Pi Network
2019-01-01,0.006,PI-USD,Pi Network
2019-02-01,0.007,PI-USD,Pi Network
2019-03-01,0.014,PI-USD,Pi Network
2019-04-01,0.011,PI-USD,Pi Network
2019-05-01,0.012,PI-USD,Pi Network
2019-06-01,0.017,PI-USD,Pi Network
2019-07-01,0.011,PI-USD,Pi Network
2019-08-01,0.007,PI-USD,Pi Network
2019-09-01,0.006,PI-USD,Pi Network
2019-10-01,0.006,PI-USD,Pi Network
2019-11-01,0.004,PI-USD,Pi Network
2019-12-01,0.004,PI-USD,Pi Network
2020-01-01,0.004,PI-USD,Pi Network
2020-02-01,0.004,PI-USD,Pi Network
2020-03-01,0.003,PI-USD,Pi Network
2020-04-01,0.004,PI-USD,Pi Network
2020-05-01,0.004,PI-USD,Pi Network
2020-06-01,0.003,PI-USD,Pi Network
2020-07-01,0.005,PI-USD,Pi Network
2020-08-01,0.021,PI-USD,Pi Network
2020-09-01,0.009,PI-USD,Pi Network
2020-10-01,0.007,PI-USD,Pi Network
2020-11-01,0.007,PI-USD,Pi Network
2020-12-01,0.008,PI-USD,Pi Network
2021-01-01,0.017,PI-USD,Pi Network
2021-02-01,0.018,PI-USD,Pi Network
2021-03-01,0.048,PI-USD,Pi Network
2021-04-01,0.056,PI-USD,Pi Network
2021-05-01,0.022,PI-USD,Pi Network
2021-06-01,0.007,PI-USD,Pi Network
2021-07-01,0.007,PI-USD,Pi Network
2021-08-01,0.009,PI-USD,Pi Network
2021-09-01,0.01,PI-USD,Pi Network
2021-10-01,0.015,PI-USD,Pi Network
2021-11-01,0.013,PI-USD,Pi Network
2021-12-01,0.008,PI-USD,Pi Network
2022-01-01,0.007,PI-USD,Pi Network
2022-02-01,0.006,PI-USD,Pi Network
2022-03-01,0.007,PI-USD,Pi Network
2022-04-01,0.007,PI-USD,Pi Network
2022-05-01,0.005,PI-USD,Pi Network
2022-06-01,0.004,PI-USD,Pi Network
2022-07-01,0.006,PI-USD,Pi Network
2022-08-01,0.005,PI-USD,Pi Network
2022-09-01,0.005,PI-USD,Pi Network
2022-10-01,0.003,PI-USD,Pi Network
2022-11-01,0.003,PI-USD,Pi Network
2022-12-01,0.004,PI-USD,Pi Network
2023-01-01,0.005,PI-USD,Pi Network
2023-02-01,0.005,PI-USD,Pi Network
2023-03-01,0.005,PI-USD,Pi Network
2023-04-01,0.004,PI-USD,Pi Network
2023-05-01,0.003,PI-USD,Pi Network
2023-06-01,0.002,PI-USD,Pi Network
2023-07-01,0.003,PI-USD,Pi Network
2023-08-01,0.004,PI-USD,Pi Network
2023-09-01,0.003,PI-USD,Pi Network
2023-10-01,0.003,PI-USD,Pi Network
2023-11-01,0.004,PI-USD,Pi Network
2023-12-01,0.004,PI-USD,Pi Network
2024-01-01,0.004,PI-USD,Pi Network
2024-02-01,0.005,PI-USD,Pi Network
2024-03-01,0.004,PI-USD,Pi Network
2024-04-01,0.003,PI-USD,Pi Network
2024-05-01,0.002,PI-USD,Pi Network
2024-06-01,0.003,PI-USD,Pi Network
2024-07-01,0.002,PI-USD,Pi Network
2024-08-01,0.002,PI-USD,Pi Network
2024-09-01,0.0,PI-USD,Pi Network
2024-10-01,0.001,PI-USD,Pi Network
2024-11-01,0.002,PI-USD,Pi Network
2024-12-01,0.001,PI-USD,Pi Network
2025-01-01,0.001,PI-USD,Pi Network
2025-02-01,0.002,PI-USD,Pi Network
2025-03-01,0.002,PI-USD,Pi Network
2025-04-01,0.002,PI-USD,Pi Network
2017-11-01,8.532,SKY-USD,Sky
2017-12-01,45.794,SKY-USD,Sky
2018-01-01,21.755,SKY-USD,Sky
2018-02-01,15.236,SKY-USD,Sky
2018-03-01,13.979,SKY-USD,Sky
2018-04-01,18.335,SKY-USD,Sky
2018-05-01,20.363,SKY-USD,Sky
2018-06-01,5.86,SKY-USD,Sky
2018-07-01,5.225,SKY-USD,Sky
2018-08-01,4.452,SKY-USD,Sky
2018-09-01,3.512,SKY-USD,Sky
2018-10-01,3.107,SKY-USD,Sky
2018-11-01,1.364,SKY-USD,Sky
2018-12-01,0.971,SKY-USD,Sky
2019-01-01,0.93,SKY-USD,Sky
2019-02-01,1.208,SKY-USD,Sky
2019-03-01,1.235,SKY-USD,Sky
2019-04-01,1.143,SKY-USD,Sky
2019-05-01,2.304,SKY-USD,Sky
2019-06-01,1.891,SKY-USD,Sky
2019-07-01,1.15,SKY-USD,Sky
2019-08-01,0.662,SKY-USD,Sky
2019-09-01,0.503,SKY-USD,Sky
2019-10-01,0.655,SKY-USD,Sky
2019-11-01,0.532,SKY-USD,Sky
2019-12-01,0.419,SKY-USD,Sky
2020-01-01,0.57,SKY-USD,Sky
2020-02-01,0.49,SKY-USD,Sky
2020-03-01,0.377,SKY-USD,Sky
2020-04-01,0.454,SKY-USD,Sky
2020-05-01,0.479,SKY-USD,Sky
2020-06-01,0.487,SKY-USD,Sky
2020-07-01,0.59,SKY-USD,Sky
2020-08-01,0.651,SKY-USD,Sky
2020-09-01,0.481,SKY-USD,Sky
2020-10-01,0.41,SKY-USD,Sky
2020-11-01,0.583,SKY-USD,Sky
2020-12-01,0.588,SKY-USD,Sky
2021-01-01,0.584,SKY-USD,Sky
2021-02-01,1.966,SKY-USD,Sky
2021-03-01,3.125,SKY-USD,Sky
2021-04-01,3.313,SKY-USD,Sky
2021-05-01,1.586,SKY-USD,Sky
2021-06-01,0.89,SKY-USD,Sky
2021-07-01,1.074,SKY-USD,Sky
2021-08-01,1.477,SKY-USD,Sky
2021-09-01,1.061,SKY-USD,Sky
2021-10-01,0.691,SKY-USD,Sky
2021-11-01,0.297,SKY-USD,Sky
2021-12-01,0.243,SKY-USD,Sky
2022-01-01,0.221,SKY-USD,Sky
2022-02-01,0.232,SKY-USD,Sky
2022-03-01,0.208,SKY-USD,Sky
2022-04-01,0.205,SKY-USD,Sky
2022-05-01,0.103,SKY-USD,Sky
2022-06-01,0.119,SKY-USD,Sky
2022-07-01,0.087,SKY-USD,Sky
2022-08-01,0.084,SKY-USD,Sky
2022-09-01,0.113,SKY-USD,Sky
2022-10-01,0.105,SKY-USD,Sky
2022-11-01,0.119,SKY-USD,Sky
2022-12-01,0.116,SKY-USD,Sky
2023-01-01,0.111,SKY-USD,Sky
2023-02-01,0.098,SKY-USD,Sky
2023-03-01,0.09,SKY-USD,Sky
2023-04-01,0.082,SKY-USD,Sky
2023-05-01,0.087,SKY-USD,Sky
2023-06-01,0.074,SKY-USD,Sky
2023-07-01,0.065,SKY-USD,Sky
2023-08-01,0.06,SKY-USD,Sky
2023-09-01,0.043,SKY-USD,Sky
2023-10-01,0.044,SKY-USD,Sky
2023-11-01,0.055,SKY-USD,Sky
2023-12-01,0.06,SKY-USD,Sky
2024-01-01,0.069,SKY-USD,Sky
2024-02-01,0.036,SKY-USD,Sky
2024-03-01,0.068,SKY-USD,Sky
2024-04-01,0.054,SKY-USD,Sky
2024-05-01,0.061,SKY-USD,Sky
2024-06-01,0.047,SKY-USD,Sky
2024-07-01,0.046,SKY-USD,Sky
2024-08-01,0.031,SKY-USD,Sky
2024-09-01,0.021,SKY-USD,Sky
2024-10-01,0.042,SKY-USD,Sky
2024-11-01,0.059,SKY-USD,Sky
2024-12-01,0.05,SKY-USD,Sky
2025-01-01,0.046,SKY-USD,Sky
2025-02-01,0.043,SKY-USD,Sky
2025-03-01,0.044,SKY-USD,Sky
2025-04-01,0.038,SKY-USD,Sky
2025-05-01,0.037,SKY-USD,Sky
2025-06-01,0.037,SKY-USD,Sky
2025-07-01,0.037,SKY-USD,Sky
2025-08-01,0.034,SKY-USD,Sky
2025-09-01,0.023,SKY-USD,Sky
2025-10-01,0.023,SKY-USD,Sky
2025-11-01,0.022,SKY-USD,Sky
2025-12-01,0.023,SKY-USD,Sky
2026-01-01,0.022,SKY-USD,Sky
2026-02-01,0.022,SKY-USD,Sky
2026-03-01,0.021,SKY-USD,Sky
2026-04-01,0.015,SKY-USD,Sky
2026-05-01,0.015,SKY-USD,Sky
2026-06-01,0.015,SKY-USD,Sky
2026-07-01,0.015,SKY-USD,Sky
